CovidenceID,Title,name,value
#2623,Historical ecology provides new insights for ecosystem management: Eastern Baltic cod case study,PaperType,Review
#2623,Historical ecology provides new insights for ecosystem management: Eastern Baltic cod case study,PaperType,Modelling
#2623,Historical ecology provides new insights for ecosystem management: Eastern Baltic cod case study,Region,Western Asia
#2623,Historical ecology provides new insights for ecosystem management: Eastern Baltic cod case study,Region,Southern Europe
#2623,Historical ecology provides new insights for ecosystem management: Eastern Baltic cod case study,Scale,Local >1 km² to 100 km² (neighbourhood to municipality)
#2623,Historical ecology provides new insights for ecosystem management: Eastern Baltic cod case study,Nexus,Biodiversity
#2623,Historical ecology provides new insights for ecosystem management: Eastern Baltic cod case study,Nexus,Food
#2623,Historical ecology provides new insights for ecosystem management: Eastern Baltic cod case study,NChallenge,Governance Challenges
#2623,Historical ecology provides new insights for ecosystem management: Eastern Baltic cod case study,Gov,NA
#2623,Historical ecology provides new insights for ecosystem management: Eastern Baltic cod case study,Policy,Legal and Regulatory Instruments
#2623,Historical ecology provides new insights for ecosystem management: Eastern Baltic cod case study,Actors,Global/Regional Institutions and Science-Policy Interfaces
#2623,Historical ecology provides new insights for ecosystem management: Eastern Baltic cod case study,Actors,Local/National Governments and Municipalities
#2623,Historical ecology provides new insights for ecosystem management: Eastern Baltic cod case study,CrossCut,Economy
#2623,Historical ecology provides new insights for ecosystem management: Eastern Baltic cod case study,Scaling,No
#2623,Historical ecology provides new insights for ecosystem management: Eastern Baltic cod case study,Enablers,Policy design & Implementation
#2623,Historical ecology provides new insights for ecosystem management: Eastern Baltic cod case study,Enablers_CritC5,Impacts on each nexus element (#3)
#2623,Historical ecology provides new insights for ecosystem management: Eastern Baltic cod case study,Enablers_CritC5,NA
#2622,The Contribution of Rural Development Programmes in Mitigating Greenhouse Gas Emissions in Italy,PaperType,Review
#2622,The Contribution of Rural Development Programmes in Mitigating Greenhouse Gas Emissions in Italy,Region,Southern Europe
#2622,The Contribution of Rural Development Programmes in Mitigating Greenhouse Gas Emissions in Italy,Scale,National (whole country)
#2622,The Contribution of Rural Development Programmes in Mitigating Greenhouse Gas Emissions in Italy,Nexus,Climate change
#2622,The Contribution of Rural Development Programmes in Mitigating Greenhouse Gas Emissions in Italy,Nexus,Food
#2622,The Contribution of Rural Development Programmes in Mitigating Greenhouse Gas Emissions in Italy,Nexus,Water
#2622,The Contribution of Rural Development Programmes in Mitigating Greenhouse Gas Emissions in Italy,NChallenge,Complexity Challenges
#2622,The Contribution of Rural Development Programmes in Mitigating Greenhouse Gas Emissions in Italy,NChallenge,Values Challenges
#2622,The Contribution of Rural Development Programmes in Mitigating Greenhouse Gas Emissions in Italy,Gov,NA
#2622,The Contribution of Rural Development Programmes in Mitigating Greenhouse Gas Emissions in Italy,Policy,Legal and Regulatory Instruments
#2622,The Contribution of Rural Development Programmes in Mitigating Greenhouse Gas Emissions in Italy,Policy,Economic and Financial Instruments
#2622,The Contribution of Rural Development Programmes in Mitigating Greenhouse Gas Emissions in Italy,Actors,Civil Society and Community-Based Organisations
#2622,The Contribution of Rural Development Programmes in Mitigating Greenhouse Gas Emissions in Italy,Actors,Local/National Governments and Municipalities
#2622,The Contribution of Rural Development Programmes in Mitigating Greenhouse Gas Emissions in Italy,CrossCut,Energy
#2622,The Contribution of Rural Development Programmes in Mitigating Greenhouse Gas Emissions in Italy,Scaling,No
#2622,The Contribution of Rural Development Programmes in Mitigating Greenhouse Gas Emissions in Italy,Enablers,Policy design & Implementation
#2622,The Contribution of Rural Development Programmes in Mitigating Greenhouse Gas Emissions in Italy,Enablers,Finance & Economics
#2622,The Contribution of Rural Development Programmes in Mitigating Greenhouse Gas Emissions in Italy,Enablers,Technology
#2622,The Contribution of Rural Development Programmes in Mitigating Greenhouse Gas Emissions in Italy,Enablers,Material & Non-material endowments
#2622,The Contribution of Rural Development Programmes in Mitigating Greenhouse Gas Emissions in Italy,Enablers_CritC5,Impacts on each nexus element (#3)
#2622,The Contribution of Rural Development Programmes in Mitigating Greenhouse Gas Emissions in Italy,Enablers_CritC5,NA
#2622,The Contribution of Rural Development Programmes in Mitigating Greenhouse Gas Emissions in Italy,Enablers_CritC5,Social acceptability (#4)
#2622,The Contribution of Rural Development Programmes in Mitigating Greenhouse Gas Emissions in Italy,Enablers_CritC5,Alignment with political priorities (#5)
#2622,The Contribution of Rural Development Programmes in Mitigating Greenhouse Gas Emissions in Italy,Enablers_CritC5,Alignment with international frameworks (#9)
#2622,The Contribution of Rural Development Programmes in Mitigating Greenhouse Gas Emissions in Italy,Enablers_CritC5,Temporal scale (#2)
#2622,The Contribution of Rural Development Programmes in Mitigating Greenhouse Gas Emissions in Italy,Enablers_CritC5,Economic implications (#6)
#2622,The Contribution of Rural Development Programmes in Mitigating Greenhouse Gas Emissions in Italy,Enablers_CritC5,Technical feasibility (#7)
#2621,Natural and traditional defense mechanisms to reduce climate risks in coastal zones of Bangladesh,PaperType,Review
#2621,Natural and traditional defense mechanisms to reduce climate risks in coastal zones of Bangladesh,PaperType,Empirical
#2621,Natural and traditional defense mechanisms to reduce climate risks in coastal zones of Bangladesh,Region,Southern Asia
#2621,Natural and traditional defense mechanisms to reduce climate risks in coastal zones of Bangladesh,Scale,National (whole country)
#2621,Natural and traditional defense mechanisms to reduce climate risks in coastal zones of Bangladesh,Nexus,Biodiversity
#2621,Natural and traditional defense mechanisms to reduce climate risks in coastal zones of Bangladesh,Nexus,Climate change
#2621,Natural and traditional defense mechanisms to reduce climate risks in coastal zones of Bangladesh,Nexus,Health
#2621,Natural and traditional defense mechanisms to reduce climate risks in coastal zones of Bangladesh,Nexus,Food
#2621,Natural and traditional defense mechanisms to reduce climate risks in coastal zones of Bangladesh,Nexus,Water
#2621,Natural and traditional defense mechanisms to reduce climate risks in coastal zones of Bangladesh,NChallenge,Complexity Challenges
#2621,Natural and traditional defense mechanisms to reduce climate risks in coastal zones of Bangladesh,NChallenge,Governance Challenges
#2621,Natural and traditional defense mechanisms to reduce climate risks in coastal zones of Bangladesh,Gov,Community Governance
#2621,Natural and traditional defense mechanisms to reduce climate risks in coastal zones of Bangladesh,Policy,Legal and Regulatory Instruments
#2621,Natural and traditional defense mechanisms to reduce climate risks in coastal zones of Bangladesh,Actors,Private Sector and Business Organisations
#2621,Natural and traditional defense mechanisms to reduce climate risks in coastal zones of Bangladesh,Actors,Media and the Arts
#2621,Natural and traditional defense mechanisms to reduce climate risks in coastal zones of Bangladesh,Actors,Financial Institutions
#2621,Natural and traditional defense mechanisms to reduce climate risks in coastal zones of Bangladesh,Actors,Civil Society and Community-Based Organisations
#2621,Natural and traditional defense mechanisms to reduce climate risks in coastal zones of Bangladesh,Actors,Knowledge and Educational Communities
#2621,Natural and traditional defense mechanisms to reduce climate risks in coastal zones of Bangladesh,Actors,Civil Society and Community-Based Organisations
#2621,Natural and traditional defense mechanisms to reduce climate risks in coastal zones of Bangladesh,Actors,Local/National Governments and Municipalities
#2621,Natural and traditional defense mechanisms to reduce climate risks in coastal zones of Bangladesh,CrossCut,Poverty
#2621,Natural and traditional defense mechanisms to reduce climate risks in coastal zones of Bangladesh,CrossCut,ILK
#2621,Natural and traditional defense mechanisms to reduce climate risks in coastal zones of Bangladesh,Scaling,No
#2621,Natural and traditional defense mechanisms to reduce climate risks in coastal zones of Bangladesh,Enablers,Policy design & Implementation
#2621,Natural and traditional defense mechanisms to reduce climate risks in coastal zones of Bangladesh,Enablers,Finance & Economics
#2621,Natural and traditional defense mechanisms to reduce climate risks in coastal zones of Bangladesh,Enablers,Behaviour & Lifestyle
#2621,Natural and traditional defense mechanisms to reduce climate risks in coastal zones of Bangladesh,Enablers,Technology
#2621,Natural and traditional defense mechanisms to reduce climate risks in coastal zones of Bangladesh,Enablers,Material & Non-material endowments
#2621,Natural and traditional defense mechanisms to reduce climate risks in coastal zones of Bangladesh,Enablers_CritC5,Social acceptability (#4)
#2621,Natural and traditional defense mechanisms to reduce climate risks in coastal zones of Bangladesh,Enablers_CritC5,Alignment with political priorities (#5)
#2621,Natural and traditional defense mechanisms to reduce climate risks in coastal zones of Bangladesh,Enablers_CritC5,NA
#2621,Natural and traditional defense mechanisms to reduce climate risks in coastal zones of Bangladesh,Enablers_CritC5,Transformative change potential (#10)
#2621,Natural and traditional defense mechanisms to reduce climate risks in coastal zones of Bangladesh,Enablers_CritC5,Technical feasibility (#7)
#2621,Natural and traditional defense mechanisms to reduce climate risks in coastal zones of Bangladesh,Barriers,Policy design & Implementation
#2621,Natural and traditional defense mechanisms to reduce climate risks in coastal zones of Bangladesh,Barriers,Institutional capacity
#2621,Natural and traditional defense mechanisms to reduce climate risks in coastal zones of Bangladesh,Barriers,Finance & Economics
#2621,Natural and traditional defense mechanisms to reduce climate risks in coastal zones of Bangladesh,Barriers,Material & Non-material endowments
#2621,Natural and traditional defense mechanisms to reduce climate risks in coastal zones of Bangladesh,Barriers_CritC5,NA
#2621,Natural and traditional defense mechanisms to reduce climate risks in coastal zones of Bangladesh,Barriers_CritC5,Equity (#8)
#2621,Natural and traditional defense mechanisms to reduce climate risks in coastal zones of Bangladesh,Barriers_CritC5,Transformative change potential (#10)
#2620,Understanding the integration of ecosystem services and natural capital in Scottish policy,PaperType,Review
#2620,Understanding the integration of ecosystem services and natural capital in Scottish policy,Region,Western Europe
#2620,Understanding the integration of ecosystem services and natural capital in Scottish policy,Scale,National (whole country)
#2620,Understanding the integration of ecosystem services and natural capital in Scottish policy,Nexus,Biodiversity
#2620,Understanding the integration of ecosystem services and natural capital in Scottish policy,Nexus,Climate change
#2620,Understanding the integration of ecosystem services and natural capital in Scottish policy,Nexus,Food
#2620,Understanding the integration of ecosystem services and natural capital in Scottish policy,Nexus,Water
#2620,Understanding the integration of ecosystem services and natural capital in Scottish policy,NChallenge,Complexity Challenges
#2620,Understanding the integration of ecosystem services and natural capital in Scottish policy,NChallenge,Governance Challenges
#2620,Understanding the integration of ecosystem services and natural capital in Scottish policy,Gov,NA
#2620,Understanding the integration of ecosystem services and natural capital in Scottish policy,Policy,Legal and Regulatory Instruments
#2620,Understanding the integration of ecosystem services and natural capital in Scottish policy,Actors,Global/Regional Institutions and Science-Policy Interfaces
#2620,Understanding the integration of ecosystem services and natural capital in Scottish policy,Actors,Local/National Governments and Municipalities
#2620,Understanding the integration of ecosystem services and natural capital in Scottish policy,CrossCut,Economy
#2620,Understanding the integration of ecosystem services and natural capital in Scottish policy,CrossCut,Energy
#2620,Understanding the integration of ecosystem services and natural capital in Scottish policy,Scaling,No
#2620,Understanding the integration of ecosystem services and natural capital in Scottish policy,Enablers,Policy design & Implementation
#2620,Understanding the integration of ecosystem services and natural capital in Scottish policy,Enablers,Finance & Economics
#2620,Understanding the integration of ecosystem services and natural capital in Scottish policy,Enablers_CritC5,Alignment with international frameworks (#9)
#2620,Understanding the integration of ecosystem services and natural capital in Scottish policy,Enablers_CritC5,NA
#2620,Understanding the integration of ecosystem services and natural capital in Scottish policy,Barriers,Policy design & Implementation
#2620,Understanding the integration of ecosystem services and natural capital in Scottish policy,Barriers,Institutional capacity
#2620,Understanding the integration of ecosystem services and natural capital in Scottish policy,Barriers,Finance & Economics
#2620,Understanding the integration of ecosystem services and natural capital in Scottish policy,Barriers_CritC5,Impacts on each nexus element (#3)
#2620,Understanding the integration of ecosystem services and natural capital in Scottish policy,Barriers_CritC5,NA
#2620,Understanding the integration of ecosystem services and natural capital in Scottish policy,Barriers_CritC5,Alignment with international frameworks (#9)
#2620,Understanding the integration of ecosystem services and natural capital in Scottish policy,Barriers_CritC5,Equity (#8)
#2620,Understanding the integration of ecosystem services and natural capital in Scottish policy,Barriers_CritC5,Transformative change potential (#10)
#2617,"Assessment of flood recession farming for livelihood provision, food security and environmental sustainability in the Ganga River Basin",PaperType,Review
#2617,"Assessment of flood recession farming for livelihood provision, food security and environmental sustainability in the Ganga River Basin",PaperType,Empirical
#2617,"Assessment of flood recession farming for livelihood provision, food security and environmental sustainability in the Ganga River Basin",Region,Southern Asia
#2617,"Assessment of flood recession farming for livelihood provision, food security and environmental sustainability in the Ganga River Basin",Scale,Subnational >100 km² (watershed)
#2617,"Assessment of flood recession farming for livelihood provision, food security and environmental sustainability in the Ganga River Basin",Nexus,Biodiversity
#2617,"Assessment of flood recession farming for livelihood provision, food security and environmental sustainability in the Ganga River Basin",Nexus,Climate change
#2617,"Assessment of flood recession farming for livelihood provision, food security and environmental sustainability in the Ganga River Basin",Nexus,Health
#2617,"Assessment of flood recession farming for livelihood provision, food security and environmental sustainability in the Ganga River Basin",Nexus,Food
#2617,"Assessment of flood recession farming for livelihood provision, food security and environmental sustainability in the Ganga River Basin",Nexus,Water
#2617,"Assessment of flood recession farming for livelihood provision, food security and environmental sustainability in the Ganga River Basin",NChallenge,NA
#2617,"Assessment of flood recession farming for livelihood provision, food security and environmental sustainability in the Ganga River Basin",Gov,Community Governance
#2617,"Assessment of flood recession farming for livelihood provision, food security and environmental sustainability in the Ganga River Basin",Policy,Legal and Regulatory Instruments
#2617,"Assessment of flood recession farming for livelihood provision, food security and environmental sustainability in the Ganga River Basin",Actors,Civil Society and Community-Based Organisations
#2617,"Assessment of flood recession farming for livelihood provision, food security and environmental sustainability in the Ganga River Basin",CrossCut,Equity
#2617,"Assessment of flood recession farming for livelihood provision, food security and environmental sustainability in the Ganga River Basin",CrossCut,Poverty
#2617,"Assessment of flood recession farming for livelihood provision, food security and environmental sustainability in the Ganga River Basin",CrossCut,ILK
#2617,"Assessment of flood recession farming for livelihood provision, food security and environmental sustainability in the Ganga River Basin",CrossCut,Land
#2617,"Assessment of flood recession farming for livelihood provision, food security and environmental sustainability in the Ganga River Basin",Scaling,NA
#2617,"Assessment of flood recession farming for livelihood provision, food security and environmental sustainability in the Ganga River Basin",Enablers,Finance & Economics
#2617,"Assessment of flood recession farming for livelihood provision, food security and environmental sustainability in the Ganga River Basin",Enablers,Behaviour & Lifestyle
#2617,"Assessment of flood recession farming for livelihood provision, food security and environmental sustainability in the Ganga River Basin",Enablers,Technology
#2617,"Assessment of flood recession farming for livelihood provision, food security and environmental sustainability in the Ganga River Basin",Enablers_CritC5,Economic implications (#6)
#2617,"Assessment of flood recession farming for livelihood provision, food security and environmental sustainability in the Ganga River Basin",Enablers_CritC5,Transformative change potential (#10)
#2617,"Assessment of flood recession farming for livelihood provision, food security and environmental sustainability in the Ganga River Basin",Enablers_CritC5,Technical feasibility (#7)
#2617,"Assessment of flood recession farming for livelihood provision, food security and environmental sustainability in the Ganga River Basin",Barriers,Policy design & Implementation
#2617,"Assessment of flood recession farming for livelihood provision, food security and environmental sustainability in the Ganga River Basin",Barriers,Finance & Economics
#2617,"Assessment of flood recession farming for livelihood provision, food security and environmental sustainability in the Ganga River Basin",Barriers,Material & Non-material endowments
#2617,"Assessment of flood recession farming for livelihood provision, food security and environmental sustainability in the Ganga River Basin",Barriers_CritC5,Social acceptability (#4)
#2617,"Assessment of flood recession farming for livelihood provision, food security and environmental sustainability in the Ganga River Basin",Barriers_CritC5,NA
#2617,"Assessment of flood recession farming for livelihood provision, food security and environmental sustainability in the Ganga River Basin",Barriers_CritC5,Equity (#8)
#2614,"Food, Energy, and Water Nexus at Household Level: Do Sustainable Household Consumption Practices Promote Cleaner Environment?",PaperType,Review
#2614,"Food, Energy, and Water Nexus at Household Level: Do Sustainable Household Consumption Practices Promote Cleaner Environment?",PaperType,Empirical
#2614,"Food, Energy, and Water Nexus at Household Level: Do Sustainable Household Consumption Practices Promote Cleaner Environment?",PaperType,Modelling
#2614,"Food, Energy, and Water Nexus at Household Level: Do Sustainable Household Consumption Practices Promote Cleaner Environment?",Region,Southern Asia
#2614,"Food, Energy, and Water Nexus at Household Level: Do Sustainable Household Consumption Practices Promote Cleaner Environment?",Scale,Site <1 km² (field to farm)
#2614,"Food, Energy, and Water Nexus at Household Level: Do Sustainable Household Consumption Practices Promote Cleaner Environment?",Nexus,Climate change
#2614,"Food, Energy, and Water Nexus at Household Level: Do Sustainable Household Consumption Practices Promote Cleaner Environment?",Nexus,Food
#2614,"Food, Energy, and Water Nexus at Household Level: Do Sustainable Household Consumption Practices Promote Cleaner Environment?",Nexus,Water
#2614,"Food, Energy, and Water Nexus at Household Level: Do Sustainable Household Consumption Practices Promote Cleaner Environment?",NChallenge,Complexity Challenges
#2614,"Food, Energy, and Water Nexus at Household Level: Do Sustainable Household Consumption Practices Promote Cleaner Environment?",Gov,NA
#2614,"Food, Energy, and Water Nexus at Household Level: Do Sustainable Household Consumption Practices Promote Cleaner Environment?",Policy,NA
#2614,"Food, Energy, and Water Nexus at Household Level: Do Sustainable Household Consumption Practices Promote Cleaner Environment?",Actors,Civil Society and Community-Based Organisations
#2614,"Food, Energy, and Water Nexus at Household Level: Do Sustainable Household Consumption Practices Promote Cleaner Environment?",Actors,Local/National Governments and Municipalities
#2614,"Food, Energy, and Water Nexus at Household Level: Do Sustainable Household Consumption Practices Promote Cleaner Environment?",CrossCut,Energy
#2614,"Food, Energy, and Water Nexus at Household Level: Do Sustainable Household Consumption Practices Promote Cleaner Environment?",Scaling,No
#2614,"Food, Energy, and Water Nexus at Household Level: Do Sustainable Household Consumption Practices Promote Cleaner Environment?",Enablers,Behaviour & Lifestyle
#2614,"Food, Energy, and Water Nexus at Household Level: Do Sustainable Household Consumption Practices Promote Cleaner Environment?",Enablers_CritC5,Transformative change potential (#10)
#2613,Barriers and opportunities of soil knowledge to address soil challenges: Stakeholders’ perspectives across Europe,PaperType,Empirical
#2613,Barriers and opportunities of soil knowledge to address soil challenges: Stakeholders’ perspectives across Europe,Region,Eastern Europe
#2613,Barriers and opportunities of soil knowledge to address soil challenges: Stakeholders’ perspectives across Europe,Region,Northern Europe
#2613,Barriers and opportunities of soil knowledge to address soil challenges: Stakeholders’ perspectives across Europe,Region,Southern Europe
#2613,Barriers and opportunities of soil knowledge to address soil challenges: Stakeholders’ perspectives across Europe,Region,Western Europe
#2613,Barriers and opportunities of soil knowledge to address soil challenges: Stakeholders’ perspectives across Europe,Scale,"Regional (multiple countries, whole continents)"
#2613,Barriers and opportunities of soil knowledge to address soil challenges: Stakeholders’ perspectives across Europe,Nexus,Biodiversity
#2613,Barriers and opportunities of soil knowledge to address soil challenges: Stakeholders’ perspectives across Europe,Nexus,Climate change
#2613,Barriers and opportunities of soil knowledge to address soil challenges: Stakeholders’ perspectives across Europe,Nexus,Health
#2613,Barriers and opportunities of soil knowledge to address soil challenges: Stakeholders’ perspectives across Europe,Nexus,Food
#2613,Barriers and opportunities of soil knowledge to address soil challenges: Stakeholders’ perspectives across Europe,Nexus,Water
#2613,Barriers and opportunities of soil knowledge to address soil challenges: Stakeholders’ perspectives across Europe,NChallenge,Scaling Challenges
#2613,Barriers and opportunities of soil knowledge to address soil challenges: Stakeholders’ perspectives across Europe,Gov,NA
#2613,Barriers and opportunities of soil knowledge to address soil challenges: Stakeholders’ perspectives across Europe,Policy,NA
#2613,Barriers and opportunities of soil knowledge to address soil challenges: Stakeholders’ perspectives across Europe,Actors,Private Sector and Business Organisations
#2613,Barriers and opportunities of soil knowledge to address soil challenges: Stakeholders’ perspectives across Europe,Actors,Civil Society and Community-Based Organisations
#2613,Barriers and opportunities of soil knowledge to address soil challenges: Stakeholders’ perspectives across Europe,Actors,Knowledge and Educational Communities
#2613,Barriers and opportunities of soil knowledge to address soil challenges: Stakeholders’ perspectives across Europe,Actors,IPLCs
#2613,Barriers and opportunities of soil knowledge to address soil challenges: Stakeholders’ perspectives across Europe,Actors,Civil Society and Community-Based Organisations
#2613,Barriers and opportunities of soil knowledge to address soil challenges: Stakeholders’ perspectives across Europe,Actors,Global/Regional Institutions and Science-Policy Interfaces
#2613,Barriers and opportunities of soil knowledge to address soil challenges: Stakeholders’ perspectives across Europe,CrossCut,NA
#2613,Barriers and opportunities of soil knowledge to address soil challenges: Stakeholders’ perspectives across Europe,Scaling,No
#2613,Barriers and opportunities of soil knowledge to address soil challenges: Stakeholders’ perspectives across Europe,Enablers,Institutional capacity
#2613,Barriers and opportunities of soil knowledge to address soil challenges: Stakeholders’ perspectives across Europe,Enablers_CritC5,Equity (#8)
#2613,Barriers and opportunities of soil knowledge to address soil challenges: Stakeholders’ perspectives across Europe,Enablers_CritC5,Transformative change potential (#10)
#2613,Barriers and opportunities of soil knowledge to address soil challenges: Stakeholders’ perspectives across Europe,Barriers,Institutional capacity
#2613,Barriers and opportunities of soil knowledge to address soil challenges: Stakeholders’ perspectives across Europe,Barriers,Finance & Economics
#2613,Barriers and opportunities of soil knowledge to address soil challenges: Stakeholders’ perspectives across Europe,Barriers_CritC5,Equity (#8)
#2613,Barriers and opportunities of soil knowledge to address soil challenges: Stakeholders’ perspectives across Europe,Barriers_CritC5,NA
#2612,Uncovering ecological regime shifts in the Sea of Marmara and reconsidering management strategies,PaperType,Empirical
#2612,Uncovering ecological regime shifts in the Sea of Marmara and reconsidering management strategies,Region,Central Asia
#2612,Uncovering ecological regime shifts in the Sea of Marmara and reconsidering management strategies,Region,Eastern Europe
#2612,Uncovering ecological regime shifts in the Sea of Marmara and reconsidering management strategies,Scale,Subnational >100 km² (watershed)
#2612,Uncovering ecological regime shifts in the Sea of Marmara and reconsidering management strategies,Nexus,Biodiversity
#2612,Uncovering ecological regime shifts in the Sea of Marmara and reconsidering management strategies,Nexus,Climate change
#2612,Uncovering ecological regime shifts in the Sea of Marmara and reconsidering management strategies,Nexus,Food
#2612,Uncovering ecological regime shifts in the Sea of Marmara and reconsidering management strategies,NChallenge,Complexity Challenges
#2612,Uncovering ecological regime shifts in the Sea of Marmara and reconsidering management strategies,Gov,NA
#2612,Uncovering ecological regime shifts in the Sea of Marmara and reconsidering management strategies,Policy,NA
#2612,Uncovering ecological regime shifts in the Sea of Marmara and reconsidering management strategies,Actors,NA
#2612,Uncovering ecological regime shifts in the Sea of Marmara and reconsidering management strategies,CrossCut,NA
#2612,Uncovering ecological regime shifts in the Sea of Marmara and reconsidering management strategies,Scaling,No
#2609,A policy-driven large scale ecological restoration: Quantifying ecosystem services changes in the loess plateau of China,PaperType,Modelling
#2609,A policy-driven large scale ecological restoration: Quantifying ecosystem services changes in the loess plateau of China,Region,Eastern Asia
#2609,A policy-driven large scale ecological restoration: Quantifying ecosystem services changes in the loess plateau of China,Scale,Subnational >100 km² (watershed)
#2609,A policy-driven large scale ecological restoration: Quantifying ecosystem services changes in the loess plateau of China,Nexus,Biodiversity
#2609,A policy-driven large scale ecological restoration: Quantifying ecosystem services changes in the loess plateau of China,Nexus,Climate change
#2609,A policy-driven large scale ecological restoration: Quantifying ecosystem services changes in the loess plateau of China,Nexus,Food
#2609,A policy-driven large scale ecological restoration: Quantifying ecosystem services changes in the loess plateau of China,Nexus,Water
#2609,A policy-driven large scale ecological restoration: Quantifying ecosystem services changes in the loess plateau of China,NChallenge,Governance Challenges
#2609,A policy-driven large scale ecological restoration: Quantifying ecosystem services changes in the loess plateau of China,NChallenge,Financing Challenges
#2609,A policy-driven large scale ecological restoration: Quantifying ecosystem services changes in the loess plateau of China,Gov,NA
#2609,A policy-driven large scale ecological restoration: Quantifying ecosystem services changes in the loess plateau of China,Policy,Legal and Regulatory Instruments
#2609,A policy-driven large scale ecological restoration: Quantifying ecosystem services changes in the loess plateau of China,Actors,Private Sector and Business Organisations
#2609,A policy-driven large scale ecological restoration: Quantifying ecosystem services changes in the loess plateau of China,Actors,Civil Society and Community-Based Organisations
#2609,A policy-driven large scale ecological restoration: Quantifying ecosystem services changes in the loess plateau of China,Actors,Global/Regional Institutions and Science-Policy Interfaces
#2609,A policy-driven large scale ecological restoration: Quantifying ecosystem services changes in the loess plateau of China,Actors,Local/National Governments and Municipalities
#2609,A policy-driven large scale ecological restoration: Quantifying ecosystem services changes in the loess plateau of China,CrossCut,Economy
#2609,A policy-driven large scale ecological restoration: Quantifying ecosystem services changes in the loess plateau of China,Scaling,Yes
#2609,A policy-driven large scale ecological restoration: Quantifying ecosystem services changes in the loess plateau of China,Enablers,Policy design & Implementation
#2609,A policy-driven large scale ecological restoration: Quantifying ecosystem services changes in the loess plateau of China,Enablers,Finance & Economics
#2609,A policy-driven large scale ecological restoration: Quantifying ecosystem services changes in the loess plateau of China,Enablers,Behaviour & Lifestyle
#2609,A policy-driven large scale ecological restoration: Quantifying ecosystem services changes in the loess plateau of China,Enablers,Technology
#2609,A policy-driven large scale ecological restoration: Quantifying ecosystem services changes in the loess plateau of China,Enablers,Material & Non-material endowments
#2609,A policy-driven large scale ecological restoration: Quantifying ecosystem services changes in the loess plateau of China,Enablers_CritC5,Impacts on each nexus element (#3)
#2609,A policy-driven large scale ecological restoration: Quantifying ecosystem services changes in the loess plateau of China,Enablers_CritC5,NA
#2609,A policy-driven large scale ecological restoration: Quantifying ecosystem services changes in the loess plateau of China,Enablers_CritC5,Alignment with political priorities (#5)
#2609,A policy-driven large scale ecological restoration: Quantifying ecosystem services changes in the loess plateau of China,Enablers_CritC5,Economic implications (#6)
#2609,A policy-driven large scale ecological restoration: Quantifying ecosystem services changes in the loess plateau of China,Enablers_CritC5,Transformative change potential (#10)
#2609,A policy-driven large scale ecological restoration: Quantifying ecosystem services changes in the loess plateau of China,Enablers_CritC5,Technical feasibility (#7)
#2607,Irrigation efficiency and water-policy implications for river basin resilience,PaperType,Review
#2607,Irrigation efficiency and water-policy implications for river basin resilience,PaperType,Conceptual/theoretical
#2607,Irrigation efficiency and water-policy implications for river basin resilience,Region,Latin America and the Caribbean
#2607,Irrigation efficiency and water-policy implications for river basin resilience,Region,Northern America
#2607,Irrigation efficiency and water-policy implications for river basin resilience,Region,Southern Europe
#2607,Irrigation efficiency and water-policy implications for river basin resilience,Scale,Subnational >100 km² (watershed)
#2607,Irrigation efficiency and water-policy implications for river basin resilience,Nexus,Biodiversity
#2607,Irrigation efficiency and water-policy implications for river basin resilience,Nexus,Food
#2607,Irrigation efficiency and water-policy implications for river basin resilience,Nexus,Water
#2607,Irrigation efficiency and water-policy implications for river basin resilience,NChallenge,Complexity Challenges
#2607,Irrigation efficiency and water-policy implications for river basin resilience,NChallenge,Values Challenges
#2607,Irrigation efficiency and water-policy implications for river basin resilience,Gov,NA
#2607,Irrigation efficiency and water-policy implications for river basin resilience,Policy,Legal and Regulatory Instruments
#2607,Irrigation efficiency and water-policy implications for river basin resilience,Actors,Civil Society and Community-Based Organisations
#2607,Irrigation efficiency and water-policy implications for river basin resilience,Actors,Local/National Governments and Municipalities
#2607,Irrigation efficiency and water-policy implications for river basin resilience,CrossCut,NA
#2607,Irrigation efficiency and water-policy implications for river basin resilience,Scaling,No
#2607,Irrigation efficiency and water-policy implications for river basin resilience,Enablers,Finance & Economics
#2607,Irrigation efficiency and water-policy implications for river basin resilience,Enablers,Technology
#2607,Irrigation efficiency and water-policy implications for river basin resilience,Enablers,Material & Non-material endowments
#2607,Irrigation efficiency and water-policy implications for river basin resilience,Enablers_CritC5,NA
#2607,Irrigation efficiency and water-policy implications for river basin resilience,Enablers_CritC5,Technical feasibility (#7)
#2606,Tackling complexity: Understanding the food-energy-environment nexus in Ethiopia's lake TANA sub-basin,PaperType,Empirical
#2606,Tackling complexity: Understanding the food-energy-environment nexus in Ethiopia's lake TANA sub-basin,PaperType,Modelling
#2606,Tackling complexity: Understanding the food-energy-environment nexus in Ethiopia's lake TANA sub-basin,Region,Sub-Saharan Africa
#2606,Tackling complexity: Understanding the food-energy-environment nexus in Ethiopia's lake TANA sub-basin,Scale,Subnational >100 km² (watershed)
#2606,Tackling complexity: Understanding the food-energy-environment nexus in Ethiopia's lake TANA sub-basin,Nexus,Biodiversity
#2606,Tackling complexity: Understanding the food-energy-environment nexus in Ethiopia's lake TANA sub-basin,Nexus,Climate change
#2606,Tackling complexity: Understanding the food-energy-environment nexus in Ethiopia's lake TANA sub-basin,Nexus,Food
#2606,Tackling complexity: Understanding the food-energy-environment nexus in Ethiopia's lake TANA sub-basin,NChallenge,Complexity Challenges
#2606,Tackling complexity: Understanding the food-energy-environment nexus in Ethiopia's lake TANA sub-basin,NChallenge,Values Challenges
#2606,Tackling complexity: Understanding the food-energy-environment nexus in Ethiopia's lake TANA sub-basin,Gov,NA
#2606,Tackling complexity: Understanding the food-energy-environment nexus in Ethiopia's lake TANA sub-basin,Policy,Legal and Regulatory Instruments
#2606,Tackling complexity: Understanding the food-energy-environment nexus in Ethiopia's lake TANA sub-basin,Actors,Civil Society and Community-Based Organisations
#2606,Tackling complexity: Understanding the food-energy-environment nexus in Ethiopia's lake TANA sub-basin,Actors,Knowledge and Educational Communities
#2606,Tackling complexity: Understanding the food-energy-environment nexus in Ethiopia's lake TANA sub-basin,Actors,Local/National Governments and Municipalities
#2606,Tackling complexity: Understanding the food-energy-environment nexus in Ethiopia's lake TANA sub-basin,CrossCut,Energy
#2606,Tackling complexity: Understanding the food-energy-environment nexus in Ethiopia's lake TANA sub-basin,Scaling,No
#2606,Tackling complexity: Understanding the food-energy-environment nexus in Ethiopia's lake TANA sub-basin,Enablers,Finance & Economics
#2606,Tackling complexity: Understanding the food-energy-environment nexus in Ethiopia's lake TANA sub-basin,Enablers,Technology
#2606,Tackling complexity: Understanding the food-energy-environment nexus in Ethiopia's lake TANA sub-basin,Enablers,Material & Non-material endowments
#2606,Tackling complexity: Understanding the food-energy-environment nexus in Ethiopia's lake TANA sub-basin,Enablers_CritC5,NA
#2606,Tackling complexity: Understanding the food-energy-environment nexus in Ethiopia's lake TANA sub-basin,Enablers_CritC5,Technical feasibility (#7)
#2606,Tackling complexity: Understanding the food-energy-environment nexus in Ethiopia's lake TANA sub-basin,Barriers,Policy design & Implementation
#2606,Tackling complexity: Understanding the food-energy-environment nexus in Ethiopia's lake TANA sub-basin,Barriers,Institutional capacity
#2606,Tackling complexity: Understanding the food-energy-environment nexus in Ethiopia's lake TANA sub-basin,Barriers,Finance & Economics
#2606,Tackling complexity: Understanding the food-energy-environment nexus in Ethiopia's lake TANA sub-basin,Barriers_CritC5,Impacts on each nexus element (#3)
#2606,Tackling complexity: Understanding the food-energy-environment nexus in Ethiopia's lake TANA sub-basin,Barriers_CritC5,NA
#2606,Tackling complexity: Understanding the food-energy-environment nexus in Ethiopia's lake TANA sub-basin,Barriers_CritC5,Alignment with political priorities (#5)
#2606,Tackling complexity: Understanding the food-energy-environment nexus in Ethiopia's lake TANA sub-basin,Barriers_CritC5,Transformative change potential (#10)
#2605,The New York Bight 25years later: Use impairments and policy challenges,PaperType,Review
#2605,The New York Bight 25years later: Use impairments and policy challenges,PaperType,Conceptual/theoretical
#2605,The New York Bight 25years later: Use impairments and policy challenges,Region,Northern America
#2605,The New York Bight 25years later: Use impairments and policy challenges,Scale,Subnational >100 km² (watershed)
#2605,The New York Bight 25years later: Use impairments and policy challenges,Nexus,Biodiversity
#2605,The New York Bight 25years later: Use impairments and policy challenges,Nexus,Health
#2605,The New York Bight 25years later: Use impairments and policy challenges,Nexus,Food
#2605,The New York Bight 25years later: Use impairments and policy challenges,Nexus,Water
#2605,The New York Bight 25years later: Use impairments and policy challenges,NChallenge,Governance Challenges
#2605,The New York Bight 25years later: Use impairments and policy challenges,Gov,NA
#2605,The New York Bight 25years later: Use impairments and policy challenges,Policy,Legal and Regulatory Instruments
#2605,The New York Bight 25years later: Use impairments and policy challenges,Policy,Economic and Financial Instruments
#2605,The New York Bight 25years later: Use impairments and policy challenges,Actors,Civil Society and Community-Based Organisations
#2605,The New York Bight 25years later: Use impairments and policy challenges,Actors,Knowledge and Educational Communities
#2605,The New York Bight 25years later: Use impairments and policy challenges,Actors,Local/National Governments and Municipalities
#2605,The New York Bight 25years later: Use impairments and policy challenges,CrossCut,Economy
#2605,The New York Bight 25years later: Use impairments and policy challenges,CrossCut,Employment
#2605,The New York Bight 25years later: Use impairments and policy challenges,Scaling,No
#2605,The New York Bight 25years later: Use impairments and policy challenges,Enablers,Policy design & Implementation
#2605,The New York Bight 25years later: Use impairments and policy challenges,Enablers,Equity & Diversity
#2605,The New York Bight 25years later: Use impairments and policy challenges,Enablers,Institutional capacity
#2605,The New York Bight 25years later: Use impairments and policy challenges,Enablers,Finance & Economics
#2605,The New York Bight 25years later: Use impairments and policy challenges,Enablers,Behaviour & Lifestyle
#2605,The New York Bight 25years later: Use impairments and policy challenges,Enablers,Technology
#2605,The New York Bight 25years later: Use impairments and policy challenges,Enablers,Material & Non-material endowments
#2605,The New York Bight 25years later: Use impairments and policy challenges,Enablers_CritC5,Impacts on each nexus element (#3)
#2605,The New York Bight 25years later: Use impairments and policy challenges,Enablers_CritC5,NA
#2605,The New York Bight 25years later: Use impairments and policy challenges,Enablers_CritC5,Equity (#8)
#2605,The New York Bight 25years later: Use impairments and policy challenges,Enablers_CritC5,Social acceptability (#4)
#2605,The New York Bight 25years later: Use impairments and policy challenges,Enablers_CritC5,Alignment with political priorities (#5)
#2605,The New York Bight 25years later: Use impairments and policy challenges,Enablers_CritC5,Alignment with international frameworks (#9)
#2605,The New York Bight 25years later: Use impairments and policy challenges,Enablers_CritC5,Transformative change potential (#10)
#2605,The New York Bight 25years later: Use impairments and policy challenges,Enablers_CritC5,Technical feasibility (#7)
#2605,The New York Bight 25years later: Use impairments and policy challenges,Barriers,Finance & Economics
#2605,The New York Bight 25years later: Use impairments and policy challenges,Barriers,Technology
#2605,The New York Bight 25years later: Use impairments and policy challenges,Barriers,Material & Non-material endowments
#2605,The New York Bight 25years later: Use impairments and policy challenges,Barriers_CritC5,NA
#2605,The New York Bight 25years later: Use impairments and policy challenges,Barriers_CritC5,Technical feasibility (#7)
#2604,Experiences with adopting the catchment approach in sustainable land management: The case of kagera TAMP Tanzania,PaperType,Perspective
#2604,Experiences with adopting the catchment approach in sustainable land management: The case of kagera TAMP Tanzania,Region,Sub-Saharan Africa
#2604,Experiences with adopting the catchment approach in sustainable land management: The case of kagera TAMP Tanzania,Scale,"Regional (multiple countries, whole continents)"
#2604,Experiences with adopting the catchment approach in sustainable land management: The case of kagera TAMP Tanzania,Nexus,Biodiversity
#2604,Experiences with adopting the catchment approach in sustainable land management: The case of kagera TAMP Tanzania,Nexus,Food
#2604,Experiences with adopting the catchment approach in sustainable land management: The case of kagera TAMP Tanzania,Nexus,Water
#2604,Experiences with adopting the catchment approach in sustainable land management: The case of kagera TAMP Tanzania,NChallenge,Complexity Challenges
#2604,Experiences with adopting the catchment approach in sustainable land management: The case of kagera TAMP Tanzania,Gov,NA
#2604,Experiences with adopting the catchment approach in sustainable land management: The case of kagera TAMP Tanzania,Policy,NA
#2604,Experiences with adopting the catchment approach in sustainable land management: The case of kagera TAMP Tanzania,Actors,Financial Institutions
#2604,Experiences with adopting the catchment approach in sustainable land management: The case of kagera TAMP Tanzania,Actors,Global/Regional Institutions and Science-Policy Interfaces
#2604,Experiences with adopting the catchment approach in sustainable land management: The case of kagera TAMP Tanzania,Actors,Local/National Governments and Municipalities
#2604,Experiences with adopting the catchment approach in sustainable land management: The case of kagera TAMP Tanzania,CrossCut,Equity
#2604,Experiences with adopting the catchment approach in sustainable land management: The case of kagera TAMP Tanzania,Scaling,No
#2604,Experiences with adopting the catchment approach in sustainable land management: The case of kagera TAMP Tanzania,Enablers,Policy design & Implementation
#2604,Experiences with adopting the catchment approach in sustainable land management: The case of kagera TAMP Tanzania,Enablers,Equity & Diversity
#2604,Experiences with adopting the catchment approach in sustainable land management: The case of kagera TAMP Tanzania,Enablers,Institutional capacity
#2604,Experiences with adopting the catchment approach in sustainable land management: The case of kagera TAMP Tanzania,Enablers_CritC5,NA
#2604,Experiences with adopting the catchment approach in sustainable land management: The case of kagera TAMP Tanzania,Enablers_CritC5,Transformative change potential (#10)
#2604,Experiences with adopting the catchment approach in sustainable land management: The case of kagera TAMP Tanzania,Enablers_CritC5,Equity (#8)
#2602,Implementing climate variability at the community level in the Amazon floodplain,PaperType,Empirical
#2602,Implementing climate variability at the community level in the Amazon floodplain,Region,Latin America and the Caribbean
#2602,Implementing climate variability at the community level in the Amazon floodplain,Scale,Local >1 km² to 100 km² (neighbourhood to municipality)
#2602,Implementing climate variability at the community level in the Amazon floodplain,Nexus,Climate change
#2602,Implementing climate variability at the community level in the Amazon floodplain,Nexus,Food
#2602,Implementing climate variability at the community level in the Amazon floodplain,Nexus,Water
#2602,Implementing climate variability at the community level in the Amazon floodplain,NChallenge,Governance Challenges
#2602,Implementing climate variability at the community level in the Amazon floodplain,Gov,Community Governance
#2602,Implementing climate variability at the community level in the Amazon floodplain,Policy,Legal and Regulatory Instruments
#2602,Implementing climate variability at the community level in the Amazon floodplain,Actors,Civil Society and Community-Based Organisations
#2602,Implementing climate variability at the community level in the Amazon floodplain,Actors,Civil Society and Community-Based Organisations
#2602,Implementing climate variability at the community level in the Amazon floodplain,Actors,Global/Regional Institutions and Science-Policy Interfaces
#2602,Implementing climate variability at the community level in the Amazon floodplain,Actors,Local/National Governments and Municipalities
#2602,Implementing climate variability at the community level in the Amazon floodplain,CrossCut,ILK
#2602,Implementing climate variability at the community level in the Amazon floodplain,Scaling,No
#2602,Implementing climate variability at the community level in the Amazon floodplain,Enablers,Policy design & Implementation
#2602,Implementing climate variability at the community level in the Amazon floodplain,Enablers,Behaviour & Lifestyle
#2602,Implementing climate variability at the community level in the Amazon floodplain,Enablers,Material & Non-material endowments
#2602,Implementing climate variability at the community level in the Amazon floodplain,Enablers_CritC5,NA
#2602,Implementing climate variability at the community level in the Amazon floodplain,Enablers_CritC5,Social acceptability (#4)
#2602,Implementing climate variability at the community level in the Amazon floodplain,Enablers_CritC5,Transformative change potential (#10)
#2602,Implementing climate variability at the community level in the Amazon floodplain,Enablers_CritC5,Equity (#8)
#2602,Implementing climate variability at the community level in the Amazon floodplain,Barriers,Institutional capacity
#2602,Implementing climate variability at the community level in the Amazon floodplain,Barriers,Finance & Economics
#2602,Implementing climate variability at the community level in the Amazon floodplain,Barriers_CritC5,NA
#2602,Implementing climate variability at the community level in the Amazon floodplain,Barriers_CritC5,Transformative change potential (#10)
#2601,Socioeconomic and policy considerations in the adoption of agroforestry systems: An ecosystem-based adaptive governance approach,PaperType,Review
#2601,Socioeconomic and policy considerations in the adoption of agroforestry systems: An ecosystem-based adaptive governance approach,Region,Sub-Saharan Africa
#2601,Socioeconomic and policy considerations in the adoption of agroforestry systems: An ecosystem-based adaptive governance approach,Scale,National (whole country)
#2601,Socioeconomic and policy considerations in the adoption of agroforestry systems: An ecosystem-based adaptive governance approach,Nexus,Biodiversity
#2601,Socioeconomic and policy considerations in the adoption of agroforestry systems: An ecosystem-based adaptive governance approach,Nexus,Climate change
#2601,Socioeconomic and policy considerations in the adoption of agroforestry systems: An ecosystem-based adaptive governance approach,Nexus,Food
#2601,Socioeconomic and policy considerations in the adoption of agroforestry systems: An ecosystem-based adaptive governance approach,NChallenge,Governance Challenges
#2601,Socioeconomic and policy considerations in the adoption of agroforestry systems: An ecosystem-based adaptive governance approach,Gov,NA
#2601,Socioeconomic and policy considerations in the adoption of agroforestry systems: An ecosystem-based adaptive governance approach,Policy,Legal and Regulatory Instruments
#2601,Socioeconomic and policy considerations in the adoption of agroforestry systems: An ecosystem-based adaptive governance approach,Actors,Civil Society and Community-Based Organisations
#2601,Socioeconomic and policy considerations in the adoption of agroforestry systems: An ecosystem-based adaptive governance approach,Actors,Knowledge and Educational Communities
#2601,Socioeconomic and policy considerations in the adoption of agroforestry systems: An ecosystem-based adaptive governance approach,Actors,Global/Regional Institutions and Science-Policy Interfaces
#2601,Socioeconomic and policy considerations in the adoption of agroforestry systems: An ecosystem-based adaptive governance approach,Actors,Local/National Governments and Municipalities
#2601,Socioeconomic and policy considerations in the adoption of agroforestry systems: An ecosystem-based adaptive governance approach,CrossCut,Poverty
#2601,Socioeconomic and policy considerations in the adoption of agroforestry systems: An ecosystem-based adaptive governance approach,Scaling,No
#2601,Socioeconomic and policy considerations in the adoption of agroforestry systems: An ecosystem-based adaptive governance approach,Enablers,Policy design & Implementation
#2601,Socioeconomic and policy considerations in the adoption of agroforestry systems: An ecosystem-based adaptive governance approach,Enablers_CritC5,Social acceptability (#4)
#2601,Socioeconomic and policy considerations in the adoption of agroforestry systems: An ecosystem-based adaptive governance approach,Enablers_CritC5,Alignment with political priorities (#5)
#2601,Socioeconomic and policy considerations in the adoption of agroforestry systems: An ecosystem-based adaptive governance approach,Barriers,Institutional capacity
#2601,Socioeconomic and policy considerations in the adoption of agroforestry systems: An ecosystem-based adaptive governance approach,Barriers,Finance & Economics
#2601,Socioeconomic and policy considerations in the adoption of agroforestry systems: An ecosystem-based adaptive governance approach,Barriers,Behaviour & Lifestyle
#2601,Socioeconomic and policy considerations in the adoption of agroforestry systems: An ecosystem-based adaptive governance approach,Barriers,Technology
#2601,Socioeconomic and policy considerations in the adoption of agroforestry systems: An ecosystem-based adaptive governance approach,Barriers,Material & Non-material endowments
#2601,Socioeconomic and policy considerations in the adoption of agroforestry systems: An ecosystem-based adaptive governance approach,Barriers_CritC5,Equity (#8)
#2601,Socioeconomic and policy considerations in the adoption of agroforestry systems: An ecosystem-based adaptive governance approach,Barriers_CritC5,Transformative change potential (#10)
#2601,Socioeconomic and policy considerations in the adoption of agroforestry systems: An ecosystem-based adaptive governance approach,Barriers_CritC5,Economic implications (#6)
#2601,Socioeconomic and policy considerations in the adoption of agroforestry systems: An ecosystem-based adaptive governance approach,Barriers_CritC5,NA
#2601,Socioeconomic and policy considerations in the adoption of agroforestry systems: An ecosystem-based adaptive governance approach,Barriers_CritC5,Technical feasibility (#7)
#2599,Diverse policies leading to contrasting impacts on land cover and ecosystem services in Northeast China,PaperType,Modelling
#2599,Diverse policies leading to contrasting impacts on land cover and ecosystem services in Northeast China,Region,Southern Asia
#2599,Diverse policies leading to contrasting impacts on land cover and ecosystem services in Northeast China,Scale,Subnational >100 km² (watershed)
#2599,Diverse policies leading to contrasting impacts on land cover and ecosystem services in Northeast China,Nexus,Biodiversity
#2599,Diverse policies leading to contrasting impacts on land cover and ecosystem services in Northeast China,Nexus,Climate change
#2599,Diverse policies leading to contrasting impacts on land cover and ecosystem services in Northeast China,Nexus,Food
#2599,Diverse policies leading to contrasting impacts on land cover and ecosystem services in Northeast China,Nexus,Water
#2599,Diverse policies leading to contrasting impacts on land cover and ecosystem services in Northeast China,NChallenge,Complexity Challenges
#2599,Diverse policies leading to contrasting impacts on land cover and ecosystem services in Northeast China,Gov,NA
#2599,Diverse policies leading to contrasting impacts on land cover and ecosystem services in Northeast China,Policy,Legal and Regulatory Instruments
#2599,Diverse policies leading to contrasting impacts on land cover and ecosystem services in Northeast China,Policy,Economic and Financial Instruments
#2599,Diverse policies leading to contrasting impacts on land cover and ecosystem services in Northeast China,Actors,Civil Society and Community-Based Organisations
#2599,Diverse policies leading to contrasting impacts on land cover and ecosystem services in Northeast China,Actors,Local/National Governments and Municipalities
#2599,Diverse policies leading to contrasting impacts on land cover and ecosystem services in Northeast China,CrossCut,NA
#2599,Diverse policies leading to contrasting impacts on land cover and ecosystem services in Northeast China,Scaling,No
#2599,Diverse policies leading to contrasting impacts on land cover and ecosystem services in Northeast China,Barriers,Policy design & Implementation
#2599,Diverse policies leading to contrasting impacts on land cover and ecosystem services in Northeast China,Barriers,Equity & Diversity
#2599,Diverse policies leading to contrasting impacts on land cover and ecosystem services in Northeast China,Barriers,Finance & Economics
#2599,Diverse policies leading to contrasting impacts on land cover and ecosystem services in Northeast China,Barriers_CritC5,Impacts on each nexus element (#3)
#2599,Diverse policies leading to contrasting impacts on land cover and ecosystem services in Northeast China,Barriers_CritC5,Equity (#8)
#2599,Diverse policies leading to contrasting impacts on land cover and ecosystem services in Northeast China,Barriers_CritC5,NA
#2598,Ecological restoration is not sufficient for reconciling the trade-off between soil retention and water yield: A contrasting study from catchment governance perspective,PaperType,Modelling
#2598,Ecological restoration is not sufficient for reconciling the trade-off between soil retention and water yield: A contrasting study from catchment governance perspective,Region,Eastern Asia
#2598,Ecological restoration is not sufficient for reconciling the trade-off between soil retention and water yield: A contrasting study from catchment governance perspective,Scale,Subnational >100 km² (watershed)
#2598,Ecological restoration is not sufficient for reconciling the trade-off between soil retention and water yield: A contrasting study from catchment governance perspective,Nexus,Biodiversity
#2598,Ecological restoration is not sufficient for reconciling the trade-off between soil retention and water yield: A contrasting study from catchment governance perspective,Nexus,Water
#2598,Ecological restoration is not sufficient for reconciling the trade-off between soil retention and water yield: A contrasting study from catchment governance perspective,NChallenge,Values Challenges
#2598,Ecological restoration is not sufficient for reconciling the trade-off between soil retention and water yield: A contrasting study from catchment governance perspective,Gov,NA
#2598,Ecological restoration is not sufficient for reconciling the trade-off between soil retention and water yield: A contrasting study from catchment governance perspective,Policy,Legal and Regulatory Instruments
#2598,Ecological restoration is not sufficient for reconciling the trade-off between soil retention and water yield: A contrasting study from catchment governance perspective,Policy,Economic and Financial Instruments
#2598,Ecological restoration is not sufficient for reconciling the trade-off between soil retention and water yield: A contrasting study from catchment governance perspective,Actors,Civil Society and Community-Based Organisations
#2598,Ecological restoration is not sufficient for reconciling the trade-off between soil retention and water yield: A contrasting study from catchment governance perspective,Actors,Knowledge and Educational Communities
#2598,Ecological restoration is not sufficient for reconciling the trade-off between soil retention and water yield: A contrasting study from catchment governance perspective,Actors,Local/National Governments and Municipalities
#2598,Ecological restoration is not sufficient for reconciling the trade-off between soil retention and water yield: A contrasting study from catchment governance perspective,CrossCut,Land
#2598,Ecological restoration is not sufficient for reconciling the trade-off between soil retention and water yield: A contrasting study from catchment governance perspective,Scaling,Yes
#2598,Ecological restoration is not sufficient for reconciling the trade-off between soil retention and water yield: A contrasting study from catchment governance perspective,Enablers,Finance & Economics
#2598,Ecological restoration is not sufficient for reconciling the trade-off between soil retention and water yield: A contrasting study from catchment governance perspective,Enablers,Material & Non-material endowments
#2598,Ecological restoration is not sufficient for reconciling the trade-off between soil retention and water yield: A contrasting study from catchment governance perspective,Enablers_CritC5,NA
#2598,Ecological restoration is not sufficient for reconciling the trade-off between soil retention and water yield: A contrasting study from catchment governance perspective,Barriers,Policy design & Implementation
#2598,Ecological restoration is not sufficient for reconciling the trade-off between soil retention and water yield: A contrasting study from catchment governance perspective,Barriers,Equity & Diversity
#2598,Ecological restoration is not sufficient for reconciling the trade-off between soil retention and water yield: A contrasting study from catchment governance perspective,Barriers,Material & Non-material endowments
#2598,Ecological restoration is not sufficient for reconciling the trade-off between soil retention and water yield: A contrasting study from catchment governance perspective,Barriers_CritC5,Impacts on each nexus element (#3)
#2598,Ecological restoration is not sufficient for reconciling the trade-off between soil retention and water yield: A contrasting study from catchment governance perspective,Barriers_CritC5,NA
#2598,Ecological restoration is not sufficient for reconciling the trade-off between soil retention and water yield: A contrasting study from catchment governance perspective,Barriers_CritC5,Equity (#8)
#2598,Ecological restoration is not sufficient for reconciling the trade-off between soil retention and water yield: A contrasting study from catchment governance perspective,Barriers_CritC5,Geographic scale (#1)
#2597,Site-specific framework of sustainable practices for a Brazilian contaminated site case study,PaperType,Review
#2597,Site-specific framework of sustainable practices for a Brazilian contaminated site case study,PaperType,Conceptual/theoretical
#2597,Site-specific framework of sustainable practices for a Brazilian contaminated site case study,Region,Latin America and the Caribbean
#2597,Site-specific framework of sustainable practices for a Brazilian contaminated site case study,Scale,Local >1 km² to 100 km² (neighbourhood to municipality)
#2597,Site-specific framework of sustainable practices for a Brazilian contaminated site case study,Nexus,Biodiversity
#2597,Site-specific framework of sustainable practices for a Brazilian contaminated site case study,Nexus,Health
#2597,Site-specific framework of sustainable practices for a Brazilian contaminated site case study,Nexus,Water
#2597,Site-specific framework of sustainable practices for a Brazilian contaminated site case study,NChallenge,Complexity Challenges
#2597,Site-specific framework of sustainable practices for a Brazilian contaminated site case study,NChallenge,Governance Challenges
#2597,Site-specific framework of sustainable practices for a Brazilian contaminated site case study,Gov,Hierarchical Governance
#2597,Site-specific framework of sustainable practices for a Brazilian contaminated site case study,Gov,Community Governance
#2597,Site-specific framework of sustainable practices for a Brazilian contaminated site case study,Policy,NA
#2597,Site-specific framework of sustainable practices for a Brazilian contaminated site case study,Actors,Knowledge and Educational Communities
#2597,Site-specific framework of sustainable practices for a Brazilian contaminated site case study,Actors,Local/National Governments and Municipalities
#2597,Site-specific framework of sustainable practices for a Brazilian contaminated site case study,CrossCut,NA
#2597,Site-specific framework of sustainable practices for a Brazilian contaminated site case study,Scaling,No
#2597,Site-specific framework of sustainable practices for a Brazilian contaminated site case study,Enablers,Policy design & Implementation
#2597,Site-specific framework of sustainable practices for a Brazilian contaminated site case study,Enablers,Institutional capacity
#2597,Site-specific framework of sustainable practices for a Brazilian contaminated site case study,Enablers,Finance & Economics
#2597,Site-specific framework of sustainable practices for a Brazilian contaminated site case study,Enablers,Behaviour & Lifestyle
#2597,Site-specific framework of sustainable practices for a Brazilian contaminated site case study,Enablers_CritC5,NA
#2597,Site-specific framework of sustainable practices for a Brazilian contaminated site case study,Enablers_CritC5,Social acceptability (#4)
#2597,Site-specific framework of sustainable practices for a Brazilian contaminated site case study,Enablers_CritC5,Equity (#8)
#2597,Site-specific framework of sustainable practices for a Brazilian contaminated site case study,Enablers_CritC5,Transformative change potential (#10)
#2597,Site-specific framework of sustainable practices for a Brazilian contaminated site case study,Barriers,Finance & Economics
#2597,Site-specific framework of sustainable practices for a Brazilian contaminated site case study,Barriers_CritC5,Economic implications (#6)
#2596,"Ecosystem Services Valuation for the Sustainable Land Use Management by Nature-Based Solution (NbS) in the Common Agricultural Policy Actions: A Case Study on the Foglia River Basin (Marche Region, Italy)",PaperType,Modelling
#2596,"Ecosystem Services Valuation for the Sustainable Land Use Management by Nature-Based Solution (NbS) in the Common Agricultural Policy Actions: A Case Study on the Foglia River Basin (Marche Region, Italy)",Region,Southern Europe
#2596,"Ecosystem Services Valuation for the Sustainable Land Use Management by Nature-Based Solution (NbS) in the Common Agricultural Policy Actions: A Case Study on the Foglia River Basin (Marche Region, Italy)",Scale,Subnational >100 km² (watershed)
#2596,"Ecosystem Services Valuation for the Sustainable Land Use Management by Nature-Based Solution (NbS) in the Common Agricultural Policy Actions: A Case Study on the Foglia River Basin (Marche Region, Italy)",Nexus,Biodiversity
#2596,"Ecosystem Services Valuation for the Sustainable Land Use Management by Nature-Based Solution (NbS) in the Common Agricultural Policy Actions: A Case Study on the Foglia River Basin (Marche Region, Italy)",Nexus,Climate change
#2596,"Ecosystem Services Valuation for the Sustainable Land Use Management by Nature-Based Solution (NbS) in the Common Agricultural Policy Actions: A Case Study on the Foglia River Basin (Marche Region, Italy)",Nexus,Food
#2596,"Ecosystem Services Valuation for the Sustainable Land Use Management by Nature-Based Solution (NbS) in the Common Agricultural Policy Actions: A Case Study on the Foglia River Basin (Marche Region, Italy)",Nexus,Water
#2596,"Ecosystem Services Valuation for the Sustainable Land Use Management by Nature-Based Solution (NbS) in the Common Agricultural Policy Actions: A Case Study on the Foglia River Basin (Marche Region, Italy)",NChallenge,Complexity Challenges
#2596,"Ecosystem Services Valuation for the Sustainable Land Use Management by Nature-Based Solution (NbS) in the Common Agricultural Policy Actions: A Case Study on the Foglia River Basin (Marche Region, Italy)",Gov,NA
#2596,"Ecosystem Services Valuation for the Sustainable Land Use Management by Nature-Based Solution (NbS) in the Common Agricultural Policy Actions: A Case Study on the Foglia River Basin (Marche Region, Italy)",Policy,Legal and Regulatory Instruments
#2596,"Ecosystem Services Valuation for the Sustainable Land Use Management by Nature-Based Solution (NbS) in the Common Agricultural Policy Actions: A Case Study on the Foglia River Basin (Marche Region, Italy)",Policy,Economic and Financial Instruments
#2596,"Ecosystem Services Valuation for the Sustainable Land Use Management by Nature-Based Solution (NbS) in the Common Agricultural Policy Actions: A Case Study on the Foglia River Basin (Marche Region, Italy)",Actors,Civil Society and Community-Based Organisations
#2596,"Ecosystem Services Valuation for the Sustainable Land Use Management by Nature-Based Solution (NbS) in the Common Agricultural Policy Actions: A Case Study on the Foglia River Basin (Marche Region, Italy)",Actors,Global/Regional Institutions and Science-Policy Interfaces
#2596,"Ecosystem Services Valuation for the Sustainable Land Use Management by Nature-Based Solution (NbS) in the Common Agricultural Policy Actions: A Case Study on the Foglia River Basin (Marche Region, Italy)",Actors,Global/Regional Institutions and Science-Policy Interfaces
#2596,"Ecosystem Services Valuation for the Sustainable Land Use Management by Nature-Based Solution (NbS) in the Common Agricultural Policy Actions: A Case Study on the Foglia River Basin (Marche Region, Italy)",Actors,Local/National Governments and Municipalities
#2596,"Ecosystem Services Valuation for the Sustainable Land Use Management by Nature-Based Solution (NbS) in the Common Agricultural Policy Actions: A Case Study on the Foglia River Basin (Marche Region, Italy)",CrossCut,NA
#2596,"Ecosystem Services Valuation for the Sustainable Land Use Management by Nature-Based Solution (NbS) in the Common Agricultural Policy Actions: A Case Study on the Foglia River Basin (Marche Region, Italy)",Scaling,No
#2596,"Ecosystem Services Valuation for the Sustainable Land Use Management by Nature-Based Solution (NbS) in the Common Agricultural Policy Actions: A Case Study on the Foglia River Basin (Marche Region, Italy)",Enablers,Finance & Economics
#2596,"Ecosystem Services Valuation for the Sustainable Land Use Management by Nature-Based Solution (NbS) in the Common Agricultural Policy Actions: A Case Study on the Foglia River Basin (Marche Region, Italy)",Enablers,Behaviour & Lifestyle
#2596,"Ecosystem Services Valuation for the Sustainable Land Use Management by Nature-Based Solution (NbS) in the Common Agricultural Policy Actions: A Case Study on the Foglia River Basin (Marche Region, Italy)",Enablers,Technology
#2596,"Ecosystem Services Valuation for the Sustainable Land Use Management by Nature-Based Solution (NbS) in the Common Agricultural Policy Actions: A Case Study on the Foglia River Basin (Marche Region, Italy)",Enablers,Material & Non-material endowments
#2596,"Ecosystem Services Valuation for the Sustainable Land Use Management by Nature-Based Solution (NbS) in the Common Agricultural Policy Actions: A Case Study on the Foglia River Basin (Marche Region, Italy)",Enablers_CritC5,Economic implications (#6)
#2596,"Ecosystem Services Valuation for the Sustainable Land Use Management by Nature-Based Solution (NbS) in the Common Agricultural Policy Actions: A Case Study on the Foglia River Basin (Marche Region, Italy)",Enablers_CritC5,Transformative change potential (#10)
#2596,"Ecosystem Services Valuation for the Sustainable Land Use Management by Nature-Based Solution (NbS) in the Common Agricultural Policy Actions: A Case Study on the Foglia River Basin (Marche Region, Italy)",Enablers_CritC5,Technical feasibility (#7)
#2596,"Ecosystem Services Valuation for the Sustainable Land Use Management by Nature-Based Solution (NbS) in the Common Agricultural Policy Actions: A Case Study on the Foglia River Basin (Marche Region, Italy)",Enablers_CritC5,NA
#2595,Sustainability and efficiency analysis w.r.t adoption of climate-smart agriculture (CSA) in Pakistan: a group-wise comparison of adopters and conventional farmers,PaperType,Empirical
#2595,Sustainability and efficiency analysis w.r.t adoption of climate-smart agriculture (CSA) in Pakistan: a group-wise comparison of adopters and conventional farmers,PaperType,Modelling
#2595,Sustainability and efficiency analysis w.r.t adoption of climate-smart agriculture (CSA) in Pakistan: a group-wise comparison of adopters and conventional farmers,Region,Southern Asia
#2595,Sustainability and efficiency analysis w.r.t adoption of climate-smart agriculture (CSA) in Pakistan: a group-wise comparison of adopters and conventional farmers,Scale,Local >1 km² to 100 km² (neighbourhood to municipality)
#2595,Sustainability and efficiency analysis w.r.t adoption of climate-smart agriculture (CSA) in Pakistan: a group-wise comparison of adopters and conventional farmers,Nexus,Climate change
#2595,Sustainability and efficiency analysis w.r.t adoption of climate-smart agriculture (CSA) in Pakistan: a group-wise comparison of adopters and conventional farmers,Nexus,Food
#2595,Sustainability and efficiency analysis w.r.t adoption of climate-smart agriculture (CSA) in Pakistan: a group-wise comparison of adopters and conventional farmers,Nexus,Water
#2595,Sustainability and efficiency analysis w.r.t adoption of climate-smart agriculture (CSA) in Pakistan: a group-wise comparison of adopters and conventional farmers,NChallenge,Complexity Challenges
#2595,Sustainability and efficiency analysis w.r.t adoption of climate-smart agriculture (CSA) in Pakistan: a group-wise comparison of adopters and conventional farmers,Gov,NA
#2595,Sustainability and efficiency analysis w.r.t adoption of climate-smart agriculture (CSA) in Pakistan: a group-wise comparison of adopters and conventional farmers,Policy,NA
#2595,Sustainability and efficiency analysis w.r.t adoption of climate-smart agriculture (CSA) in Pakistan: a group-wise comparison of adopters and conventional farmers,Actors,Media and the Arts
#2595,Sustainability and efficiency analysis w.r.t adoption of climate-smart agriculture (CSA) in Pakistan: a group-wise comparison of adopters and conventional farmers,Actors,Civil Society and Community-Based Organisations
#2595,Sustainability and efficiency analysis w.r.t adoption of climate-smart agriculture (CSA) in Pakistan: a group-wise comparison of adopters and conventional farmers,CrossCut,NA
#2595,Sustainability and efficiency analysis w.r.t adoption of climate-smart agriculture (CSA) in Pakistan: a group-wise comparison of adopters and conventional farmers,Scaling,No
#2595,Sustainability and efficiency analysis w.r.t adoption of climate-smart agriculture (CSA) in Pakistan: a group-wise comparison of adopters and conventional farmers,Enablers,Finance & Economics
#2595,Sustainability and efficiency analysis w.r.t adoption of climate-smart agriculture (CSA) in Pakistan: a group-wise comparison of adopters and conventional farmers,Enablers,Behaviour & Lifestyle
#2595,Sustainability and efficiency analysis w.r.t adoption of climate-smart agriculture (CSA) in Pakistan: a group-wise comparison of adopters and conventional farmers,Enablers,Technology
#2595,Sustainability and efficiency analysis w.r.t adoption of climate-smart agriculture (CSA) in Pakistan: a group-wise comparison of adopters and conventional farmers,Enablers,Material & Non-material endowments
#2595,Sustainability and efficiency analysis w.r.t adoption of climate-smart agriculture (CSA) in Pakistan: a group-wise comparison of adopters and conventional farmers,Enablers_CritC5,Economic implications (#6)
#2595,Sustainability and efficiency analysis w.r.t adoption of climate-smart agriculture (CSA) in Pakistan: a group-wise comparison of adopters and conventional farmers,Enablers_CritC5,NA
#2595,Sustainability and efficiency analysis w.r.t adoption of climate-smart agriculture (CSA) in Pakistan: a group-wise comparison of adopters and conventional farmers,Enablers_CritC5,Transformative change potential (#10)
#2595,Sustainability and efficiency analysis w.r.t adoption of climate-smart agriculture (CSA) in Pakistan: a group-wise comparison of adopters and conventional farmers,Enablers_CritC5,Technical feasibility (#7)
#2595,Sustainability and efficiency analysis w.r.t adoption of climate-smart agriculture (CSA) in Pakistan: a group-wise comparison of adopters and conventional farmers,Barriers,Finance & Economics
#2595,Sustainability and efficiency analysis w.r.t adoption of climate-smart agriculture (CSA) in Pakistan: a group-wise comparison of adopters and conventional farmers,Barriers_CritC5,NA
#726,Why food in health security (FIHS)?,PaperType,Review
#726,Why food in health security (FIHS)?,Region,Eastern Asia
#726,Why food in health security (FIHS)?,Region,South-eastern Asia
#726,Why food in health security (FIHS)?,Region,Southern Asia
#726,Why food in health security (FIHS)?,Region,Australia and New Zealand
#726,Why food in health security (FIHS)?,Scale,"Regional (multiple countries, whole continents)"
#726,Why food in health security (FIHS)?,Nexus,Health
#726,Why food in health security (FIHS)?,Nexus,Food
#726,Why food in health security (FIHS)?,NChallenge,NA
#726,Why food in health security (FIHS)?,Gov,NA
#726,Why food in health security (FIHS)?,Policy,NA
#726,Why food in health security (FIHS)?,Actors,NA
#726,Why food in health security (FIHS)?,CrossCut,Equity
#726,Why food in health security (FIHS)?,CrossCut,Poverty
#726,Why food in health security (FIHS)?,CrossCut,Economy
#726,Why food in health security (FIHS)?,CrossCut,Employment
#726,Why food in health security (FIHS)?,CrossCut,ILK
#726,Why food in health security (FIHS)?,Scaling,NA
#703,Perspectives on environmental management and technology in Asian river basins,PaperType,Review
#703,Perspectives on environmental management and technology in Asian river basins,PaperType,Book
#703,Perspectives on environmental management and technology in Asian river basins,Region,Central Asia
#703,Perspectives on environmental management and technology in Asian river basins,Region,Eastern Asia
#703,Perspectives on environmental management and technology in Asian river basins,Region,South-eastern Asia
#703,Perspectives on environmental management and technology in Asian river basins,Region,Southern Asia
#703,Perspectives on environmental management and technology in Asian river basins,Region,Western Asia
#703,Perspectives on environmental management and technology in Asian river basins,Scale,Not applicable (no specific spatial location)
#703,Perspectives on environmental management and technology in Asian river basins,Nexus,Biodiversity
#703,Perspectives on environmental management and technology in Asian river basins,Nexus,Climate change
#703,Perspectives on environmental management and technology in Asian river basins,Nexus,Food
#703,Perspectives on environmental management and technology in Asian river basins,Nexus,Water
#703,Perspectives on environmental management and technology in Asian river basins,NChallenge,Complexity Challenges
#703,Perspectives on environmental management and technology in Asian river basins,NChallenge,Values Challenges
#703,Perspectives on environmental management and technology in Asian river basins,NChallenge,Governance Challenges
#703,Perspectives on environmental management and technology in Asian river basins,NChallenge,Scaling Challenges
#703,Perspectives on environmental management and technology in Asian river basins,Gov,Hierarchical Governance
#703,Perspectives on environmental management and technology in Asian river basins,Gov,Market Governance
#703,Perspectives on environmental management and technology in Asian river basins,Gov,Network Governance
#703,Perspectives on environmental management and technology in Asian river basins,Policy,Legal and Regulatory Instruments
#703,Perspectives on environmental management and technology in Asian river basins,Actors,Private Sector and Business Organisations
#703,Perspectives on environmental management and technology in Asian river basins,Actors,Civil Society and Community-Based Organisations
#703,Perspectives on environmental management and technology in Asian river basins,Actors,Knowledge and Educational Communities
#703,Perspectives on environmental management and technology in Asian river basins,Actors,IPLCs
#703,Perspectives on environmental management and technology in Asian river basins,Actors,Civil Society and Community-Based Organisations
#703,Perspectives on environmental management and technology in Asian river basins,Actors,Local/National Governments and Municipalities
#703,Perspectives on environmental management and technology in Asian river basins,CrossCut,Economy
#703,Perspectives on environmental management and technology in Asian river basins,CrossCut,Education
#703,Perspectives on environmental management and technology in Asian river basins,CrossCut,Energy
#703,Perspectives on environmental management and technology in Asian river basins,Scaling,Yes
#703,Perspectives on environmental management and technology in Asian river basins,Enablers,Policy design & Implementation
#703,Perspectives on environmental management and technology in Asian river basins,Enablers,Institutional capacity
#703,Perspectives on environmental management and technology in Asian river basins,Enablers,Behaviour & Lifestyle
#703,Perspectives on environmental management and technology in Asian river basins,Enablers,Technology
#703,Perspectives on environmental management and technology in Asian river basins,Enablers_CritC5,NA
#703,Perspectives on environmental management and technology in Asian river basins,Enablers_CritC5,Alignment with international frameworks (#9)
#703,Perspectives on environmental management and technology in Asian river basins,Enablers_CritC5,Equity (#8)
#703,Perspectives on environmental management and technology in Asian river basins,Enablers_CritC5,Transformative change potential (#10)
#703,Perspectives on environmental management and technology in Asian river basins,Barriers,Institutional capacity
#703,Perspectives on environmental management and technology in Asian river basins,Barriers,Policy design & Implementation
#703,Perspectives on environmental management and technology in Asian river basins,Barriers,Finance & Economics
#703,Perspectives on environmental management and technology in Asian river basins,Barriers_CritC5,NA
#703,Perspectives on environmental management and technology in Asian river basins,Barriers_CritC5,Temporal scale (#2)
#703,Perspectives on environmental management and technology in Asian river basins,Barriers_CritC5,Transformative change potential (#10)
#703,Perspectives on environmental management and technology in Asian river basins,Barriers_CritC5,Economic implications (#6)
#703,Perspectives on environmental management and technology in Asian river basins,Barriers_CritC5,Equity (#8)
#699,"Can Earth system interactions be governed? Governance functions for linking climate change mitigation with land use, freshwater and biodiversity protection",PaperType,Conceptual/theoretical
#699,"Can Earth system interactions be governed? Governance functions for linking climate change mitigation with land use, freshwater and biodiversity protection",Region,Eastern Europe
#699,"Can Earth system interactions be governed? Governance functions for linking climate change mitigation with land use, freshwater and biodiversity protection",Region,Northern Europe
#699,"Can Earth system interactions be governed? Governance functions for linking climate change mitigation with land use, freshwater and biodiversity protection",Region,Western Europe
#699,"Can Earth system interactions be governed? Governance functions for linking climate change mitigation with land use, freshwater and biodiversity protection",Scale,"Regional (multiple countries, whole continents)"
#699,"Can Earth system interactions be governed? Governance functions for linking climate change mitigation with land use, freshwater and biodiversity protection",Nexus,Biodiversity
#699,"Can Earth system interactions be governed? Governance functions for linking climate change mitigation with land use, freshwater and biodiversity protection",Nexus,Climate change
#699,"Can Earth system interactions be governed? Governance functions for linking climate change mitigation with land use, freshwater and biodiversity protection",Nexus,Food
#699,"Can Earth system interactions be governed? Governance functions for linking climate change mitigation with land use, freshwater and biodiversity protection",Nexus,Water
#699,"Can Earth system interactions be governed? Governance functions for linking climate change mitigation with land use, freshwater and biodiversity protection",NChallenge,Complexity Challenges
#699,"Can Earth system interactions be governed? Governance functions for linking climate change mitigation with land use, freshwater and biodiversity protection",NChallenge,Values Challenges
#699,"Can Earth system interactions be governed? Governance functions for linking climate change mitigation with land use, freshwater and biodiversity protection",NChallenge,Governance Challenges
#699,"Can Earth system interactions be governed? Governance functions for linking climate change mitigation with land use, freshwater and biodiversity protection",NChallenge,Scaling Challenges
#699,"Can Earth system interactions be governed? Governance functions for linking climate change mitigation with land use, freshwater and biodiversity protection",Gov,Network Governance
#699,"Can Earth system interactions be governed? Governance functions for linking climate change mitigation with land use, freshwater and biodiversity protection",Policy,Legal and Regulatory Instruments
#699,"Can Earth system interactions be governed? Governance functions for linking climate change mitigation with land use, freshwater and biodiversity protection",Policy,Economic and Financial Instruments
#699,"Can Earth system interactions be governed? Governance functions for linking climate change mitigation with land use, freshwater and biodiversity protection",Policy,Social and Cultural Instruments
#699,"Can Earth system interactions be governed? Governance functions for linking climate change mitigation with land use, freshwater and biodiversity protection",Actors,Private Sector and Business Organisations
#699,"Can Earth system interactions be governed? Governance functions for linking climate change mitigation with land use, freshwater and biodiversity protection",Actors,Financial Institutions
#699,"Can Earth system interactions be governed? Governance functions for linking climate change mitigation with land use, freshwater and biodiversity protection",Actors,Civil Society and Community-Based Organisations
#699,"Can Earth system interactions be governed? Governance functions for linking climate change mitigation with land use, freshwater and biodiversity protection",Actors,Knowledge and Educational Communities
#699,"Can Earth system interactions be governed? Governance functions for linking climate change mitigation with land use, freshwater and biodiversity protection",Actors,Civil Society and Community-Based Organisations
#699,"Can Earth system interactions be governed? Governance functions for linking climate change mitigation with land use, freshwater and biodiversity protection",Actors,Global/Regional Institutions and Science-Policy Interfaces
#699,"Can Earth system interactions be governed? Governance functions for linking climate change mitigation with land use, freshwater and biodiversity protection",Actors,Global/Regional Institutions and Science-Policy Interfaces
#699,"Can Earth system interactions be governed? Governance functions for linking climate change mitigation with land use, freshwater and biodiversity protection",Actors,Local/National Governments and Municipalities
#699,"Can Earth system interactions be governed? Governance functions for linking climate change mitigation with land use, freshwater and biodiversity protection",CrossCut,NA
#699,"Can Earth system interactions be governed? Governance functions for linking climate change mitigation with land use, freshwater and biodiversity protection",Scaling,NA
#699,"Can Earth system interactions be governed? Governance functions for linking climate change mitigation with land use, freshwater and biodiversity protection",Enablers,Policy design & Implementation
#699,"Can Earth system interactions be governed? Governance functions for linking climate change mitigation with land use, freshwater and biodiversity protection",Enablers,Institutional capacity
#699,"Can Earth system interactions be governed? Governance functions for linking climate change mitigation with land use, freshwater and biodiversity protection",Enablers_CritC5,Impacts on each nexus element (#3)
#699,"Can Earth system interactions be governed? Governance functions for linking climate change mitigation with land use, freshwater and biodiversity protection",Enablers_CritC5,NA
#699,"Can Earth system interactions be governed? Governance functions for linking climate change mitigation with land use, freshwater and biodiversity protection",Enablers_CritC5,Transformative change potential (#10)
#699,"Can Earth system interactions be governed? Governance functions for linking climate change mitigation with land use, freshwater and biodiversity protection",Barriers,Equity & Diversity
#699,"Can Earth system interactions be governed? Governance functions for linking climate change mitigation with land use, freshwater and biodiversity protection",Barriers,Policy design & Implementation
#699,"Can Earth system interactions be governed? Governance functions for linking climate change mitigation with land use, freshwater and biodiversity protection",Barriers,Institutional capacity
#699,"Can Earth system interactions be governed? Governance functions for linking climate change mitigation with land use, freshwater and biodiversity protection",Barriers,Finance & Economics
#699,"Can Earth system interactions be governed? Governance functions for linking climate change mitigation with land use, freshwater and biodiversity protection",Barriers,Behaviour & Lifestyle
#699,"Can Earth system interactions be governed? Governance functions for linking climate change mitigation with land use, freshwater and biodiversity protection",Barriers,Technology
#699,"Can Earth system interactions be governed? Governance functions for linking climate change mitigation with land use, freshwater and biodiversity protection",Barriers,Material & Non-material endowments
#699,"Can Earth system interactions be governed? Governance functions for linking climate change mitigation with land use, freshwater and biodiversity protection",Barriers_CritC5,Equity (#8)
#699,"Can Earth system interactions be governed? Governance functions for linking climate change mitigation with land use, freshwater and biodiversity protection",Barriers_CritC5,Alignment with international frameworks (#9)
#699,"Can Earth system interactions be governed? Governance functions for linking climate change mitigation with land use, freshwater and biodiversity protection",Barriers_CritC5,NA
#699,"Can Earth system interactions be governed? Governance functions for linking climate change mitigation with land use, freshwater and biodiversity protection",Barriers_CritC5,Geographic scale (#1)
#699,"Can Earth system interactions be governed? Governance functions for linking climate change mitigation with land use, freshwater and biodiversity protection",Barriers_CritC5,Transformative change potential (#10)
#699,"Can Earth system interactions be governed? Governance functions for linking climate change mitigation with land use, freshwater and biodiversity protection",Barriers_CritC5,Economic implications (#6)
#695,"Reprint of ""Can Earth system interactions be governed? Governance functions for linking climate change mitigation with land use, freshwater and biodiversity protection""",PaperType,Conceptual/theoretical
#695,"Reprint of ""Can Earth system interactions be governed? Governance functions for linking climate change mitigation with land use, freshwater and biodiversity protection""",Region,Not applicable (no specific spatial location)
#695,"Reprint of ""Can Earth system interactions be governed? Governance functions for linking climate change mitigation with land use, freshwater and biodiversity protection""",Scale,Not applicable (no specific spatial location)
#695,"Reprint of ""Can Earth system interactions be governed? Governance functions for linking climate change mitigation with land use, freshwater and biodiversity protection""",Nexus,Biodiversity
#695,"Reprint of ""Can Earth system interactions be governed? Governance functions for linking climate change mitigation with land use, freshwater and biodiversity protection""",Nexus,Climate change
#695,"Reprint of ""Can Earth system interactions be governed? Governance functions for linking climate change mitigation with land use, freshwater and biodiversity protection""",Nexus,Food
#695,"Reprint of ""Can Earth system interactions be governed? Governance functions for linking climate change mitigation with land use, freshwater and biodiversity protection""",Nexus,Water
#695,"Reprint of ""Can Earth system interactions be governed? Governance functions for linking climate change mitigation with land use, freshwater and biodiversity protection""",NChallenge,Complexity Challenges
#695,"Reprint of ""Can Earth system interactions be governed? Governance functions for linking climate change mitigation with land use, freshwater and biodiversity protection""",NChallenge,Values Challenges
#695,"Reprint of ""Can Earth system interactions be governed? Governance functions for linking climate change mitigation with land use, freshwater and biodiversity protection""",Gov,Network Governance
#695,"Reprint of ""Can Earth system interactions be governed? Governance functions for linking climate change mitigation with land use, freshwater and biodiversity protection""",Policy,Legal and Regulatory Instruments
#695,"Reprint of ""Can Earth system interactions be governed? Governance functions for linking climate change mitigation with land use, freshwater and biodiversity protection""",Policy,Economic and Financial Instruments
#695,"Reprint of ""Can Earth system interactions be governed? Governance functions for linking climate change mitigation with land use, freshwater and biodiversity protection""",Policy,Social and Cultural Instruments
#695,"Reprint of ""Can Earth system interactions be governed? Governance functions for linking climate change mitigation with land use, freshwater and biodiversity protection""",Actors,Private Sector and Business Organisations
#695,"Reprint of ""Can Earth system interactions be governed? Governance functions for linking climate change mitigation with land use, freshwater and biodiversity protection""",Actors,Civil Society and Community-Based Organisations
#695,"Reprint of ""Can Earth system interactions be governed? Governance functions for linking climate change mitigation with land use, freshwater and biodiversity protection""",Actors,Knowledge and Educational Communities
#695,"Reprint of ""Can Earth system interactions be governed? Governance functions for linking climate change mitigation with land use, freshwater and biodiversity protection""",Actors,Civil Society and Community-Based Organisations
#695,"Reprint of ""Can Earth system interactions be governed? Governance functions for linking climate change mitigation with land use, freshwater and biodiversity protection""",Actors,Global/Regional Institutions and Science-Policy Interfaces
#695,"Reprint of ""Can Earth system interactions be governed? Governance functions for linking climate change mitigation with land use, freshwater and biodiversity protection""",Actors,Global/Regional Institutions and Science-Policy Interfaces
#695,"Reprint of ""Can Earth system interactions be governed? Governance functions for linking climate change mitigation with land use, freshwater and biodiversity protection""",Actors,Local/National Governments and Municipalities
#695,"Reprint of ""Can Earth system interactions be governed? Governance functions for linking climate change mitigation with land use, freshwater and biodiversity protection""",CrossCut,Equity
#695,"Reprint of ""Can Earth system interactions be governed? Governance functions for linking climate change mitigation with land use, freshwater and biodiversity protection""",CrossCut,ILK
#695,"Reprint of ""Can Earth system interactions be governed? Governance functions for linking climate change mitigation with land use, freshwater and biodiversity protection""",Scaling,No
#695,"Reprint of ""Can Earth system interactions be governed? Governance functions for linking climate change mitigation with land use, freshwater and biodiversity protection""",Enablers,Policy design & Implementation
#695,"Reprint of ""Can Earth system interactions be governed? Governance functions for linking climate change mitigation with land use, freshwater and biodiversity protection""",Enablers,Institutional capacity
#695,"Reprint of ""Can Earth system interactions be governed? Governance functions for linking climate change mitigation with land use, freshwater and biodiversity protection""",Enablers,Finance & Economics
#695,"Reprint of ""Can Earth system interactions be governed? Governance functions for linking climate change mitigation with land use, freshwater and biodiversity protection""",Enablers,Technology
#695,"Reprint of ""Can Earth system interactions be governed? Governance functions for linking climate change mitigation with land use, freshwater and biodiversity protection""",Enablers,Material & Non-material endowments
#695,"Reprint of ""Can Earth system interactions be governed? Governance functions for linking climate change mitigation with land use, freshwater and biodiversity protection""",Enablers_CritC5,NA
#695,"Reprint of ""Can Earth system interactions be governed? Governance functions for linking climate change mitigation with land use, freshwater and biodiversity protection""",Enablers_CritC5,Equity (#8)
#695,"Reprint of ""Can Earth system interactions be governed? Governance functions for linking climate change mitigation with land use, freshwater and biodiversity protection""",Enablers_CritC5,Transformative change potential (#10)
#695,"Reprint of ""Can Earth system interactions be governed? Governance functions for linking climate change mitigation with land use, freshwater and biodiversity protection""",Barriers,Institutional capacity
#695,"Reprint of ""Can Earth system interactions be governed? Governance functions for linking climate change mitigation with land use, freshwater and biodiversity protection""",Barriers,Policy design & Implementation
#695,"Reprint of ""Can Earth system interactions be governed? Governance functions for linking climate change mitigation with land use, freshwater and biodiversity protection""",Barriers_CritC5,NA
#695,"Reprint of ""Can Earth system interactions be governed? Governance functions for linking climate change mitigation with land use, freshwater and biodiversity protection""",Barriers_CritC5,Geographic scale (#1)
#689,A scalable approach towards realizing tangible benefits in transboundary river basins and regions,PaperType,Conceptual/theoretical
#689,A scalable approach towards realizing tangible benefits in transboundary river basins and regions,PaperType,Book chapter
#689,A scalable approach towards realizing tangible benefits in transboundary river basins and regions,Region,Not applicable (no specific spatial location)
#689,A scalable approach towards realizing tangible benefits in transboundary river basins and regions,Scale,Not applicable (no specific spatial location)
#689,A scalable approach towards realizing tangible benefits in transboundary river basins and regions,Nexus,Food
#689,A scalable approach towards realizing tangible benefits in transboundary river basins and regions,Nexus,Water
#689,A scalable approach towards realizing tangible benefits in transboundary river basins and regions,NChallenge,Complexity Challenges
#689,A scalable approach towards realizing tangible benefits in transboundary river basins and regions,NChallenge,Values Challenges
#689,A scalable approach towards realizing tangible benefits in transboundary river basins and regions,NChallenge,Governance Challenges
#689,A scalable approach towards realizing tangible benefits in transboundary river basins and regions,NChallenge,Scaling Challenges
#689,A scalable approach towards realizing tangible benefits in transboundary river basins and regions,Gov,Market Governance
#689,A scalable approach towards realizing tangible benefits in transboundary river basins and regions,Policy,Legal and Regulatory Instruments
#689,A scalable approach towards realizing tangible benefits in transboundary river basins and regions,Policy,Economic and Financial Instruments
#689,A scalable approach towards realizing tangible benefits in transboundary river basins and regions,Actors,Private Sector and Business Organisations
#689,A scalable approach towards realizing tangible benefits in transboundary river basins and regions,Actors,Civil Society and Community-Based Organisations
#689,A scalable approach towards realizing tangible benefits in transboundary river basins and regions,Actors,Local/National Governments and Municipalities
#689,A scalable approach towards realizing tangible benefits in transboundary river basins and regions,CrossCut,Energy
#689,A scalable approach towards realizing tangible benefits in transboundary river basins and regions,Scaling,Yes
#689,A scalable approach towards realizing tangible benefits in transboundary river basins and regions,Enablers,Policy design & Implementation
#689,A scalable approach towards realizing tangible benefits in transboundary river basins and regions,Enablers,Equity & Diversity
#689,A scalable approach towards realizing tangible benefits in transboundary river basins and regions,Enablers,Finance & Economics
#689,A scalable approach towards realizing tangible benefits in transboundary river basins and regions,Enablers,Technology
#689,A scalable approach towards realizing tangible benefits in transboundary river basins and regions,Enablers_CritC5,Impacts on each nexus element (#3)
#689,A scalable approach towards realizing tangible benefits in transboundary river basins and regions,Enablers_CritC5,Equity (#8)
#689,A scalable approach towards realizing tangible benefits in transboundary river basins and regions,Enablers_CritC5,Temporal scale (#2)
#689,A scalable approach towards realizing tangible benefits in transboundary river basins and regions,Enablers_CritC5,NA
#689,A scalable approach towards realizing tangible benefits in transboundary river basins and regions,Barriers,Equity & Diversity
#689,A scalable approach towards realizing tangible benefits in transboundary river basins and regions,Barriers,Institutional capacity
#689,A scalable approach towards realizing tangible benefits in transboundary river basins and regions,Barriers,Finance & Economics
#689,A scalable approach towards realizing tangible benefits in transboundary river basins and regions,Barriers,Behaviour & Lifestyle
#689,A scalable approach towards realizing tangible benefits in transboundary river basins and regions,Barriers,Technology
#689,A scalable approach towards realizing tangible benefits in transboundary river basins and regions,Barriers,Material & Non-material endowments
#689,A scalable approach towards realizing tangible benefits in transboundary river basins and regions,Barriers_CritC5,Equity (#8)
#689,A scalable approach towards realizing tangible benefits in transboundary river basins and regions,Barriers_CritC5,Transformative change potential (#10)
#689,A scalable approach towards realizing tangible benefits in transboundary river basins and regions,Barriers_CritC5,Economic implications (#6)
#689,A scalable approach towards realizing tangible benefits in transboundary river basins and regions,Barriers_CritC5,NA
#689,A scalable approach towards realizing tangible benefits in transboundary river basins and regions,Barriers_CritC5,Technical feasibility (#7)
#681,The energy-security-climate-change nexus in Brazil,PaperType,Perspective
#681,The energy-security-climate-change nexus in Brazil,PaperType,Conceptual/theoretical
#681,The energy-security-climate-change nexus in Brazil,Region,Latin America and the Caribbean
#681,The energy-security-climate-change nexus in Brazil,Scale,National (whole country)
#681,The energy-security-climate-change nexus in Brazil,Nexus,Biodiversity
#681,The energy-security-climate-change nexus in Brazil,Nexus,Climate change
#681,The energy-security-climate-change nexus in Brazil,NChallenge,Complexity Challenges
#681,The energy-security-climate-change nexus in Brazil,NChallenge,Governance Challenges
#681,The energy-security-climate-change nexus in Brazil,Gov,Hierarchical Governance
#681,The energy-security-climate-change nexus in Brazil,Policy,Legal and Regulatory Instruments
#681,The energy-security-climate-change nexus in Brazil,Policy,Rights-Based Instruments and Customary Norms
#681,The energy-security-climate-change nexus in Brazil,Policy,Economic and Financial Instruments
#681,The energy-security-climate-change nexus in Brazil,Actors,Private Sector and Business Organisations
#681,The energy-security-climate-change nexus in Brazil,Actors,Local/National Governments and Municipalities
#681,The energy-security-climate-change nexus in Brazil,CrossCut,Economy
#681,The energy-security-climate-change nexus in Brazil,CrossCut,Energy
#681,The energy-security-climate-change nexus in Brazil,Scaling,No
#681,The energy-security-climate-change nexus in Brazil,Barriers,Policy design & Implementation
#681,The energy-security-climate-change nexus in Brazil,Barriers,Institutional capacity
#681,The energy-security-climate-change nexus in Brazil,Barriers_CritC5,Impacts on each nexus element (#3)
#681,The energy-security-climate-change nexus in Brazil,Barriers_CritC5,Alignment with political priorities (#5)
#681,The energy-security-climate-change nexus in Brazil,Barriers_CritC5,NA
#681,The energy-security-climate-change nexus in Brazil,Barriers_CritC5,Transformative change potential (#10)
#647,Recasting payments for ecosystem services (PES) in water resource management: A novel institutional approach,PaperType,Perspective
#647,Recasting payments for ecosystem services (PES) in water resource management: A novel institutional approach,Region,Not applicable (no specific spatial location)
#647,Recasting payments for ecosystem services (PES) in water resource management: A novel institutional approach,Scale,Not applicable (no specific spatial location)
#647,Recasting payments for ecosystem services (PES) in water resource management: A novel institutional approach,Nexus,Biodiversity
#647,Recasting payments for ecosystem services (PES) in water resource management: A novel institutional approach,Nexus,Climate change
#647,Recasting payments for ecosystem services (PES) in water resource management: A novel institutional approach,Nexus,Water
#647,Recasting payments for ecosystem services (PES) in water resource management: A novel institutional approach,NChallenge,Governance Challenges
#647,Recasting payments for ecosystem services (PES) in water resource management: A novel institutional approach,NChallenge,Financing Challenges
#647,Recasting payments for ecosystem services (PES) in water resource management: A novel institutional approach,Gov,Nested Governance
#647,Recasting payments for ecosystem services (PES) in water resource management: A novel institutional approach,Policy,Legal and Regulatory Instruments
#647,Recasting payments for ecosystem services (PES) in water resource management: A novel institutional approach,Policy,Economic and Financial Instruments
#647,Recasting payments for ecosystem services (PES) in water resource management: A novel institutional approach,Actors,Private Sector and Business Organisations
#647,Recasting payments for ecosystem services (PES) in water resource management: A novel institutional approach,Actors,Civil Society and Community-Based Organisations
#647,Recasting payments for ecosystem services (PES) in water resource management: A novel institutional approach,Actors,Local/National Governments and Municipalities
#647,Recasting payments for ecosystem services (PES) in water resource management: A novel institutional approach,CrossCut,Equity
#647,Recasting payments for ecosystem services (PES) in water resource management: A novel institutional approach,CrossCut,Poverty
#647,Recasting payments for ecosystem services (PES) in water resource management: A novel institutional approach,CrossCut,Land
#647,Recasting payments for ecosystem services (PES) in water resource management: A novel institutional approach,Scaling,Yes
#647,Recasting payments for ecosystem services (PES) in water resource management: A novel institutional approach,Enablers,Policy design & Implementation
#647,Recasting payments for ecosystem services (PES) in water resource management: A novel institutional approach,Enablers,Equity & Diversity
#647,Recasting payments for ecosystem services (PES) in water resource management: A novel institutional approach,Enablers,Institutional capacity
#647,Recasting payments for ecosystem services (PES) in water resource management: A novel institutional approach,Enablers,Finance & Economics
#647,Recasting payments for ecosystem services (PES) in water resource management: A novel institutional approach,Enablers,Behaviour & Lifestyle
#647,Recasting payments for ecosystem services (PES) in water resource management: A novel institutional approach,Enablers,Material & Non-material endowments
#647,Recasting payments for ecosystem services (PES) in water resource management: A novel institutional approach,Enablers_CritC5,Impacts on each nexus element (#3)
#647,Recasting payments for ecosystem services (PES) in water resource management: A novel institutional approach,Enablers_CritC5,NA
#647,Recasting payments for ecosystem services (PES) in water resource management: A novel institutional approach,Enablers_CritC5,Equity (#8)
#647,Recasting payments for ecosystem services (PES) in water resource management: A novel institutional approach,Enablers_CritC5,Alignment with political priorities (#5)
#647,Recasting payments for ecosystem services (PES) in water resource management: A novel institutional approach,Enablers_CritC5,Transformative change potential (#10)
#647,Recasting payments for ecosystem services (PES) in water resource management: A novel institutional approach,Barriers,Institutional capacity
#647,Recasting payments for ecosystem services (PES) in water resource management: A novel institutional approach,Barriers,Policy design & Implementation
#647,Recasting payments for ecosystem services (PES) in water resource management: A novel institutional approach,Barriers,Finance & Economics
#647,Recasting payments for ecosystem services (PES) in water resource management: A novel institutional approach,Barriers_CritC5,NA
#647,Recasting payments for ecosystem services (PES) in water resource management: A novel institutional approach,Barriers_CritC5,Geographic scale (#1)
#647,Recasting payments for ecosystem services (PES) in water resource management: A novel institutional approach,Barriers_CritC5,Economic implications (#6)
#645,"Agriculture, health, and wealth convergence: Bridging traditional food systems and modern agribusiness solutions",PaperType,Introduction to a special feature
#645,"Agriculture, health, and wealth convergence: Bridging traditional food systems and modern agribusiness solutions",Region,Not applicable (no specific spatial location)
#645,"Agriculture, health, and wealth convergence: Bridging traditional food systems and modern agribusiness solutions",Scale,Not applicable (no specific spatial location)
#645,"Agriculture, health, and wealth convergence: Bridging traditional food systems and modern agribusiness solutions",Nexus,Health
#645,"Agriculture, health, and wealth convergence: Bridging traditional food systems and modern agribusiness solutions",Nexus,Food
#645,"Agriculture, health, and wealth convergence: Bridging traditional food systems and modern agribusiness solutions",NChallenge,Governance Challenges
#645,"Agriculture, health, and wealth convergence: Bridging traditional food systems and modern agribusiness solutions",Gov,Community Governance
#645,"Agriculture, health, and wealth convergence: Bridging traditional food systems and modern agribusiness solutions",Policy,Legal and Regulatory Instruments
#645,"Agriculture, health, and wealth convergence: Bridging traditional food systems and modern agribusiness solutions",Policy,Economic and Financial Instruments
#645,"Agriculture, health, and wealth convergence: Bridging traditional food systems and modern agribusiness solutions",Policy,Social and Cultural Instruments
#645,"Agriculture, health, and wealth convergence: Bridging traditional food systems and modern agribusiness solutions",Actors,Private Sector and Business Organisations
#645,"Agriculture, health, and wealth convergence: Bridging traditional food systems and modern agribusiness solutions",Actors,Civil Society and Community-Based Organisations
#645,"Agriculture, health, and wealth convergence: Bridging traditional food systems and modern agribusiness solutions",Actors,Knowledge and Educational Communities
#645,"Agriculture, health, and wealth convergence: Bridging traditional food systems and modern agribusiness solutions",Actors,Civil Society and Community-Based Organisations
#645,"Agriculture, health, and wealth convergence: Bridging traditional food systems and modern agribusiness solutions",Actors,Global/Regional Institutions and Science-Policy Interfaces
#645,"Agriculture, health, and wealth convergence: Bridging traditional food systems and modern agribusiness solutions",Actors,Local/National Governments and Municipalities
#645,"Agriculture, health, and wealth convergence: Bridging traditional food systems and modern agribusiness solutions",CrossCut,NA
#645,"Agriculture, health, and wealth convergence: Bridging traditional food systems and modern agribusiness solutions",Scaling,Yes
#645,"Agriculture, health, and wealth convergence: Bridging traditional food systems and modern agribusiness solutions",Enablers,Policy design & Implementation
#645,"Agriculture, health, and wealth convergence: Bridging traditional food systems and modern agribusiness solutions",Enablers,Equity & Diversity
#645,"Agriculture, health, and wealth convergence: Bridging traditional food systems and modern agribusiness solutions",Enablers,Institutional capacity
#645,"Agriculture, health, and wealth convergence: Bridging traditional food systems and modern agribusiness solutions",Enablers,Finance & Economics
#645,"Agriculture, health, and wealth convergence: Bridging traditional food systems and modern agribusiness solutions",Enablers,Behaviour & Lifestyle
#645,"Agriculture, health, and wealth convergence: Bridging traditional food systems and modern agribusiness solutions",Enablers,Material & Non-material endowments
#645,"Agriculture, health, and wealth convergence: Bridging traditional food systems and modern agribusiness solutions",Enablers_CritC5,NA
#645,"Agriculture, health, and wealth convergence: Bridging traditional food systems and modern agribusiness solutions",Enablers_CritC5,Equity (#8)
#645,"Agriculture, health, and wealth convergence: Bridging traditional food systems and modern agribusiness solutions",Enablers_CritC5,Alignment with political priorities (#5)
#645,"Agriculture, health, and wealth convergence: Bridging traditional food systems and modern agribusiness solutions",Enablers_CritC5,Alignment with international frameworks (#9)
#645,"Agriculture, health, and wealth convergence: Bridging traditional food systems and modern agribusiness solutions",Enablers_CritC5,Transformative change potential (#10)
#645,"Agriculture, health, and wealth convergence: Bridging traditional food systems and modern agribusiness solutions",Barriers,Policy design & Implementation
#645,"Agriculture, health, and wealth convergence: Bridging traditional food systems and modern agribusiness solutions",Barriers,Finance & Economics
#645,"Agriculture, health, and wealth convergence: Bridging traditional food systems and modern agribusiness solutions",Barriers,Behaviour & Lifestyle
#645,"Agriculture, health, and wealth convergence: Bridging traditional food systems and modern agribusiness solutions",Barriers,Technology
#645,"Agriculture, health, and wealth convergence: Bridging traditional food systems and modern agribusiness solutions",Barriers_CritC5,Impacts on each nexus element (#3)
#645,"Agriculture, health, and wealth convergence: Bridging traditional food systems and modern agribusiness solutions",Barriers_CritC5,Geographic scale (#1)
#645,"Agriculture, health, and wealth convergence: Bridging traditional food systems and modern agribusiness solutions",Barriers_CritC5,Temporal scale (#2)
#645,"Agriculture, health, and wealth convergence: Bridging traditional food systems and modern agribusiness solutions",Barriers_CritC5,Economic implications (#6)
#645,"Agriculture, health, and wealth convergence: Bridging traditional food systems and modern agribusiness solutions",Barriers_CritC5,Transformative change potential (#10)
#645,"Agriculture, health, and wealth convergence: Bridging traditional food systems and modern agribusiness solutions",Barriers_CritC5,NA
#642,"Towards a Managed Aquifer Recharge strategy for Gujarat, India: An economist's dialogue with hydro-geologists",PaperType,Empirical
#642,"Towards a Managed Aquifer Recharge strategy for Gujarat, India: An economist's dialogue with hydro-geologists",Region,Southern Asia
#642,"Towards a Managed Aquifer Recharge strategy for Gujarat, India: An economist's dialogue with hydro-geologists",Scale,Subnational >100 km² (watershed)
#642,"Towards a Managed Aquifer Recharge strategy for Gujarat, India: An economist's dialogue with hydro-geologists",Nexus,Climate change
#642,"Towards a Managed Aquifer Recharge strategy for Gujarat, India: An economist's dialogue with hydro-geologists",Nexus,Food
#642,"Towards a Managed Aquifer Recharge strategy for Gujarat, India: An economist's dialogue with hydro-geologists",Nexus,Water
#642,"Towards a Managed Aquifer Recharge strategy for Gujarat, India: An economist's dialogue with hydro-geologists",NChallenge,Governance Challenges
#642,"Towards a Managed Aquifer Recharge strategy for Gujarat, India: An economist's dialogue with hydro-geologists",NChallenge,Financing Challenges
#642,"Towards a Managed Aquifer Recharge strategy for Gujarat, India: An economist's dialogue with hydro-geologists",Gov,Hierarchical Governance
#642,"Towards a Managed Aquifer Recharge strategy for Gujarat, India: An economist's dialogue with hydro-geologists",Policy,Legal and Regulatory Instruments
#642,"Towards a Managed Aquifer Recharge strategy for Gujarat, India: An economist's dialogue with hydro-geologists",Actors,Civil Society and Community-Based Organisations
#642,"Towards a Managed Aquifer Recharge strategy for Gujarat, India: An economist's dialogue with hydro-geologists",Actors,Local/National Governments and Municipalities
#642,"Towards a Managed Aquifer Recharge strategy for Gujarat, India: An economist's dialogue with hydro-geologists",CrossCut,Energy
#642,"Towards a Managed Aquifer Recharge strategy for Gujarat, India: An economist's dialogue with hydro-geologists",Scaling,No
#642,"Towards a Managed Aquifer Recharge strategy for Gujarat, India: An economist's dialogue with hydro-geologists",Enablers,Policy design & Implementation
#642,"Towards a Managed Aquifer Recharge strategy for Gujarat, India: An economist's dialogue with hydro-geologists",Enablers,Finance & Economics
#642,"Towards a Managed Aquifer Recharge strategy for Gujarat, India: An economist's dialogue with hydro-geologists",Enablers,Behaviour & Lifestyle
#642,"Towards a Managed Aquifer Recharge strategy for Gujarat, India: An economist's dialogue with hydro-geologists",Enablers,Technology
#642,"Towards a Managed Aquifer Recharge strategy for Gujarat, India: An economist's dialogue with hydro-geologists",Enablers_CritC5,Alignment with political priorities (#5)
#642,"Towards a Managed Aquifer Recharge strategy for Gujarat, India: An economist's dialogue with hydro-geologists",Enablers_CritC5,Economic implications (#6)
#642,"Towards a Managed Aquifer Recharge strategy for Gujarat, India: An economist's dialogue with hydro-geologists",Enablers_CritC5,NA
#642,"Towards a Managed Aquifer Recharge strategy for Gujarat, India: An economist's dialogue with hydro-geologists",Enablers_CritC5,Transformative change potential (#10)
#642,"Towards a Managed Aquifer Recharge strategy for Gujarat, India: An economist's dialogue with hydro-geologists",Enablers_CritC5,Technical feasibility (#7)
#642,"Towards a Managed Aquifer Recharge strategy for Gujarat, India: An economist's dialogue with hydro-geologists",Barriers,Policy design & Implementation
#642,"Towards a Managed Aquifer Recharge strategy for Gujarat, India: An economist's dialogue with hydro-geologists",Barriers_CritC5,Social acceptability (#4)
#641,The rise and implications of the water-energy-food nexus in Southeast Asia through an environmental justice lens,PaperType,Review
#641,The rise and implications of the water-energy-food nexus in Southeast Asia through an environmental justice lens,Region,South-eastern Asia
#641,The rise and implications of the water-energy-food nexus in Southeast Asia through an environmental justice lens,Scale,"Regional (multiple countries, whole continents)"
#641,The rise and implications of the water-energy-food nexus in Southeast Asia through an environmental justice lens,Nexus,Biodiversity
#641,The rise and implications of the water-energy-food nexus in Southeast Asia through an environmental justice lens,Nexus,Food
#641,The rise and implications of the water-energy-food nexus in Southeast Asia through an environmental justice lens,Nexus,Water
#641,The rise and implications of the water-energy-food nexus in Southeast Asia through an environmental justice lens,NChallenge,Complexity Challenges
#641,The rise and implications of the water-energy-food nexus in Southeast Asia through an environmental justice lens,NChallenge,Governance Challenges
#641,The rise and implications of the water-energy-food nexus in Southeast Asia through an environmental justice lens,Gov,Hierarchical Governance
#641,The rise and implications of the water-energy-food nexus in Southeast Asia through an environmental justice lens,Policy,NA
#641,The rise and implications of the water-energy-food nexus in Southeast Asia through an environmental justice lens,Actors,Financial Institutions
#641,The rise and implications of the water-energy-food nexus in Southeast Asia through an environmental justice lens,Actors,Civil Society and Community-Based Organisations
#641,The rise and implications of the water-energy-food nexus in Southeast Asia through an environmental justice lens,Actors,Knowledge and Educational Communities
#641,The rise and implications of the water-energy-food nexus in Southeast Asia through an environmental justice lens,Actors,Civil Society and Community-Based Organisations
#641,The rise and implications of the water-energy-food nexus in Southeast Asia through an environmental justice lens,Actors,Global/Regional Institutions and Science-Policy Interfaces
#641,The rise and implications of the water-energy-food nexus in Southeast Asia through an environmental justice lens,Actors,Local/National Governments and Municipalities
#641,The rise and implications of the water-energy-food nexus in Southeast Asia through an environmental justice lens,CrossCut,Equity
#641,The rise and implications of the water-energy-food nexus in Southeast Asia through an environmental justice lens,CrossCut,Energy
#641,The rise and implications of the water-energy-food nexus in Southeast Asia through an environmental justice lens,Scaling,No
#641,The rise and implications of the water-energy-food nexus in Southeast Asia through an environmental justice lens,Barriers,Equity & Diversity
#641,The rise and implications of the water-energy-food nexus in Southeast Asia through an environmental justice lens,Barriers,Policy design & Implementation
#641,The rise and implications of the water-energy-food nexus in Southeast Asia through an environmental justice lens,Barriers,Institutional capacity
#641,The rise and implications of the water-energy-food nexus in Southeast Asia through an environmental justice lens,Barriers_CritC5,Equity (#8)
#641,The rise and implications of the water-energy-food nexus in Southeast Asia through an environmental justice lens,Barriers_CritC5,Alignment with international frameworks (#9)
#641,The rise and implications of the water-energy-food nexus in Southeast Asia through an environmental justice lens,Barriers_CritC5,Geographic scale (#1)
#641,The rise and implications of the water-energy-food nexus in Southeast Asia through an environmental justice lens,Barriers_CritC5,Transformative change potential (#10)
#640,Water governance in a comparative perspective: From IWRM to a 'nexus' approach?,PaperType,Review
#640,Water governance in a comparative perspective: From IWRM to a 'nexus' approach?,PaperType,Perspective
#640,Water governance in a comparative perspective: From IWRM to a 'nexus' approach?,Region,Southern Asia
#640,Water governance in a comparative perspective: From IWRM to a 'nexus' approach?,Region,Western Europe
#640,Water governance in a comparative perspective: From IWRM to a 'nexus' approach?,Scale,National (whole country)
#640,Water governance in a comparative perspective: From IWRM to a 'nexus' approach?,Nexus,Climate change
#640,Water governance in a comparative perspective: From IWRM to a 'nexus' approach?,Nexus,Food
#640,Water governance in a comparative perspective: From IWRM to a 'nexus' approach?,Nexus,Water
#640,Water governance in a comparative perspective: From IWRM to a 'nexus' approach?,NChallenge,Governance Challenges
#640,Water governance in a comparative perspective: From IWRM to a 'nexus' approach?,Gov,Hierarchical Governance
#640,Water governance in a comparative perspective: From IWRM to a 'nexus' approach?,Gov,Network Governance
#640,Water governance in a comparative perspective: From IWRM to a 'nexus' approach?,Gov,Integrative Governance
#640,Water governance in a comparative perspective: From IWRM to a 'nexus' approach?,Gov,Multi-level Governance
#640,Water governance in a comparative perspective: From IWRM to a 'nexus' approach?,Policy,Legal and Regulatory Instruments
#640,Water governance in a comparative perspective: From IWRM to a 'nexus' approach?,Policy,Economic and Financial Instruments
#640,Water governance in a comparative perspective: From IWRM to a 'nexus' approach?,Actors,Private Sector and Business Organisations
#640,Water governance in a comparative perspective: From IWRM to a 'nexus' approach?,Actors,Civil Society and Community-Based Organisations
#640,Water governance in a comparative perspective: From IWRM to a 'nexus' approach?,Actors,Local/National Governments and Municipalities
#640,Water governance in a comparative perspective: From IWRM to a 'nexus' approach?,CrossCut,Equity
#640,Water governance in a comparative perspective: From IWRM to a 'nexus' approach?,CrossCut,Poverty
#640,Water governance in a comparative perspective: From IWRM to a 'nexus' approach?,CrossCut,Energy
#640,Water governance in a comparative perspective: From IWRM to a 'nexus' approach?,CrossCut,Gender
#640,Water governance in a comparative perspective: From IWRM to a 'nexus' approach?,Scaling,No
#640,Water governance in a comparative perspective: From IWRM to a 'nexus' approach?,Barriers,Policy design & Implementation
#640,Water governance in a comparative perspective: From IWRM to a 'nexus' approach?,Barriers,Institutional capacity
#640,Water governance in a comparative perspective: From IWRM to a 'nexus' approach?,Barriers_CritC5,Impacts on each nexus element (#3)
#640,Water governance in a comparative perspective: From IWRM to a 'nexus' approach?,Barriers_CritC5,Equity (#8)
#640,Water governance in a comparative perspective: From IWRM to a 'nexus' approach?,Barriers_CritC5,Transformative change potential (#10)
#635,Stakeholder dynamics in the EU forest energy sector: Key issues to manage and ways forward,PaperType,Review
#635,Stakeholder dynamics in the EU forest energy sector: Key issues to manage and ways forward,PaperType,Empirical
#635,Stakeholder dynamics in the EU forest energy sector: Key issues to manage and ways forward,Region,Eastern Europe
#635,Stakeholder dynamics in the EU forest energy sector: Key issues to manage and ways forward,Region,Northern Europe
#635,Stakeholder dynamics in the EU forest energy sector: Key issues to manage and ways forward,Region,Southern Europe
#635,Stakeholder dynamics in the EU forest energy sector: Key issues to manage and ways forward,Region,Western Europe
#635,Stakeholder dynamics in the EU forest energy sector: Key issues to manage and ways forward,Scale,"Regional (multiple countries, whole continents)"
#635,Stakeholder dynamics in the EU forest energy sector: Key issues to manage and ways forward,Nexus,Biodiversity
#635,Stakeholder dynamics in the EU forest energy sector: Key issues to manage and ways forward,Nexus,Climate change
#635,Stakeholder dynamics in the EU forest energy sector: Key issues to manage and ways forward,NChallenge,Governance Challenges
#635,Stakeholder dynamics in the EU forest energy sector: Key issues to manage and ways forward,Gov,NA
#635,Stakeholder dynamics in the EU forest energy sector: Key issues to manage and ways forward,Policy,Legal and Regulatory Instruments
#635,Stakeholder dynamics in the EU forest energy sector: Key issues to manage and ways forward,Policy,Economic and Financial Instruments
#635,Stakeholder dynamics in the EU forest energy sector: Key issues to manage and ways forward,Actors,Private Sector and Business Organisations
#635,Stakeholder dynamics in the EU forest energy sector: Key issues to manage and ways forward,Actors,Civil Society and Community-Based Organisations
#635,Stakeholder dynamics in the EU forest energy sector: Key issues to manage and ways forward,Actors,Knowledge and Educational Communities
#635,Stakeholder dynamics in the EU forest energy sector: Key issues to manage and ways forward,Actors,Civil Society and Community-Based Organisations
#635,Stakeholder dynamics in the EU forest energy sector: Key issues to manage and ways forward,Actors,Global/Regional Institutions and Science-Policy Interfaces
#635,Stakeholder dynamics in the EU forest energy sector: Key issues to manage and ways forward,Actors,Global/Regional Institutions and Science-Policy Interfaces
#635,Stakeholder dynamics in the EU forest energy sector: Key issues to manage and ways forward,Actors,Local/National Governments and Municipalities
#635,Stakeholder dynamics in the EU forest energy sector: Key issues to manage and ways forward,CrossCut,Energy
#635,Stakeholder dynamics in the EU forest energy sector: Key issues to manage and ways forward,CrossCut,Land
#635,Stakeholder dynamics in the EU forest energy sector: Key issues to manage and ways forward,Scaling,No
#635,Stakeholder dynamics in the EU forest energy sector: Key issues to manage and ways forward,Enablers,Policy design & Implementation
#635,Stakeholder dynamics in the EU forest energy sector: Key issues to manage and ways forward,Enablers,Behaviour & Lifestyle
#635,Stakeholder dynamics in the EU forest energy sector: Key issues to manage and ways forward,Enablers_CritC5,Impacts on each nexus element (#3)
#635,Stakeholder dynamics in the EU forest energy sector: Key issues to manage and ways forward,Enablers_CritC5,NA
#635,Stakeholder dynamics in the EU forest energy sector: Key issues to manage and ways forward,Enablers_CritC5,Social acceptability (#4)
#635,Stakeholder dynamics in the EU forest energy sector: Key issues to manage and ways forward,Enablers_CritC5,Alignment with political priorities (#5)
#635,Stakeholder dynamics in the EU forest energy sector: Key issues to manage and ways forward,Enablers_CritC5,Alignment with international frameworks (#9)
#635,Stakeholder dynamics in the EU forest energy sector: Key issues to manage and ways forward,Enablers_CritC5,Transformative change potential (#10)
#635,Stakeholder dynamics in the EU forest energy sector: Key issues to manage and ways forward,Barriers,Policy design & Implementation
#635,Stakeholder dynamics in the EU forest energy sector: Key issues to manage and ways forward,Barriers,Institutional capacity
#635,Stakeholder dynamics in the EU forest energy sector: Key issues to manage and ways forward,Barriers_CritC5,NA
#635,Stakeholder dynamics in the EU forest energy sector: Key issues to manage and ways forward,Barriers_CritC5,Transformative change potential (#10)
#631,"Cross-sectoral governance of the climate, energy and water sectors: A ‘Rubik’s cube’ analysis of cross-sectoral co-ordination",PaperType,Review
#631,"Cross-sectoral governance of the climate, energy and water sectors: A ‘Rubik’s cube’ analysis of cross-sectoral co-ordination",PaperType,Perspective
#631,"Cross-sectoral governance of the climate, energy and water sectors: A ‘Rubik’s cube’ analysis of cross-sectoral co-ordination",Region,Northern America
#631,"Cross-sectoral governance of the climate, energy and water sectors: A ‘Rubik’s cube’ analysis of cross-sectoral co-ordination",Scale,Subnational >100 km² (watershed)
#631,"Cross-sectoral governance of the climate, energy and water sectors: A ‘Rubik’s cube’ analysis of cross-sectoral co-ordination",Nexus,Climate change
#631,"Cross-sectoral governance of the climate, energy and water sectors: A ‘Rubik’s cube’ analysis of cross-sectoral co-ordination",Nexus,Water
#631,"Cross-sectoral governance of the climate, energy and water sectors: A ‘Rubik’s cube’ analysis of cross-sectoral co-ordination",NChallenge,Complexity Challenges
#631,"Cross-sectoral governance of the climate, energy and water sectors: A ‘Rubik’s cube’ analysis of cross-sectoral co-ordination",NChallenge,Values Challenges
#631,"Cross-sectoral governance of the climate, energy and water sectors: A ‘Rubik’s cube’ analysis of cross-sectoral co-ordination",NChallenge,Governance Challenges
#631,"Cross-sectoral governance of the climate, energy and water sectors: A ‘Rubik’s cube’ analysis of cross-sectoral co-ordination",Gov,Hierarchical Governance
#631,"Cross-sectoral governance of the climate, energy and water sectors: A ‘Rubik’s cube’ analysis of cross-sectoral co-ordination",Gov,Market Governance
#631,"Cross-sectoral governance of the climate, energy and water sectors: A ‘Rubik’s cube’ analysis of cross-sectoral co-ordination",Gov,Meta-governance
#631,"Cross-sectoral governance of the climate, energy and water sectors: A ‘Rubik’s cube’ analysis of cross-sectoral co-ordination",Gov,Coordinated Governance
#631,"Cross-sectoral governance of the climate, energy and water sectors: A ‘Rubik’s cube’ analysis of cross-sectoral co-ordination",Gov,Multi-modal Governance
#631,"Cross-sectoral governance of the climate, energy and water sectors: A ‘Rubik’s cube’ analysis of cross-sectoral co-ordination",Gov,Cross-sectoral Governance
#631,"Cross-sectoral governance of the climate, energy and water sectors: A ‘Rubik’s cube’ analysis of cross-sectoral co-ordination",Policy,NA
#631,"Cross-sectoral governance of the climate, energy and water sectors: A ‘Rubik’s cube’ analysis of cross-sectoral co-ordination",Actors,Local/National Governments and Municipalities
#631,"Cross-sectoral governance of the climate, energy and water sectors: A ‘Rubik’s cube’ analysis of cross-sectoral co-ordination",CrossCut,Energy
#631,"Cross-sectoral governance of the climate, energy and water sectors: A ‘Rubik’s cube’ analysis of cross-sectoral co-ordination",Scaling,No
#631,"Cross-sectoral governance of the climate, energy and water sectors: A ‘Rubik’s cube’ analysis of cross-sectoral co-ordination",Barriers,Institutional capacity
#631,"Cross-sectoral governance of the climate, energy and water sectors: A ‘Rubik’s cube’ analysis of cross-sectoral co-ordination",Barriers,Policy design & Implementation
#631,"Cross-sectoral governance of the climate, energy and water sectors: A ‘Rubik’s cube’ analysis of cross-sectoral co-ordination",Barriers,Finance & Economics
#631,"Cross-sectoral governance of the climate, energy and water sectors: A ‘Rubik’s cube’ analysis of cross-sectoral co-ordination",Barriers,Technology
#631,"Cross-sectoral governance of the climate, energy and water sectors: A ‘Rubik’s cube’ analysis of cross-sectoral co-ordination",Barriers_CritC5,NA
#631,"Cross-sectoral governance of the climate, energy and water sectors: A ‘Rubik’s cube’ analysis of cross-sectoral co-ordination",Barriers_CritC5,Geographic scale (#1)
#631,"Cross-sectoral governance of the climate, energy and water sectors: A ‘Rubik’s cube’ analysis of cross-sectoral co-ordination",Barriers_CritC5,Temporal scale (#2)
#631,"Cross-sectoral governance of the climate, energy and water sectors: A ‘Rubik’s cube’ analysis of cross-sectoral co-ordination",Barriers_CritC5,Transformative change potential (#10)
#630,"Consumers, food supply chain and the nexus",PaperType,Review
#630,"Consumers, food supply chain and the nexus",PaperType,Perspective
#630,"Consumers, food supply chain and the nexus",PaperType,Conceptual/theoretical
#630,"Consumers, food supply chain and the nexus",Region,Not applicable (no specific spatial location)
#630,"Consumers, food supply chain and the nexus",Scale,Not applicable (no specific spatial location)
#630,"Consumers, food supply chain and the nexus",Nexus,Climate change
#630,"Consumers, food supply chain and the nexus",Nexus,Food
#630,"Consumers, food supply chain and the nexus",Nexus,Water
#630,"Consumers, food supply chain and the nexus",NChallenge,Complexity Challenges
#630,"Consumers, food supply chain and the nexus",NChallenge,Governance Challenges
#630,"Consumers, food supply chain and the nexus",Gov,NA
#630,"Consumers, food supply chain and the nexus",Policy,Legal and Regulatory Instruments
#630,"Consumers, food supply chain and the nexus",Policy,Social and Cultural Instruments
#630,"Consumers, food supply chain and the nexus",Actors,Private Sector and Business Organisations
#630,"Consumers, food supply chain and the nexus",Actors,Civil Society and Community-Based Organisations
#630,"Consumers, food supply chain and the nexus",CrossCut,Energy
#630,"Consumers, food supply chain and the nexus",Scaling,No
#630,"Consumers, food supply chain and the nexus",Enablers,Institutional capacity
#630,"Consumers, food supply chain and the nexus",Enablers,Finance & Economics
#630,"Consumers, food supply chain and the nexus",Enablers,Behaviour & Lifestyle
#630,"Consumers, food supply chain and the nexus",Enablers_CritC5,Transformative change potential (#10)
#630,"Consumers, food supply chain and the nexus",Enablers_CritC5,Economic implications (#6)
#630,"Consumers, food supply chain and the nexus",Enablers_CritC5,NA
#630,"Consumers, food supply chain and the nexus",Barriers,Policy design & Implementation
#630,"Consumers, food supply chain and the nexus",Barriers,Institutional capacity
#630,"Consumers, food supply chain and the nexus",Barriers,Finance & Economics
#630,"Consumers, food supply chain and the nexus",Barriers_CritC5,Impacts on each nexus element (#3)
#630,"Consumers, food supply chain and the nexus",Barriers_CritC5,NA
#630,"Consumers, food supply chain and the nexus",Barriers_CritC5,Transformative change potential (#10)
#630,"Consumers, food supply chain and the nexus",Barriers_CritC5,Economic implications (#6)
#625,Domestic and international forest regime nexus in Cameroon: An assessment of the effectiveness of REDD+ policy design strategy in the context of the climate change regime,PaperType,Empirical
#625,Domestic and international forest regime nexus in Cameroon: An assessment of the effectiveness of REDD+ policy design strategy in the context of the climate change regime,Region,Sub-Saharan Africa
#625,Domestic and international forest regime nexus in Cameroon: An assessment of the effectiveness of REDD+ policy design strategy in the context of the climate change regime,Scale,National (whole country)
#625,Domestic and international forest regime nexus in Cameroon: An assessment of the effectiveness of REDD+ policy design strategy in the context of the climate change regime,Nexus,Biodiversity
#625,Domestic and international forest regime nexus in Cameroon: An assessment of the effectiveness of REDD+ policy design strategy in the context of the climate change regime,Nexus,Climate change
#625,Domestic and international forest regime nexus in Cameroon: An assessment of the effectiveness of REDD+ policy design strategy in the context of the climate change regime,NChallenge,Governance Challenges
#625,Domestic and international forest regime nexus in Cameroon: An assessment of the effectiveness of REDD+ policy design strategy in the context of the climate change regime,NChallenge,Financing Challenges
#625,Domestic and international forest regime nexus in Cameroon: An assessment of the effectiveness of REDD+ policy design strategy in the context of the climate change regime,Gov,NA
#625,Domestic and international forest regime nexus in Cameroon: An assessment of the effectiveness of REDD+ policy design strategy in the context of the climate change regime,Policy,Legal and Regulatory Instruments
#625,Domestic and international forest regime nexus in Cameroon: An assessment of the effectiveness of REDD+ policy design strategy in the context of the climate change regime,Policy,Rights-Based Instruments and Customary Norms
#625,Domestic and international forest regime nexus in Cameroon: An assessment of the effectiveness of REDD+ policy design strategy in the context of the climate change regime,Policy,Economic and Financial Instruments
#625,Domestic and international forest regime nexus in Cameroon: An assessment of the effectiveness of REDD+ policy design strategy in the context of the climate change regime,Actors,Civil Society and Community-Based Organisations
#625,Domestic and international forest regime nexus in Cameroon: An assessment of the effectiveness of REDD+ policy design strategy in the context of the climate change regime,Actors,Knowledge and Educational Communities
#625,Domestic and international forest regime nexus in Cameroon: An assessment of the effectiveness of REDD+ policy design strategy in the context of the climate change regime,Actors,Civil Society and Community-Based Organisations
#625,Domestic and international forest regime nexus in Cameroon: An assessment of the effectiveness of REDD+ policy design strategy in the context of the climate change regime,Actors,Local/National Governments and Municipalities
#625,Domestic and international forest regime nexus in Cameroon: An assessment of the effectiveness of REDD+ policy design strategy in the context of the climate change regime,CrossCut,Equity
#625,Domestic and international forest regime nexus in Cameroon: An assessment of the effectiveness of REDD+ policy design strategy in the context of the climate change regime,Scaling,No
#625,Domestic and international forest regime nexus in Cameroon: An assessment of the effectiveness of REDD+ policy design strategy in the context of the climate change regime,Enablers,Policy design & Implementation
#625,Domestic and international forest regime nexus in Cameroon: An assessment of the effectiveness of REDD+ policy design strategy in the context of the climate change regime,Enablers,Institutional capacity
#625,Domestic and international forest regime nexus in Cameroon: An assessment of the effectiveness of REDD+ policy design strategy in the context of the climate change regime,Enablers,Technology
#625,Domestic and international forest regime nexus in Cameroon: An assessment of the effectiveness of REDD+ policy design strategy in the context of the climate change regime,Enablers_CritC5,Impacts on each nexus element (#3)
#625,Domestic and international forest regime nexus in Cameroon: An assessment of the effectiveness of REDD+ policy design strategy in the context of the climate change regime,Enablers_CritC5,NA
#625,Domestic and international forest regime nexus in Cameroon: An assessment of the effectiveness of REDD+ policy design strategy in the context of the climate change regime,Enablers_CritC5,Transformative change potential (#10)
#625,Domestic and international forest regime nexus in Cameroon: An assessment of the effectiveness of REDD+ policy design strategy in the context of the climate change regime,Barriers,Equity & Diversity
#625,Domestic and international forest regime nexus in Cameroon: An assessment of the effectiveness of REDD+ policy design strategy in the context of the climate change regime,Barriers,Policy design & Implementation
#625,Domestic and international forest regime nexus in Cameroon: An assessment of the effectiveness of REDD+ policy design strategy in the context of the climate change regime,Barriers_CritC5,Equity (#8)
#625,Domestic and international forest regime nexus in Cameroon: An assessment of the effectiveness of REDD+ policy design strategy in the context of the climate change regime,Barriers_CritC5,Alignment with international frameworks (#9)
#617,The soil–peace nexus: our common future,PaperType,Perspective
#617,The soil–peace nexus: our common future,PaperType,Conceptual/theoretical
#617,The soil–peace nexus: our common future,Region,Not applicable (no specific spatial location)
#617,The soil–peace nexus: our common future,Scale,Not applicable (no specific spatial location)
#617,The soil–peace nexus: our common future,Nexus,Biodiversity
#617,The soil–peace nexus: our common future,Nexus,Climate change
#617,The soil–peace nexus: our common future,Nexus,Health
#617,The soil–peace nexus: our common future,Nexus,Food
#617,The soil–peace nexus: our common future,Nexus,Water
#617,The soil–peace nexus: our common future,NChallenge,NA
#617,The soil–peace nexus: our common future,Gov,NA
#617,The soil–peace nexus: our common future,Policy,Legal and Regulatory Instruments
#617,The soil–peace nexus: our common future,Policy,Social and Cultural Instruments
#617,The soil–peace nexus: our common future,Actors,Civil Society and Community-Based Organisations
#617,The soil–peace nexus: our common future,Actors,Local/National Governments and Municipalities
#617,The soil–peace nexus: our common future,CrossCut,Equity
#617,The soil–peace nexus: our common future,CrossCut,Poverty
#617,The soil–peace nexus: our common future,CrossCut,Education
#617,The soil–peace nexus: our common future,CrossCut,Politics and Democracy
#617,The soil–peace nexus: our common future,Scaling,NA
#617,The soil–peace nexus: our common future,Enablers,Material & Non-material endowments
#617,The soil–peace nexus: our common future,Enablers_CritC5,NA
#616,Research and development priorities in water security,PaperType,Perspective
#616,Research and development priorities in water security,Region,Not applicable (no specific spatial location)
#616,Research and development priorities in water security,Scale,Not applicable (no specific spatial location)
#616,Research and development priorities in water security,Nexus,Climate change
#616,Research and development priorities in water security,Nexus,Food
#616,Research and development priorities in water security,Nexus,Water
#616,Research and development priorities in water security,NChallenge,Values Challenges
#616,Research and development priorities in water security,Gov,NA
#616,Research and development priorities in water security,Policy,NA
#616,Research and development priorities in water security,Actors,NA
#616,Research and development priorities in water security,CrossCut,NA
#616,Research and development priorities in water security,Scaling,No
#616,Research and development priorities in water security,Barriers,Finance & Economics
#616,Research and development priorities in water security,Barriers,Technology
#616,Research and development priorities in water security,Barriers_CritC5,Economic implications (#6)
#616,Research and development priorities in water security,Barriers_CritC5,Technical feasibility (#7)
#616,Research and development priorities in water security,Barriers_CritC5,NA
#612,Sustainable development and integrated water resources management,PaperType,Review
#612,Sustainable development and integrated water resources management,PaperType,Perspective
#612,Sustainable development and integrated water resources management,PaperType,Conceptual/theoretical
#612,Sustainable development and integrated water resources management,Region,Not applicable (no specific spatial location)
#612,Sustainable development and integrated water resources management,Scale,Not applicable (no specific spatial location)
#612,Sustainable development and integrated water resources management,Nexus,Climate change
#612,Sustainable development and integrated water resources management,Nexus,Health
#612,Sustainable development and integrated water resources management,Nexus,Food
#612,Sustainable development and integrated water resources management,Nexus,Water
#612,Sustainable development and integrated water resources management,NChallenge,Complexity Challenges
#612,Sustainable development and integrated water resources management,NChallenge,Governance Challenges
#612,Sustainable development and integrated water resources management,Gov,Network Governance
#612,Sustainable development and integrated water resources management,Policy,Legal and Regulatory Instruments
#612,Sustainable development and integrated water resources management,Policy,Rights-Based Instruments and Customary Norms
#612,Sustainable development and integrated water resources management,Actors,Private Sector and Business Organisations
#612,Sustainable development and integrated water resources management,Actors,Civil Society and Community-Based Organisations
#612,Sustainable development and integrated water resources management,Actors,Global/Regional Institutions and Science-Policy Interfaces
#612,Sustainable development and integrated water resources management,Actors,Local/National Governments and Municipalities
#612,Sustainable development and integrated water resources management,CrossCut,Equity
#612,Sustainable development and integrated water resources management,CrossCut,Energy
#612,Sustainable development and integrated water resources management,CrossCut,Gender
#612,Sustainable development and integrated water resources management,CrossCut,Civil Rights
#612,Sustainable development and integrated water resources management,Scaling,Yes
#612,Sustainable development and integrated water resources management,Enablers,Policy design & Implementation
#612,Sustainable development and integrated water resources management,Enablers,Institutional capacity
#612,Sustainable development and integrated water resources management,Enablers,Equity & Diversity
#612,Sustainable development and integrated water resources management,Enablers,Behaviour & Lifestyle
#612,Sustainable development and integrated water resources management,Enablers_CritC5,Impacts on each nexus element (#3)
#612,Sustainable development and integrated water resources management,Enablers_CritC5,Social acceptability (#4)
#612,Sustainable development and integrated water resources management,Enablers_CritC5,Alignment with political priorities (#5)
#612,Sustainable development and integrated water resources management,Enablers_CritC5,Alignment with international frameworks (#9)
#612,Sustainable development and integrated water resources management,Enablers_CritC5,NA
#612,Sustainable development and integrated water resources management,Enablers_CritC5,Geographic scale (#1)
#612,Sustainable development and integrated water resources management,Enablers_CritC5,Transformative change potential (#10)
#612,Sustainable development and integrated water resources management,Enablers_CritC5,Equity (#8)
#612,Sustainable development and integrated water resources management,Barriers,Policy design & Implementation
#612,Sustainable development and integrated water resources management,Barriers_CritC5,Impacts on each nexus element (#3)
#609,Governance of transitions towards sustainable development – the water–energy–food nexus in Cyprus,PaperType,Modelling
#609,Governance of transitions towards sustainable development – the water–energy–food nexus in Cyprus,Region,Western Asia
#609,Governance of transitions towards sustainable development – the water–energy–food nexus in Cyprus,Scale,Subnational >100 km² (watershed)
#609,Governance of transitions towards sustainable development – the water–energy–food nexus in Cyprus,Nexus,Food
#609,Governance of transitions towards sustainable development – the water–energy–food nexus in Cyprus,Nexus,Water
#609,Governance of transitions towards sustainable development – the water–energy–food nexus in Cyprus,NChallenge,Complexity Challenges
#609,Governance of transitions towards sustainable development – the water–energy–food nexus in Cyprus,NChallenge,Values Challenges
#609,Governance of transitions towards sustainable development – the water–energy–food nexus in Cyprus,NChallenge,Governance Challenges
#609,Governance of transitions towards sustainable development – the water–energy–food nexus in Cyprus,NChallenge,Scaling Challenges
#609,Governance of transitions towards sustainable development – the water–energy–food nexus in Cyprus,Gov,Reflexive Governance
#609,Governance of transitions towards sustainable development – the water–energy–food nexus in Cyprus,Policy,Legal and Regulatory Instruments
#609,Governance of transitions towards sustainable development – the water–energy–food nexus in Cyprus,Policy,Economic and Financial Instruments
#609,Governance of transitions towards sustainable development – the water–energy–food nexus in Cyprus,Policy,Social and Cultural Instruments
#609,Governance of transitions towards sustainable development – the water–energy–food nexus in Cyprus,Actors,Private Sector and Business Organisations
#609,Governance of transitions towards sustainable development – the water–energy–food nexus in Cyprus,Actors,Media and the Arts
#609,Governance of transitions towards sustainable development – the water–energy–food nexus in Cyprus,Actors,Financial Institutions
#609,Governance of transitions towards sustainable development – the water–energy–food nexus in Cyprus,Actors,Civil Society and Community-Based Organisations
#609,Governance of transitions towards sustainable development – the water–energy–food nexus in Cyprus,Actors,Knowledge and Educational Communities
#609,Governance of transitions towards sustainable development – the water–energy–food nexus in Cyprus,Actors,Civil Society and Community-Based Organisations
#609,Governance of transitions towards sustainable development – the water–energy–food nexus in Cyprus,Actors,Local/National Governments and Municipalities
#609,Governance of transitions towards sustainable development – the water–energy–food nexus in Cyprus,CrossCut,Equity
#609,Governance of transitions towards sustainable development – the water–energy–food nexus in Cyprus,CrossCut,Poverty
#609,Governance of transitions towards sustainable development – the water–energy–food nexus in Cyprus,CrossCut,Education
#609,Governance of transitions towards sustainable development – the water–energy–food nexus in Cyprus,CrossCut,Energy
#609,Governance of transitions towards sustainable development – the water–energy–food nexus in Cyprus,Scaling,No
#609,Governance of transitions towards sustainable development – the water–energy–food nexus in Cyprus,Enablers,Policy design & Implementation
#609,Governance of transitions towards sustainable development – the water–energy–food nexus in Cyprus,Enablers_CritC5,Impacts on each nexus element (#3)
#609,Governance of transitions towards sustainable development – the water–energy–food nexus in Cyprus,Barriers,Policy design & Implementation
#609,Governance of transitions towards sustainable development – the water–energy–food nexus in Cyprus,Barriers,Material & Non-material endowments
#609,Governance of transitions towards sustainable development – the water–energy–food nexus in Cyprus,Barriers_CritC5,Impacts on each nexus element (#3)
#609,Governance of transitions towards sustainable development – the water–energy–food nexus in Cyprus,Barriers_CritC5,NA
#605,"China's water security: Current status, emerging challenges and future prospects",PaperType,Review
#605,"China's water security: Current status, emerging challenges and future prospects",Region,Central Asia
#605,"China's water security: Current status, emerging challenges and future prospects",Scale,National (whole country)
#605,"China's water security: Current status, emerging challenges and future prospects",Nexus,Biodiversity
#605,"China's water security: Current status, emerging challenges and future prospects",Nexus,Climate change
#605,"China's water security: Current status, emerging challenges and future prospects",Nexus,Health
#605,"China's water security: Current status, emerging challenges and future prospects",Nexus,Food
#605,"China's water security: Current status, emerging challenges and future prospects",Nexus,Water
#605,"China's water security: Current status, emerging challenges and future prospects",NChallenge,NA
#605,"China's water security: Current status, emerging challenges and future prospects",Gov,Hierarchical Governance
#605,"China's water security: Current status, emerging challenges and future prospects",Policy,Legal and Regulatory Instruments
#605,"China's water security: Current status, emerging challenges and future prospects",Actors,Private Sector and Business Organisations
#605,"China's water security: Current status, emerging challenges and future prospects",Actors,Civil Society and Community-Based Organisations
#605,"China's water security: Current status, emerging challenges and future prospects",Actors,Civil Society and Community-Based Organisations
#605,"China's water security: Current status, emerging challenges and future prospects",Actors,Local/National Governments and Municipalities
#605,"China's water security: Current status, emerging challenges and future prospects",CrossCut,Equity
#605,"China's water security: Current status, emerging challenges and future prospects",CrossCut,Energy
#605,"China's water security: Current status, emerging challenges and future prospects",Scaling,No
#605,"China's water security: Current status, emerging challenges and future prospects",Enablers,Policy design & Implementation
#605,"China's water security: Current status, emerging challenges and future prospects",Enablers,Institutional capacity
#605,"China's water security: Current status, emerging challenges and future prospects",Enablers,Finance & Economics
#605,"China's water security: Current status, emerging challenges and future prospects",Enablers,Material & Non-material endowments
#605,"China's water security: Current status, emerging challenges and future prospects",Enablers_CritC5,Impacts on each nexus element (#3)
#605,"China's water security: Current status, emerging challenges and future prospects",Enablers_CritC5,NA
#605,"China's water security: Current status, emerging challenges and future prospects",Enablers_CritC5,Transformative change potential (#10)
#605,"China's water security: Current status, emerging challenges and future prospects",Enablers_CritC5,Economic implications (#6)
#605,"China's water security: Current status, emerging challenges and future prospects",Barriers,Institutional capacity
#605,"China's water security: Current status, emerging challenges and future prospects",Barriers,Policy design & Implementation
#605,"China's water security: Current status, emerging challenges and future prospects",Barriers,Finance & Economics
#605,"China's water security: Current status, emerging challenges and future prospects",Barriers_CritC5,NA
#605,"China's water security: Current status, emerging challenges and future prospects",Barriers_CritC5,Geographic scale (#1)
#605,"China's water security: Current status, emerging challenges and future prospects",Barriers_CritC5,Temporal scale (#2)
#605,"China's water security: Current status, emerging challenges and future prospects",Barriers_CritC5,Transformative change potential (#10)
#605,"China's water security: Current status, emerging challenges and future prospects",Barriers_CritC5,Economic implications (#6)
#592,Forest-food nexus: A topical opportunity for human well-being and silviculture,PaperType,Opinion
#592,Forest-food nexus: A topical opportunity for human well-being and silviculture,Region,Southern Europe
#592,Forest-food nexus: A topical opportunity for human well-being and silviculture,Scale,National (whole country)
#592,Forest-food nexus: A topical opportunity for human well-being and silviculture,Nexus,Biodiversity
#592,Forest-food nexus: A topical opportunity for human well-being and silviculture,Nexus,Climate change
#592,Forest-food nexus: A topical opportunity for human well-being and silviculture,Nexus,Food
#592,Forest-food nexus: A topical opportunity for human well-being and silviculture,NChallenge,Scaling Challenges
#592,Forest-food nexus: A topical opportunity for human well-being and silviculture,Gov,Integrative Governance
#592,Forest-food nexus: A topical opportunity for human well-being and silviculture,Policy,NA
#592,Forest-food nexus: A topical opportunity for human well-being and silviculture,Actors,Civil Society and Community-Based Organisations
#592,Forest-food nexus: A topical opportunity for human well-being and silviculture,Actors,Local/National Governments and Municipalities
#592,Forest-food nexus: A topical opportunity for human well-being and silviculture,CrossCut,Economy
#592,Forest-food nexus: A topical opportunity for human well-being and silviculture,Scaling,No
#592,Forest-food nexus: A topical opportunity for human well-being and silviculture,Enablers,Policy design & Implementation
#592,Forest-food nexus: A topical opportunity for human well-being and silviculture,Enablers,Institutional capacity
#592,Forest-food nexus: A topical opportunity for human well-being and silviculture,Enablers,Behaviour & Lifestyle
#592,Forest-food nexus: A topical opportunity for human well-being and silviculture,Enablers,Material & Non-material endowments
#592,Forest-food nexus: A topical opportunity for human well-being and silviculture,Enablers_CritC5,Geographic scale (#1)
#592,Forest-food nexus: A topical opportunity for human well-being and silviculture,Enablers_CritC5,Equity (#8)
#592,Forest-food nexus: A topical opportunity for human well-being and silviculture,Enablers_CritC5,Transformative change potential (#10)
#592,Forest-food nexus: A topical opportunity for human well-being and silviculture,Enablers_CritC5,NA
#592,Forest-food nexus: A topical opportunity for human well-being and silviculture,Barriers,Policy design & Implementation
#592,Forest-food nexus: A topical opportunity for human well-being and silviculture,Barriers,Institutional capacity
#592,Forest-food nexus: A topical opportunity for human well-being and silviculture,Barriers,Finance & Economics
#592,Forest-food nexus: A topical opportunity for human well-being and silviculture,Barriers_CritC5,Impacts on each nexus element (#3)
#592,Forest-food nexus: A topical opportunity for human well-being and silviculture,Barriers_CritC5,NA
#592,Forest-food nexus: A topical opportunity for human well-being and silviculture,Barriers_CritC5,Economic implications (#6)
#581,"Pacific connections for health, ecosystems and society: New approaches to the land-water-health nexus",PaperType,Review
#581,"Pacific connections for health, ecosystems and society: New approaches to the land-water-health nexus",Region,Not applicable (no specific spatial location)
#581,"Pacific connections for health, ecosystems and society: New approaches to the land-water-health nexus",Scale,Multi-regional (multiple continents/geographic regions)
#581,"Pacific connections for health, ecosystems and society: New approaches to the land-water-health nexus",Nexus,Biodiversity
#581,"Pacific connections for health, ecosystems and society: New approaches to the land-water-health nexus",Nexus,Health
#581,"Pacific connections for health, ecosystems and society: New approaches to the land-water-health nexus",Nexus,Water
#581,"Pacific connections for health, ecosystems and society: New approaches to the land-water-health nexus",NChallenge,Complexity Challenges
#581,"Pacific connections for health, ecosystems and society: New approaches to the land-water-health nexus",Gov,Network Governance
#581,"Pacific connections for health, ecosystems and society: New approaches to the land-water-health nexus",Policy,NA
#581,"Pacific connections for health, ecosystems and society: New approaches to the land-water-health nexus",Actors,Civil Society and Community-Based Organisations
#581,"Pacific connections for health, ecosystems and society: New approaches to the land-water-health nexus",CrossCut,ILK
#581,"Pacific connections for health, ecosystems and society: New approaches to the land-water-health nexus",Scaling,No
#581,"Pacific connections for health, ecosystems and society: New approaches to the land-water-health nexus",Enablers,Policy design & Implementation
#581,"Pacific connections for health, ecosystems and society: New approaches to the land-water-health nexus",Enablers,Equity & Diversity
#581,"Pacific connections for health, ecosystems and society: New approaches to the land-water-health nexus",Enablers,Institutional capacity
#581,"Pacific connections for health, ecosystems and society: New approaches to the land-water-health nexus",Enablers,Behaviour & Lifestyle
#581,"Pacific connections for health, ecosystems and society: New approaches to the land-water-health nexus",Enablers,Technology
#581,"Pacific connections for health, ecosystems and society: New approaches to the land-water-health nexus",Enablers_CritC5,Impacts on each nexus element (#3)
#581,"Pacific connections for health, ecosystems and society: New approaches to the land-water-health nexus",Enablers_CritC5,Social acceptability (#4)
#581,"Pacific connections for health, ecosystems and society: New approaches to the land-water-health nexus",Enablers_CritC5,Alignment with international frameworks (#9)
#581,"Pacific connections for health, ecosystems and society: New approaches to the land-water-health nexus",Enablers_CritC5,Transformative change potential (#10)
#581,"Pacific connections for health, ecosystems and society: New approaches to the land-water-health nexus",Enablers_CritC5,Equity (#8)
#581,"Pacific connections for health, ecosystems and society: New approaches to the land-water-health nexus",Enablers_CritC5,Technical feasibility (#7)
#576,Cross-sectoral strategies in global sustainability governance: towards a nexus approach,PaperType,Perspective
#576,Cross-sectoral strategies in global sustainability governance: towards a nexus approach,Region,Not applicable (no specific spatial location)
#576,Cross-sectoral strategies in global sustainability governance: towards a nexus approach,Scale,Not applicable (no specific spatial location)
#576,Cross-sectoral strategies in global sustainability governance: towards a nexus approach,Nexus,Biodiversity
#576,Cross-sectoral strategies in global sustainability governance: towards a nexus approach,Nexus,Climate change
#576,Cross-sectoral strategies in global sustainability governance: towards a nexus approach,Nexus,Health
#576,Cross-sectoral strategies in global sustainability governance: towards a nexus approach,Nexus,Food
#576,Cross-sectoral strategies in global sustainability governance: towards a nexus approach,Nexus,Water
#576,Cross-sectoral strategies in global sustainability governance: towards a nexus approach,NChallenge,NA
#576,Cross-sectoral strategies in global sustainability governance: towards a nexus approach,Gov,NA
#576,Cross-sectoral strategies in global sustainability governance: towards a nexus approach,Policy,Legal and Regulatory Instruments
#576,Cross-sectoral strategies in global sustainability governance: towards a nexus approach,Actors,Private Sector and Business Organisations
#576,Cross-sectoral strategies in global sustainability governance: towards a nexus approach,Actors,Knowledge and Educational Communities
#576,Cross-sectoral strategies in global sustainability governance: towards a nexus approach,Actors,Global/Regional Institutions and Science-Policy Interfaces
#576,Cross-sectoral strategies in global sustainability governance: towards a nexus approach,Actors,Local/National Governments and Municipalities
#576,Cross-sectoral strategies in global sustainability governance: towards a nexus approach,CrossCut,Equity
#576,Cross-sectoral strategies in global sustainability governance: towards a nexus approach,CrossCut,Poverty
#576,Cross-sectoral strategies in global sustainability governance: towards a nexus approach,CrossCut,Economy
#576,Cross-sectoral strategies in global sustainability governance: towards a nexus approach,CrossCut,Employment
#576,Cross-sectoral strategies in global sustainability governance: towards a nexus approach,CrossCut,Education
#576,Cross-sectoral strategies in global sustainability governance: towards a nexus approach,CrossCut,Energy
#576,Cross-sectoral strategies in global sustainability governance: towards a nexus approach,Scaling,Yes
#576,Cross-sectoral strategies in global sustainability governance: towards a nexus approach,Enablers,Policy design & Implementation
#576,Cross-sectoral strategies in global sustainability governance: towards a nexus approach,Enablers_CritC5,Impacts on each nexus element (#3)
#576,Cross-sectoral strategies in global sustainability governance: towards a nexus approach,Enablers_CritC5,Alignment with international frameworks (#9)
#576,Cross-sectoral strategies in global sustainability governance: towards a nexus approach,Enablers_CritC5,NA
#576,Cross-sectoral strategies in global sustainability governance: towards a nexus approach,Barriers,Policy design & Implementation
#576,Cross-sectoral strategies in global sustainability governance: towards a nexus approach,Barriers_CritC5,Impacts on each nexus element (#3)
#574,Understanding barriers to decision making in the UK energy-food-water nexus: The added value of interdisciplinary approaches,PaperType,Empirical
#574,Understanding barriers to decision making in the UK energy-food-water nexus: The added value of interdisciplinary approaches,Region,Northern Europe
#574,Understanding barriers to decision making in the UK energy-food-water nexus: The added value of interdisciplinary approaches,Scale,National (whole country)
#574,Understanding barriers to decision making in the UK energy-food-water nexus: The added value of interdisciplinary approaches,Nexus,Food
#574,Understanding barriers to decision making in the UK energy-food-water nexus: The added value of interdisciplinary approaches,Nexus,Water
#574,Understanding barriers to decision making in the UK energy-food-water nexus: The added value of interdisciplinary approaches,NChallenge,Complexity Challenges
#574,Understanding barriers to decision making in the UK energy-food-water nexus: The added value of interdisciplinary approaches,NChallenge,Values Challenges
#574,Understanding barriers to decision making in the UK energy-food-water nexus: The added value of interdisciplinary approaches,NChallenge,Governance Challenges
#574,Understanding barriers to decision making in the UK energy-food-water nexus: The added value of interdisciplinary approaches,NChallenge,Scaling Challenges
#574,Understanding barriers to decision making in the UK energy-food-water nexus: The added value of interdisciplinary approaches,Gov,NA
#574,Understanding barriers to decision making in the UK energy-food-water nexus: The added value of interdisciplinary approaches,Policy,Legal and Regulatory Instruments
#574,Understanding barriers to decision making in the UK energy-food-water nexus: The added value of interdisciplinary approaches,Actors,Private Sector and Business Organisations
#574,Understanding barriers to decision making in the UK energy-food-water nexus: The added value of interdisciplinary approaches,Actors,Knowledge and Educational Communities
#574,Understanding barriers to decision making in the UK energy-food-water nexus: The added value of interdisciplinary approaches,Actors,Civil Society and Community-Based Organisations
#574,Understanding barriers to decision making in the UK energy-food-water nexus: The added value of interdisciplinary approaches,CrossCut,Energy
#574,Understanding barriers to decision making in the UK energy-food-water nexus: The added value of interdisciplinary approaches,Scaling,No
#574,Understanding barriers to decision making in the UK energy-food-water nexus: The added value of interdisciplinary approaches,Enablers,Policy design & Implementation
#574,Understanding barriers to decision making in the UK energy-food-water nexus: The added value of interdisciplinary approaches,Enablers,Equity & Diversity
#574,Understanding barriers to decision making in the UK energy-food-water nexus: The added value of interdisciplinary approaches,Enablers,Institutional capacity
#574,Understanding barriers to decision making in the UK energy-food-water nexus: The added value of interdisciplinary approaches,Enablers,Finance & Economics
#574,Understanding barriers to decision making in the UK energy-food-water nexus: The added value of interdisciplinary approaches,Enablers,Behaviour & Lifestyle
#574,Understanding barriers to decision making in the UK energy-food-water nexus: The added value of interdisciplinary approaches,Enablers,Material & Non-material endowments
#574,Understanding barriers to decision making in the UK energy-food-water nexus: The added value of interdisciplinary approaches,Enablers_CritC5,Impacts on each nexus element (#3)
#574,Understanding barriers to decision making in the UK energy-food-water nexus: The added value of interdisciplinary approaches,Enablers_CritC5,Social acceptability (#4)
#574,Understanding barriers to decision making in the UK energy-food-water nexus: The added value of interdisciplinary approaches,Enablers_CritC5,Alignment with political priorities (#5)
#574,Understanding barriers to decision making in the UK energy-food-water nexus: The added value of interdisciplinary approaches,Enablers_CritC5,NA
#574,Understanding barriers to decision making in the UK energy-food-water nexus: The added value of interdisciplinary approaches,Enablers_CritC5,Transformative change potential (#10)
#574,Understanding barriers to decision making in the UK energy-food-water nexus: The added value of interdisciplinary approaches,Enablers_CritC5,Equity (#8)
#574,Understanding barriers to decision making in the UK energy-food-water nexus: The added value of interdisciplinary approaches,Barriers,Institutional capacity
#574,Understanding barriers to decision making in the UK energy-food-water nexus: The added value of interdisciplinary approaches,Barriers,Policy design & Implementation
#574,Understanding barriers to decision making in the UK energy-food-water nexus: The added value of interdisciplinary approaches,Barriers,Finance & Economics
#574,Understanding barriers to decision making in the UK energy-food-water nexus: The added value of interdisciplinary approaches,Barriers,Behaviour & Lifestyle
#574,Understanding barriers to decision making in the UK energy-food-water nexus: The added value of interdisciplinary approaches,Barriers,Technology
#574,Understanding barriers to decision making in the UK energy-food-water nexus: The added value of interdisciplinary approaches,Barriers_CritC5,NA
#574,Understanding barriers to decision making in the UK energy-food-water nexus: The added value of interdisciplinary approaches,Barriers_CritC5,Geographic scale (#1)
#574,Understanding barriers to decision making in the UK energy-food-water nexus: The added value of interdisciplinary approaches,Barriers_CritC5,Temporal scale (#2)
#574,Understanding barriers to decision making in the UK energy-food-water nexus: The added value of interdisciplinary approaches,Barriers_CritC5,Economic implications (#6)
#574,Understanding barriers to decision making in the UK energy-food-water nexus: The added value of interdisciplinary approaches,Barriers_CritC5,Transformative change potential (#10)
#573,A conceptual framework for analyzing deltas as coupled social–ecological systems: an example from the Amazon River Delta,PaperType,Perspective
#573,A conceptual framework for analyzing deltas as coupled social–ecological systems: an example from the Amazon River Delta,PaperType,Modelling
#573,A conceptual framework for analyzing deltas as coupled social–ecological systems: an example from the Amazon River Delta,Region,Latin America and the Caribbean
#573,A conceptual framework for analyzing deltas as coupled social–ecological systems: an example from the Amazon River Delta,Scale,Local >1 km² to 100 km² (neighbourhood to municipality)
#573,A conceptual framework for analyzing deltas as coupled social–ecological systems: an example from the Amazon River Delta,Nexus,Biodiversity
#573,A conceptual framework for analyzing deltas as coupled social–ecological systems: an example from the Amazon River Delta,Nexus,Water
#573,A conceptual framework for analyzing deltas as coupled social–ecological systems: an example from the Amazon River Delta,NChallenge,Governance Challenges
#573,A conceptual framework for analyzing deltas as coupled social–ecological systems: an example from the Amazon River Delta,Gov,Network Governance
#573,A conceptual framework for analyzing deltas as coupled social–ecological systems: an example from the Amazon River Delta,Gov,Community Governance
#573,A conceptual framework for analyzing deltas as coupled social–ecological systems: an example from the Amazon River Delta,Policy,NA
#573,A conceptual framework for analyzing deltas as coupled social–ecological systems: an example from the Amazon River Delta,Actors,Civil Society and Community-Based Organisations
#573,A conceptual framework for analyzing deltas as coupled social–ecological systems: an example from the Amazon River Delta,Actors,Global/Regional Institutions and Science-Policy Interfaces
#573,A conceptual framework for analyzing deltas as coupled social–ecological systems: an example from the Amazon River Delta,Actors,Local/National Governments and Municipalities
#573,A conceptual framework for analyzing deltas as coupled social–ecological systems: an example from the Amazon River Delta,CrossCut,Poverty
#573,A conceptual framework for analyzing deltas as coupled social–ecological systems: an example from the Amazon River Delta,CrossCut,Economy
#573,A conceptual framework for analyzing deltas as coupled social–ecological systems: an example from the Amazon River Delta,CrossCut,ILK
#573,A conceptual framework for analyzing deltas as coupled social–ecological systems: an example from the Amazon River Delta,Scaling,NA
#573,A conceptual framework for analyzing deltas as coupled social–ecological systems: an example from the Amazon River Delta,Enablers,Policy design & Implementation
#573,A conceptual framework for analyzing deltas as coupled social–ecological systems: an example from the Amazon River Delta,Enablers,Behaviour & Lifestyle
#573,A conceptual framework for analyzing deltas as coupled social–ecological systems: an example from the Amazon River Delta,Enablers,Material & Non-material endowments
#573,A conceptual framework for analyzing deltas as coupled social–ecological systems: an example from the Amazon River Delta,Enablers_CritC5,Impacts on each nexus element (#3)
#573,A conceptual framework for analyzing deltas as coupled social–ecological systems: an example from the Amazon River Delta,Enablers_CritC5,NA
#573,A conceptual framework for analyzing deltas as coupled social–ecological systems: an example from the Amazon River Delta,Enablers_CritC5,Transformative change potential (#10)
#573,A conceptual framework for analyzing deltas as coupled social–ecological systems: an example from the Amazon River Delta,Barriers,Technology
#573,A conceptual framework for analyzing deltas as coupled social–ecological systems: an example from the Amazon River Delta,Barriers_CritC5,Technical feasibility (#7)
#569,Ethiopia’s challenge to Egyptian hegemony in the Nile River Basin: The case of the grand Ethiopian renaissance dam,PaperType,Conceptual/theoretical
#569,Ethiopia’s challenge to Egyptian hegemony in the Nile River Basin: The case of the grand Ethiopian renaissance dam,Region,Northern Africa
#569,Ethiopia’s challenge to Egyptian hegemony in the Nile River Basin: The case of the grand Ethiopian renaissance dam,Region,Sub-Saharan Africa
#569,Ethiopia’s challenge to Egyptian hegemony in the Nile River Basin: The case of the grand Ethiopian renaissance dam,Scale,"Regional (multiple countries, whole continents)"
#569,Ethiopia’s challenge to Egyptian hegemony in the Nile River Basin: The case of the grand Ethiopian renaissance dam,Nexus,Food
#569,Ethiopia’s challenge to Egyptian hegemony in the Nile River Basin: The case of the grand Ethiopian renaissance dam,Nexus,Water
#569,Ethiopia’s challenge to Egyptian hegemony in the Nile River Basin: The case of the grand Ethiopian renaissance dam,NChallenge,Complexity Challenges
#569,Ethiopia’s challenge to Egyptian hegemony in the Nile River Basin: The case of the grand Ethiopian renaissance dam,Gov,NA
#569,Ethiopia’s challenge to Egyptian hegemony in the Nile River Basin: The case of the grand Ethiopian renaissance dam,Policy,NA
#569,Ethiopia’s challenge to Egyptian hegemony in the Nile River Basin: The case of the grand Ethiopian renaissance dam,Actors,Private Sector and Business Organisations
#569,Ethiopia’s challenge to Egyptian hegemony in the Nile River Basin: The case of the grand Ethiopian renaissance dam,Actors,Civil Society and Community-Based Organisations
#569,Ethiopia’s challenge to Egyptian hegemony in the Nile River Basin: The case of the grand Ethiopian renaissance dam,Actors,Global/Regional Institutions and Science-Policy Interfaces
#569,Ethiopia’s challenge to Egyptian hegemony in the Nile River Basin: The case of the grand Ethiopian renaissance dam,Actors,Global/Regional Institutions and Science-Policy Interfaces
#569,Ethiopia’s challenge to Egyptian hegemony in the Nile River Basin: The case of the grand Ethiopian renaissance dam,Actors,Local/National Governments and Municipalities
#569,Ethiopia’s challenge to Egyptian hegemony in the Nile River Basin: The case of the grand Ethiopian renaissance dam,CrossCut,Economy
#569,Ethiopia’s challenge to Egyptian hegemony in the Nile River Basin: The case of the grand Ethiopian renaissance dam,CrossCut,Employment
#569,Ethiopia’s challenge to Egyptian hegemony in the Nile River Basin: The case of the grand Ethiopian renaissance dam,CrossCut,Energy
#569,Ethiopia’s challenge to Egyptian hegemony in the Nile River Basin: The case of the grand Ethiopian renaissance dam,Scaling,No
#569,Ethiopia’s challenge to Egyptian hegemony in the Nile River Basin: The case of the grand Ethiopian renaissance dam,Enablers,Policy design & Implementation
#569,Ethiopia’s challenge to Egyptian hegemony in the Nile River Basin: The case of the grand Ethiopian renaissance dam,Enablers_CritC5,Impacts on each nexus element (#3)
#569,Ethiopia’s challenge to Egyptian hegemony in the Nile River Basin: The case of the grand Ethiopian renaissance dam,Barriers,Institutional capacity
#569,Ethiopia’s challenge to Egyptian hegemony in the Nile River Basin: The case of the grand Ethiopian renaissance dam,Barriers_CritC5,Transformative change potential (#10)
#568,"The politics of water payments and stakeholder participation in the Limpopo River Basin, Mozambique",PaperType,Review
#568,"The politics of water payments and stakeholder participation in the Limpopo River Basin, Mozambique",PaperType,Empirical
#568,"The politics of water payments and stakeholder participation in the Limpopo River Basin, Mozambique",Region,Sub-Saharan Africa
#568,"The politics of water payments and stakeholder participation in the Limpopo River Basin, Mozambique",Scale,Subnational >100 km² (watershed)
#568,"The politics of water payments and stakeholder participation in the Limpopo River Basin, Mozambique",Nexus,Food
#568,"The politics of water payments and stakeholder participation in the Limpopo River Basin, Mozambique",Nexus,Water
#568,"The politics of water payments and stakeholder participation in the Limpopo River Basin, Mozambique",NChallenge,Governance Challenges
#568,"The politics of water payments and stakeholder participation in the Limpopo River Basin, Mozambique",NChallenge,Financing Challenges
#568,"The politics of water payments and stakeholder participation in the Limpopo River Basin, Mozambique",Gov,Community Governance
#568,"The politics of water payments and stakeholder participation in the Limpopo River Basin, Mozambique",Policy,Legal and Regulatory Instruments
#568,"The politics of water payments and stakeholder participation in the Limpopo River Basin, Mozambique",Policy,Economic and Financial Instruments
#568,"The politics of water payments and stakeholder participation in the Limpopo River Basin, Mozambique",Actors,Private Sector and Business Organisations
#568,"The politics of water payments and stakeholder participation in the Limpopo River Basin, Mozambique",Actors,Civil Society and Community-Based Organisations
#568,"The politics of water payments and stakeholder participation in the Limpopo River Basin, Mozambique",Actors,Knowledge and Educational Communities
#568,"The politics of water payments and stakeholder participation in the Limpopo River Basin, Mozambique",Actors,Global/Regional Institutions and Science-Policy Interfaces
#568,"The politics of water payments and stakeholder participation in the Limpopo River Basin, Mozambique",Actors,Local/National Governments and Municipalities
#568,"The politics of water payments and stakeholder participation in the Limpopo River Basin, Mozambique",CrossCut,NA
#568,"The politics of water payments and stakeholder participation in the Limpopo River Basin, Mozambique",Scaling,Yes
#568,"The politics of water payments and stakeholder participation in the Limpopo River Basin, Mozambique",Barriers,Equity & Diversity
#568,"The politics of water payments and stakeholder participation in the Limpopo River Basin, Mozambique",Barriers,Institutional capacity
#568,"The politics of water payments and stakeholder participation in the Limpopo River Basin, Mozambique",Barriers,Policy design & Implementation
#568,"The politics of water payments and stakeholder participation in the Limpopo River Basin, Mozambique",Barriers,Finance & Economics
#568,"The politics of water payments and stakeholder participation in the Limpopo River Basin, Mozambique",Barriers,Behaviour & Lifestyle
#568,"The politics of water payments and stakeholder participation in the Limpopo River Basin, Mozambique",Barriers,Technology
#568,"The politics of water payments and stakeholder participation in the Limpopo River Basin, Mozambique",Barriers,Material & Non-material endowments
#568,"The politics of water payments and stakeholder participation in the Limpopo River Basin, Mozambique",Barriers_CritC5,Equity (#8)
#568,"The politics of water payments and stakeholder participation in the Limpopo River Basin, Mozambique",Barriers_CritC5,NA
#568,"The politics of water payments and stakeholder participation in the Limpopo River Basin, Mozambique",Barriers_CritC5,Geographic scale (#1)
#568,"The politics of water payments and stakeholder participation in the Limpopo River Basin, Mozambique",Barriers_CritC5,Transformative change potential (#10)
#568,"The politics of water payments and stakeholder participation in the Limpopo River Basin, Mozambique",Barriers_CritC5,Technical feasibility (#7)
#565,On the sustainability of inland fisheries: Finding a future for the forgotten,PaperType,Perspective
#565,On the sustainability of inland fisheries: Finding a future for the forgotten,PaperType,Conceptual/theoretical
#565,On the sustainability of inland fisheries: Finding a future for the forgotten,Region,Micronesia
#565,On the sustainability of inland fisheries: Finding a future for the forgotten,Region,Not applicable (no specific spatial location)
#565,On the sustainability of inland fisheries: Finding a future for the forgotten,Scale,Not applicable (no specific spatial location)
#565,On the sustainability of inland fisheries: Finding a future for the forgotten,Nexus,Biodiversity
#565,On the sustainability of inland fisheries: Finding a future for the forgotten,Nexus,Food
#565,On the sustainability of inland fisheries: Finding a future for the forgotten,NChallenge,Governance Challenges
#565,On the sustainability of inland fisheries: Finding a future for the forgotten,NChallenge,Scaling Challenges
#565,On the sustainability of inland fisheries: Finding a future for the forgotten,Gov,Network Governance
#565,On the sustainability of inland fisheries: Finding a future for the forgotten,Policy,Legal and Regulatory Instruments
#565,On the sustainability of inland fisheries: Finding a future for the forgotten,Policy,Rights-Based Instruments and Customary Norms
#565,On the sustainability of inland fisheries: Finding a future for the forgotten,Actors,Private Sector and Business Organisations
#565,On the sustainability of inland fisheries: Finding a future for the forgotten,Actors,Civil Society and Community-Based Organisations
#565,On the sustainability of inland fisheries: Finding a future for the forgotten,Actors,Knowledge and Educational Communities
#565,On the sustainability of inland fisheries: Finding a future for the forgotten,Actors,IPLCs
#565,On the sustainability of inland fisheries: Finding a future for the forgotten,Actors,Global/Regional Institutions and Science-Policy Interfaces
#565,On the sustainability of inland fisheries: Finding a future for the forgotten,Actors,Local/National Governments and Municipalities
#565,On the sustainability of inland fisheries: Finding a future for the forgotten,CrossCut,Equity
#565,On the sustainability of inland fisheries: Finding a future for the forgotten,CrossCut,Poverty
#565,On the sustainability of inland fisheries: Finding a future for the forgotten,CrossCut,Energy
#565,On the sustainability of inland fisheries: Finding a future for the forgotten,Scaling,Yes
#565,On the sustainability of inland fisheries: Finding a future for the forgotten,Enablers,Institutional capacity
#565,On the sustainability of inland fisheries: Finding a future for the forgotten,Enablers,Material & Non-material endowments
#565,On the sustainability of inland fisheries: Finding a future for the forgotten,Enablers_CritC5,Transformative change potential (#10)
#565,On the sustainability of inland fisheries: Finding a future for the forgotten,Enablers_CritC5,NA
#565,On the sustainability of inland fisheries: Finding a future for the forgotten,Barriers,Policy design & Implementation
#565,On the sustainability of inland fisheries: Finding a future for the forgotten,Barriers_CritC5,Impacts on each nexus element (#3)
#563,Entangled systems at the energy-water-food nexus: Challenges and opportunities,PaperType,Conceptual/theoretical
#563,Entangled systems at the energy-water-food nexus: Challenges and opportunities,Region,Northern America
#563,Entangled systems at the energy-water-food nexus: Challenges and opportunities,Scale,National (whole country)
#563,Entangled systems at the energy-water-food nexus: Challenges and opportunities,Nexus,Food
#563,Entangled systems at the energy-water-food nexus: Challenges and opportunities,Nexus,Water
#563,Entangled systems at the energy-water-food nexus: Challenges and opportunities,NChallenge,Complexity Challenges
#563,Entangled systems at the energy-water-food nexus: Challenges and opportunities,NChallenge,Governance Challenges
#563,Entangled systems at the energy-water-food nexus: Challenges and opportunities,NChallenge,Financing Challenges
#563,Entangled systems at the energy-water-food nexus: Challenges and opportunities,NChallenge,Scaling Challenges
#563,Entangled systems at the energy-water-food nexus: Challenges and opportunities,Gov,NA
#563,Entangled systems at the energy-water-food nexus: Challenges and opportunities,Policy,NA
#563,Entangled systems at the energy-water-food nexus: Challenges and opportunities,Actors,NA
#563,Entangled systems at the energy-water-food nexus: Challenges and opportunities,CrossCut,Equity
#563,Entangled systems at the energy-water-food nexus: Challenges and opportunities,CrossCut,Economy
#563,Entangled systems at the energy-water-food nexus: Challenges and opportunities,CrossCut,Energy
#563,Entangled systems at the energy-water-food nexus: Challenges and opportunities,Scaling,NA
#562,Conclusion: Rethinking the water-food-energy-climate security nexus,PaperType,Review
#562,Conclusion: Rethinking the water-food-energy-climate security nexus,PaperType,Conceptual/theoretical
#562,Conclusion: Rethinking the water-food-energy-climate security nexus,PaperType,Opinion
#562,Conclusion: Rethinking the water-food-energy-climate security nexus,Region,Not applicable (no specific spatial location)
#562,Conclusion: Rethinking the water-food-energy-climate security nexus,Scale,Not applicable (no specific spatial location)
#562,Conclusion: Rethinking the water-food-energy-climate security nexus,Nexus,Biodiversity
#562,Conclusion: Rethinking the water-food-energy-climate security nexus,Nexus,Climate change
#562,Conclusion: Rethinking the water-food-energy-climate security nexus,Nexus,Health
#562,Conclusion: Rethinking the water-food-energy-climate security nexus,Nexus,Food
#562,Conclusion: Rethinking the water-food-energy-climate security nexus,Nexus,Water
#562,Conclusion: Rethinking the water-food-energy-climate security nexus,NChallenge,Governance Challenges
#562,Conclusion: Rethinking the water-food-energy-climate security nexus,Gov,NA
#562,Conclusion: Rethinking the water-food-energy-climate security nexus,Policy,NA
#562,Conclusion: Rethinking the water-food-energy-climate security nexus,Actors,Private Sector and Business Organisations
#562,Conclusion: Rethinking the water-food-energy-climate security nexus,Actors,Civil Society and Community-Based Organisations
#562,Conclusion: Rethinking the water-food-energy-climate security nexus,Actors,Knowledge and Educational Communities
#562,Conclusion: Rethinking the water-food-energy-climate security nexus,Actors,Local/National Governments and Municipalities
#562,Conclusion: Rethinking the water-food-energy-climate security nexus,CrossCut,Equity
#562,Conclusion: Rethinking the water-food-energy-climate security nexus,CrossCut,Land
#562,Conclusion: Rethinking the water-food-energy-climate security nexus,CrossCut,Security
#562,Conclusion: Rethinking the water-food-energy-climate security nexus,Scaling,NA
#562,Conclusion: Rethinking the water-food-energy-climate security nexus,Enablers,Technology
#562,Conclusion: Rethinking the water-food-energy-climate security nexus,Enablers,Material & Non-material endowments
#562,Conclusion: Rethinking the water-food-energy-climate security nexus,Enablers_CritC5,Technical feasibility (#7)
#562,Conclusion: Rethinking the water-food-energy-climate security nexus,Enablers_CritC5,NA
#562,Conclusion: Rethinking the water-food-energy-climate security nexus,Barriers,Technology
#562,Conclusion: Rethinking the water-food-energy-climate security nexus,Barriers_CritC5,Technical feasibility (#7)
#561,Rethinking the water-food-energy-climate security nexus,PaperType,Review
#561,Rethinking the water-food-energy-climate security nexus,PaperType,Perspective
#561,Rethinking the water-food-energy-climate security nexus,Region,Not applicable (no specific spatial location)
#561,Rethinking the water-food-energy-climate security nexus,Scale,Not applicable (no specific spatial location)
#561,Rethinking the water-food-energy-climate security nexus,Nexus,Climate change
#561,Rethinking the water-food-energy-climate security nexus,Nexus,Food
#561,Rethinking the water-food-energy-climate security nexus,Nexus,Water
#561,Rethinking the water-food-energy-climate security nexus,NChallenge,Complexity Challenges
#561,Rethinking the water-food-energy-climate security nexus,NChallenge,Governance Challenges
#561,Rethinking the water-food-energy-climate security nexus,Gov,NA
#561,Rethinking the water-food-energy-climate security nexus,Policy,Legal and Regulatory Instruments
#561,Rethinking the water-food-energy-climate security nexus,Policy,Rights-Based Instruments and Customary Norms
#561,Rethinking the water-food-energy-climate security nexus,Policy,Social and Cultural Instruments
#561,Rethinking the water-food-energy-climate security nexus,Actors,Knowledge and Educational Communities
#561,Rethinking the water-food-energy-climate security nexus,Actors,Local/National Governments and Municipalities
#561,Rethinking the water-food-energy-climate security nexus,CrossCut,Education
#561,Rethinking the water-food-energy-climate security nexus,CrossCut,Energy
#561,Rethinking the water-food-energy-climate security nexus,Scaling,Yes
#561,Rethinking the water-food-energy-climate security nexus,Enablers,Policy design & Implementation
#561,Rethinking the water-food-energy-climate security nexus,Enablers,Technology
#561,Rethinking the water-food-energy-climate security nexus,Enablers_CritC5,Social acceptability (#4)
#561,Rethinking the water-food-energy-climate security nexus,Enablers_CritC5,NA
#561,Rethinking the water-food-energy-climate security nexus,Enablers_CritC5,Technical feasibility (#7)
#561,Rethinking the water-food-energy-climate security nexus,Barriers,Policy design & Implementation
#561,Rethinking the water-food-energy-climate security nexus,Barriers_CritC5,NA
#561,Rethinking the water-food-energy-climate security nexus,Barriers_CritC5,Social acceptability (#4)
#560,"Towards understanding the integrative approach of the water, energy and food nexus",PaperType,Review
#560,"Towards understanding the integrative approach of the water, energy and food nexus",Region,Not applicable (no specific spatial location)
#560,"Towards understanding the integrative approach of the water, energy and food nexus",Scale,Not applicable (no specific spatial location)
#560,"Towards understanding the integrative approach of the water, energy and food nexus",Nexus,Climate change
#560,"Towards understanding the integrative approach of the water, energy and food nexus",Nexus,Food
#560,"Towards understanding the integrative approach of the water, energy and food nexus",Nexus,Water
#560,"Towards understanding the integrative approach of the water, energy and food nexus",NChallenge,Complexity Challenges
#560,"Towards understanding the integrative approach of the water, energy and food nexus",Gov,Market Governance
#560,"Towards understanding the integrative approach of the water, energy and food nexus",Gov,Network Governance
#560,"Towards understanding the integrative approach of the water, energy and food nexus",Policy,Legal and Regulatory Instruments
#560,"Towards understanding the integrative approach of the water, energy and food nexus",Policy,Economic and Financial Instruments
#560,"Towards understanding the integrative approach of the water, energy and food nexus",Actors,Financial Institutions
#560,"Towards understanding the integrative approach of the water, energy and food nexus",Actors,Civil Society and Community-Based Organisations
#560,"Towards understanding the integrative approach of the water, energy and food nexus",Actors,Local/National Governments and Municipalities
#560,"Towards understanding the integrative approach of the water, energy and food nexus",CrossCut,Economy
#560,"Towards understanding the integrative approach of the water, energy and food nexus",CrossCut,Energy
#560,"Towards understanding the integrative approach of the water, energy and food nexus",CrossCut,Trade
#560,"Towards understanding the integrative approach of the water, energy and food nexus",Scaling,No
#560,"Towards understanding the integrative approach of the water, energy and food nexus",Enablers,Policy design & Implementation
#560,"Towards understanding the integrative approach of the water, energy and food nexus",Enablers,Institutional capacity
#560,"Towards understanding the integrative approach of the water, energy and food nexus",Enablers,Finance & Economics
#560,"Towards understanding the integrative approach of the water, energy and food nexus",Enablers,Behaviour & Lifestyle
#560,"Towards understanding the integrative approach of the water, energy and food nexus",Enablers,Material & Non-material endowments
#560,"Towards understanding the integrative approach of the water, energy and food nexus",Enablers_CritC5,Impacts on each nexus element (#3)
#560,"Towards understanding the integrative approach of the water, energy and food nexus",Enablers_CritC5,NA
#560,"Towards understanding the integrative approach of the water, energy and food nexus",Enablers_CritC5,Alignment with international frameworks (#9)
#560,"Towards understanding the integrative approach of the water, energy and food nexus",Enablers_CritC5,Geographic scale (#1)
#560,"Towards understanding the integrative approach of the water, energy and food nexus",Enablers_CritC5,Transformative change potential (#10)
#560,"Towards understanding the integrative approach of the water, energy and food nexus",Barriers,Institutional capacity
#560,"Towards understanding the integrative approach of the water, energy and food nexus",Barriers,Finance & Economics
#560,"Towards understanding the integrative approach of the water, energy and food nexus",Barriers_CritC5,Equity (#8)
#560,"Towards understanding the integrative approach of the water, energy and food nexus",Barriers_CritC5,Economic implications (#6)
#559,Land-Water-Security Nexus: Changing Geopolitics in the Nile Basin Cooperative Framework Agreement,PaperType,Review
#559,Land-Water-Security Nexus: Changing Geopolitics in the Nile Basin Cooperative Framework Agreement,Region,Sub-Saharan Africa
#559,Land-Water-Security Nexus: Changing Geopolitics in the Nile Basin Cooperative Framework Agreement,Scale,"Regional (multiple countries, whole continents)"
#559,Land-Water-Security Nexus: Changing Geopolitics in the Nile Basin Cooperative Framework Agreement,Nexus,Biodiversity
#559,Land-Water-Security Nexus: Changing Geopolitics in the Nile Basin Cooperative Framework Agreement,Nexus,Climate change
#559,Land-Water-Security Nexus: Changing Geopolitics in the Nile Basin Cooperative Framework Agreement,Nexus,Water
#559,Land-Water-Security Nexus: Changing Geopolitics in the Nile Basin Cooperative Framework Agreement,NChallenge,Governance Challenges
#559,Land-Water-Security Nexus: Changing Geopolitics in the Nile Basin Cooperative Framework Agreement,Gov,Hierarchical Governance
#559,Land-Water-Security Nexus: Changing Geopolitics in the Nile Basin Cooperative Framework Agreement,Policy,Legal and Regulatory Instruments
#559,Land-Water-Security Nexus: Changing Geopolitics in the Nile Basin Cooperative Framework Agreement,Actors,Private Sector and Business Organisations
#559,Land-Water-Security Nexus: Changing Geopolitics in the Nile Basin Cooperative Framework Agreement,Actors,Civil Society and Community-Based Organisations
#559,Land-Water-Security Nexus: Changing Geopolitics in the Nile Basin Cooperative Framework Agreement,Actors,Global/Regional Institutions and Science-Policy Interfaces
#559,Land-Water-Security Nexus: Changing Geopolitics in the Nile Basin Cooperative Framework Agreement,Actors,Local/National Governments and Municipalities
#559,Land-Water-Security Nexus: Changing Geopolitics in the Nile Basin Cooperative Framework Agreement,CrossCut,Energy
#559,Land-Water-Security Nexus: Changing Geopolitics in the Nile Basin Cooperative Framework Agreement,Scaling,Yes
#559,Land-Water-Security Nexus: Changing Geopolitics in the Nile Basin Cooperative Framework Agreement,Barriers,Policy design & Implementation
#559,Land-Water-Security Nexus: Changing Geopolitics in the Nile Basin Cooperative Framework Agreement,Barriers,Equity & Diversity
#559,Land-Water-Security Nexus: Changing Geopolitics in the Nile Basin Cooperative Framework Agreement,Barriers,Institutional capacity
#559,Land-Water-Security Nexus: Changing Geopolitics in the Nile Basin Cooperative Framework Agreement,Barriers,Finance & Economics
#559,Land-Water-Security Nexus: Changing Geopolitics in the Nile Basin Cooperative Framework Agreement,Barriers,Technology
#559,Land-Water-Security Nexus: Changing Geopolitics in the Nile Basin Cooperative Framework Agreement,Barriers,Material & Non-material endowments
#559,Land-Water-Security Nexus: Changing Geopolitics in the Nile Basin Cooperative Framework Agreement,Barriers_CritC5,Alignment with political priorities (#5)
#559,Land-Water-Security Nexus: Changing Geopolitics in the Nile Basin Cooperative Framework Agreement,Barriers_CritC5,Geographic scale (#1)
#559,Land-Water-Security Nexus: Changing Geopolitics in the Nile Basin Cooperative Framework Agreement,Barriers_CritC5,Transformative change potential (#10)
#559,Land-Water-Security Nexus: Changing Geopolitics in the Nile Basin Cooperative Framework Agreement,Barriers_CritC5,Equity (#8)
#559,Land-Water-Security Nexus: Changing Geopolitics in the Nile Basin Cooperative Framework Agreement,Barriers_CritC5,Economic implications (#6)
#559,Land-Water-Security Nexus: Changing Geopolitics in the Nile Basin Cooperative Framework Agreement,Barriers_CritC5,NA
#559,Land-Water-Security Nexus: Changing Geopolitics in the Nile Basin Cooperative Framework Agreement,Barriers_CritC5,Technical feasibility (#7)
#558,The land-water-food nexus: Expanding the social-ecological system framework to link land and water governance,PaperType,Empirical
#558,The land-water-food nexus: Expanding the social-ecological system framework to link land and water governance,Region,Central Asia
#558,The land-water-food nexus: Expanding the social-ecological system framework to link land and water governance,Scale,National (whole country)
#558,The land-water-food nexus: Expanding the social-ecological system framework to link land and water governance,Nexus,Food
#558,The land-water-food nexus: Expanding the social-ecological system framework to link land and water governance,Nexus,Water
#558,The land-water-food nexus: Expanding the social-ecological system framework to link land and water governance,NChallenge,Governance Challenges
#558,The land-water-food nexus: Expanding the social-ecological system framework to link land and water governance,Gov,Community Governance
#558,The land-water-food nexus: Expanding the social-ecological system framework to link land and water governance,Policy,Economic and Financial Instruments
#558,The land-water-food nexus: Expanding the social-ecological system framework to link land and water governance,Policy,Social and Cultural Instruments
#558,The land-water-food nexus: Expanding the social-ecological system framework to link land and water governance,Actors,Private Sector and Business Organisations
#558,The land-water-food nexus: Expanding the social-ecological system framework to link land and water governance,Actors,Civil Society and Community-Based Organisations
#558,The land-water-food nexus: Expanding the social-ecological system framework to link land and water governance,Actors,Local/National Governments and Municipalities
#558,The land-water-food nexus: Expanding the social-ecological system framework to link land and water governance,CrossCut,Land
#558,The land-water-food nexus: Expanding the social-ecological system framework to link land and water governance,Scaling,Yes
#558,The land-water-food nexus: Expanding the social-ecological system framework to link land and water governance,Enablers,Policy design & Implementation
#558,The land-water-food nexus: Expanding the social-ecological system framework to link land and water governance,Enablers,Institutional capacity
#558,The land-water-food nexus: Expanding the social-ecological system framework to link land and water governance,Enablers,Finance & Economics
#558,The land-water-food nexus: Expanding the social-ecological system framework to link land and water governance,Enablers,Technology
#558,The land-water-food nexus: Expanding the social-ecological system framework to link land and water governance,Enablers_CritC5,Alignment with political priorities (#5)
#558,The land-water-food nexus: Expanding the social-ecological system framework to link land and water governance,Enablers_CritC5,NA
#558,The land-water-food nexus: Expanding the social-ecological system framework to link land and water governance,Enablers_CritC5,Geographic scale (#1)
#558,The land-water-food nexus: Expanding the social-ecological system framework to link land and water governance,Enablers_CritC5,Equity (#8)
#558,The land-water-food nexus: Expanding the social-ecological system framework to link land and water governance,Enablers_CritC5,Transformative change potential (#10)
#558,The land-water-food nexus: Expanding the social-ecological system framework to link land and water governance,Enablers_CritC5,Economic implications (#6)
#558,The land-water-food nexus: Expanding the social-ecological system framework to link land and water governance,Barriers,Policy design & Implementation
#558,The land-water-food nexus: Expanding the social-ecological system framework to link land and water governance,Barriers_CritC5,NA
#556,Climate change and water science policy in management,PaperType,Perspective
#556,Climate change and water science policy in management,PaperType,Conceptual/theoretical
#556,Climate change and water science policy in management,Region,Northern Africa
#556,Climate change and water science policy in management,Scale,"Regional (multiple countries, whole continents)"
#556,Climate change and water science policy in management,Nexus,Climate change
#556,Climate change and water science policy in management,Nexus,Water
#556,Climate change and water science policy in management,NChallenge,Scaling Challenges
#556,Climate change and water science policy in management,Gov,NA
#556,Climate change and water science policy in management,Policy,NA
#556,Climate change and water science policy in management,Actors,Knowledge and Educational Communities
#556,Climate change and water science policy in management,CrossCut,NA
#556,Climate change and water science policy in management,Scaling,No
#554,The health impacts of climate-related migration,PaperType,Review
#554,The health impacts of climate-related migration,PaperType,Perspective
#554,The health impacts of climate-related migration,Region,Sub-Saharan Africa
#554,The health impacts of climate-related migration,Region,Latin America and the Caribbean
#554,The health impacts of climate-related migration,Region,Northern America
#554,The health impacts of climate-related migration,Region,Southern Europe
#554,The health impacts of climate-related migration,Region,Australia and New Zealand
#554,The health impacts of climate-related migration,Region,Melanesia
#554,The health impacts of climate-related migration,Scale,Subnational >100 km² (watershed)
#554,The health impacts of climate-related migration,Scale,National (whole country)
#554,The health impacts of climate-related migration,Nexus,Climate change
#554,The health impacts of climate-related migration,Nexus,Health
#554,The health impacts of climate-related migration,NChallenge,Complexity Challenges
#554,The health impacts of climate-related migration,Gov,Network Governance
#554,The health impacts of climate-related migration,Policy,Rights-Based Instruments and Customary Norms
#554,The health impacts of climate-related migration,Actors,Civil Society and Community-Based Organisations
#554,The health impacts of climate-related migration,Actors,Local/National Governments and Municipalities
#554,The health impacts of climate-related migration,CrossCut,Poverty
#554,The health impacts of climate-related migration,CrossCut,Economy
#554,The health impacts of climate-related migration,CrossCut,Education
#554,The health impacts of climate-related migration,Scaling,No
#554,The health impacts of climate-related migration,Enablers,Policy design & Implementation
#554,The health impacts of climate-related migration,Enablers,Institutional capacity
#554,The health impacts of climate-related migration,Enablers,Behaviour & Lifestyle
#554,The health impacts of climate-related migration,Enablers_CritC5,NA
#554,The health impacts of climate-related migration,Enablers_CritC5,Transformative change potential (#10)
#554,The health impacts of climate-related migration,Barriers,Policy design & Implementation
#554,The health impacts of climate-related migration,Barriers,Institutional capacity
#554,The health impacts of climate-related migration,Barriers,Behaviour & Lifestyle
#554,The health impacts of climate-related migration,Barriers_CritC5,Impacts on each nexus element (#3)
#554,The health impacts of climate-related migration,Barriers_CritC5,NA
#554,The health impacts of climate-related migration,Barriers_CritC5,Transformative change potential (#10)
#550,Water markets and the food–energy–water nexus in Australia,PaperType,Review
#550,Water markets and the food–energy–water nexus in Australia,Region,Australia and New Zealand
#550,Water markets and the food–energy–water nexus in Australia,Scale,Subnational >100 km² (watershed)
#550,Water markets and the food–energy–water nexus in Australia,Nexus,Food
#550,Water markets and the food–energy–water nexus in Australia,Nexus,Water
#550,Water markets and the food–energy–water nexus in Australia,NChallenge,Governance Challenges
#550,Water markets and the food–energy–water nexus in Australia,Gov,Market Governance
#550,Water markets and the food–energy–water nexus in Australia,Policy,Legal and Regulatory Instruments
#550,Water markets and the food–energy–water nexus in Australia,Policy,Rights-Based Instruments and Customary Norms
#550,Water markets and the food–energy–water nexus in Australia,Actors,Private Sector and Business Organisations
#550,Water markets and the food–energy–water nexus in Australia,Actors,Civil Society and Community-Based Organisations
#550,Water markets and the food–energy–water nexus in Australia,Actors,Global/Regional Institutions and Science-Policy Interfaces
#550,Water markets and the food–energy–water nexus in Australia,Actors,Local/National Governments and Municipalities
#550,Water markets and the food–energy–water nexus in Australia,CrossCut,Energy
#550,Water markets and the food–energy–water nexus in Australia,Scaling,No
#550,Water markets and the food–energy–water nexus in Australia,Enablers,Policy design & Implementation
#550,Water markets and the food–energy–water nexus in Australia,Enablers,Finance & Economics
#550,Water markets and the food–energy–water nexus in Australia,Enablers,Behaviour & Lifestyle
#550,Water markets and the food–energy–water nexus in Australia,Enablers,Technology
#550,Water markets and the food–energy–water nexus in Australia,Enablers,Material & Non-material endowments
#550,Water markets and the food–energy–water nexus in Australia,Enablers_CritC5,Alignment with political priorities (#5)
#550,Water markets and the food–energy–water nexus in Australia,Enablers_CritC5,NA
#550,Water markets and the food–energy–water nexus in Australia,Enablers_CritC5,Transformative change potential (#10)
#550,Water markets and the food–energy–water nexus in Australia,Enablers_CritC5,Technical feasibility (#7)
#550,Water markets and the food–energy–water nexus in Australia,Barriers,Policy design & Implementation
#550,Water markets and the food–energy–water nexus in Australia,Barriers,Institutional capacity
#550,Water markets and the food–energy–water nexus in Australia,Barriers,Behaviour & Lifestyle
#550,Water markets and the food–energy–water nexus in Australia,Barriers_CritC5,Alignment with political priorities (#5)
#550,Water markets and the food–energy–water nexus in Australia,Barriers_CritC5,Transformative change potential (#10)
#544,Entangled systems at the energy-water-food nexus: Challenges and opportunities,PaperType,Review
#544,Entangled systems at the energy-water-food nexus: Challenges and opportunities,PaperType,Conceptual/theoretical
#544,Entangled systems at the energy-water-food nexus: Challenges and opportunities,Region,Northern America
#544,Entangled systems at the energy-water-food nexus: Challenges and opportunities,Scale,Subnational >100 km² (watershed)
#544,Entangled systems at the energy-water-food nexus: Challenges and opportunities,Nexus,Food
#544,Entangled systems at the energy-water-food nexus: Challenges and opportunities,Nexus,Water
#544,Entangled systems at the energy-water-food nexus: Challenges and opportunities,NChallenge,Complexity Challenges
#544,Entangled systems at the energy-water-food nexus: Challenges and opportunities,NChallenge,Governance Challenges
#544,Entangled systems at the energy-water-food nexus: Challenges and opportunities,NChallenge,Financing Challenges
#544,Entangled systems at the energy-water-food nexus: Challenges and opportunities,NChallenge,Scaling Challenges
#544,Entangled systems at the energy-water-food nexus: Challenges and opportunities,Gov,Market Governance
#544,Entangled systems at the energy-water-food nexus: Challenges and opportunities,Policy,NA
#544,Entangled systems at the energy-water-food nexus: Challenges and opportunities,Actors,Private Sector and Business Organisations
#544,Entangled systems at the energy-water-food nexus: Challenges and opportunities,Actors,Civil Society and Community-Based Organisations
#544,Entangled systems at the energy-water-food nexus: Challenges and opportunities,Actors,Global/Regional Institutions and Science-Policy Interfaces
#544,Entangled systems at the energy-water-food nexus: Challenges and opportunities,Actors,Local/National Governments and Municipalities
#544,Entangled systems at the energy-water-food nexus: Challenges and opportunities,CrossCut,Energy
#544,Entangled systems at the energy-water-food nexus: Challenges and opportunities,Scaling,Yes
#544,Entangled systems at the energy-water-food nexus: Challenges and opportunities,Enablers,Policy design & Implementation
#544,Entangled systems at the energy-water-food nexus: Challenges and opportunities,Enablers,Equity & Diversity
#544,Entangled systems at the energy-water-food nexus: Challenges and opportunities,Enablers,Institutional capacity
#544,Entangled systems at the energy-water-food nexus: Challenges and opportunities,Enablers,Finance & Economics
#544,Entangled systems at the energy-water-food nexus: Challenges and opportunities,Enablers,Behaviour & Lifestyle
#544,Entangled systems at the energy-water-food nexus: Challenges and opportunities,Enablers,Technology
#544,Entangled systems at the energy-water-food nexus: Challenges and opportunities,Enablers,Material & Non-material endowments
#544,Entangled systems at the energy-water-food nexus: Challenges and opportunities,Enablers_CritC5,Impacts on each nexus element (#3)
#544,Entangled systems at the energy-water-food nexus: Challenges and opportunities,Enablers_CritC5,Equity (#8)
#544,Entangled systems at the energy-water-food nexus: Challenges and opportunities,Enablers_CritC5,Alignment with political priorities (#5)
#544,Entangled systems at the energy-water-food nexus: Challenges and opportunities,Enablers_CritC5,NA
#544,Entangled systems at the energy-water-food nexus: Challenges and opportunities,Enablers_CritC5,Transformative change potential (#10)
#544,Entangled systems at the energy-water-food nexus: Challenges and opportunities,Enablers_CritC5,Economic implications (#6)
#544,Entangled systems at the energy-water-food nexus: Challenges and opportunities,Enablers_CritC5,Technical feasibility (#7)
#544,Entangled systems at the energy-water-food nexus: Challenges and opportunities,Barriers,Policy design & Implementation
#544,Entangled systems at the energy-water-food nexus: Challenges and opportunities,Barriers,Finance & Economics
#544,Entangled systems at the energy-water-food nexus: Challenges and opportunities,Barriers_CritC5,NA
#536,Urban Nexus: An Integrated Approach for the Implementation of the Sustainable Development Goals,PaperType,Review
#536,Urban Nexus: An Integrated Approach for the Implementation of the Sustainable Development Goals,PaperType,Conceptual/theoretical
#536,Urban Nexus: An Integrated Approach for the Implementation of the Sustainable Development Goals,Region,Eastern Asia
#536,Urban Nexus: An Integrated Approach for the Implementation of the Sustainable Development Goals,Region,South-eastern Asia
#536,Urban Nexus: An Integrated Approach for the Implementation of the Sustainable Development Goals,Region,Southern Asia
#536,Urban Nexus: An Integrated Approach for the Implementation of the Sustainable Development Goals,Scale,Local >1 km² to 100 km² (neighbourhood to municipality)
#536,Urban Nexus: An Integrated Approach for the Implementation of the Sustainable Development Goals,Nexus,Food
#536,Urban Nexus: An Integrated Approach for the Implementation of the Sustainable Development Goals,Nexus,Water
#536,Urban Nexus: An Integrated Approach for the Implementation of the Sustainable Development Goals,NChallenge,Complexity Challenges
#536,Urban Nexus: An Integrated Approach for the Implementation of the Sustainable Development Goals,NChallenge,Values Challenges
#536,Urban Nexus: An Integrated Approach for the Implementation of the Sustainable Development Goals,NChallenge,Governance Challenges
#536,Urban Nexus: An Integrated Approach for the Implementation of the Sustainable Development Goals,NChallenge,Financing Challenges
#536,Urban Nexus: An Integrated Approach for the Implementation of the Sustainable Development Goals,Gov,Hierarchical Governance
#536,Urban Nexus: An Integrated Approach for the Implementation of the Sustainable Development Goals,Gov,Market Governance
#536,Urban Nexus: An Integrated Approach for the Implementation of the Sustainable Development Goals,Policy,Legal and Regulatory Instruments
#536,Urban Nexus: An Integrated Approach for the Implementation of the Sustainable Development Goals,Actors,Private Sector and Business Organisations
#536,Urban Nexus: An Integrated Approach for the Implementation of the Sustainable Development Goals,Actors,Civil Society and Community-Based Organisations
#536,Urban Nexus: An Integrated Approach for the Implementation of the Sustainable Development Goals,Actors,Knowledge and Educational Communities
#536,Urban Nexus: An Integrated Approach for the Implementation of the Sustainable Development Goals,Actors,Global/Regional Institutions and Science-Policy Interfaces
#536,Urban Nexus: An Integrated Approach for the Implementation of the Sustainable Development Goals,Actors,Local/National Governments and Municipalities
#536,Urban Nexus: An Integrated Approach for the Implementation of the Sustainable Development Goals,CrossCut,Poverty
#536,Urban Nexus: An Integrated Approach for the Implementation of the Sustainable Development Goals,CrossCut,Economy
#536,Urban Nexus: An Integrated Approach for the Implementation of the Sustainable Development Goals,CrossCut,Land
#536,Urban Nexus: An Integrated Approach for the Implementation of the Sustainable Development Goals,Scaling,No
#536,Urban Nexus: An Integrated Approach for the Implementation of the Sustainable Development Goals,Enablers,Policy design & Implementation
#536,Urban Nexus: An Integrated Approach for the Implementation of the Sustainable Development Goals,Enablers,Institutional capacity
#536,Urban Nexus: An Integrated Approach for the Implementation of the Sustainable Development Goals,Enablers,Finance & Economics
#536,Urban Nexus: An Integrated Approach for the Implementation of the Sustainable Development Goals,Enablers,Behaviour & Lifestyle
#536,Urban Nexus: An Integrated Approach for the Implementation of the Sustainable Development Goals,Enablers,Technology
#536,Urban Nexus: An Integrated Approach for the Implementation of the Sustainable Development Goals,Enablers,Material & Non-material endowments
#536,Urban Nexus: An Integrated Approach for the Implementation of the Sustainable Development Goals,Enablers_CritC5,Impacts on each nexus element (#3)
#536,Urban Nexus: An Integrated Approach for the Implementation of the Sustainable Development Goals,Enablers_CritC5,Social acceptability (#4)
#536,Urban Nexus: An Integrated Approach for the Implementation of the Sustainable Development Goals,Enablers_CritC5,Alignment with political priorities (#5)
#536,Urban Nexus: An Integrated Approach for the Implementation of the Sustainable Development Goals,Enablers_CritC5,Alignment with international frameworks (#9)
#536,Urban Nexus: An Integrated Approach for the Implementation of the Sustainable Development Goals,Enablers_CritC5,NA
#536,Urban Nexus: An Integrated Approach for the Implementation of the Sustainable Development Goals,Enablers_CritC5,Equity (#8)
#536,Urban Nexus: An Integrated Approach for the Implementation of the Sustainable Development Goals,Enablers_CritC5,Transformative change potential (#10)
#536,Urban Nexus: An Integrated Approach for the Implementation of the Sustainable Development Goals,Enablers_CritC5,Economic implications (#6)
#536,Urban Nexus: An Integrated Approach for the Implementation of the Sustainable Development Goals,Enablers_CritC5,Technical feasibility (#7)
#536,Urban Nexus: An Integrated Approach for the Implementation of the Sustainable Development Goals,Barriers,Institutional capacity
#536,Urban Nexus: An Integrated Approach for the Implementation of the Sustainable Development Goals,Barriers,Behaviour & Lifestyle
#536,Urban Nexus: An Integrated Approach for the Implementation of the Sustainable Development Goals,Barriers_CritC5,Equity (#8)
#536,Urban Nexus: An Integrated Approach for the Implementation of the Sustainable Development Goals,Barriers_CritC5,Transformative change potential (#10)
#534,"The water-energy-food nexus: Trade-offs, thresholds and transdisciplinary approaches to sustainable development",PaperType,Conceptual/theoretical
#534,"The water-energy-food nexus: Trade-offs, thresholds and transdisciplinary approaches to sustainable development",PaperType,Empirical
#534,"The water-energy-food nexus: Trade-offs, thresholds and transdisciplinary approaches to sustainable development",Region,Not applicable (no specific spatial location)
#534,"The water-energy-food nexus: Trade-offs, thresholds and transdisciplinary approaches to sustainable development",Scale,Not applicable (no specific spatial location)
#534,"The water-energy-food nexus: Trade-offs, thresholds and transdisciplinary approaches to sustainable development",Nexus,Climate change
#534,"The water-energy-food nexus: Trade-offs, thresholds and transdisciplinary approaches to sustainable development",Nexus,Water
#534,"The water-energy-food nexus: Trade-offs, thresholds and transdisciplinary approaches to sustainable development",NChallenge,Complexity Challenges
#534,"The water-energy-food nexus: Trade-offs, thresholds and transdisciplinary approaches to sustainable development",NChallenge,Values Challenges
#534,"The water-energy-food nexus: Trade-offs, thresholds and transdisciplinary approaches to sustainable development",NChallenge,Governance Challenges
#534,"The water-energy-food nexus: Trade-offs, thresholds and transdisciplinary approaches to sustainable development",NChallenge,Scaling Challenges
#534,"The water-energy-food nexus: Trade-offs, thresholds and transdisciplinary approaches to sustainable development",Gov,Hierarchical Governance
#534,"The water-energy-food nexus: Trade-offs, thresholds and transdisciplinary approaches to sustainable development",Policy,Legal and Regulatory Instruments
#534,"The water-energy-food nexus: Trade-offs, thresholds and transdisciplinary approaches to sustainable development",Actors,Global/Regional Institutions and Science-Policy Interfaces
#534,"The water-energy-food nexus: Trade-offs, thresholds and transdisciplinary approaches to sustainable development",Actors,Local/National Governments and Municipalities
#534,"The water-energy-food nexus: Trade-offs, thresholds and transdisciplinary approaches to sustainable development",CrossCut,NA
#534,"The water-energy-food nexus: Trade-offs, thresholds and transdisciplinary approaches to sustainable development",Scaling,NA
#534,"The water-energy-food nexus: Trade-offs, thresholds and transdisciplinary approaches to sustainable development",Enablers,Finance & Economics
#534,"The water-energy-food nexus: Trade-offs, thresholds and transdisciplinary approaches to sustainable development",Enablers_CritC5,NA
#534,"The water-energy-food nexus: Trade-offs, thresholds and transdisciplinary approaches to sustainable development",Barriers,Policy design & Implementation
#534,"The water-energy-food nexus: Trade-offs, thresholds and transdisciplinary approaches to sustainable development",Barriers,Equity & Diversity
#534,"The water-energy-food nexus: Trade-offs, thresholds and transdisciplinary approaches to sustainable development",Barriers,Institutional capacity
#534,"The water-energy-food nexus: Trade-offs, thresholds and transdisciplinary approaches to sustainable development",Barriers,Finance & Economics
#534,"The water-energy-food nexus: Trade-offs, thresholds and transdisciplinary approaches to sustainable development",Barriers,Material & Non-material endowments
#534,"The water-energy-food nexus: Trade-offs, thresholds and transdisciplinary approaches to sustainable development",Barriers_CritC5,Impacts on each nexus element (#3)
#534,"The water-energy-food nexus: Trade-offs, thresholds and transdisciplinary approaches to sustainable development",Barriers_CritC5,NA
#534,"The water-energy-food nexus: Trade-offs, thresholds and transdisciplinary approaches to sustainable development",Barriers_CritC5,Geographic scale (#1)
#534,"The water-energy-food nexus: Trade-offs, thresholds and transdisciplinary approaches to sustainable development",Barriers_CritC5,Transformative change potential (#10)
#534,"The water-energy-food nexus: Trade-offs, thresholds and transdisciplinary approaches to sustainable development",Barriers_CritC5,Equity (#8)
#534,"The water-energy-food nexus: Trade-offs, thresholds and transdisciplinary approaches to sustainable development",Barriers_CritC5,Economic implications (#6)
#528,"Living with insecurity: Food security, resilience, and the world food programme (WFP)",PaperType,Opinion
#528,"Living with insecurity: Food security, resilience, and the world food programme (WFP)",Region,Sub-Saharan Africa
#528,"Living with insecurity: Food security, resilience, and the world food programme (WFP)",Scale,Multi-regional (multiple continents/geographic regions)
#528,"Living with insecurity: Food security, resilience, and the world food programme (WFP)",Nexus,Health
#528,"Living with insecurity: Food security, resilience, and the world food programme (WFP)",Nexus,Food
#528,"Living with insecurity: Food security, resilience, and the world food programme (WFP)",NChallenge,Governance Challenges
#528,"Living with insecurity: Food security, resilience, and the world food programme (WFP)",Gov,NA
#528,"Living with insecurity: Food security, resilience, and the world food programme (WFP)",Policy,NA
#528,"Living with insecurity: Food security, resilience, and the world food programme (WFP)",Actors,Private Sector and Business Organisations
#528,"Living with insecurity: Food security, resilience, and the world food programme (WFP)",Actors,Financial Institutions
#528,"Living with insecurity: Food security, resilience, and the world food programme (WFP)",Actors,IPLCs
#528,"Living with insecurity: Food security, resilience, and the world food programme (WFP)",Actors,Global/Regional Institutions and Science-Policy Interfaces
#528,"Living with insecurity: Food security, resilience, and the world food programme (WFP)",CrossCut,Poverty
#528,"Living with insecurity: Food security, resilience, and the world food programme (WFP)",CrossCut,Security
#528,"Living with insecurity: Food security, resilience, and the world food programme (WFP)",Scaling,No
#528,"Living with insecurity: Food security, resilience, and the world food programme (WFP)",Enablers,Institutional capacity
#528,"Living with insecurity: Food security, resilience, and the world food programme (WFP)",Enablers,Finance & Economics
#528,"Living with insecurity: Food security, resilience, and the world food programme (WFP)",Enablers,Behaviour & Lifestyle
#528,"Living with insecurity: Food security, resilience, and the world food programme (WFP)",Enablers_CritC5,Equity (#8)
#528,"Living with insecurity: Food security, resilience, and the world food programme (WFP)",Enablers_CritC5,NA
#528,"Living with insecurity: Food security, resilience, and the world food programme (WFP)",Enablers_CritC5,Transformative change potential (#10)
#528,"Living with insecurity: Food security, resilience, and the world food programme (WFP)",Barriers,Policy design & Implementation
#528,"Living with insecurity: Food security, resilience, and the world food programme (WFP)",Barriers,Finance & Economics
#528,"Living with insecurity: Food security, resilience, and the world food programme (WFP)",Barriers_CritC5,Alignment with international frameworks (#9)
#528,"Living with insecurity: Food security, resilience, and the world food programme (WFP)",Barriers_CritC5,NA
#525,The intersection of food security and biodiversity conservation: a review,PaperType,Review
#525,The intersection of food security and biodiversity conservation: a review,Region,Not applicable (no specific spatial location)
#525,The intersection of food security and biodiversity conservation: a review,Scale,Not applicable (no specific spatial location)
#525,The intersection of food security and biodiversity conservation: a review,Nexus,Biodiversity
#525,The intersection of food security and biodiversity conservation: a review,Nexus,Food
#525,The intersection of food security and biodiversity conservation: a review,NChallenge,Complexity Challenges
#525,The intersection of food security and biodiversity conservation: a review,Gov,NA
#525,The intersection of food security and biodiversity conservation: a review,Policy,NA
#525,The intersection of food security and biodiversity conservation: a review,Actors,NA
#525,The intersection of food security and biodiversity conservation: a review,CrossCut,NA
#525,The intersection of food security and biodiversity conservation: a review,Scaling,NA
#525,The intersection of food security and biodiversity conservation: a review,Barriers,Policy design & Implementation
#525,The intersection of food security and biodiversity conservation: a review,Barriers,Material & Non-material endowments
#525,The intersection of food security and biodiversity conservation: a review,Barriers_CritC5,Impacts on each nexus element (#3)
#525,The intersection of food security and biodiversity conservation: a review,Barriers_CritC5,NA
#524,"Unfolding livelihood aspects of the Water–Energy–Food Nexus in the Dampalit Watershed, Philippines",PaperType,Empirical
#524,"Unfolding livelihood aspects of the Water–Energy–Food Nexus in the Dampalit Watershed, Philippines",Region,South-eastern Asia
#524,"Unfolding livelihood aspects of the Water–Energy–Food Nexus in the Dampalit Watershed, Philippines",Scale,Subnational >100 km² (watershed)
#524,"Unfolding livelihood aspects of the Water–Energy–Food Nexus in the Dampalit Watershed, Philippines",Nexus,Food
#524,"Unfolding livelihood aspects of the Water–Energy–Food Nexus in the Dampalit Watershed, Philippines",Nexus,Water
#524,"Unfolding livelihood aspects of the Water–Energy–Food Nexus in the Dampalit Watershed, Philippines",NChallenge,Governance Challenges
#524,"Unfolding livelihood aspects of the Water–Energy–Food Nexus in the Dampalit Watershed, Philippines",Gov,Integrative Governance
#524,"Unfolding livelihood aspects of the Water–Energy–Food Nexus in the Dampalit Watershed, Philippines",Policy,Legal and Regulatory Instruments
#524,"Unfolding livelihood aspects of the Water–Energy–Food Nexus in the Dampalit Watershed, Philippines",Actors,Private Sector and Business Organisations
#524,"Unfolding livelihood aspects of the Water–Energy–Food Nexus in the Dampalit Watershed, Philippines",Actors,Civil Society and Community-Based Organisations
#524,"Unfolding livelihood aspects of the Water–Energy–Food Nexus in the Dampalit Watershed, Philippines",Actors,Civil Society and Community-Based Organisations
#524,"Unfolding livelihood aspects of the Water–Energy–Food Nexus in the Dampalit Watershed, Philippines",Actors,Local/National Governments and Municipalities
#524,"Unfolding livelihood aspects of the Water–Energy–Food Nexus in the Dampalit Watershed, Philippines",CrossCut,Energy
#524,"Unfolding livelihood aspects of the Water–Energy–Food Nexus in the Dampalit Watershed, Philippines",Scaling,No
#524,"Unfolding livelihood aspects of the Water–Energy–Food Nexus in the Dampalit Watershed, Philippines",Enablers,Policy design & Implementation
#524,"Unfolding livelihood aspects of the Water–Energy–Food Nexus in the Dampalit Watershed, Philippines",Enablers,Institutional capacity
#524,"Unfolding livelihood aspects of the Water–Energy–Food Nexus in the Dampalit Watershed, Philippines",Enablers_CritC5,Impacts on each nexus element (#3)
#524,"Unfolding livelihood aspects of the Water–Energy–Food Nexus in the Dampalit Watershed, Philippines",Enablers_CritC5,Geographic scale (#1)
#524,"Unfolding livelihood aspects of the Water–Energy–Food Nexus in the Dampalit Watershed, Philippines",Enablers_CritC5,Equity (#8)
#523,"Regulating the water-energy-food nexus: Interdependencies, transaction costs and procedural justice",PaperType,Empirical
#523,"Regulating the water-energy-food nexus: Interdependencies, transaction costs and procedural justice",Region,Northern Europe
#523,"Regulating the water-energy-food nexus: Interdependencies, transaction costs and procedural justice",Scale,Subnational >100 km² (watershed)
#523,"Regulating the water-energy-food nexus: Interdependencies, transaction costs and procedural justice",Nexus,Food
#523,"Regulating the water-energy-food nexus: Interdependencies, transaction costs and procedural justice",Nexus,Water
#523,"Regulating the water-energy-food nexus: Interdependencies, transaction costs and procedural justice",NChallenge,Complexity Challenges
#523,"Regulating the water-energy-food nexus: Interdependencies, transaction costs and procedural justice",NChallenge,Values Challenges
#523,"Regulating the water-energy-food nexus: Interdependencies, transaction costs and procedural justice",NChallenge,Governance Challenges
#523,"Regulating the water-energy-food nexus: Interdependencies, transaction costs and procedural justice",Gov,Hierarchical Governance
#523,"Regulating the water-energy-food nexus: Interdependencies, transaction costs and procedural justice",Gov,Community Governance
#523,"Regulating the water-energy-food nexus: Interdependencies, transaction costs and procedural justice",Gov,Decentralised Governance
#523,"Regulating the water-energy-food nexus: Interdependencies, transaction costs and procedural justice",Policy,Legal and Regulatory Instruments
#523,"Regulating the water-energy-food nexus: Interdependencies, transaction costs and procedural justice",Policy,Social and Cultural Instruments
#523,"Regulating the water-energy-food nexus: Interdependencies, transaction costs and procedural justice",Actors,Private Sector and Business Organisations
#523,"Regulating the water-energy-food nexus: Interdependencies, transaction costs and procedural justice",Actors,Civil Society and Community-Based Organisations
#523,"Regulating the water-energy-food nexus: Interdependencies, transaction costs and procedural justice",Actors,Global/Regional Institutions and Science-Policy Interfaces
#523,"Regulating the water-energy-food nexus: Interdependencies, transaction costs and procedural justice",Actors,Local/National Governments and Municipalities
#523,"Regulating the water-energy-food nexus: Interdependencies, transaction costs and procedural justice",CrossCut,Equity
#523,"Regulating the water-energy-food nexus: Interdependencies, transaction costs and procedural justice",CrossCut,Energy
#523,"Regulating the water-energy-food nexus: Interdependencies, transaction costs and procedural justice",CrossCut,Justice
#523,"Regulating the water-energy-food nexus: Interdependencies, transaction costs and procedural justice",Scaling,No
#523,"Regulating the water-energy-food nexus: Interdependencies, transaction costs and procedural justice",Barriers,Finance & Economics
#523,"Regulating the water-energy-food nexus: Interdependencies, transaction costs and procedural justice",Barriers_CritC5,Economic implications (#6)
#520,Closing the governance gaps in the water-energy-food nexus: Insights from integrative governance,PaperType,Review
#520,Closing the governance gaps in the water-energy-food nexus: Insights from integrative governance,Region,Not applicable (no specific spatial location)
#520,Closing the governance gaps in the water-energy-food nexus: Insights from integrative governance,Scale,Not applicable (no specific spatial location)
#520,Closing the governance gaps in the water-energy-food nexus: Insights from integrative governance,Nexus,Food
#520,Closing the governance gaps in the water-energy-food nexus: Insights from integrative governance,Nexus,Water
#520,Closing the governance gaps in the water-energy-food nexus: Insights from integrative governance,NChallenge,Complexity Challenges
#520,Closing the governance gaps in the water-energy-food nexus: Insights from integrative governance,NChallenge,Values Challenges
#520,Closing the governance gaps in the water-energy-food nexus: Insights from integrative governance,NChallenge,Governance Challenges
#520,Closing the governance gaps in the water-energy-food nexus: Insights from integrative governance,Gov,Adaptive Governance
#520,Closing the governance gaps in the water-energy-food nexus: Insights from integrative governance,Gov,Integrative Governance
#520,Closing the governance gaps in the water-energy-food nexus: Insights from integrative governance,Policy,Legal and Regulatory Instruments
#520,Closing the governance gaps in the water-energy-food nexus: Insights from integrative governance,Policy,Economic and Financial Instruments
#520,Closing the governance gaps in the water-energy-food nexus: Insights from integrative governance,Policy,Social and Cultural Instruments
#520,Closing the governance gaps in the water-energy-food nexus: Insights from integrative governance,Actors,NA
#520,Closing the governance gaps in the water-energy-food nexus: Insights from integrative governance,CrossCut,Energy
#520,Closing the governance gaps in the water-energy-food nexus: Insights from integrative governance,Scaling,No
#520,Closing the governance gaps in the water-energy-food nexus: Insights from integrative governance,Enablers,Policy design & Implementation
#520,Closing the governance gaps in the water-energy-food nexus: Insights from integrative governance,Enablers,Institutional capacity
#520,Closing the governance gaps in the water-energy-food nexus: Insights from integrative governance,Enablers_CritC5,Alignment with political priorities (#5)
#520,Closing the governance gaps in the water-energy-food nexus: Insights from integrative governance,Enablers_CritC5,NA
#520,Closing the governance gaps in the water-energy-food nexus: Insights from integrative governance,Enablers_CritC5,Equity (#8)
#520,Closing the governance gaps in the water-energy-food nexus: Insights from integrative governance,Enablers_CritC5,Transformative change potential (#10)
#520,Closing the governance gaps in the water-energy-food nexus: Insights from integrative governance,Barriers,Policy design & Implementation
#520,Closing the governance gaps in the water-energy-food nexus: Insights from integrative governance,Barriers,Institutional capacity
#520,Closing the governance gaps in the water-energy-food nexus: Insights from integrative governance,Barriers,Finance & Economics
#520,Closing the governance gaps in the water-energy-food nexus: Insights from integrative governance,Barriers,Behaviour & Lifestyle
#520,Closing the governance gaps in the water-energy-food nexus: Insights from integrative governance,Barriers,Material & Non-material endowments
#520,Closing the governance gaps in the water-energy-food nexus: Insights from integrative governance,Barriers_CritC5,Impacts on each nexus element (#3)
#520,Closing the governance gaps in the water-energy-food nexus: Insights from integrative governance,Barriers_CritC5,Alignment with political priorities (#5)
#520,Closing the governance gaps in the water-energy-food nexus: Insights from integrative governance,Barriers_CritC5,NA
#520,Closing the governance gaps in the water-energy-food nexus: Insights from integrative governance,Barriers_CritC5,Geographic scale (#1)
#520,Closing the governance gaps in the water-energy-food nexus: Insights from integrative governance,Barriers_CritC5,Equity (#8)
#520,Closing the governance gaps in the water-energy-food nexus: Insights from integrative governance,Barriers_CritC5,Transformative change potential (#10)
#517,Opportunities for knowledge co-production across the energy-food-water nexus: Making interdisciplinary approaches work for better climate decision making,PaperType,Empirical
#517,Opportunities for knowledge co-production across the energy-food-water nexus: Making interdisciplinary approaches work for better climate decision making,Region,Northern Europe
#517,Opportunities for knowledge co-production across the energy-food-water nexus: Making interdisciplinary approaches work for better climate decision making,Scale,National (whole country)
#517,Opportunities for knowledge co-production across the energy-food-water nexus: Making interdisciplinary approaches work for better climate decision making,Nexus,Food
#517,Opportunities for knowledge co-production across the energy-food-water nexus: Making interdisciplinary approaches work for better climate decision making,Nexus,Water
#517,Opportunities for knowledge co-production across the energy-food-water nexus: Making interdisciplinary approaches work for better climate decision making,NChallenge,Complexity Challenges
#517,Opportunities for knowledge co-production across the energy-food-water nexus: Making interdisciplinary approaches work for better climate decision making,NChallenge,Values Challenges
#517,Opportunities for knowledge co-production across the energy-food-water nexus: Making interdisciplinary approaches work for better climate decision making,NChallenge,Governance Challenges
#517,Opportunities for knowledge co-production across the energy-food-water nexus: Making interdisciplinary approaches work for better climate decision making,NChallenge,Financing Challenges
#517,Opportunities for knowledge co-production across the energy-food-water nexus: Making interdisciplinary approaches work for better climate decision making,Gov,Multi-level Governance
#517,Opportunities for knowledge co-production across the energy-food-water nexus: Making interdisciplinary approaches work for better climate decision making,Policy,NA
#517,Opportunities for knowledge co-production across the energy-food-water nexus: Making interdisciplinary approaches work for better climate decision making,Actors,Private Sector and Business Organisations
#517,Opportunities for knowledge co-production across the energy-food-water nexus: Making interdisciplinary approaches work for better climate decision making,Actors,Media and the Arts
#517,Opportunities for knowledge co-production across the energy-food-water nexus: Making interdisciplinary approaches work for better climate decision making,Actors,Financial Institutions
#517,Opportunities for knowledge co-production across the energy-food-water nexus: Making interdisciplinary approaches work for better climate decision making,Actors,Knowledge and Educational Communities
#517,Opportunities for knowledge co-production across the energy-food-water nexus: Making interdisciplinary approaches work for better climate decision making,Actors,Civil Society and Community-Based Organisations
#517,Opportunities for knowledge co-production across the energy-food-water nexus: Making interdisciplinary approaches work for better climate decision making,Actors,Global/Regional Institutions and Science-Policy Interfaces
#517,Opportunities for knowledge co-production across the energy-food-water nexus: Making interdisciplinary approaches work for better climate decision making,Actors,Global/Regional Institutions and Science-Policy Interfaces
#517,Opportunities for knowledge co-production across the energy-food-water nexus: Making interdisciplinary approaches work for better climate decision making,Actors,Local/National Governments and Municipalities
#517,Opportunities for knowledge co-production across the energy-food-water nexus: Making interdisciplinary approaches work for better climate decision making,CrossCut,Energy
#517,Opportunities for knowledge co-production across the energy-food-water nexus: Making interdisciplinary approaches work for better climate decision making,Scaling,No
#517,Opportunities for knowledge co-production across the energy-food-water nexus: Making interdisciplinary approaches work for better climate decision making,Enablers,Policy design & Implementation
#517,Opportunities for knowledge co-production across the energy-food-water nexus: Making interdisciplinary approaches work for better climate decision making,Enablers,Institutional capacity
#517,Opportunities for knowledge co-production across the energy-food-water nexus: Making interdisciplinary approaches work for better climate decision making,Enablers,Finance & Economics
#517,Opportunities for knowledge co-production across the energy-food-water nexus: Making interdisciplinary approaches work for better climate decision making,Enablers,Behaviour & Lifestyle
#517,Opportunities for knowledge co-production across the energy-food-water nexus: Making interdisciplinary approaches work for better climate decision making,Enablers,Technology
#517,Opportunities for knowledge co-production across the energy-food-water nexus: Making interdisciplinary approaches work for better climate decision making,Enablers,Material & Non-material endowments
#517,Opportunities for knowledge co-production across the energy-food-water nexus: Making interdisciplinary approaches work for better climate decision making,Enablers_CritC5,Impacts on each nexus element (#3)
#517,Opportunities for knowledge co-production across the energy-food-water nexus: Making interdisciplinary approaches work for better climate decision making,Enablers_CritC5,Social acceptability (#4)
#517,Opportunities for knowledge co-production across the energy-food-water nexus: Making interdisciplinary approaches work for better climate decision making,Enablers_CritC5,Alignment with political priorities (#5)
#517,Opportunities for knowledge co-production across the energy-food-water nexus: Making interdisciplinary approaches work for better climate decision making,Enablers_CritC5,Alignment with international frameworks (#9)
#517,Opportunities for knowledge co-production across the energy-food-water nexus: Making interdisciplinary approaches work for better climate decision making,Enablers_CritC5,NA
#517,Opportunities for knowledge co-production across the energy-food-water nexus: Making interdisciplinary approaches work for better climate decision making,Enablers_CritC5,Geographic scale (#1)
#517,Opportunities for knowledge co-production across the energy-food-water nexus: Making interdisciplinary approaches work for better climate decision making,Enablers_CritC5,Temporal scale (#2)
#517,Opportunities for knowledge co-production across the energy-food-water nexus: Making interdisciplinary approaches work for better climate decision making,Enablers_CritC5,Equity (#8)
#517,Opportunities for knowledge co-production across the energy-food-water nexus: Making interdisciplinary approaches work for better climate decision making,Enablers_CritC5,Transformative change potential (#10)
#517,Opportunities for knowledge co-production across the energy-food-water nexus: Making interdisciplinary approaches work for better climate decision making,Enablers_CritC5,Economic implications (#6)
#517,Opportunities for knowledge co-production across the energy-food-water nexus: Making interdisciplinary approaches work for better climate decision making,Barriers,Institutional capacity
#517,Opportunities for knowledge co-production across the energy-food-water nexus: Making interdisciplinary approaches work for better climate decision making,Barriers,Finance & Economics
#517,Opportunities for knowledge co-production across the energy-food-water nexus: Making interdisciplinary approaches work for better climate decision making,Barriers_CritC5,NA
#517,Opportunities for knowledge co-production across the energy-food-water nexus: Making interdisciplinary approaches work for better climate decision making,Barriers_CritC5,Economic implications (#6)
#510,Examining the food–energy–water and conflict nexus,PaperType,Opinion
#510,Examining the food–energy–water and conflict nexus,Region,Not applicable (no specific spatial location)
#510,Examining the food–energy–water and conflict nexus,Scale,Not applicable (no specific spatial location)
#510,Examining the food–energy–water and conflict nexus,Nexus,Food
#510,Examining the food–energy–water and conflict nexus,Nexus,Water
#510,Examining the food–energy–water and conflict nexus,NChallenge,NA
#510,Examining the food–energy–water and conflict nexus,Gov,Multi-lateral Governance
#510,Examining the food–energy–water and conflict nexus,Policy,Legal and Regulatory Instruments
#510,Examining the food–energy–water and conflict nexus,Actors,NA
#510,Examining the food–energy–water and conflict nexus,CrossCut,Energy
#510,Examining the food–energy–water and conflict nexus,CrossCut,Politics and Democracy
#510,Examining the food–energy–water and conflict nexus,Scaling,NA
#510,Examining the food–energy–water and conflict nexus,Barriers,Policy design & Implementation
#510,Examining the food–energy–water and conflict nexus,Barriers,Institutional capacity
#510,Examining the food–energy–water and conflict nexus,Barriers_CritC5,Impacts on each nexus element (#3)
#510,Examining the food–energy–water and conflict nexus,Barriers_CritC5,NA
#510,Examining the food–energy–water and conflict nexus,Barriers_CritC5,Transformative change potential (#10)
#508,The water-energy-food nexus: An integration agenda and implications for urban governance,PaperType,Perspective
#508,The water-energy-food nexus: An integration agenda and implications for urban governance,Region,Not applicable (no specific spatial location)
#508,The water-energy-food nexus: An integration agenda and implications for urban governance,Scale,Not applicable (no specific spatial location)
#508,The water-energy-food nexus: An integration agenda and implications for urban governance,Nexus,Food
#508,The water-energy-food nexus: An integration agenda and implications for urban governance,Nexus,Water
#508,The water-energy-food nexus: An integration agenda and implications for urban governance,NChallenge,Complexity Challenges
#508,The water-energy-food nexus: An integration agenda and implications for urban governance,NChallenge,Governance Challenges
#508,The water-energy-food nexus: An integration agenda and implications for urban governance,Gov,NA
#508,The water-energy-food nexus: An integration agenda and implications for urban governance,Policy,Legal and Regulatory Instruments
#508,The water-energy-food nexus: An integration agenda and implications for urban governance,Policy,Economic and Financial Instruments
#508,The water-energy-food nexus: An integration agenda and implications for urban governance,Actors,Private Sector and Business Organisations
#508,The water-energy-food nexus: An integration agenda and implications for urban governance,Actors,Civil Society and Community-Based Organisations
#508,The water-energy-food nexus: An integration agenda and implications for urban governance,Actors,Knowledge and Educational Communities
#508,The water-energy-food nexus: An integration agenda and implications for urban governance,Actors,Local/National Governments and Municipalities
#508,The water-energy-food nexus: An integration agenda and implications for urban governance,CrossCut,Energy
#508,The water-energy-food nexus: An integration agenda and implications for urban governance,Scaling,No
#508,The water-energy-food nexus: An integration agenda and implications for urban governance,Barriers,Behaviour & Lifestyle
#508,The water-energy-food nexus: An integration agenda and implications for urban governance,Barriers_CritC5,Transformative change potential (#10)
#504,Rethinking water governance: Moving beyond water-centric perspectives in a connected and changing world,PaperType,Review
#504,Rethinking water governance: Moving beyond water-centric perspectives in a connected and changing world,PaperType,Perspective
#504,Rethinking water governance: Moving beyond water-centric perspectives in a connected and changing world,Region,Not applicable (no specific spatial location)
#504,Rethinking water governance: Moving beyond water-centric perspectives in a connected and changing world,Scale,Not applicable (no specific spatial location)
#504,Rethinking water governance: Moving beyond water-centric perspectives in a connected and changing world,Nexus,Food
#504,Rethinking water governance: Moving beyond water-centric perspectives in a connected and changing world,Nexus,Water
#504,Rethinking water governance: Moving beyond water-centric perspectives in a connected and changing world,NChallenge,Governance Challenges
#504,Rethinking water governance: Moving beyond water-centric perspectives in a connected and changing world,Gov,Hierarchical Governance
#504,Rethinking water governance: Moving beyond water-centric perspectives in a connected and changing world,Gov,Network Governance
#504,Rethinking water governance: Moving beyond water-centric perspectives in a connected and changing world,Gov,Adaptive Governance
#504,Rethinking water governance: Moving beyond water-centric perspectives in a connected and changing world,Gov,Polycentric Governance
#504,Rethinking water governance: Moving beyond water-centric perspectives in a connected and changing world,Gov,Multi-level Governance
#504,Rethinking water governance: Moving beyond water-centric perspectives in a connected and changing world,Policy,Legal and Regulatory Instruments
#504,Rethinking water governance: Moving beyond water-centric perspectives in a connected and changing world,Policy,Economic and Financial Instruments
#504,Rethinking water governance: Moving beyond water-centric perspectives in a connected and changing world,Policy,Social and Cultural Instruments
#504,Rethinking water governance: Moving beyond water-centric perspectives in a connected and changing world,Actors,Private Sector and Business Organisations
#504,Rethinking water governance: Moving beyond water-centric perspectives in a connected and changing world,Actors,Financial Institutions
#504,Rethinking water governance: Moving beyond water-centric perspectives in a connected and changing world,Actors,Civil Society and Community-Based Organisations
#504,Rethinking water governance: Moving beyond water-centric perspectives in a connected and changing world,Actors,Knowledge and Educational Communities
#504,Rethinking water governance: Moving beyond water-centric perspectives in a connected and changing world,Actors,Civil Society and Community-Based Organisations
#504,Rethinking water governance: Moving beyond water-centric perspectives in a connected and changing world,Actors,Global/Regional Institutions and Science-Policy Interfaces
#504,Rethinking water governance: Moving beyond water-centric perspectives in a connected and changing world,Actors,Global/Regional Institutions and Science-Policy Interfaces
#504,Rethinking water governance: Moving beyond water-centric perspectives in a connected and changing world,Actors,Local/National Governments and Municipalities
#504,Rethinking water governance: Moving beyond water-centric perspectives in a connected and changing world,CrossCut,Equity
#504,Rethinking water governance: Moving beyond water-centric perspectives in a connected and changing world,CrossCut,Poverty
#504,Rethinking water governance: Moving beyond water-centric perspectives in a connected and changing world,CrossCut,Economy
#504,Rethinking water governance: Moving beyond water-centric perspectives in a connected and changing world,CrossCut,ILK
#504,Rethinking water governance: Moving beyond water-centric perspectives in a connected and changing world,CrossCut,Energy
#504,Rethinking water governance: Moving beyond water-centric perspectives in a connected and changing world,Scaling,No
#504,Rethinking water governance: Moving beyond water-centric perspectives in a connected and changing world,Enablers,Policy design & Implementation
#504,Rethinking water governance: Moving beyond water-centric perspectives in a connected and changing world,Enablers,Institutional capacity
#504,Rethinking water governance: Moving beyond water-centric perspectives in a connected and changing world,Enablers,Behaviour & Lifestyle
#504,Rethinking water governance: Moving beyond water-centric perspectives in a connected and changing world,Enablers_CritC5,NA
#504,Rethinking water governance: Moving beyond water-centric perspectives in a connected and changing world,Enablers_CritC5,Social acceptability (#4)
#504,Rethinking water governance: Moving beyond water-centric perspectives in a connected and changing world,Enablers_CritC5,Geographic scale (#1)
#504,Rethinking water governance: Moving beyond water-centric perspectives in a connected and changing world,Enablers_CritC5,Temporal scale (#2)
#504,Rethinking water governance: Moving beyond water-centric perspectives in a connected and changing world,Enablers_CritC5,Equity (#8)
#504,Rethinking water governance: Moving beyond water-centric perspectives in a connected and changing world,Enablers_CritC5,Transformative change potential (#10)
#504,Rethinking water governance: Moving beyond water-centric perspectives in a connected and changing world,Barriers,Policy design & Implementation
#504,Rethinking water governance: Moving beyond water-centric perspectives in a connected and changing world,Barriers,Institutional capacity
#504,Rethinking water governance: Moving beyond water-centric perspectives in a connected and changing world,Barriers,Finance & Economics
#504,Rethinking water governance: Moving beyond water-centric perspectives in a connected and changing world,Barriers,Behaviour & Lifestyle
#504,Rethinking water governance: Moving beyond water-centric perspectives in a connected and changing world,Barriers_CritC5,Impacts on each nexus element (#3)
#504,Rethinking water governance: Moving beyond water-centric perspectives in a connected and changing world,Barriers_CritC5,NA
#504,Rethinking water governance: Moving beyond water-centric perspectives in a connected and changing world,Barriers_CritC5,Equity (#8)
#504,Rethinking water governance: Moving beyond water-centric perspectives in a connected and changing world,Barriers_CritC5,Transformative change potential (#10)
#504,Rethinking water governance: Moving beyond water-centric perspectives in a connected and changing world,Barriers_CritC5,Economic implications (#6)
#501,Women's agency in water governance: Lessons from the water and health nexus in Armenia and Ukraine,PaperType,Perspective
#501,Women's agency in water governance: Lessons from the water and health nexus in Armenia and Ukraine,Region,Western Asia
#501,Women's agency in water governance: Lessons from the water and health nexus in Armenia and Ukraine,Region,Eastern Europe
#501,Women's agency in water governance: Lessons from the water and health nexus in Armenia and Ukraine,Scale,National (whole country)
#501,Women's agency in water governance: Lessons from the water and health nexus in Armenia and Ukraine,Nexus,Health
#501,Women's agency in water governance: Lessons from the water and health nexus in Armenia and Ukraine,Nexus,Water
#501,Women's agency in water governance: Lessons from the water and health nexus in Armenia and Ukraine,NChallenge,Governance Challenges
#501,Women's agency in water governance: Lessons from the water and health nexus in Armenia and Ukraine,NChallenge,Financing Challenges
#501,Women's agency in water governance: Lessons from the water and health nexus in Armenia and Ukraine,Gov,Community Governance
#501,Women's agency in water governance: Lessons from the water and health nexus in Armenia and Ukraine,Gov,Participatory Governance
#501,Women's agency in water governance: Lessons from the water and health nexus in Armenia and Ukraine,Policy,Legal and Regulatory Instruments
#501,Women's agency in water governance: Lessons from the water and health nexus in Armenia and Ukraine,Policy,Rights-Based Instruments and Customary Norms
#501,Women's agency in water governance: Lessons from the water and health nexus in Armenia and Ukraine,Actors,Private Sector and Business Organisations
#501,Women's agency in water governance: Lessons from the water and health nexus in Armenia and Ukraine,Actors,Civil Society and Community-Based Organisations
#501,Women's agency in water governance: Lessons from the water and health nexus in Armenia and Ukraine,Actors,Civil Society and Community-Based Organisations
#501,Women's agency in water governance: Lessons from the water and health nexus in Armenia and Ukraine,Actors,Global/Regional Institutions and Science-Policy Interfaces
#501,Women's agency in water governance: Lessons from the water and health nexus in Armenia and Ukraine,Actors,Local/National Governments and Municipalities
#501,Women's agency in water governance: Lessons from the water and health nexus in Armenia and Ukraine,CrossCut,Equity
#501,Women's agency in water governance: Lessons from the water and health nexus in Armenia and Ukraine,CrossCut,Gender
#501,Women's agency in water governance: Lessons from the water and health nexus in Armenia and Ukraine,Scaling,Yes
#501,Women's agency in water governance: Lessons from the water and health nexus in Armenia and Ukraine,Enablers,Material & Non-material endowments
#501,Women's agency in water governance: Lessons from the water and health nexus in Armenia and Ukraine,Enablers_CritC5,NA
#501,Women's agency in water governance: Lessons from the water and health nexus in Armenia and Ukraine,Barriers,Institutional capacity
#501,Women's agency in water governance: Lessons from the water and health nexus in Armenia and Ukraine,Barriers,Finance & Economics
#501,Women's agency in water governance: Lessons from the water and health nexus in Armenia and Ukraine,Barriers,Behaviour & Lifestyle
#501,Women's agency in water governance: Lessons from the water and health nexus in Armenia and Ukraine,Barriers,Material & Non-material endowments
#501,Women's agency in water governance: Lessons from the water and health nexus in Armenia and Ukraine,Barriers_CritC5,Equity (#8)
#501,Women's agency in water governance: Lessons from the water and health nexus in Armenia and Ukraine,Barriers_CritC5,Transformative change potential (#10)
#501,Women's agency in water governance: Lessons from the water and health nexus in Armenia and Ukraine,Barriers_CritC5,NA
#498,"Cities and “budget-based” management of the energy-water-climate nexus: Case studies in transportation policy, infrastructure systems, and urban utility risk management",PaperType,Review
#498,"Cities and “budget-based” management of the energy-water-climate nexus: Case studies in transportation policy, infrastructure systems, and urban utility risk management",Region,Northern America
#498,"Cities and “budget-based” management of the energy-water-climate nexus: Case studies in transportation policy, infrastructure systems, and urban utility risk management",Region,Western Europe
#498,"Cities and “budget-based” management of the energy-water-climate nexus: Case studies in transportation policy, infrastructure systems, and urban utility risk management",Scale,Local >1 km² to 100 km² (neighbourhood to municipality)
#498,"Cities and “budget-based” management of the energy-water-climate nexus: Case studies in transportation policy, infrastructure systems, and urban utility risk management",Scale,Subnational >100 km² (watershed)
#498,"Cities and “budget-based” management of the energy-water-climate nexus: Case studies in transportation policy, infrastructure systems, and urban utility risk management",Nexus,Climate change
#498,"Cities and “budget-based” management of the energy-water-climate nexus: Case studies in transportation policy, infrastructure systems, and urban utility risk management",Nexus,Water
#498,"Cities and “budget-based” management of the energy-water-climate nexus: Case studies in transportation policy, infrastructure systems, and urban utility risk management",NChallenge,Governance Challenges
#498,"Cities and “budget-based” management of the energy-water-climate nexus: Case studies in transportation policy, infrastructure systems, and urban utility risk management",NChallenge,Financing Challenges
#498,"Cities and “budget-based” management of the energy-water-climate nexus: Case studies in transportation policy, infrastructure systems, and urban utility risk management",Gov,NA
#498,"Cities and “budget-based” management of the energy-water-climate nexus: Case studies in transportation policy, infrastructure systems, and urban utility risk management",Policy,Legal and Regulatory Instruments
#498,"Cities and “budget-based” management of the energy-water-climate nexus: Case studies in transportation policy, infrastructure systems, and urban utility risk management",Policy,Economic and Financial Instruments
#498,"Cities and “budget-based” management of the energy-water-climate nexus: Case studies in transportation policy, infrastructure systems, and urban utility risk management",Actors,Private Sector and Business Organisations
#498,"Cities and “budget-based” management of the energy-water-climate nexus: Case studies in transportation policy, infrastructure systems, and urban utility risk management",Actors,Civil Society and Community-Based Organisations
#498,"Cities and “budget-based” management of the energy-water-climate nexus: Case studies in transportation policy, infrastructure systems, and urban utility risk management",Actors,Global/Regional Institutions and Science-Policy Interfaces
#498,"Cities and “budget-based” management of the energy-water-climate nexus: Case studies in transportation policy, infrastructure systems, and urban utility risk management",Actors,Global/Regional Institutions and Science-Policy Interfaces
#498,"Cities and “budget-based” management of the energy-water-climate nexus: Case studies in transportation policy, infrastructure systems, and urban utility risk management",Actors,Local/National Governments and Municipalities
#498,"Cities and “budget-based” management of the energy-water-climate nexus: Case studies in transportation policy, infrastructure systems, and urban utility risk management",CrossCut,Energy
#498,"Cities and “budget-based” management of the energy-water-climate nexus: Case studies in transportation policy, infrastructure systems, and urban utility risk management",Scaling,NA
#498,"Cities and “budget-based” management of the energy-water-climate nexus: Case studies in transportation policy, infrastructure systems, and urban utility risk management",Enablers,Policy design & Implementation
#498,"Cities and “budget-based” management of the energy-water-climate nexus: Case studies in transportation policy, infrastructure systems, and urban utility risk management",Enablers,Institutional capacity
#498,"Cities and “budget-based” management of the energy-water-climate nexus: Case studies in transportation policy, infrastructure systems, and urban utility risk management",Enablers,Finance & Economics
#498,"Cities and “budget-based” management of the energy-water-climate nexus: Case studies in transportation policy, infrastructure systems, and urban utility risk management",Enablers,Behaviour & Lifestyle
#498,"Cities and “budget-based” management of the energy-water-climate nexus: Case studies in transportation policy, infrastructure systems, and urban utility risk management",Enablers,Technology
#498,"Cities and “budget-based” management of the energy-water-climate nexus: Case studies in transportation policy, infrastructure systems, and urban utility risk management",Enablers,Material & Non-material endowments
#498,"Cities and “budget-based” management of the energy-water-climate nexus: Case studies in transportation policy, infrastructure systems, and urban utility risk management",Enablers_CritC5,Impacts on each nexus element (#3)
#498,"Cities and “budget-based” management of the energy-water-climate nexus: Case studies in transportation policy, infrastructure systems, and urban utility risk management",Enablers_CritC5,NA
#498,"Cities and “budget-based” management of the energy-water-climate nexus: Case studies in transportation policy, infrastructure systems, and urban utility risk management",Enablers_CritC5,Alignment with political priorities (#5)
#498,"Cities and “budget-based” management of the energy-water-climate nexus: Case studies in transportation policy, infrastructure systems, and urban utility risk management",Enablers_CritC5,Equity (#8)
#498,"Cities and “budget-based” management of the energy-water-climate nexus: Case studies in transportation policy, infrastructure systems, and urban utility risk management",Enablers_CritC5,Transformative change potential (#10)
#498,"Cities and “budget-based” management of the energy-water-climate nexus: Case studies in transportation policy, infrastructure systems, and urban utility risk management",Enablers_CritC5,Economic implications (#6)
#498,"Cities and “budget-based” management of the energy-water-climate nexus: Case studies in transportation policy, infrastructure systems, and urban utility risk management",Enablers_CritC5,Technical feasibility (#7)
#498,"Cities and “budget-based” management of the energy-water-climate nexus: Case studies in transportation policy, infrastructure systems, and urban utility risk management",Barriers,Policy design & Implementation
#498,"Cities and “budget-based” management of the energy-water-climate nexus: Case studies in transportation policy, infrastructure systems, and urban utility risk management",Barriers,Finance & Economics
#498,"Cities and “budget-based” management of the energy-water-climate nexus: Case studies in transportation policy, infrastructure systems, and urban utility risk management",Barriers_CritC5,Impacts on each nexus element (#3)
#498,"Cities and “budget-based” management of the energy-water-climate nexus: Case studies in transportation policy, infrastructure systems, and urban utility risk management",Barriers_CritC5,Transformative change potential (#10)
#491,"Applying the water-energy-food nexus to farm profitability in the middle breede catchment, South Africa",PaperType,Modelling
#491,"Applying the water-energy-food nexus to farm profitability in the middle breede catchment, South Africa",Region,Sub-Saharan Africa
#491,"Applying the water-energy-food nexus to farm profitability in the middle breede catchment, South Africa",Scale,Subnational >100 km² (watershed)
#491,"Applying the water-energy-food nexus to farm profitability in the middle breede catchment, South Africa",Nexus,Food
#491,"Applying the water-energy-food nexus to farm profitability in the middle breede catchment, South Africa",Nexus,Water
#491,"Applying the water-energy-food nexus to farm profitability in the middle breede catchment, South Africa",NChallenge,Complexity Challenges
#491,"Applying the water-energy-food nexus to farm profitability in the middle breede catchment, South Africa",NChallenge,Values Challenges
#491,"Applying the water-energy-food nexus to farm profitability in the middle breede catchment, South Africa",NChallenge,Financing Challenges
#491,"Applying the water-energy-food nexus to farm profitability in the middle breede catchment, South Africa",NChallenge,Scaling Challenges
#491,"Applying the water-energy-food nexus to farm profitability in the middle breede catchment, South Africa",Gov,NA
#491,"Applying the water-energy-food nexus to farm profitability in the middle breede catchment, South Africa",Policy,NA
#491,"Applying the water-energy-food nexus to farm profitability in the middle breede catchment, South Africa",Actors,Private Sector and Business Organisations
#491,"Applying the water-energy-food nexus to farm profitability in the middle breede catchment, South Africa",Actors,Civil Society and Community-Based Organisations
#491,"Applying the water-energy-food nexus to farm profitability in the middle breede catchment, South Africa",Actors,Knowledge and Educational Communities
#491,"Applying the water-energy-food nexus to farm profitability in the middle breede catchment, South Africa",Actors,Civil Society and Community-Based Organisations
#491,"Applying the water-energy-food nexus to farm profitability in the middle breede catchment, South Africa",Actors,Local/National Governments and Municipalities
#491,"Applying the water-energy-food nexus to farm profitability in the middle breede catchment, South Africa",CrossCut,Economy
#491,"Applying the water-energy-food nexus to farm profitability in the middle breede catchment, South Africa",CrossCut,ILK
#491,"Applying the water-energy-food nexus to farm profitability in the middle breede catchment, South Africa",CrossCut,Energy
#491,"Applying the water-energy-food nexus to farm profitability in the middle breede catchment, South Africa",Scaling,No
#491,"Applying the water-energy-food nexus to farm profitability in the middle breede catchment, South Africa",Enablers,Policy design & Implementation
#491,"Applying the water-energy-food nexus to farm profitability in the middle breede catchment, South Africa",Enablers,Equity & Diversity
#491,"Applying the water-energy-food nexus to farm profitability in the middle breede catchment, South Africa",Enablers,Institutional capacity
#491,"Applying the water-energy-food nexus to farm profitability in the middle breede catchment, South Africa",Enablers,Finance & Economics
#491,"Applying the water-energy-food nexus to farm profitability in the middle breede catchment, South Africa",Enablers_CritC5,Impacts on each nexus element (#3)
#491,"Applying the water-energy-food nexus to farm profitability in the middle breede catchment, South Africa",Enablers_CritC5,NA
#491,"Applying the water-energy-food nexus to farm profitability in the middle breede catchment, South Africa",Enablers_CritC5,Equity (#8)
#491,"Applying the water-energy-food nexus to farm profitability in the middle breede catchment, South Africa",Enablers_CritC5,Geographic scale (#1)
#491,"Applying the water-energy-food nexus to farm profitability in the middle breede catchment, South Africa",Enablers_CritC5,Transformative change potential (#10)
#491,"Applying the water-energy-food nexus to farm profitability in the middle breede catchment, South Africa",Enablers_CritC5,Economic implications (#6)
#491,"Applying the water-energy-food nexus to farm profitability in the middle breede catchment, South Africa",Barriers,Policy design & Implementation
#491,"Applying the water-energy-food nexus to farm profitability in the middle breede catchment, South Africa",Barriers,Institutional capacity
#491,"Applying the water-energy-food nexus to farm profitability in the middle breede catchment, South Africa",Barriers_CritC5,Social acceptability (#4)
#491,"Applying the water-energy-food nexus to farm profitability in the middle breede catchment, South Africa",Barriers_CritC5,Transformative change potential (#10)
#488,The multipurpose water uses of hydropower reservoirs: The SHARE concept,PaperType,Review
#488,The multipurpose water uses of hydropower reservoirs: The SHARE concept,Region,Sub-Saharan Africa
#488,The multipurpose water uses of hydropower reservoirs: The SHARE concept,Region,Latin America and the Caribbean
#488,The multipurpose water uses of hydropower reservoirs: The SHARE concept,Region,Northern America
#488,The multipurpose water uses of hydropower reservoirs: The SHARE concept,Region,Southern Asia
#488,The multipurpose water uses of hydropower reservoirs: The SHARE concept,Region,Australia and New Zealand
#488,The multipurpose water uses of hydropower reservoirs: The SHARE concept,Scale,Subnational >100 km² (watershed)
#488,The multipurpose water uses of hydropower reservoirs: The SHARE concept,Nexus,Biodiversity
#488,The multipurpose water uses of hydropower reservoirs: The SHARE concept,Nexus,Climate change
#488,The multipurpose water uses of hydropower reservoirs: The SHARE concept,Nexus,Food
#488,The multipurpose water uses of hydropower reservoirs: The SHARE concept,Nexus,Water
#488,The multipurpose water uses of hydropower reservoirs: The SHARE concept,NChallenge,Governance Challenges
#488,The multipurpose water uses of hydropower reservoirs: The SHARE concept,Gov,Community Governance
#488,The multipurpose water uses of hydropower reservoirs: The SHARE concept,Policy,Economic and Financial Instruments
#488,The multipurpose water uses of hydropower reservoirs: The SHARE concept,Actors,Private Sector and Business Organisations
#488,The multipurpose water uses of hydropower reservoirs: The SHARE concept,Actors,Civil Society and Community-Based Organisations
#488,The multipurpose water uses of hydropower reservoirs: The SHARE concept,Actors,Global/Regional Institutions and Science-Policy Interfaces
#488,The multipurpose water uses of hydropower reservoirs: The SHARE concept,Actors,Local/National Governments and Municipalities
#488,The multipurpose water uses of hydropower reservoirs: The SHARE concept,CrossCut,Equity
#488,The multipurpose water uses of hydropower reservoirs: The SHARE concept,CrossCut,Economy
#488,The multipurpose water uses of hydropower reservoirs: The SHARE concept,CrossCut,Energy
#488,The multipurpose water uses of hydropower reservoirs: The SHARE concept,CrossCut,Tourism
#488,The multipurpose water uses of hydropower reservoirs: The SHARE concept,CrossCut,Resilience
#488,The multipurpose water uses of hydropower reservoirs: The SHARE concept,CrossCut,Social Cohesion
#488,The multipurpose water uses of hydropower reservoirs: The SHARE concept,Scaling,No
#488,The multipurpose water uses of hydropower reservoirs: The SHARE concept,Enablers,Equity & Diversity
#488,The multipurpose water uses of hydropower reservoirs: The SHARE concept,Enablers,Policy design & Implementation
#488,The multipurpose water uses of hydropower reservoirs: The SHARE concept,Enablers,Institutional capacity
#488,The multipurpose water uses of hydropower reservoirs: The SHARE concept,Enablers,Finance & Economics
#488,The multipurpose water uses of hydropower reservoirs: The SHARE concept,Enablers,Behaviour & Lifestyle
#488,The multipurpose water uses of hydropower reservoirs: The SHARE concept,Enablers,Material & Non-material endowments
#488,The multipurpose water uses of hydropower reservoirs: The SHARE concept,Enablers_CritC5,Equity (#8)
#488,The multipurpose water uses of hydropower reservoirs: The SHARE concept,Enablers_CritC5,NA
#488,The multipurpose water uses of hydropower reservoirs: The SHARE concept,Enablers_CritC5,Social acceptability (#4)
#488,The multipurpose water uses of hydropower reservoirs: The SHARE concept,Enablers_CritC5,Alignment with political priorities (#5)
#488,The multipurpose water uses of hydropower reservoirs: The SHARE concept,Enablers_CritC5,Transformative change potential (#10)
#488,The multipurpose water uses of hydropower reservoirs: The SHARE concept,Barriers,Policy design & Implementation
#488,The multipurpose water uses of hydropower reservoirs: The SHARE concept,Barriers,Finance & Economics
#488,The multipurpose water uses of hydropower reservoirs: The SHARE concept,Barriers_CritC5,NA
#488,The multipurpose water uses of hydropower reservoirs: The SHARE concept,Barriers_CritC5,Economic implications (#6)
#475,Considering Resources Beyond Water: Irrigation and Drainage Management in the Context of the Water–Energy–Food Nexus,PaperType,Perspective
#475,Considering Resources Beyond Water: Irrigation and Drainage Management in the Context of the Water–Energy–Food Nexus,Region,Not applicable (no specific spatial location)
#475,Considering Resources Beyond Water: Irrigation and Drainage Management in the Context of the Water–Energy–Food Nexus,Scale,Not applicable (no specific spatial location)
#475,Considering Resources Beyond Water: Irrigation and Drainage Management in the Context of the Water–Energy–Food Nexus,Nexus,Climate change
#475,Considering Resources Beyond Water: Irrigation and Drainage Management in the Context of the Water–Energy–Food Nexus,Nexus,Food
#475,Considering Resources Beyond Water: Irrigation and Drainage Management in the Context of the Water–Energy–Food Nexus,Nexus,Water
#475,Considering Resources Beyond Water: Irrigation and Drainage Management in the Context of the Water–Energy–Food Nexus,NChallenge,Complexity Challenges
#475,Considering Resources Beyond Water: Irrigation and Drainage Management in the Context of the Water–Energy–Food Nexus,NChallenge,Scaling Challenges
#475,Considering Resources Beyond Water: Irrigation and Drainage Management in the Context of the Water–Energy–Food Nexus,Gov,Community Governance
#475,Considering Resources Beyond Water: Irrigation and Drainage Management in the Context of the Water–Energy–Food Nexus,Policy,Legal and Regulatory Instruments
#475,Considering Resources Beyond Water: Irrigation and Drainage Management in the Context of the Water–Energy–Food Nexus,Policy,Economic and Financial Instruments
#475,Considering Resources Beyond Water: Irrigation and Drainage Management in the Context of the Water–Energy–Food Nexus,Actors,Private Sector and Business Organisations
#475,Considering Resources Beyond Water: Irrigation and Drainage Management in the Context of the Water–Energy–Food Nexus,Actors,Civil Society and Community-Based Organisations
#475,Considering Resources Beyond Water: Irrigation and Drainage Management in the Context of the Water–Energy–Food Nexus,Actors,Global/Regional Institutions and Science-Policy Interfaces
#475,Considering Resources Beyond Water: Irrigation and Drainage Management in the Context of the Water–Energy–Food Nexus,Actors,Global/Regional Institutions and Science-Policy Interfaces
#475,Considering Resources Beyond Water: Irrigation and Drainage Management in the Context of the Water–Energy–Food Nexus,Actors,Local/National Governments and Municipalities
#475,Considering Resources Beyond Water: Irrigation and Drainage Management in the Context of the Water–Energy–Food Nexus,CrossCut,Energy
#475,Considering Resources Beyond Water: Irrigation and Drainage Management in the Context of the Water–Energy–Food Nexus,Scaling,NA
#475,Considering Resources Beyond Water: Irrigation and Drainage Management in the Context of the Water–Energy–Food Nexus,Enablers,Policy design & Implementation
#475,Considering Resources Beyond Water: Irrigation and Drainage Management in the Context of the Water–Energy–Food Nexus,Enablers,Institutional capacity
#475,Considering Resources Beyond Water: Irrigation and Drainage Management in the Context of the Water–Energy–Food Nexus,Enablers,Finance & Economics
#475,Considering Resources Beyond Water: Irrigation and Drainage Management in the Context of the Water–Energy–Food Nexus,Enablers,Behaviour & Lifestyle
#475,Considering Resources Beyond Water: Irrigation and Drainage Management in the Context of the Water–Energy–Food Nexus,Enablers,Technology
#475,Considering Resources Beyond Water: Irrigation and Drainage Management in the Context of the Water–Energy–Food Nexus,Enablers,Material & Non-material endowments
#475,Considering Resources Beyond Water: Irrigation and Drainage Management in the Context of the Water–Energy–Food Nexus,Enablers_CritC5,NA
#475,Considering Resources Beyond Water: Irrigation and Drainage Management in the Context of the Water–Energy–Food Nexus,Enablers_CritC5,Geographic scale (#1)
#475,Considering Resources Beyond Water: Irrigation and Drainage Management in the Context of the Water–Energy–Food Nexus,Enablers_CritC5,Temporal scale (#2)
#475,Considering Resources Beyond Water: Irrigation and Drainage Management in the Context of the Water–Energy–Food Nexus,Enablers_CritC5,Transformative change potential (#10)
#475,Considering Resources Beyond Water: Irrigation and Drainage Management in the Context of the Water–Energy–Food Nexus,Enablers_CritC5,Economic implications (#6)
#475,Considering Resources Beyond Water: Irrigation and Drainage Management in the Context of the Water–Energy–Food Nexus,Enablers_CritC5,Technical feasibility (#7)
#475,Considering Resources Beyond Water: Irrigation and Drainage Management in the Context of the Water–Energy–Food Nexus,Barriers,Policy design & Implementation
#475,Considering Resources Beyond Water: Irrigation and Drainage Management in the Context of the Water–Energy–Food Nexus,Barriers,Institutional capacity
#475,Considering Resources Beyond Water: Irrigation and Drainage Management in the Context of the Water–Energy–Food Nexus,Barriers,Finance & Economics
#475,Considering Resources Beyond Water: Irrigation and Drainage Management in the Context of the Water–Energy–Food Nexus,Barriers_CritC5,Impacts on each nexus element (#3)
#475,Considering Resources Beyond Water: Irrigation and Drainage Management in the Context of the Water–Energy–Food Nexus,Barriers_CritC5,NA
#475,Considering Resources Beyond Water: Irrigation and Drainage Management in the Context of the Water–Energy–Food Nexus,Barriers_CritC5,Equity (#8)
#475,Considering Resources Beyond Water: Irrigation and Drainage Management in the Context of the Water–Energy–Food Nexus,Barriers_CritC5,Economic implications (#6)
#470,"System Properties Determine Food Security and Biodiversity Outcomes at Landscape Scale: A Case Study from West Flores, Indonesia",PaperType,Empirical
#470,"System Properties Determine Food Security and Biodiversity Outcomes at Landscape Scale: A Case Study from West Flores, Indonesia",Region,South-eastern Asia
#470,"System Properties Determine Food Security and Biodiversity Outcomes at Landscape Scale: A Case Study from West Flores, Indonesia",Scale,Local >1 km² to 100 km² (neighbourhood to municipality)
#470,"System Properties Determine Food Security and Biodiversity Outcomes at Landscape Scale: A Case Study from West Flores, Indonesia",Nexus,Biodiversity
#470,"System Properties Determine Food Security and Biodiversity Outcomes at Landscape Scale: A Case Study from West Flores, Indonesia",Nexus,Food
#470,"System Properties Determine Food Security and Biodiversity Outcomes at Landscape Scale: A Case Study from West Flores, Indonesia",Nexus,Water
#470,"System Properties Determine Food Security and Biodiversity Outcomes at Landscape Scale: A Case Study from West Flores, Indonesia",NChallenge,Complexity Challenges
#470,"System Properties Determine Food Security and Biodiversity Outcomes at Landscape Scale: A Case Study from West Flores, Indonesia",Gov,Network Governance
#470,"System Properties Determine Food Security and Biodiversity Outcomes at Landscape Scale: A Case Study from West Flores, Indonesia",Gov,Community Governance
#470,"System Properties Determine Food Security and Biodiversity Outcomes at Landscape Scale: A Case Study from West Flores, Indonesia",Policy,Legal and Regulatory Instruments
#470,"System Properties Determine Food Security and Biodiversity Outcomes at Landscape Scale: A Case Study from West Flores, Indonesia",Actors,Private Sector and Business Organisations
#470,"System Properties Determine Food Security and Biodiversity Outcomes at Landscape Scale: A Case Study from West Flores, Indonesia",Actors,Financial Institutions
#470,"System Properties Determine Food Security and Biodiversity Outcomes at Landscape Scale: A Case Study from West Flores, Indonesia",Actors,Civil Society and Community-Based Organisations
#470,"System Properties Determine Food Security and Biodiversity Outcomes at Landscape Scale: A Case Study from West Flores, Indonesia",Actors,Civil Society and Community-Based Organisations
#470,"System Properties Determine Food Security and Biodiversity Outcomes at Landscape Scale: A Case Study from West Flores, Indonesia",Actors,Local/National Governments and Municipalities
#470,"System Properties Determine Food Security and Biodiversity Outcomes at Landscape Scale: A Case Study from West Flores, Indonesia",CrossCut,Equity
#470,"System Properties Determine Food Security and Biodiversity Outcomes at Landscape Scale: A Case Study from West Flores, Indonesia",CrossCut,Poverty
#470,"System Properties Determine Food Security and Biodiversity Outcomes at Landscape Scale: A Case Study from West Flores, Indonesia",CrossCut,Economy
#470,"System Properties Determine Food Security and Biodiversity Outcomes at Landscape Scale: A Case Study from West Flores, Indonesia",CrossCut,Education
#470,"System Properties Determine Food Security and Biodiversity Outcomes at Landscape Scale: A Case Study from West Flores, Indonesia",Scaling,No
#470,"System Properties Determine Food Security and Biodiversity Outcomes at Landscape Scale: A Case Study from West Flores, Indonesia",Enablers,Policy design & Implementation
#470,"System Properties Determine Food Security and Biodiversity Outcomes at Landscape Scale: A Case Study from West Flores, Indonesia",Enablers,Institutional capacity
#470,"System Properties Determine Food Security and Biodiversity Outcomes at Landscape Scale: A Case Study from West Flores, Indonesia",Enablers,Finance & Economics
#470,"System Properties Determine Food Security and Biodiversity Outcomes at Landscape Scale: A Case Study from West Flores, Indonesia",Enablers,Behaviour & Lifestyle
#470,"System Properties Determine Food Security and Biodiversity Outcomes at Landscape Scale: A Case Study from West Flores, Indonesia",Enablers,Technology
#470,"System Properties Determine Food Security and Biodiversity Outcomes at Landscape Scale: A Case Study from West Flores, Indonesia",Enablers,Material & Non-material endowments
#470,"System Properties Determine Food Security and Biodiversity Outcomes at Landscape Scale: A Case Study from West Flores, Indonesia",Enablers_CritC5,Impacts on each nexus element (#3)
#470,"System Properties Determine Food Security and Biodiversity Outcomes at Landscape Scale: A Case Study from West Flores, Indonesia",Enablers_CritC5,NA
#470,"System Properties Determine Food Security and Biodiversity Outcomes at Landscape Scale: A Case Study from West Flores, Indonesia",Enablers_CritC5,Geographic scale (#1)
#470,"System Properties Determine Food Security and Biodiversity Outcomes at Landscape Scale: A Case Study from West Flores, Indonesia",Enablers_CritC5,Equity (#8)
#470,"System Properties Determine Food Security and Biodiversity Outcomes at Landscape Scale: A Case Study from West Flores, Indonesia",Enablers_CritC5,Transformative change potential (#10)
#470,"System Properties Determine Food Security and Biodiversity Outcomes at Landscape Scale: A Case Study from West Flores, Indonesia",Enablers_CritC5,Technical feasibility (#7)
#470,"System Properties Determine Food Security and Biodiversity Outcomes at Landscape Scale: A Case Study from West Flores, Indonesia",Barriers,Policy design & Implementation
#470,"System Properties Determine Food Security and Biodiversity Outcomes at Landscape Scale: A Case Study from West Flores, Indonesia",Barriers,Finance & Economics
#470,"System Properties Determine Food Security and Biodiversity Outcomes at Landscape Scale: A Case Study from West Flores, Indonesia",Barriers_CritC5,NA
#470,"System Properties Determine Food Security and Biodiversity Outcomes at Landscape Scale: A Case Study from West Flores, Indonesia",Barriers_CritC5,Equity (#8)
#466,Games for aiding stakeholder deliberation on nexus policy issues,PaperType,Perspective
#466,Games for aiding stakeholder deliberation on nexus policy issues,Region,Not applicable (no specific spatial location)
#466,Games for aiding stakeholder deliberation on nexus policy issues,Scale,Not applicable (no specific spatial location)
#466,Games for aiding stakeholder deliberation on nexus policy issues,Nexus,Biodiversity
#466,Games for aiding stakeholder deliberation on nexus policy issues,Nexus,Food
#466,Games for aiding stakeholder deliberation on nexus policy issues,Nexus,Water
#466,Games for aiding stakeholder deliberation on nexus policy issues,NChallenge,Complexity Challenges
#466,Games for aiding stakeholder deliberation on nexus policy issues,NChallenge,Values Challenges
#466,Games for aiding stakeholder deliberation on nexus policy issues,NChallenge,Governance Challenges
#466,Games for aiding stakeholder deliberation on nexus policy issues,Gov,Hierarchical Governance
#466,Games for aiding stakeholder deliberation on nexus policy issues,Gov,Market Governance
#466,Games for aiding stakeholder deliberation on nexus policy issues,Gov,Network Governance
#466,Games for aiding stakeholder deliberation on nexus policy issues,Policy,Legal and Regulatory Instruments
#466,Games for aiding stakeholder deliberation on nexus policy issues,Policy,Economic and Financial Instruments
#466,Games for aiding stakeholder deliberation on nexus policy issues,Actors,NA
#466,Games for aiding stakeholder deliberation on nexus policy issues,CrossCut,Energy
#466,Games for aiding stakeholder deliberation on nexus policy issues,CrossCut,Waste
#466,Games for aiding stakeholder deliberation on nexus policy issues,Scaling,No
#466,Games for aiding stakeholder deliberation on nexus policy issues,Enablers,Policy design & Implementation
#466,Games for aiding stakeholder deliberation on nexus policy issues,Enablers,Equity & Diversity
#466,Games for aiding stakeholder deliberation on nexus policy issues,Enablers,Institutional capacity
#466,Games for aiding stakeholder deliberation on nexus policy issues,Enablers,Behaviour & Lifestyle
#466,Games for aiding stakeholder deliberation on nexus policy issues,Enablers,Technology
#466,Games for aiding stakeholder deliberation on nexus policy issues,Enablers_CritC5,Impacts on each nexus element (#3)
#466,Games for aiding stakeholder deliberation on nexus policy issues,Enablers_CritC5,Equity (#8)
#466,Games for aiding stakeholder deliberation on nexus policy issues,Enablers_CritC5,Social acceptability (#4)
#466,Games for aiding stakeholder deliberation on nexus policy issues,Enablers_CritC5,NA
#466,Games for aiding stakeholder deliberation on nexus policy issues,Enablers_CritC5,Transformative change potential (#10)
#466,Games for aiding stakeholder deliberation on nexus policy issues,Barriers,Policy design & Implementation
#466,Games for aiding stakeholder deliberation on nexus policy issues,Barriers,Equity & Diversity
#466,Games for aiding stakeholder deliberation on nexus policy issues,Barriers,Institutional capacity
#466,Games for aiding stakeholder deliberation on nexus policy issues,Barriers,Finance & Economics
#466,Games for aiding stakeholder deliberation on nexus policy issues,Barriers,Behaviour & Lifestyle
#466,Games for aiding stakeholder deliberation on nexus policy issues,Barriers,Technology
#466,Games for aiding stakeholder deliberation on nexus policy issues,Barriers_CritC5,Impacts on each nexus element (#3)
#466,Games for aiding stakeholder deliberation on nexus policy issues,Barriers_CritC5,Equity (#8)
#466,Games for aiding stakeholder deliberation on nexus policy issues,Barriers_CritC5,Social acceptability (#4)
#466,Games for aiding stakeholder deliberation on nexus policy issues,Barriers_CritC5,NA
#466,Games for aiding stakeholder deliberation on nexus policy issues,Barriers_CritC5,Transformative change potential (#10)
#465,Governance of water-energy-food nexus: A social network analysis approach to understanding agency behaviour,PaperType,Perspective
#465,Governance of water-energy-food nexus: A social network analysis approach to understanding agency behaviour,Region,Not applicable (no specific spatial location)
#465,Governance of water-energy-food nexus: A social network analysis approach to understanding agency behaviour,Scale,Not applicable (no specific spatial location)
#465,Governance of water-energy-food nexus: A social network analysis approach to understanding agency behaviour,Nexus,Food
#465,Governance of water-energy-food nexus: A social network analysis approach to understanding agency behaviour,Nexus,Water
#465,Governance of water-energy-food nexus: A social network analysis approach to understanding agency behaviour,NChallenge,Governance Challenges
#465,Governance of water-energy-food nexus: A social network analysis approach to understanding agency behaviour,Gov,Hierarchical Governance
#465,Governance of water-energy-food nexus: A social network analysis approach to understanding agency behaviour,Gov,Network Governance
#465,Governance of water-energy-food nexus: A social network analysis approach to understanding agency behaviour,Gov,Community Governance
#465,Governance of water-energy-food nexus: A social network analysis approach to understanding agency behaviour,Gov,Multi-level Governance
#465,Governance of water-energy-food nexus: A social network analysis approach to understanding agency behaviour,Policy,NA
#465,Governance of water-energy-food nexus: A social network analysis approach to understanding agency behaviour,Actors,Private Sector and Business Organisations
#465,Governance of water-energy-food nexus: A social network analysis approach to understanding agency behaviour,Actors,Local/National Governments and Municipalities
#465,Governance of water-energy-food nexus: A social network analysis approach to understanding agency behaviour,CrossCut,Energy
#465,Governance of water-energy-food nexus: A social network analysis approach to understanding agency behaviour,Scaling,No
#465,Governance of water-energy-food nexus: A social network analysis approach to understanding agency behaviour,Barriers,Institutional capacity
#465,Governance of water-energy-food nexus: A social network analysis approach to understanding agency behaviour,Barriers,Finance & Economics
#465,Governance of water-energy-food nexus: A social network analysis approach to understanding agency behaviour,Barriers,Material & Non-material endowments
#465,Governance of water-energy-food nexus: A social network analysis approach to understanding agency behaviour,Barriers_CritC5,Equity (#8)
#465,Governance of water-energy-food nexus: A social network analysis approach to understanding agency behaviour,Barriers_CritC5,Transformative change potential (#10)
#465,Governance of water-energy-food nexus: A social network analysis approach to understanding agency behaviour,Barriers_CritC5,NA
#462,In search of a (WEF) nexus approach,PaperType,Conceptual/theoretical
#462,In search of a (WEF) nexus approach,Region,South-eastern Asia
#462,In search of a (WEF) nexus approach,Scale,Subnational >100 km² (watershed)
#462,In search of a (WEF) nexus approach,Nexus,Food
#462,In search of a (WEF) nexus approach,Nexus,Water
#462,In search of a (WEF) nexus approach,NChallenge,Complexity Challenges
#462,In search of a (WEF) nexus approach,NChallenge,Governance Challenges
#462,In search of a (WEF) nexus approach,Gov,Hierarchical Governance
#462,In search of a (WEF) nexus approach,Gov,Market Governance
#462,In search of a (WEF) nexus approach,Policy,Legal and Regulatory Instruments
#462,In search of a (WEF) nexus approach,Actors,Private Sector and Business Organisations
#462,In search of a (WEF) nexus approach,Actors,Knowledge and Educational Communities
#462,In search of a (WEF) nexus approach,Actors,Local/National Governments and Municipalities
#462,In search of a (WEF) nexus approach,CrossCut,Energy
#462,In search of a (WEF) nexus approach,Scaling,NA
#462,In search of a (WEF) nexus approach,Enablers,Policy design & Implementation
#462,In search of a (WEF) nexus approach,Enablers,Institutional capacity
#462,In search of a (WEF) nexus approach,Enablers,Behaviour & Lifestyle
#462,In search of a (WEF) nexus approach,Enablers_CritC5,Social acceptability (#4)
#462,In search of a (WEF) nexus approach,Enablers_CritC5,Alignment with political priorities (#5)
#462,In search of a (WEF) nexus approach,Enablers_CritC5,NA
#462,In search of a (WEF) nexus approach,Enablers_CritC5,Transformative change potential (#10)
#462,In search of a (WEF) nexus approach,Barriers,Institutional capacity
#462,In search of a (WEF) nexus approach,Barriers_CritC5,NA
#462,In search of a (WEF) nexus approach,Barriers_CritC5,Transformative change potential (#10)
#461,From state to system: Financialization and the water-energy-food-climate nexus,PaperType,Review
#461,From state to system: Financialization and the water-energy-food-climate nexus,Region,Not applicable (no specific spatial location)
#461,From state to system: Financialization and the water-energy-food-climate nexus,Scale,Not applicable (no specific spatial location)
#461,From state to system: Financialization and the water-energy-food-climate nexus,Nexus,Climate change
#461,From state to system: Financialization and the water-energy-food-climate nexus,Nexus,Food
#461,From state to system: Financialization and the water-energy-food-climate nexus,Nexus,Water
#461,From state to system: Financialization and the water-energy-food-climate nexus,NChallenge,Governance Challenges
#461,From state to system: Financialization and the water-energy-food-climate nexus,Gov,Hierarchical Governance
#461,From state to system: Financialization and the water-energy-food-climate nexus,Gov,System Governance
#461,From state to system: Financialization and the water-energy-food-climate nexus,Gov,Integrative Governance
#461,From state to system: Financialization and the water-energy-food-climate nexus,Policy,Economic and Financial Instruments
#461,From state to system: Financialization and the water-energy-food-climate nexus,Actors,Private Sector and Business Organisations
#461,From state to system: Financialization and the water-energy-food-climate nexus,Actors,Financial Institutions
#461,From state to system: Financialization and the water-energy-food-climate nexus,Actors,Global/Regional Institutions and Science-Policy Interfaces
#461,From state to system: Financialization and the water-energy-food-climate nexus,Actors,Local/National Governments and Municipalities
#461,From state to system: Financialization and the water-energy-food-climate nexus,CrossCut,Energy
#461,From state to system: Financialization and the water-energy-food-climate nexus,Scaling,No
#461,From state to system: Financialization and the water-energy-food-climate nexus,Enablers,Policy design & Implementation
#461,From state to system: Financialization and the water-energy-food-climate nexus,Enablers,Institutional capacity
#461,From state to system: Financialization and the water-energy-food-climate nexus,Enablers,Finance & Economics
#461,From state to system: Financialization and the water-energy-food-climate nexus,Enablers_CritC5,Geographic scale (#1)
#461,From state to system: Financialization and the water-energy-food-climate nexus,Enablers_CritC5,Transformative change potential (#10)
#461,From state to system: Financialization and the water-energy-food-climate nexus,Enablers_CritC5,Economic implications (#6)
#461,From state to system: Financialization and the water-energy-food-climate nexus,Enablers_CritC5,NA
#461,From state to system: Financialization and the water-energy-food-climate nexus,Barriers,Policy design & Implementation
#461,From state to system: Financialization and the water-energy-food-climate nexus,Barriers,Finance & Economics
#461,From state to system: Financialization and the water-energy-food-climate nexus,Barriers,Technology
#461,From state to system: Financialization and the water-energy-food-climate nexus,Barriers_CritC5,NA
#461,From state to system: Financialization and the water-energy-food-climate nexus,Barriers_CritC5,Alignment with international frameworks (#9)
#461,From state to system: Financialization and the water-energy-food-climate nexus,Barriers_CritC5,Economic implications (#6)
#461,From state to system: Financialization and the water-energy-food-climate nexus,Barriers_CritC5,Transformative change potential (#10)
#461,From state to system: Financialization and the water-energy-food-climate nexus,Barriers_CritC5,Technical feasibility (#7)
#460,Governing food and agriculture in a warming world,PaperType,Review
#460,Governing food and agriculture in a warming world,PaperType,Empirical
#460,Governing food and agriculture in a warming world,Region,Sub-Saharan Africa
#460,Governing food and agriculture in a warming world,Scale,National (whole country)
#460,Governing food and agriculture in a warming world,Nexus,Biodiversity
#460,Governing food and agriculture in a warming world,Nexus,Climate change
#460,Governing food and agriculture in a warming world,Nexus,Food
#460,Governing food and agriculture in a warming world,Nexus,Water
#460,Governing food and agriculture in a warming world,NChallenge,Complexity Challenges
#460,Governing food and agriculture in a warming world,NChallenge,Values Challenges
#460,Governing food and agriculture in a warming world,NChallenge,Governance Challenges
#460,Governing food and agriculture in a warming world,Gov,NA
#460,Governing food and agriculture in a warming world,Policy,Economic and Financial Instruments
#460,Governing food and agriculture in a warming world,Actors,Financial Institutions
#460,Governing food and agriculture in a warming world,Actors,Global/Regional Institutions and Science-Policy Interfaces
#460,Governing food and agriculture in a warming world,Actors,Global/Regional Institutions and Science-Policy Interfaces
#460,Governing food and agriculture in a warming world,CrossCut,Equity
#460,Governing food and agriculture in a warming world,CrossCut,Energy
#460,Governing food and agriculture in a warming world,Scaling,No
#460,Governing food and agriculture in a warming world,Enablers,Policy design & Implementation
#460,Governing food and agriculture in a warming world,Enablers_CritC5,Geographic scale (#1)
#460,Governing food and agriculture in a warming world,Barriers,Policy design & Implementation
#460,Governing food and agriculture in a warming world,Barriers,Equity & Diversity
#460,Governing food and agriculture in a warming world,Barriers,Institutional capacity
#460,Governing food and agriculture in a warming world,Barriers,Finance & Economics
#460,Governing food and agriculture in a warming world,Barriers_CritC5,Impacts on each nexus element (#3)
#460,Governing food and agriculture in a warming world,Barriers_CritC5,NA
#460,Governing food and agriculture in a warming world,Barriers_CritC5,Alignment with political priorities (#5)
#460,Governing food and agriculture in a warming world,Barriers_CritC5,Alignment with international frameworks (#9)
#460,Governing food and agriculture in a warming world,Barriers_CritC5,Geographic scale (#1)
#460,Governing food and agriculture in a warming world,Barriers_CritC5,Transformative change potential (#10)
#460,Governing food and agriculture in a warming world,Barriers_CritC5,Equity (#8)
#456,"Comparison between seasonal pumped-storage and conventional reservoir dams from the water, energy and land nexus perspective",PaperType,Review
#456,"Comparison between seasonal pumped-storage and conventional reservoir dams from the water, energy and land nexus perspective",PaperType,Empirical
#456,"Comparison between seasonal pumped-storage and conventional reservoir dams from the water, energy and land nexus perspective",Region,Latin America and the Caribbean
#456,"Comparison between seasonal pumped-storage and conventional reservoir dams from the water, energy and land nexus perspective",Scale,National (whole country)
#456,"Comparison between seasonal pumped-storage and conventional reservoir dams from the water, energy and land nexus perspective",Nexus,Biodiversity
#456,"Comparison between seasonal pumped-storage and conventional reservoir dams from the water, energy and land nexus perspective",Nexus,Climate change
#456,"Comparison between seasonal pumped-storage and conventional reservoir dams from the water, energy and land nexus perspective",Nexus,Water
#456,"Comparison between seasonal pumped-storage and conventional reservoir dams from the water, energy and land nexus perspective",NChallenge,NA
#456,"Comparison between seasonal pumped-storage and conventional reservoir dams from the water, energy and land nexus perspective",Gov,NA
#456,"Comparison between seasonal pumped-storage and conventional reservoir dams from the water, energy and land nexus perspective",Policy,Economic and Financial Instruments
#456,"Comparison between seasonal pumped-storage and conventional reservoir dams from the water, energy and land nexus perspective",Actors,Private Sector and Business Organisations
#456,"Comparison between seasonal pumped-storage and conventional reservoir dams from the water, energy and land nexus perspective",CrossCut,Energy
#456,"Comparison between seasonal pumped-storage and conventional reservoir dams from the water, energy and land nexus perspective",CrossCut,Land
#456,"Comparison between seasonal pumped-storage and conventional reservoir dams from the water, energy and land nexus perspective",Scaling,NA
#456,"Comparison between seasonal pumped-storage and conventional reservoir dams from the water, energy and land nexus perspective",Barriers,Policy design & Implementation
#456,"Comparison between seasonal pumped-storage and conventional reservoir dams from the water, energy and land nexus perspective",Barriers,Finance & Economics
#456,"Comparison between seasonal pumped-storage and conventional reservoir dams from the water, energy and land nexus perspective",Barriers_CritC5,Social acceptability (#4)
#456,"Comparison between seasonal pumped-storage and conventional reservoir dams from the water, energy and land nexus perspective",Barriers_CritC5,Economic implications (#6)
#453,"Institutional arrangements for beneficial regional cooperation on water, energy and food priority issues in the Eastern Nile Basin",PaperType,Empirical
#453,"Institutional arrangements for beneficial regional cooperation on water, energy and food priority issues in the Eastern Nile Basin",Region,Sub-Saharan Africa
#453,"Institutional arrangements for beneficial regional cooperation on water, energy and food priority issues in the Eastern Nile Basin",Scale,"Regional (multiple countries, whole continents)"
#453,"Institutional arrangements for beneficial regional cooperation on water, energy and food priority issues in the Eastern Nile Basin",Nexus,Food
#453,"Institutional arrangements for beneficial regional cooperation on water, energy and food priority issues in the Eastern Nile Basin",Nexus,Water
#453,"Institutional arrangements for beneficial regional cooperation on water, energy and food priority issues in the Eastern Nile Basin",NChallenge,Complexity Challenges
#453,"Institutional arrangements for beneficial regional cooperation on water, energy and food priority issues in the Eastern Nile Basin",Gov,Network Governance
#453,"Institutional arrangements for beneficial regional cooperation on water, energy and food priority issues in the Eastern Nile Basin",Policy,Legal and Regulatory Instruments
#453,"Institutional arrangements for beneficial regional cooperation on water, energy and food priority issues in the Eastern Nile Basin",Policy,Social and Cultural Instruments
#453,"Institutional arrangements for beneficial regional cooperation on water, energy and food priority issues in the Eastern Nile Basin",Actors,Private Sector and Business Organisations
#453,"Institutional arrangements for beneficial regional cooperation on water, energy and food priority issues in the Eastern Nile Basin",Actors,Financial Institutions
#453,"Institutional arrangements for beneficial regional cooperation on water, energy and food priority issues in the Eastern Nile Basin",Actors,Civil Society and Community-Based Organisations
#453,"Institutional arrangements for beneficial regional cooperation on water, energy and food priority issues in the Eastern Nile Basin",Actors,Global/Regional Institutions and Science-Policy Interfaces
#453,"Institutional arrangements for beneficial regional cooperation on water, energy and food priority issues in the Eastern Nile Basin",Actors,Global/Regional Institutions and Science-Policy Interfaces
#453,"Institutional arrangements for beneficial regional cooperation on water, energy and food priority issues in the Eastern Nile Basin",CrossCut,Energy
#453,"Institutional arrangements for beneficial regional cooperation on water, energy and food priority issues in the Eastern Nile Basin",Scaling,No
#453,"Institutional arrangements for beneficial regional cooperation on water, energy and food priority issues in the Eastern Nile Basin",Enablers,Policy design & Implementation
#453,"Institutional arrangements for beneficial regional cooperation on water, energy and food priority issues in the Eastern Nile Basin",Enablers,Institutional capacity
#453,"Institutional arrangements for beneficial regional cooperation on water, energy and food priority issues in the Eastern Nile Basin",Enablers,Finance & Economics
#453,"Institutional arrangements for beneficial regional cooperation on water, energy and food priority issues in the Eastern Nile Basin",Enablers_CritC5,Impacts on each nexus element (#3)
#453,"Institutional arrangements for beneficial regional cooperation on water, energy and food priority issues in the Eastern Nile Basin",Enablers_CritC5,NA
#453,"Institutional arrangements for beneficial regional cooperation on water, energy and food priority issues in the Eastern Nile Basin",Enablers_CritC5,Alignment with international frameworks (#9)
#453,"Institutional arrangements for beneficial regional cooperation on water, energy and food priority issues in the Eastern Nile Basin",Enablers_CritC5,Geographic scale (#1)
#453,"Institutional arrangements for beneficial regional cooperation on water, energy and food priority issues in the Eastern Nile Basin",Enablers_CritC5,Transformative change potential (#10)
#453,"Institutional arrangements for beneficial regional cooperation on water, energy and food priority issues in the Eastern Nile Basin",Barriers,Institutional capacity
#453,"Institutional arrangements for beneficial regional cooperation on water, energy and food priority issues in the Eastern Nile Basin",Barriers,Finance & Economics
#453,"Institutional arrangements for beneficial regional cooperation on water, energy and food priority issues in the Eastern Nile Basin",Barriers,Behaviour & Lifestyle
#453,"Institutional arrangements for beneficial regional cooperation on water, energy and food priority issues in the Eastern Nile Basin",Barriers_CritC5,NA
#453,"Institutional arrangements for beneficial regional cooperation on water, energy and food priority issues in the Eastern Nile Basin",Barriers_CritC5,Economic implications (#6)
#453,"Institutional arrangements for beneficial regional cooperation on water, energy and food priority issues in the Eastern Nile Basin",Barriers_CritC5,Transformative change potential (#10)
#446,Climate change and the water–energy–food nexus: insights from policy and practice in Tanzania,PaperType,Review
#446,Climate change and the water–energy–food nexus: insights from policy and practice in Tanzania,PaperType,Empirical
#446,Climate change and the water–energy–food nexus: insights from policy and practice in Tanzania,Region,Sub-Saharan Africa
#446,Climate change and the water–energy–food nexus: insights from policy and practice in Tanzania,Scale,National (whole country)
#446,Climate change and the water–energy–food nexus: insights from policy and practice in Tanzania,Nexus,Climate change
#446,Climate change and the water–energy–food nexus: insights from policy and practice in Tanzania,Nexus,Food
#446,Climate change and the water–energy–food nexus: insights from policy and practice in Tanzania,Nexus,Water
#446,Climate change and the water–energy–food nexus: insights from policy and practice in Tanzania,NChallenge,Governance Challenges
#446,Climate change and the water–energy–food nexus: insights from policy and practice in Tanzania,NChallenge,Financing Challenges
#446,Climate change and the water–energy–food nexus: insights from policy and practice in Tanzania,NChallenge,Scaling Challenges
#446,Climate change and the water–energy–food nexus: insights from policy and practice in Tanzania,Gov,Hierarchical Governance
#446,Climate change and the water–energy–food nexus: insights from policy and practice in Tanzania,Policy,Legal and Regulatory Instruments
#446,Climate change and the water–energy–food nexus: insights from policy and practice in Tanzania,Actors,Private Sector and Business Organisations
#446,Climate change and the water–energy–food nexus: insights from policy and practice in Tanzania,Actors,Knowledge and Educational Communities
#446,Climate change and the water–energy–food nexus: insights from policy and practice in Tanzania,Actors,Civil Society and Community-Based Organisations
#446,Climate change and the water–energy–food nexus: insights from policy and practice in Tanzania,CrossCut,Energy
#446,Climate change and the water–energy–food nexus: insights from policy and practice in Tanzania,Scaling,No
#446,Climate change and the water–energy–food nexus: insights from policy and practice in Tanzania,Enablers,Policy design & Implementation
#446,Climate change and the water–energy–food nexus: insights from policy and practice in Tanzania,Enablers,Institutional capacity
#446,Climate change and the water–energy–food nexus: insights from policy and practice in Tanzania,Enablers_CritC5,Impacts on each nexus element (#3)
#446,Climate change and the water–energy–food nexus: insights from policy and practice in Tanzania,Enablers_CritC5,NA
#446,Climate change and the water–energy–food nexus: insights from policy and practice in Tanzania,Enablers_CritC5,Alignment with political priorities (#5)
#446,Climate change and the water–energy–food nexus: insights from policy and practice in Tanzania,Enablers_CritC5,Alignment with international frameworks (#9)
#446,Climate change and the water–energy–food nexus: insights from policy and practice in Tanzania,Enablers_CritC5,Equity (#8)
#446,Climate change and the water–energy–food nexus: insights from policy and practice in Tanzania,Enablers_CritC5,Transformative change potential (#10)
#446,Climate change and the water–energy–food nexus: insights from policy and practice in Tanzania,Barriers,Policy design & Implementation
#446,Climate change and the water–energy–food nexus: insights from policy and practice in Tanzania,Barriers,Institutional capacity
#446,Climate change and the water–energy–food nexus: insights from policy and practice in Tanzania,Barriers,Finance & Economics
#446,Climate change and the water–energy–food nexus: insights from policy and practice in Tanzania,Barriers_CritC5,Alignment with international frameworks (#9)
#446,Climate change and the water–energy–food nexus: insights from policy and practice in Tanzania,Barriers_CritC5,Transformative change potential (#10)
#446,Climate change and the water–energy–food nexus: insights from policy and practice in Tanzania,Barriers_CritC5,NA
#437,China's environment on a metacoupled planet,PaperType,Review
#437,China's environment on a metacoupled planet,Region,Eastern Asia
#437,China's environment on a metacoupled planet,Scale,National (whole country)
#437,China's environment on a metacoupled planet,Nexus,Biodiversity
#437,China's environment on a metacoupled planet,Nexus,Climate change
#437,China's environment on a metacoupled planet,Nexus,Water
#437,China's environment on a metacoupled planet,NChallenge,Complexity Challenges
#437,China's environment on a metacoupled planet,NChallenge,Governance Challenges
#437,China's environment on a metacoupled planet,Gov,Hierarchical Governance
#437,China's environment on a metacoupled planet,Policy,Legal and Regulatory Instruments
#437,China's environment on a metacoupled planet,Policy,Economic and Financial Instruments
#437,China's environment on a metacoupled planet,Actors,Civil Society and Community-Based Organisations
#437,China's environment on a metacoupled planet,Actors,Local/National Governments and Municipalities
#437,China's environment on a metacoupled planet,CrossCut,Economy
#437,China's environment on a metacoupled planet,CrossCut,Energy
#437,China's environment on a metacoupled planet,Scaling,No
#437,China's environment on a metacoupled planet,Enablers,Policy design & Implementation
#437,China's environment on a metacoupled planet,Enablers,Institutional capacity
#437,China's environment on a metacoupled planet,Enablers,Finance & Economics
#437,China's environment on a metacoupled planet,Enablers,Material & Non-material endowments
#437,China's environment on a metacoupled planet,Enablers_CritC5,Impacts on each nexus element (#3)
#437,China's environment on a metacoupled planet,Enablers_CritC5,NA
#437,China's environment on a metacoupled planet,Enablers_CritC5,Social acceptability (#4)
#437,China's environment on a metacoupled planet,Enablers_CritC5,Alignment with international frameworks (#9)
#437,China's environment on a metacoupled planet,Enablers_CritC5,Geographic scale (#1)
#437,China's environment on a metacoupled planet,Enablers_CritC5,Equity (#8)
#437,China's environment on a metacoupled planet,Enablers_CritC5,Economic implications (#6)
#435,"What is driving the water-energy-food nexus? Discourses, knowledge, and politics of an emerging resource governance concept",PaperType,Review
#435,"What is driving the water-energy-food nexus? Discourses, knowledge, and politics of an emerging resource governance concept",Region,Not applicable (no specific spatial location)
#435,"What is driving the water-energy-food nexus? Discourses, knowledge, and politics of an emerging resource governance concept",Scale,Not applicable (no specific spatial location)
#435,"What is driving the water-energy-food nexus? Discourses, knowledge, and politics of an emerging resource governance concept",Nexus,Food
#435,"What is driving the water-energy-food nexus? Discourses, knowledge, and politics of an emerging resource governance concept",Nexus,Water
#435,"What is driving the water-energy-food nexus? Discourses, knowledge, and politics of an emerging resource governance concept",NChallenge,Complexity Challenges
#435,"What is driving the water-energy-food nexus? Discourses, knowledge, and politics of an emerging resource governance concept",NChallenge,Values Challenges
#435,"What is driving the water-energy-food nexus? Discourses, knowledge, and politics of an emerging resource governance concept",NChallenge,Governance Challenges
#435,"What is driving the water-energy-food nexus? Discourses, knowledge, and politics of an emerging resource governance concept",Gov,NA
#435,"What is driving the water-energy-food nexus? Discourses, knowledge, and politics of an emerging resource governance concept",Policy,Economic and Financial Instruments
#435,"What is driving the water-energy-food nexus? Discourses, knowledge, and politics of an emerging resource governance concept",Actors,Global/Regional Institutions and Science-Policy Interfaces
#435,"What is driving the water-energy-food nexus? Discourses, knowledge, and politics of an emerging resource governance concept",Actors,Local/National Governments and Municipalities
#435,"What is driving the water-energy-food nexus? Discourses, knowledge, and politics of an emerging resource governance concept",CrossCut,Equity
#435,"What is driving the water-energy-food nexus? Discourses, knowledge, and politics of an emerging resource governance concept",CrossCut,Poverty
#435,"What is driving the water-energy-food nexus? Discourses, knowledge, and politics of an emerging resource governance concept",CrossCut,ILK
#435,"What is driving the water-energy-food nexus? Discourses, knowledge, and politics of an emerging resource governance concept",CrossCut,Energy
#435,"What is driving the water-energy-food nexus? Discourses, knowledge, and politics of an emerging resource governance concept",CrossCut,Power Dynamics
#435,"What is driving the water-energy-food nexus? Discourses, knowledge, and politics of an emerging resource governance concept",Scaling,No
#435,"What is driving the water-energy-food nexus? Discourses, knowledge, and politics of an emerging resource governance concept",Enablers,Policy design & Implementation
#435,"What is driving the water-energy-food nexus? Discourses, knowledge, and politics of an emerging resource governance concept",Enablers,Institutional capacity
#435,"What is driving the water-energy-food nexus? Discourses, knowledge, and politics of an emerging resource governance concept",Enablers,Finance & Economics
#435,"What is driving the water-energy-food nexus? Discourses, knowledge, and politics of an emerging resource governance concept",Enablers,Behaviour & Lifestyle
#435,"What is driving the water-energy-food nexus? Discourses, knowledge, and politics of an emerging resource governance concept",Enablers,Technology
#435,"What is driving the water-energy-food nexus? Discourses, knowledge, and politics of an emerging resource governance concept",Enablers_CritC5,NA
#435,"What is driving the water-energy-food nexus? Discourses, knowledge, and politics of an emerging resource governance concept",Enablers_CritC5,Social acceptability (#4)
#435,"What is driving the water-energy-food nexus? Discourses, knowledge, and politics of an emerging resource governance concept",Enablers_CritC5,Equity (#8)
#435,"What is driving the water-energy-food nexus? Discourses, knowledge, and politics of an emerging resource governance concept",Enablers_CritC5,Transformative change potential (#10)
#435,"What is driving the water-energy-food nexus? Discourses, knowledge, and politics of an emerging resource governance concept",Enablers_CritC5,Technical feasibility (#7)
#435,"What is driving the water-energy-food nexus? Discourses, knowledge, and politics of an emerging resource governance concept",Barriers,Policy design & Implementation
#435,"What is driving the water-energy-food nexus? Discourses, knowledge, and politics of an emerging resource governance concept",Barriers,Institutional capacity
#435,"What is driving the water-energy-food nexus? Discourses, knowledge, and politics of an emerging resource governance concept",Barriers,Finance & Economics
#435,"What is driving the water-energy-food nexus? Discourses, knowledge, and politics of an emerging resource governance concept",Barriers,Behaviour & Lifestyle
#435,"What is driving the water-energy-food nexus? Discourses, knowledge, and politics of an emerging resource governance concept",Barriers_CritC5,Social acceptability (#4)
#435,"What is driving the water-energy-food nexus? Discourses, knowledge, and politics of an emerging resource governance concept",Barriers_CritC5,NA
#435,"What is driving the water-energy-food nexus? Discourses, knowledge, and politics of an emerging resource governance concept",Barriers_CritC5,Transformative change potential (#10)
#432,"Interdependencies and Risk to People and Critical Food, Energy, and Water Systems: 2013 Flood, Boulder, Colorado, USA",PaperType,Conceptual/theoretical
#432,"Interdependencies and Risk to People and Critical Food, Energy, and Water Systems: 2013 Flood, Boulder, Colorado, USA",PaperType,Empirical
#432,"Interdependencies and Risk to People and Critical Food, Energy, and Water Systems: 2013 Flood, Boulder, Colorado, USA",PaperType,Modelling
#432,"Interdependencies and Risk to People and Critical Food, Energy, and Water Systems: 2013 Flood, Boulder, Colorado, USA",Region,Northern America
#432,"Interdependencies and Risk to People and Critical Food, Energy, and Water Systems: 2013 Flood, Boulder, Colorado, USA",Scale,Subnational >100 km² (watershed)
#432,"Interdependencies and Risk to People and Critical Food, Energy, and Water Systems: 2013 Flood, Boulder, Colorado, USA",Nexus,Health
#432,"Interdependencies and Risk to People and Critical Food, Energy, and Water Systems: 2013 Flood, Boulder, Colorado, USA",Nexus,Food
#432,"Interdependencies and Risk to People and Critical Food, Energy, and Water Systems: 2013 Flood, Boulder, Colorado, USA",Nexus,Water
#432,"Interdependencies and Risk to People and Critical Food, Energy, and Water Systems: 2013 Flood, Boulder, Colorado, USA",NChallenge,Complexity Challenges
#432,"Interdependencies and Risk to People and Critical Food, Energy, and Water Systems: 2013 Flood, Boulder, Colorado, USA",NChallenge,Values Challenges
#432,"Interdependencies and Risk to People and Critical Food, Energy, and Water Systems: 2013 Flood, Boulder, Colorado, USA",NChallenge,Governance Challenges
#432,"Interdependencies and Risk to People and Critical Food, Energy, and Water Systems: 2013 Flood, Boulder, Colorado, USA",Gov,Hierarchical Governance
#432,"Interdependencies and Risk to People and Critical Food, Energy, and Water Systems: 2013 Flood, Boulder, Colorado, USA",Gov,Community Governance
#432,"Interdependencies and Risk to People and Critical Food, Energy, and Water Systems: 2013 Flood, Boulder, Colorado, USA",Policy,Legal and Regulatory Instruments
#432,"Interdependencies and Risk to People and Critical Food, Energy, and Water Systems: 2013 Flood, Boulder, Colorado, USA",Policy,Economic and Financial Instruments
#432,"Interdependencies and Risk to People and Critical Food, Energy, and Water Systems: 2013 Flood, Boulder, Colorado, USA",Actors,Private Sector and Business Organisations
#432,"Interdependencies and Risk to People and Critical Food, Energy, and Water Systems: 2013 Flood, Boulder, Colorado, USA",Actors,Financial Institutions
#432,"Interdependencies and Risk to People and Critical Food, Energy, and Water Systems: 2013 Flood, Boulder, Colorado, USA",Actors,Civil Society and Community-Based Organisations
#432,"Interdependencies and Risk to People and Critical Food, Energy, and Water Systems: 2013 Flood, Boulder, Colorado, USA",Actors,Knowledge and Educational Communities
#432,"Interdependencies and Risk to People and Critical Food, Energy, and Water Systems: 2013 Flood, Boulder, Colorado, USA",Actors,Local/National Governments and Municipalities
#432,"Interdependencies and Risk to People and Critical Food, Energy, and Water Systems: 2013 Flood, Boulder, Colorado, USA",CrossCut,Equity
#432,"Interdependencies and Risk to People and Critical Food, Energy, and Water Systems: 2013 Flood, Boulder, Colorado, USA",CrossCut,Poverty
#432,"Interdependencies and Risk to People and Critical Food, Energy, and Water Systems: 2013 Flood, Boulder, Colorado, USA",CrossCut,Energy
#432,"Interdependencies and Risk to People and Critical Food, Energy, and Water Systems: 2013 Flood, Boulder, Colorado, USA",CrossCut,Disaster Recovery
#432,"Interdependencies and Risk to People and Critical Food, Energy, and Water Systems: 2013 Flood, Boulder, Colorado, USA",CrossCut,Infrastructure
#432,"Interdependencies and Risk to People and Critical Food, Energy, and Water Systems: 2013 Flood, Boulder, Colorado, USA",CrossCut,Disaster Recovery
#432,"Interdependencies and Risk to People and Critical Food, Energy, and Water Systems: 2013 Flood, Boulder, Colorado, USA",Scaling,No
#432,"Interdependencies and Risk to People and Critical Food, Energy, and Water Systems: 2013 Flood, Boulder, Colorado, USA",Enablers,Policy design & Implementation
#432,"Interdependencies and Risk to People and Critical Food, Energy, and Water Systems: 2013 Flood, Boulder, Colorado, USA",Enablers,Institutional capacity
#432,"Interdependencies and Risk to People and Critical Food, Energy, and Water Systems: 2013 Flood, Boulder, Colorado, USA",Enablers,Behaviour & Lifestyle
#432,"Interdependencies and Risk to People and Critical Food, Energy, and Water Systems: 2013 Flood, Boulder, Colorado, USA",Enablers,Technology
#432,"Interdependencies and Risk to People and Critical Food, Energy, and Water Systems: 2013 Flood, Boulder, Colorado, USA",Enablers,Material & Non-material endowments
#432,"Interdependencies and Risk to People and Critical Food, Energy, and Water Systems: 2013 Flood, Boulder, Colorado, USA",Enablers_CritC5,Impacts on each nexus element (#3)
#432,"Interdependencies and Risk to People and Critical Food, Energy, and Water Systems: 2013 Flood, Boulder, Colorado, USA",Enablers_CritC5,NA
#432,"Interdependencies and Risk to People and Critical Food, Energy, and Water Systems: 2013 Flood, Boulder, Colorado, USA",Enablers_CritC5,Alignment with political priorities (#5)
#432,"Interdependencies and Risk to People and Critical Food, Energy, and Water Systems: 2013 Flood, Boulder, Colorado, USA",Enablers_CritC5,Equity (#8)
#432,"Interdependencies and Risk to People and Critical Food, Energy, and Water Systems: 2013 Flood, Boulder, Colorado, USA",Enablers_CritC5,Transformative change potential (#10)
#432,"Interdependencies and Risk to People and Critical Food, Energy, and Water Systems: 2013 Flood, Boulder, Colorado, USA",Enablers_CritC5,Technical feasibility (#7)
#432,"Interdependencies and Risk to People and Critical Food, Energy, and Water Systems: 2013 Flood, Boulder, Colorado, USA",Barriers,Behaviour & Lifestyle
#432,"Interdependencies and Risk to People and Critical Food, Energy, and Water Systems: 2013 Flood, Boulder, Colorado, USA",Barriers_CritC5,NA
#431,"Seeing land deals through the lens of the ‘land–water nexus’: the case of biofuel production in Piura, Peru",PaperType,Empirical
#431,"Seeing land deals through the lens of the ‘land–water nexus’: the case of biofuel production in Piura, Peru",Region,Latin America and the Caribbean
#431,"Seeing land deals through the lens of the ‘land–water nexus’: the case of biofuel production in Piura, Peru",Scale,Subnational >100 km² (watershed)
#431,"Seeing land deals through the lens of the ‘land–water nexus’: the case of biofuel production in Piura, Peru",Nexus,Food
#431,"Seeing land deals through the lens of the ‘land–water nexus’: the case of biofuel production in Piura, Peru",Nexus,Water
#431,"Seeing land deals through the lens of the ‘land–water nexus’: the case of biofuel production in Piura, Peru",NChallenge,Complexity Challenges
#431,"Seeing land deals through the lens of the ‘land–water nexus’: the case of biofuel production in Piura, Peru",NChallenge,Governance Challenges
#431,"Seeing land deals through the lens of the ‘land–water nexus’: the case of biofuel production in Piura, Peru",Gov,Hierarchical Governance
#431,"Seeing land deals through the lens of the ‘land–water nexus’: the case of biofuel production in Piura, Peru",Policy,Legal and Regulatory Instruments
#431,"Seeing land deals through the lens of the ‘land–water nexus’: the case of biofuel production in Piura, Peru",Policy,Rights-Based Instruments and Customary Norms
#431,"Seeing land deals through the lens of the ‘land–water nexus’: the case of biofuel production in Piura, Peru",Policy,Economic and Financial Instruments
#431,"Seeing land deals through the lens of the ‘land–water nexus’: the case of biofuel production in Piura, Peru",Policy,Social and Cultural Instruments
#431,"Seeing land deals through the lens of the ‘land–water nexus’: the case of biofuel production in Piura, Peru",Actors,Private Sector and Business Organisations
#431,"Seeing land deals through the lens of the ‘land–water nexus’: the case of biofuel production in Piura, Peru",Actors,Financial Institutions
#431,"Seeing land deals through the lens of the ‘land–water nexus’: the case of biofuel production in Piura, Peru",Actors,Civil Society and Community-Based Organisations
#431,"Seeing land deals through the lens of the ‘land–water nexus’: the case of biofuel production in Piura, Peru",Actors,IPLCs
#431,"Seeing land deals through the lens of the ‘land–water nexus’: the case of biofuel production in Piura, Peru",Actors,Global/Regional Institutions and Science-Policy Interfaces
#431,"Seeing land deals through the lens of the ‘land–water nexus’: the case of biofuel production in Piura, Peru",Actors,Local/National Governments and Municipalities
#431,"Seeing land deals through the lens of the ‘land–water nexus’: the case of biofuel production in Piura, Peru",CrossCut,Equity
#431,"Seeing land deals through the lens of the ‘land–water nexus’: the case of biofuel production in Piura, Peru",CrossCut,Land
#431,"Seeing land deals through the lens of the ‘land–water nexus’: the case of biofuel production in Piura, Peru",Scaling,No
#431,"Seeing land deals through the lens of the ‘land–water nexus’: the case of biofuel production in Piura, Peru",Enablers,Behaviour & Lifestyle
#431,"Seeing land deals through the lens of the ‘land–water nexus’: the case of biofuel production in Piura, Peru",Enablers_CritC5,Transformative change potential (#10)
#431,"Seeing land deals through the lens of the ‘land–water nexus’: the case of biofuel production in Piura, Peru",Barriers,Policy design & Implementation
#431,"Seeing land deals through the lens of the ‘land–water nexus’: the case of biofuel production in Piura, Peru",Barriers,Equity & Diversity
#431,"Seeing land deals through the lens of the ‘land–water nexus’: the case of biofuel production in Piura, Peru",Barriers,Institutional capacity
#431,"Seeing land deals through the lens of the ‘land–water nexus’: the case of biofuel production in Piura, Peru",Barriers,Finance & Economics
#431,"Seeing land deals through the lens of the ‘land–water nexus’: the case of biofuel production in Piura, Peru",Barriers,Technology
#431,"Seeing land deals through the lens of the ‘land–water nexus’: the case of biofuel production in Piura, Peru",Barriers,Material & Non-material endowments
#431,"Seeing land deals through the lens of the ‘land–water nexus’: the case of biofuel production in Piura, Peru",Barriers_CritC5,Impacts on each nexus element (#3)
#431,"Seeing land deals through the lens of the ‘land–water nexus’: the case of biofuel production in Piura, Peru",Barriers_CritC5,Equity (#8)
#431,"Seeing land deals through the lens of the ‘land–water nexus’: the case of biofuel production in Piura, Peru",Barriers_CritC5,Alignment with political priorities (#5)
#431,"Seeing land deals through the lens of the ‘land–water nexus’: the case of biofuel production in Piura, Peru",Barriers_CritC5,Alignment with international frameworks (#9)
#431,"Seeing land deals through the lens of the ‘land–water nexus’: the case of biofuel production in Piura, Peru",Barriers_CritC5,Geographic scale (#1)
#431,"Seeing land deals through the lens of the ‘land–water nexus’: the case of biofuel production in Piura, Peru",Barriers_CritC5,Transformative change potential (#10)
#431,"Seeing land deals through the lens of the ‘land–water nexus’: the case of biofuel production in Piura, Peru",Barriers_CritC5,NA
#431,"Seeing land deals through the lens of the ‘land–water nexus’: the case of biofuel production in Piura, Peru",Barriers_CritC5,Technical feasibility (#7)
#429,Globalization and the water-energy-food nexus – Using the global production networks approach to analyze society-environment relations,PaperType,Empirical
#429,Globalization and the water-energy-food nexus – Using the global production networks approach to analyze society-environment relations,PaperType,Survey based
#429,Globalization and the water-energy-food nexus – Using the global production networks approach to analyze society-environment relations,Region,Western Europe
#429,Globalization and the water-energy-food nexus – Using the global production networks approach to analyze society-environment relations,Scale,Local >1 km² to 100 km² (neighbourhood to municipality)
#429,Globalization and the water-energy-food nexus – Using the global production networks approach to analyze society-environment relations,Nexus,Food
#429,Globalization and the water-energy-food nexus – Using the global production networks approach to analyze society-environment relations,Nexus,Water
#429,Globalization and the water-energy-food nexus – Using the global production networks approach to analyze society-environment relations,NChallenge,Complexity Challenges
#429,Globalization and the water-energy-food nexus – Using the global production networks approach to analyze society-environment relations,Gov,Hierarchical Governance
#429,Globalization and the water-energy-food nexus – Using the global production networks approach to analyze society-environment relations,Policy,Legal and Regulatory Instruments
#429,Globalization and the water-energy-food nexus – Using the global production networks approach to analyze society-environment relations,Actors,Private Sector and Business Organisations
#429,Globalization and the water-energy-food nexus – Using the global production networks approach to analyze society-environment relations,Actors,Media and the Arts
#429,Globalization and the water-energy-food nexus – Using the global production networks approach to analyze society-environment relations,Actors,Civil Society and Community-Based Organisations
#429,Globalization and the water-energy-food nexus – Using the global production networks approach to analyze society-environment relations,Actors,Civil Society and Community-Based Organisations
#429,Globalization and the water-energy-food nexus – Using the global production networks approach to analyze society-environment relations,Actors,Global/Regional Institutions and Science-Policy Interfaces
#429,Globalization and the water-energy-food nexus – Using the global production networks approach to analyze society-environment relations,Actors,Global/Regional Institutions and Science-Policy Interfaces
#429,Globalization and the water-energy-food nexus – Using the global production networks approach to analyze society-environment relations,Actors,Local/National Governments and Municipalities
#429,Globalization and the water-energy-food nexus – Using the global production networks approach to analyze society-environment relations,CrossCut,Energy
#429,Globalization and the water-energy-food nexus – Using the global production networks approach to analyze society-environment relations,Scaling,Yes
#429,Globalization and the water-energy-food nexus – Using the global production networks approach to analyze society-environment relations,Enablers,Policy design & Implementation
#429,Globalization and the water-energy-food nexus – Using the global production networks approach to analyze society-environment relations,Enablers,Finance & Economics
#429,Globalization and the water-energy-food nexus – Using the global production networks approach to analyze society-environment relations,Enablers,Behaviour & Lifestyle
#429,Globalization and the water-energy-food nexus – Using the global production networks approach to analyze society-environment relations,Enablers,Material & Non-material endowments
#429,Globalization and the water-energy-food nexus – Using the global production networks approach to analyze society-environment relations,Enablers_CritC5,Impacts on each nexus element (#3)
#429,Globalization and the water-energy-food nexus – Using the global production networks approach to analyze society-environment relations,Enablers_CritC5,NA
#429,Globalization and the water-energy-food nexus – Using the global production networks approach to analyze society-environment relations,Enablers_CritC5,Geographic scale (#1)
#429,Globalization and the water-energy-food nexus – Using the global production networks approach to analyze society-environment relations,Enablers_CritC5,Transformative change potential (#10)
#429,Globalization and the water-energy-food nexus – Using the global production networks approach to analyze society-environment relations,Enablers_CritC5,Equity (#8)
#429,Globalization and the water-energy-food nexus – Using the global production networks approach to analyze society-environment relations,Barriers,Institutional capacity
#429,Globalization and the water-energy-food nexus – Using the global production networks approach to analyze society-environment relations,Barriers,Finance & Economics
#429,Globalization and the water-energy-food nexus – Using the global production networks approach to analyze society-environment relations,Barriers,Technology
#429,Globalization and the water-energy-food nexus – Using the global production networks approach to analyze society-environment relations,Barriers_CritC5,NA
#429,Globalization and the water-energy-food nexus – Using the global production networks approach to analyze society-environment relations,Barriers_CritC5,Transformative change potential (#10)
#428,Towards a relational understanding of the water-energy-food nexus: an analysis of embeddedness and governance in the Upper Blue Nile region of Ethiopia,PaperType,Empirical
#428,Towards a relational understanding of the water-energy-food nexus: an analysis of embeddedness and governance in the Upper Blue Nile region of Ethiopia,Region,Sub-Saharan Africa
#428,Towards a relational understanding of the water-energy-food nexus: an analysis of embeddedness and governance in the Upper Blue Nile region of Ethiopia,Scale,Subnational >100 km² (watershed)
#428,Towards a relational understanding of the water-energy-food nexus: an analysis of embeddedness and governance in the Upper Blue Nile region of Ethiopia,Nexus,Biodiversity
#428,Towards a relational understanding of the water-energy-food nexus: an analysis of embeddedness and governance in the Upper Blue Nile region of Ethiopia,Nexus,Food
#428,Towards a relational understanding of the water-energy-food nexus: an analysis of embeddedness and governance in the Upper Blue Nile region of Ethiopia,Nexus,Water
#428,Towards a relational understanding of the water-energy-food nexus: an analysis of embeddedness and governance in the Upper Blue Nile region of Ethiopia,NChallenge,Complexity Challenges
#428,Towards a relational understanding of the water-energy-food nexus: an analysis of embeddedness and governance in the Upper Blue Nile region of Ethiopia,NChallenge,Governance Challenges
#428,Towards a relational understanding of the water-energy-food nexus: an analysis of embeddedness and governance in the Upper Blue Nile region of Ethiopia,Gov,Hierarchical Governance
#428,Towards a relational understanding of the water-energy-food nexus: an analysis of embeddedness and governance in the Upper Blue Nile region of Ethiopia,Policy,NA
#428,Towards a relational understanding of the water-energy-food nexus: an analysis of embeddedness and governance in the Upper Blue Nile region of Ethiopia,Actors,Private Sector and Business Organisations
#428,Towards a relational understanding of the water-energy-food nexus: an analysis of embeddedness and governance in the Upper Blue Nile region of Ethiopia,Actors,Financial Institutions
#428,Towards a relational understanding of the water-energy-food nexus: an analysis of embeddedness and governance in the Upper Blue Nile region of Ethiopia,Actors,Civil Society and Community-Based Organisations
#428,Towards a relational understanding of the water-energy-food nexus: an analysis of embeddedness and governance in the Upper Blue Nile region of Ethiopia,Actors,Local/National Governments and Municipalities
#428,Towards a relational understanding of the water-energy-food nexus: an analysis of embeddedness and governance in the Upper Blue Nile region of Ethiopia,CrossCut,Energy
#428,Towards a relational understanding of the water-energy-food nexus: an analysis of embeddedness and governance in the Upper Blue Nile region of Ethiopia,Scaling,No
#428,Towards a relational understanding of the water-energy-food nexus: an analysis of embeddedness and governance in the Upper Blue Nile region of Ethiopia,Enablers,Policy design & Implementation
#428,Towards a relational understanding of the water-energy-food nexus: an analysis of embeddedness and governance in the Upper Blue Nile region of Ethiopia,Enablers,Equity & Diversity
#428,Towards a relational understanding of the water-energy-food nexus: an analysis of embeddedness and governance in the Upper Blue Nile region of Ethiopia,Enablers,Institutional capacity
#428,Towards a relational understanding of the water-energy-food nexus: an analysis of embeddedness and governance in the Upper Blue Nile region of Ethiopia,Enablers,Material & Non-material endowments
#428,Towards a relational understanding of the water-energy-food nexus: an analysis of embeddedness and governance in the Upper Blue Nile region of Ethiopia,Enablers_CritC5,NA
#428,Towards a relational understanding of the water-energy-food nexus: an analysis of embeddedness and governance in the Upper Blue Nile region of Ethiopia,Enablers_CritC5,Transformative change potential (#10)
#428,Towards a relational understanding of the water-energy-food nexus: an analysis of embeddedness and governance in the Upper Blue Nile region of Ethiopia,Enablers_CritC5,Equity (#8)
#428,Towards a relational understanding of the water-energy-food nexus: an analysis of embeddedness and governance in the Upper Blue Nile region of Ethiopia,Barriers,Policy design & Implementation
#428,Towards a relational understanding of the water-energy-food nexus: an analysis of embeddedness and governance in the Upper Blue Nile region of Ethiopia,Barriers,Equity & Diversity
#428,Towards a relational understanding of the water-energy-food nexus: an analysis of embeddedness and governance in the Upper Blue Nile region of Ethiopia,Barriers,Institutional capacity
#428,Towards a relational understanding of the water-energy-food nexus: an analysis of embeddedness and governance in the Upper Blue Nile region of Ethiopia,Barriers,Behaviour & Lifestyle
#428,Towards a relational understanding of the water-energy-food nexus: an analysis of embeddedness and governance in the Upper Blue Nile region of Ethiopia,Barriers,Material & Non-material endowments
#428,Towards a relational understanding of the water-energy-food nexus: an analysis of embeddedness and governance in the Upper Blue Nile region of Ethiopia,Barriers_CritC5,NA
#428,Towards a relational understanding of the water-energy-food nexus: an analysis of embeddedness and governance in the Upper Blue Nile region of Ethiopia,Barriers_CritC5,Transformative change potential (#10)
#428,Towards a relational understanding of the water-energy-food nexus: an analysis of embeddedness and governance in the Upper Blue Nile region of Ethiopia,Barriers_CritC5,Equity (#8)
#426,"Framing and integration in the global forest, agriculture and climate change nexus",PaperType,Review
#426,"Framing and integration in the global forest, agriculture and climate change nexus",PaperType,Perspective
#426,"Framing and integration in the global forest, agriculture and climate change nexus",Region,Not applicable (no specific spatial location)
#426,"Framing and integration in the global forest, agriculture and climate change nexus",Scale,Not applicable (no specific spatial location)
#426,"Framing and integration in the global forest, agriculture and climate change nexus",Nexus,Biodiversity
#426,"Framing and integration in the global forest, agriculture and climate change nexus",Nexus,Climate change
#426,"Framing and integration in the global forest, agriculture and climate change nexus",Nexus,Food
#426,"Framing and integration in the global forest, agriculture and climate change nexus",NChallenge,Complexity Challenges
#426,"Framing and integration in the global forest, agriculture and climate change nexus",NChallenge,Scaling Challenges
#426,"Framing and integration in the global forest, agriculture and climate change nexus",Gov,Integrative Governance
#426,"Framing and integration in the global forest, agriculture and climate change nexus",Policy,Legal and Regulatory Instruments
#426,"Framing and integration in the global forest, agriculture and climate change nexus",Policy,Economic and Financial Instruments
#426,"Framing and integration in the global forest, agriculture and climate change nexus",Actors,Financial Institutions
#426,"Framing and integration in the global forest, agriculture and climate change nexus",Actors,Knowledge and Educational Communities
#426,"Framing and integration in the global forest, agriculture and climate change nexus",Actors,Global/Regional Institutions and Science-Policy Interfaces
#426,"Framing and integration in the global forest, agriculture and climate change nexus",Actors,Global/Regional Institutions and Science-Policy Interfaces
#426,"Framing and integration in the global forest, agriculture and climate change nexus",Actors,Local/National Governments and Municipalities
#426,"Framing and integration in the global forest, agriculture and climate change nexus",CrossCut,NA
#426,"Framing and integration in the global forest, agriculture and climate change nexus",Scaling,No
#426,"Framing and integration in the global forest, agriculture and climate change nexus",Enablers,Policy design & Implementation
#426,"Framing and integration in the global forest, agriculture and climate change nexus",Enablers,Institutional capacity
#426,"Framing and integration in the global forest, agriculture and climate change nexus",Enablers,Finance & Economics
#426,"Framing and integration in the global forest, agriculture and climate change nexus",Enablers_CritC5,Alignment with international frameworks (#9)
#426,"Framing and integration in the global forest, agriculture and climate change nexus",Enablers_CritC5,Transformative change potential (#10)
#426,"Framing and integration in the global forest, agriculture and climate change nexus",Enablers_CritC5,NA
#426,"Framing and integration in the global forest, agriculture and climate change nexus",Barriers,Policy design & Implementation
#426,"Framing and integration in the global forest, agriculture and climate change nexus",Barriers,Equity & Diversity
#426,"Framing and integration in the global forest, agriculture and climate change nexus",Barriers,Institutional capacity
#426,"Framing and integration in the global forest, agriculture and climate change nexus",Barriers,Finance & Economics
#426,"Framing and integration in the global forest, agriculture and climate change nexus",Barriers_CritC5,NA
#426,"Framing and integration in the global forest, agriculture and climate change nexus",Barriers_CritC5,Alignment with international frameworks (#9)
#426,"Framing and integration in the global forest, agriculture and climate change nexus",Barriers_CritC5,Transformative change potential (#10)
#426,"Framing and integration in the global forest, agriculture and climate change nexus",Barriers_CritC5,Equity (#8)
#424,Integrated governance for the food–energy–water nexus – The scope of action for institutional change,PaperType,Review
#424,Integrated governance for the food–energy–water nexus – The scope of action for institutional change,PaperType,Conceptual/theoretical
#424,Integrated governance for the food–energy–water nexus – The scope of action for institutional change,PaperType,Empirical
#424,Integrated governance for the food–energy–water nexus – The scope of action for institutional change,Region,Western Europe
#424,Integrated governance for the food–energy–water nexus – The scope of action for institutional change,Scale,National (whole country)
#424,Integrated governance for the food–energy–water nexus – The scope of action for institutional change,Nexus,Climate change
#424,Integrated governance for the food–energy–water nexus – The scope of action for institutional change,Nexus,Food
#424,Integrated governance for the food–energy–water nexus – The scope of action for institutional change,Nexus,Water
#424,Integrated governance for the food–energy–water nexus – The scope of action for institutional change,NChallenge,Governance Challenges
#424,Integrated governance for the food–energy–water nexus – The scope of action for institutional change,Gov,Hierarchical Governance
#424,Integrated governance for the food–energy–water nexus – The scope of action for institutional change,Policy,Legal and Regulatory Instruments
#424,Integrated governance for the food–energy–water nexus – The scope of action for institutional change,Actors,Local/National Governments and Municipalities
#424,Integrated governance for the food–energy–water nexus – The scope of action for institutional change,CrossCut,Energy
#424,Integrated governance for the food–energy–water nexus – The scope of action for institutional change,Scaling,No
#424,Integrated governance for the food–energy–water nexus – The scope of action for institutional change,Enablers,Policy design & Implementation
#424,Integrated governance for the food–energy–water nexus – The scope of action for institutional change,Enablers,Institutional capacity
#424,Integrated governance for the food–energy–water nexus – The scope of action for institutional change,Enablers,Finance & Economics
#424,Integrated governance for the food–energy–water nexus – The scope of action for institutional change,Enablers_CritC5,Impacts on each nexus element (#3)
#424,Integrated governance for the food–energy–water nexus – The scope of action for institutional change,Enablers_CritC5,NA
#424,Integrated governance for the food–energy–water nexus – The scope of action for institutional change,Enablers_CritC5,Social acceptability (#4)
#424,Integrated governance for the food–energy–water nexus – The scope of action for institutional change,Enablers_CritC5,Alignment with political priorities (#5)
#424,Integrated governance for the food–energy–water nexus – The scope of action for institutional change,Enablers_CritC5,Alignment with international frameworks (#9)
#424,Integrated governance for the food–energy–water nexus – The scope of action for institutional change,Enablers_CritC5,Transformative change potential (#10)
#423,"Analysis of the nexus between population, water resources and Global Food Security highlights significance of governance and research investments and policy priorities",PaperType,Empirical
#423,"Analysis of the nexus between population, water resources and Global Food Security highlights significance of governance and research investments and policy priorities",Region,Not applicable (no specific spatial location)
#423,"Analysis of the nexus between population, water resources and Global Food Security highlights significance of governance and research investments and policy priorities",Scale,National (whole country)
#423,"Analysis of the nexus between population, water resources and Global Food Security highlights significance of governance and research investments and policy priorities",Nexus,Food
#423,"Analysis of the nexus between population, water resources and Global Food Security highlights significance of governance and research investments and policy priorities",Nexus,Water
#423,"Analysis of the nexus between population, water resources and Global Food Security highlights significance of governance and research investments and policy priorities",NChallenge,Complexity Challenges
#423,"Analysis of the nexus between population, water resources and Global Food Security highlights significance of governance and research investments and policy priorities",Gov,NA
#423,"Analysis of the nexus between population, water resources and Global Food Security highlights significance of governance and research investments and policy priorities",Policy,NA
#423,"Analysis of the nexus between population, water resources and Global Food Security highlights significance of governance and research investments and policy priorities",Actors,NA
#423,"Analysis of the nexus between population, water resources and Global Food Security highlights significance of governance and research investments and policy priorities",CrossCut,Population Growth
#423,"Analysis of the nexus between population, water resources and Global Food Security highlights significance of governance and research investments and policy priorities",CrossCut,Corruption
#423,"Analysis of the nexus between population, water resources and Global Food Security highlights significance of governance and research investments and policy priorities",Scaling,No
#423,"Analysis of the nexus between population, water resources and Global Food Security highlights significance of governance and research investments and policy priorities",Enablers,Policy design & Implementation
#423,"Analysis of the nexus between population, water resources and Global Food Security highlights significance of governance and research investments and policy priorities",Enablers,Institutional capacity
#423,"Analysis of the nexus between population, water resources and Global Food Security highlights significance of governance and research investments and policy priorities",Enablers,Technology
#423,"Analysis of the nexus between population, water resources and Global Food Security highlights significance of governance and research investments and policy priorities",Enablers_CritC5,Alignment with political priorities (#5)
#423,"Analysis of the nexus between population, water resources and Global Food Security highlights significance of governance and research investments and policy priorities",Enablers_CritC5,Transformative change potential (#10)
#423,"Analysis of the nexus between population, water resources and Global Food Security highlights significance of governance and research investments and policy priorities",Enablers_CritC5,Technical feasibility (#7)
#423,"Analysis of the nexus between population, water resources and Global Food Security highlights significance of governance and research investments and policy priorities",Barriers,Policy design & Implementation
#423,"Analysis of the nexus between population, water resources and Global Food Security highlights significance of governance and research investments and policy priorities",Barriers,Institutional capacity
#423,"Analysis of the nexus between population, water resources and Global Food Security highlights significance of governance and research investments and policy priorities",Barriers_CritC5,Impacts on each nexus element (#3)
#423,"Analysis of the nexus between population, water resources and Global Food Security highlights significance of governance and research investments and policy priorities",Barriers_CritC5,Alignment with political priorities (#5)
#423,"Analysis of the nexus between population, water resources and Global Food Security highlights significance of governance and research investments and policy priorities",Barriers_CritC5,Transformative change potential (#10)
#418,Governing the water-energy-food nexus related to hydropower on shared rivers-the role of regional organizations,PaperType,Review
#418,Governing the water-energy-food nexus related to hydropower on shared rivers-the role of regional organizations,Region,Sub-Saharan Africa
#418,Governing the water-energy-food nexus related to hydropower on shared rivers-the role of regional organizations,Region,South-eastern Asia
#418,Governing the water-energy-food nexus related to hydropower on shared rivers-the role of regional organizations,Scale,Subnational >100 km² (watershed)
#418,Governing the water-energy-food nexus related to hydropower on shared rivers-the role of regional organizations,Nexus,Food
#418,Governing the water-energy-food nexus related to hydropower on shared rivers-the role of regional organizations,Nexus,Water
#418,Governing the water-energy-food nexus related to hydropower on shared rivers-the role of regional organizations,NChallenge,Governance Challenges
#418,Governing the water-energy-food nexus related to hydropower on shared rivers-the role of regional organizations,Gov,Community Governance
#418,Governing the water-energy-food nexus related to hydropower on shared rivers-the role of regional organizations,Gov,Nexus Governance
#418,Governing the water-energy-food nexus related to hydropower on shared rivers-the role of regional organizations,Gov,Collaborative Governance
#418,Governing the water-energy-food nexus related to hydropower on shared rivers-the role of regional organizations,Policy,Economic and Financial Instruments
#418,Governing the water-energy-food nexus related to hydropower on shared rivers-the role of regional organizations,Policy,Social and Cultural Instruments
#418,Governing the water-energy-food nexus related to hydropower on shared rivers-the role of regional organizations,Actors,Private Sector and Business Organisations
#418,Governing the water-energy-food nexus related to hydropower on shared rivers-the role of regional organizations,Actors,Media and the Arts
#418,Governing the water-energy-food nexus related to hydropower on shared rivers-the role of regional organizations,Actors,Financial Institutions
#418,Governing the water-energy-food nexus related to hydropower on shared rivers-the role of regional organizations,Actors,Civil Society and Community-Based Organisations
#418,Governing the water-energy-food nexus related to hydropower on shared rivers-the role of regional organizations,Actors,Civil Society and Community-Based Organisations
#418,Governing the water-energy-food nexus related to hydropower on shared rivers-the role of regional organizations,Actors,Local/National Governments and Municipalities
#418,Governing the water-energy-food nexus related to hydropower on shared rivers-the role of regional organizations,CrossCut,Energy
#418,Governing the water-energy-food nexus related to hydropower on shared rivers-the role of regional organizations,Scaling,No
#418,Governing the water-energy-food nexus related to hydropower on shared rivers-the role of regional organizations,Enablers,Equity & Diversity
#418,Governing the water-energy-food nexus related to hydropower on shared rivers-the role of regional organizations,Enablers,Policy design & Implementation
#418,Governing the water-energy-food nexus related to hydropower on shared rivers-the role of regional organizations,Enablers,Institutional capacity
#418,Governing the water-energy-food nexus related to hydropower on shared rivers-the role of regional organizations,Enablers,Finance & Economics
#418,Governing the water-energy-food nexus related to hydropower on shared rivers-the role of regional organizations,Enablers_CritC5,Equity (#8)
#418,Governing the water-energy-food nexus related to hydropower on shared rivers-the role of regional organizations,Enablers_CritC5,Alignment with international frameworks (#9)
#418,Governing the water-energy-food nexus related to hydropower on shared rivers-the role of regional organizations,Enablers_CritC5,Transformative change potential (#10)
#418,Governing the water-energy-food nexus related to hydropower on shared rivers-the role of regional organizations,Enablers_CritC5,NA
#418,Governing the water-energy-food nexus related to hydropower on shared rivers-the role of regional organizations,Barriers,Policy design & Implementation
#418,Governing the water-energy-food nexus related to hydropower on shared rivers-the role of regional organizations,Barriers,Finance & Economics
#418,Governing the water-energy-food nexus related to hydropower on shared rivers-the role of regional organizations,Barriers_CritC5,Impacts on each nexus element (#3)
#418,Governing the water-energy-food nexus related to hydropower on shared rivers-the role of regional organizations,Barriers_CritC5,Geographic scale (#1)
#418,Governing the water-energy-food nexus related to hydropower on shared rivers-the role of regional organizations,Barriers_CritC5,Economic implications (#6)
#416,Ecosystem services and multifunctional agriculture: Unravelling informal stakeholders' perceptions and water governance in three European irrigation systems,PaperType,Review
#416,Ecosystem services and multifunctional agriculture: Unravelling informal stakeholders' perceptions and water governance in three European irrigation systems,PaperType,Empirical
#416,Ecosystem services and multifunctional agriculture: Unravelling informal stakeholders' perceptions and water governance in three European irrigation systems,Region,Southern Europe
#416,Ecosystem services and multifunctional agriculture: Unravelling informal stakeholders' perceptions and water governance in three European irrigation systems,Scale,Local >1 km² to 100 km² (neighbourhood to municipality)
#416,Ecosystem services and multifunctional agriculture: Unravelling informal stakeholders' perceptions and water governance in three European irrigation systems,Scale,Subnational >100 km² (watershed)
#416,Ecosystem services and multifunctional agriculture: Unravelling informal stakeholders' perceptions and water governance in three European irrigation systems,Nexus,Biodiversity
#416,Ecosystem services and multifunctional agriculture: Unravelling informal stakeholders' perceptions and water governance in three European irrigation systems,Nexus,Food
#416,Ecosystem services and multifunctional agriculture: Unravelling informal stakeholders' perceptions and water governance in three European irrigation systems,Nexus,Water
#416,Ecosystem services and multifunctional agriculture: Unravelling informal stakeholders' perceptions and water governance in three European irrigation systems,NChallenge,Values Challenges
#416,Ecosystem services and multifunctional agriculture: Unravelling informal stakeholders' perceptions and water governance in three European irrigation systems,NChallenge,Governance Challenges
#416,Ecosystem services and multifunctional agriculture: Unravelling informal stakeholders' perceptions and water governance in three European irrigation systems,Gov,Hierarchical Governance
#416,Ecosystem services and multifunctional agriculture: Unravelling informal stakeholders' perceptions and water governance in three European irrigation systems,Policy,NA
#416,Ecosystem services and multifunctional agriculture: Unravelling informal stakeholders' perceptions and water governance in three European irrigation systems,Actors,Private Sector and Business Organisations
#416,Ecosystem services and multifunctional agriculture: Unravelling informal stakeholders' perceptions and water governance in three European irrigation systems,Actors,Civil Society and Community-Based Organisations
#416,Ecosystem services and multifunctional agriculture: Unravelling informal stakeholders' perceptions and water governance in three European irrigation systems,Actors,Knowledge and Educational Communities
#416,Ecosystem services and multifunctional agriculture: Unravelling informal stakeholders' perceptions and water governance in three European irrigation systems,Actors,Global/Regional Institutions and Science-Policy Interfaces
#416,Ecosystem services and multifunctional agriculture: Unravelling informal stakeholders' perceptions and water governance in three European irrigation systems,Actors,Local/National Governments and Municipalities
#416,Ecosystem services and multifunctional agriculture: Unravelling informal stakeholders' perceptions and water governance in three European irrigation systems,CrossCut,NA
#416,Ecosystem services and multifunctional agriculture: Unravelling informal stakeholders' perceptions and water governance in three European irrigation systems,Scaling,No
#416,Ecosystem services and multifunctional agriculture: Unravelling informal stakeholders' perceptions and water governance in three European irrigation systems,Enablers,Policy design & Implementation
#416,Ecosystem services and multifunctional agriculture: Unravelling informal stakeholders' perceptions and water governance in three European irrigation systems,Enablers,Institutional capacity
#416,Ecosystem services and multifunctional agriculture: Unravelling informal stakeholders' perceptions and water governance in three European irrigation systems,Enablers,Finance & Economics
#416,Ecosystem services and multifunctional agriculture: Unravelling informal stakeholders' perceptions and water governance in three European irrigation systems,Enablers,Behaviour & Lifestyle
#416,Ecosystem services and multifunctional agriculture: Unravelling informal stakeholders' perceptions and water governance in three European irrigation systems,Enablers,Technology
#416,Ecosystem services and multifunctional agriculture: Unravelling informal stakeholders' perceptions and water governance in three European irrigation systems,Enablers_CritC5,Social acceptability (#4)
#416,Ecosystem services and multifunctional agriculture: Unravelling informal stakeholders' perceptions and water governance in three European irrigation systems,Enablers_CritC5,Alignment with political priorities (#5)
#416,Ecosystem services and multifunctional agriculture: Unravelling informal stakeholders' perceptions and water governance in three European irrigation systems,Enablers_CritC5,Equity (#8)
#416,Ecosystem services and multifunctional agriculture: Unravelling informal stakeholders' perceptions and water governance in three European irrigation systems,Enablers_CritC5,NA
#416,Ecosystem services and multifunctional agriculture: Unravelling informal stakeholders' perceptions and water governance in three European irrigation systems,Enablers_CritC5,Transformative change potential (#10)
#416,Ecosystem services and multifunctional agriculture: Unravelling informal stakeholders' perceptions and water governance in three European irrigation systems,Enablers_CritC5,Technical feasibility (#7)
#416,Ecosystem services and multifunctional agriculture: Unravelling informal stakeholders' perceptions and water governance in three European irrigation systems,Barriers,Policy design & Implementation
#416,Ecosystem services and multifunctional agriculture: Unravelling informal stakeholders' perceptions and water governance in three European irrigation systems,Barriers,Finance & Economics
#416,Ecosystem services and multifunctional agriculture: Unravelling informal stakeholders' perceptions and water governance in three European irrigation systems,Barriers,Behaviour & Lifestyle
#416,Ecosystem services and multifunctional agriculture: Unravelling informal stakeholders' perceptions and water governance in three European irrigation systems,Barriers,Technology
#416,Ecosystem services and multifunctional agriculture: Unravelling informal stakeholders' perceptions and water governance in three European irrigation systems,Barriers_CritC5,Alignment with political priorities (#5)
#416,Ecosystem services and multifunctional agriculture: Unravelling informal stakeholders' perceptions and water governance in three European irrigation systems,Barriers_CritC5,NA
#416,Ecosystem services and multifunctional agriculture: Unravelling informal stakeholders' perceptions and water governance in three European irrigation systems,Barriers_CritC5,Technical feasibility (#7)
#409,The development of the water-energy-food nexus as a framework for achieving resource security: A review,PaperType,Review
#409,The development of the water-energy-food nexus as a framework for achieving resource security: A review,Region,Not applicable (no specific spatial location)
#409,The development of the water-energy-food nexus as a framework for achieving resource security: A review,Scale,Not applicable (no specific spatial location)
#409,The development of the water-energy-food nexus as a framework for achieving resource security: A review,Nexus,Food
#409,The development of the water-energy-food nexus as a framework for achieving resource security: A review,Nexus,Water
#409,The development of the water-energy-food nexus as a framework for achieving resource security: A review,NChallenge,Complexity Challenges
#409,The development of the water-energy-food nexus as a framework for achieving resource security: A review,NChallenge,Scaling Challenges
#409,The development of the water-energy-food nexus as a framework for achieving resource security: A review,Gov,Integrative Governance
#409,The development of the water-energy-food nexus as a framework for achieving resource security: A review,Policy,NA
#409,The development of the water-energy-food nexus as a framework for achieving resource security: A review,Actors,NA
#409,The development of the water-energy-food nexus as a framework for achieving resource security: A review,CrossCut,Equity
#409,The development of the water-energy-food nexus as a framework for achieving resource security: A review,CrossCut,Poverty
#409,The development of the water-energy-food nexus as a framework for achieving resource security: A review,CrossCut,Employment
#409,The development of the water-energy-food nexus as a framework for achieving resource security: A review,CrossCut,Energy
#409,The development of the water-energy-food nexus as a framework for achieving resource security: A review,CrossCut,Livelihoods
#409,The development of the water-energy-food nexus as a framework for achieving resource security: A review,Scaling,NA
#409,The development of the water-energy-food nexus as a framework for achieving resource security: A review,Enablers,Policy design & Implementation
#409,The development of the water-energy-food nexus as a framework for achieving resource security: A review,Enablers,Institutional capacity
#409,The development of the water-energy-food nexus as a framework for achieving resource security: A review,Enablers,Finance & Economics
#409,The development of the water-energy-food nexus as a framework for achieving resource security: A review,Enablers_CritC5,Impacts on each nexus element (#3)
#409,The development of the water-energy-food nexus as a framework for achieving resource security: A review,Enablers_CritC5,Transformative change potential (#10)
#409,The development of the water-energy-food nexus as a framework for achieving resource security: A review,Barriers,Policy design & Implementation
#409,The development of the water-energy-food nexus as a framework for achieving resource security: A review,Barriers,Institutional capacity
#409,The development of the water-energy-food nexus as a framework for achieving resource security: A review,Barriers,Finance & Economics
#409,The development of the water-energy-food nexus as a framework for achieving resource security: A review,Barriers_CritC5,NA
#409,The development of the water-energy-food nexus as a framework for achieving resource security: A review,Barriers_CritC5,Geographic scale (#1)
#409,The development of the water-energy-food nexus as a framework for achieving resource security: A review,Barriers_CritC5,Temporal scale (#2)
#409,The development of the water-energy-food nexus as a framework for achieving resource security: A review,Barriers_CritC5,Transformative change potential (#10)
#403,Assessing Action Situation Networks: A Configurational Perspective on Water and Energy Governance in Irrigation Systems,PaperType,Network analysis
#403,Assessing Action Situation Networks: A Configurational Perspective on Water and Energy Governance in Irrigation Systems,Region,Southern Asia
#403,Assessing Action Situation Networks: A Configurational Perspective on Water and Energy Governance in Irrigation Systems,Region,Southern Europe
#403,Assessing Action Situation Networks: A Configurational Perspective on Water and Energy Governance in Irrigation Systems,Scale,"Regional (multiple countries, whole continents)"
#403,Assessing Action Situation Networks: A Configurational Perspective on Water and Energy Governance in Irrigation Systems,Nexus,Food
#403,Assessing Action Situation Networks: A Configurational Perspective on Water and Energy Governance in Irrigation Systems,Nexus,Water
#403,Assessing Action Situation Networks: A Configurational Perspective on Water and Energy Governance in Irrigation Systems,NChallenge,Governance Challenges
#403,Assessing Action Situation Networks: A Configurational Perspective on Water and Energy Governance in Irrigation Systems,Gov,NA
#403,Assessing Action Situation Networks: A Configurational Perspective on Water and Energy Governance in Irrigation Systems,Policy,Legal and Regulatory Instruments
#403,Assessing Action Situation Networks: A Configurational Perspective on Water and Energy Governance in Irrigation Systems,Policy,Economic and Financial Instruments
#403,Assessing Action Situation Networks: A Configurational Perspective on Water and Energy Governance in Irrigation Systems,Actors,Private Sector and Business Organisations
#403,Assessing Action Situation Networks: A Configurational Perspective on Water and Energy Governance in Irrigation Systems,Actors,Local/National Governments and Municipalities
#403,Assessing Action Situation Networks: A Configurational Perspective on Water and Energy Governance in Irrigation Systems,CrossCut,Energy
#403,Assessing Action Situation Networks: A Configurational Perspective on Water and Energy Governance in Irrigation Systems,Scaling,No
#403,Assessing Action Situation Networks: A Configurational Perspective on Water and Energy Governance in Irrigation Systems,Enablers,Policy design & Implementation
#403,Assessing Action Situation Networks: A Configurational Perspective on Water and Energy Governance in Irrigation Systems,Enablers,Equity & Diversity
#403,Assessing Action Situation Networks: A Configurational Perspective on Water and Energy Governance in Irrigation Systems,Enablers,Institutional capacity
#403,Assessing Action Situation Networks: A Configurational Perspective on Water and Energy Governance in Irrigation Systems,Enablers,Finance & Economics
#403,Assessing Action Situation Networks: A Configurational Perspective on Water and Energy Governance in Irrigation Systems,Enablers,Behaviour & Lifestyle
#403,Assessing Action Situation Networks: A Configurational Perspective on Water and Energy Governance in Irrigation Systems,Enablers,Technology
#403,Assessing Action Situation Networks: A Configurational Perspective on Water and Energy Governance in Irrigation Systems,Enablers_CritC5,NA
#403,Assessing Action Situation Networks: A Configurational Perspective on Water and Energy Governance in Irrigation Systems,Enablers_CritC5,Equity (#8)
#403,Assessing Action Situation Networks: A Configurational Perspective on Water and Energy Governance in Irrigation Systems,Enablers_CritC5,Social acceptability (#4)
#403,Assessing Action Situation Networks: A Configurational Perspective on Water and Energy Governance in Irrigation Systems,Enablers_CritC5,Alignment with political priorities (#5)
#403,Assessing Action Situation Networks: A Configurational Perspective on Water and Energy Governance in Irrigation Systems,Enablers_CritC5,Transformative change potential (#10)
#403,Assessing Action Situation Networks: A Configurational Perspective on Water and Energy Governance in Irrigation Systems,Enablers_CritC5,Economic implications (#6)
#403,Assessing Action Situation Networks: A Configurational Perspective on Water and Energy Governance in Irrigation Systems,Barriers,Policy design & Implementation
#403,Assessing Action Situation Networks: A Configurational Perspective on Water and Energy Governance in Irrigation Systems,Barriers,Finance & Economics
#403,Assessing Action Situation Networks: A Configurational Perspective on Water and Energy Governance in Irrigation Systems,Barriers,Material & Non-material endowments
#403,Assessing Action Situation Networks: A Configurational Perspective on Water and Energy Governance in Irrigation Systems,Barriers_CritC5,Geographic scale (#1)
#403,Assessing Action Situation Networks: A Configurational Perspective on Water and Energy Governance in Irrigation Systems,Barriers_CritC5,Economic implications (#6)
#403,Assessing Action Situation Networks: A Configurational Perspective on Water and Energy Governance in Irrigation Systems,Barriers_CritC5,NA
#400,"Integrated irrigation and agriculture planning in punjab: Toward a multiscale, multisector framework",PaperType,Review
#400,"Integrated irrigation and agriculture planning in punjab: Toward a multiscale, multisector framework",PaperType,Empirical
#400,"Integrated irrigation and agriculture planning in punjab: Toward a multiscale, multisector framework",Region,Southern Asia
#400,"Integrated irrigation and agriculture planning in punjab: Toward a multiscale, multisector framework",Scale,Subnational >100 km² (watershed)
#400,"Integrated irrigation and agriculture planning in punjab: Toward a multiscale, multisector framework",Nexus,Food
#400,"Integrated irrigation and agriculture planning in punjab: Toward a multiscale, multisector framework",Nexus,Water
#400,"Integrated irrigation and agriculture planning in punjab: Toward a multiscale, multisector framework",NChallenge,Complexity Challenges
#400,"Integrated irrigation and agriculture planning in punjab: Toward a multiscale, multisector framework",NChallenge,Governance Challenges
#400,"Integrated irrigation and agriculture planning in punjab: Toward a multiscale, multisector framework",Gov,NA
#400,"Integrated irrigation and agriculture planning in punjab: Toward a multiscale, multisector framework",Policy,Legal and Regulatory Instruments
#400,"Integrated irrigation and agriculture planning in punjab: Toward a multiscale, multisector framework",Actors,Private Sector and Business Organisations
#400,"Integrated irrigation and agriculture planning in punjab: Toward a multiscale, multisector framework",Actors,Civil Society and Community-Based Organisations
#400,"Integrated irrigation and agriculture planning in punjab: Toward a multiscale, multisector framework",Actors,Global/Regional Institutions and Science-Policy Interfaces
#400,"Integrated irrigation and agriculture planning in punjab: Toward a multiscale, multisector framework",Actors,Global/Regional Institutions and Science-Policy Interfaces
#400,"Integrated irrigation and agriculture planning in punjab: Toward a multiscale, multisector framework",Actors,Local/National Governments and Municipalities
#400,"Integrated irrigation and agriculture planning in punjab: Toward a multiscale, multisector framework",CrossCut,Energy
#400,"Integrated irrigation and agriculture planning in punjab: Toward a multiscale, multisector framework",Scaling,Yes
#400,"Integrated irrigation and agriculture planning in punjab: Toward a multiscale, multisector framework",Enablers,Policy design & Implementation
#400,"Integrated irrigation and agriculture planning in punjab: Toward a multiscale, multisector framework",Enablers,Institutional capacity
#400,"Integrated irrigation and agriculture planning in punjab: Toward a multiscale, multisector framework",Enablers,Finance & Economics
#400,"Integrated irrigation and agriculture planning in punjab: Toward a multiscale, multisector framework",Enablers,Behaviour & Lifestyle
#400,"Integrated irrigation and agriculture planning in punjab: Toward a multiscale, multisector framework",Enablers,Technology
#400,"Integrated irrigation and agriculture planning in punjab: Toward a multiscale, multisector framework",Enablers,Material & Non-material endowments
#400,"Integrated irrigation and agriculture planning in punjab: Toward a multiscale, multisector framework",Enablers_CritC5,Impacts on each nexus element (#3)
#400,"Integrated irrigation and agriculture planning in punjab: Toward a multiscale, multisector framework",Enablers_CritC5,NA
#400,"Integrated irrigation and agriculture planning in punjab: Toward a multiscale, multisector framework",Enablers_CritC5,Social acceptability (#4)
#400,"Integrated irrigation and agriculture planning in punjab: Toward a multiscale, multisector framework",Enablers_CritC5,Alignment with political priorities (#5)
#400,"Integrated irrigation and agriculture planning in punjab: Toward a multiscale, multisector framework",Enablers_CritC5,Geographic scale (#1)
#400,"Integrated irrigation and agriculture planning in punjab: Toward a multiscale, multisector framework",Enablers_CritC5,Equity (#8)
#400,"Integrated irrigation and agriculture planning in punjab: Toward a multiscale, multisector framework",Enablers_CritC5,Transformative change potential (#10)
#400,"Integrated irrigation and agriculture planning in punjab: Toward a multiscale, multisector framework",Enablers_CritC5,Technical feasibility (#7)
#400,"Integrated irrigation and agriculture planning in punjab: Toward a multiscale, multisector framework",Barriers,Policy design & Implementation
#400,"Integrated irrigation and agriculture planning in punjab: Toward a multiscale, multisector framework",Barriers,Institutional capacity
#400,"Integrated irrigation and agriculture planning in punjab: Toward a multiscale, multisector framework",Barriers,Finance & Economics
#400,"Integrated irrigation and agriculture planning in punjab: Toward a multiscale, multisector framework",Barriers_CritC5,NA
#400,"Integrated irrigation and agriculture planning in punjab: Toward a multiscale, multisector framework",Barriers_CritC5,Transformative change potential (#10)
#394,Relational equity management in water-energy-food nexus governance the case of the aral sea basin restoration programmes,PaperType,Perspective
#394,Relational equity management in water-energy-food nexus governance the case of the aral sea basin restoration programmes,Region,Central Asia
#394,Relational equity management in water-energy-food nexus governance the case of the aral sea basin restoration programmes,Scale,"Regional (multiple countries, whole continents)"
#394,Relational equity management in water-energy-food nexus governance the case of the aral sea basin restoration programmes,Nexus,Biodiversity
#394,Relational equity management in water-energy-food nexus governance the case of the aral sea basin restoration programmes,Nexus,Climate change
#394,Relational equity management in water-energy-food nexus governance the case of the aral sea basin restoration programmes,Nexus,Food
#394,Relational equity management in water-energy-food nexus governance the case of the aral sea basin restoration programmes,Nexus,Water
#394,Relational equity management in water-energy-food nexus governance the case of the aral sea basin restoration programmes,NChallenge,Complexity Challenges
#394,Relational equity management in water-energy-food nexus governance the case of the aral sea basin restoration programmes,NChallenge,Governance Challenges
#394,Relational equity management in water-energy-food nexus governance the case of the aral sea basin restoration programmes,NChallenge,Financing Challenges
#394,Relational equity management in water-energy-food nexus governance the case of the aral sea basin restoration programmes,Gov,NA
#394,Relational equity management in water-energy-food nexus governance the case of the aral sea basin restoration programmes,Policy,NA
#394,Relational equity management in water-energy-food nexus governance the case of the aral sea basin restoration programmes,Actors,Private Sector and Business Organisations
#394,Relational equity management in water-energy-food nexus governance the case of the aral sea basin restoration programmes,Actors,Financial Institutions
#394,Relational equity management in water-energy-food nexus governance the case of the aral sea basin restoration programmes,Actors,Civil Society and Community-Based Organisations
#394,Relational equity management in water-energy-food nexus governance the case of the aral sea basin restoration programmes,Actors,Global/Regional Institutions and Science-Policy Interfaces
#394,Relational equity management in water-energy-food nexus governance the case of the aral sea basin restoration programmes,Actors,Local/National Governments and Municipalities
#394,Relational equity management in water-energy-food nexus governance the case of the aral sea basin restoration programmes,CrossCut,Equity
#394,Relational equity management in water-energy-food nexus governance the case of the aral sea basin restoration programmes,CrossCut,Energy
#394,Relational equity management in water-energy-food nexus governance the case of the aral sea basin restoration programmes,Scaling,No
#394,Relational equity management in water-energy-food nexus governance the case of the aral sea basin restoration programmes,Enablers,Policy design & Implementation
#394,Relational equity management in water-energy-food nexus governance the case of the aral sea basin restoration programmes,Enablers,Equity & Diversity
#394,Relational equity management in water-energy-food nexus governance the case of the aral sea basin restoration programmes,Enablers,Institutional capacity
#394,Relational equity management in water-energy-food nexus governance the case of the aral sea basin restoration programmes,Enablers_CritC5,NA
#394,Relational equity management in water-energy-food nexus governance the case of the aral sea basin restoration programmes,Enablers_CritC5,Alignment with international frameworks (#9)
#394,Relational equity management in water-energy-food nexus governance the case of the aral sea basin restoration programmes,Enablers_CritC5,Transformative change potential (#10)
#394,Relational equity management in water-energy-food nexus governance the case of the aral sea basin restoration programmes,Enablers_CritC5,Equity (#8)
#394,Relational equity management in water-energy-food nexus governance the case of the aral sea basin restoration programmes,Barriers,Policy design & Implementation
#394,Relational equity management in water-energy-food nexus governance the case of the aral sea basin restoration programmes,Barriers,Equity & Diversity
#394,Relational equity management in water-energy-food nexus governance the case of the aral sea basin restoration programmes,Barriers,Institutional capacity
#394,Relational equity management in water-energy-food nexus governance the case of the aral sea basin restoration programmes,Barriers,Finance & Economics
#394,Relational equity management in water-energy-food nexus governance the case of the aral sea basin restoration programmes,Barriers_CritC5,Impacts on each nexus element (#3)
#394,Relational equity management in water-energy-food nexus governance the case of the aral sea basin restoration programmes,Barriers_CritC5,Alignment with international frameworks (#9)
#394,Relational equity management in water-energy-food nexus governance the case of the aral sea basin restoration programmes,Barriers_CritC5,NA
#394,Relational equity management in water-energy-food nexus governance the case of the aral sea basin restoration programmes,Barriers_CritC5,Transformative change potential (#10)
#394,Relational equity management in water-energy-food nexus governance the case of the aral sea basin restoration programmes,Barriers_CritC5,Equity (#8)
#385,International law and marine ecosystem governance: The climate change nexus,PaperType,Review
#385,International law and marine ecosystem governance: The climate change nexus,PaperType,Conceptual/theoretical
#385,International law and marine ecosystem governance: The climate change nexus,Region,Sub-Saharan Africa
#385,International law and marine ecosystem governance: The climate change nexus,Region,Latin America and the Caribbean
#385,International law and marine ecosystem governance: The climate change nexus,Region,Eastern Asia
#385,International law and marine ecosystem governance: The climate change nexus,Region,Northern Europe
#385,International law and marine ecosystem governance: The climate change nexus,Region,Not applicable (no specific spatial location)
#385,International law and marine ecosystem governance: The climate change nexus,Scale,Local >1 km² to 100 km² (neighbourhood to municipality)
#385,International law and marine ecosystem governance: The climate change nexus,Scale,Subnational >100 km² (watershed)
#385,International law and marine ecosystem governance: The climate change nexus,Scale,National (whole country)
#385,International law and marine ecosystem governance: The climate change nexus,Nexus,Biodiversity
#385,International law and marine ecosystem governance: The climate change nexus,Nexus,Climate change
#385,International law and marine ecosystem governance: The climate change nexus,NChallenge,Complexity Challenges
#385,International law and marine ecosystem governance: The climate change nexus,NChallenge,Values Challenges
#385,International law and marine ecosystem governance: The climate change nexus,NChallenge,Governance Challenges
#385,International law and marine ecosystem governance: The climate change nexus,NChallenge,Financing Challenges
#385,International law and marine ecosystem governance: The climate change nexus,NChallenge,Scaling Challenges
#385,International law and marine ecosystem governance: The climate change nexus,Gov,Hierarchical Governance
#385,International law and marine ecosystem governance: The climate change nexus,Gov,Community Governance
#385,International law and marine ecosystem governance: The climate change nexus,Policy,Legal and Regulatory Instruments
#385,International law and marine ecosystem governance: The climate change nexus,Actors,Private Sector and Business Organisations
#385,International law and marine ecosystem governance: The climate change nexus,Actors,Financial Institutions
#385,International law and marine ecosystem governance: The climate change nexus,Actors,Civil Society and Community-Based Organisations
#385,International law and marine ecosystem governance: The climate change nexus,Actors,IPLCs
#385,International law and marine ecosystem governance: The climate change nexus,Actors,Global/Regional Institutions and Science-Policy Interfaces
#385,International law and marine ecosystem governance: The climate change nexus,Actors,Local/National Governments and Municipalities
#385,International law and marine ecosystem governance: The climate change nexus,CrossCut,Economy
#385,International law and marine ecosystem governance: The climate change nexus,CrossCut,ILK
#385,International law and marine ecosystem governance: The climate change nexus,Scaling,Yes
#385,International law and marine ecosystem governance: The climate change nexus,Enablers,Policy design & Implementation
#385,International law and marine ecosystem governance: The climate change nexus,Enablers,Institutional capacity
#385,International law and marine ecosystem governance: The climate change nexus,Enablers,Finance & Economics
#385,International law and marine ecosystem governance: The climate change nexus,Enablers,Behaviour & Lifestyle
#385,International law and marine ecosystem governance: The climate change nexus,Enablers,Technology
#385,International law and marine ecosystem governance: The climate change nexus,Enablers_CritC5,Impacts on each nexus element (#3)
#385,International law and marine ecosystem governance: The climate change nexus,Enablers_CritC5,Social acceptability (#4)
#385,International law and marine ecosystem governance: The climate change nexus,Enablers_CritC5,Alignment with political priorities (#5)
#385,International law and marine ecosystem governance: The climate change nexus,Enablers_CritC5,Alignment with international frameworks (#9)
#385,International law and marine ecosystem governance: The climate change nexus,Enablers_CritC5,Geographic scale (#1)
#385,International law and marine ecosystem governance: The climate change nexus,Enablers_CritC5,Equity (#8)
#385,International law and marine ecosystem governance: The climate change nexus,Enablers_CritC5,Transformative change potential (#10)
#385,International law and marine ecosystem governance: The climate change nexus,Enablers_CritC5,NA
#385,International law and marine ecosystem governance: The climate change nexus,Enablers_CritC5,Technical feasibility (#7)
#382,The Water-Energy-Food Nexus,PaperType,Review
#382,The Water-Energy-Food Nexus,PaperType,Perspective
#382,The Water-Energy-Food Nexus,PaperType,Conceptual/theoretical
#382,The Water-Energy-Food Nexus,PaperType,Book chapter
#382,The Water-Energy-Food Nexus,Region,Eastern Asia
#382,The Water-Energy-Food Nexus,Scale,National (whole country)
#382,The Water-Energy-Food Nexus,Nexus,Food
#382,The Water-Energy-Food Nexus,Nexus,Water
#382,The Water-Energy-Food Nexus,NChallenge,Complexity Challenges
#382,The Water-Energy-Food Nexus,Gov,Hierarchical Governance
#382,The Water-Energy-Food Nexus,Policy,NA
#382,The Water-Energy-Food Nexus,Actors,Local/National Governments and Municipalities
#382,The Water-Energy-Food Nexus,CrossCut,Energy
#382,The Water-Energy-Food Nexus,Scaling,No
#382,The Water-Energy-Food Nexus,Enablers,Policy design & Implementation
#382,The Water-Energy-Food Nexus,Enablers_CritC5,Impacts on each nexus element (#3)
#382,The Water-Energy-Food Nexus,Barriers,Policy design & Implementation
#382,The Water-Energy-Food Nexus,Barriers,Institutional capacity
#382,The Water-Energy-Food Nexus,Barriers,Finance & Economics
#382,The Water-Energy-Food Nexus,Barriers,Material & Non-material endowments
#382,The Water-Energy-Food Nexus,Barriers_CritC5,Impacts on each nexus element (#3)
#382,The Water-Energy-Food Nexus,Barriers_CritC5,Equity (#8)
#382,The Water-Energy-Food Nexus,Barriers_CritC5,Economic implications (#6)
#382,The Water-Energy-Food Nexus,Barriers_CritC5,NA
#378,Governance of the water-energy-food security nexus: A multi-level coordination challenge,PaperType,Review
#378,Governance of the water-energy-food security nexus: A multi-level coordination challenge,PaperType,Perspective
#378,Governance of the water-energy-food security nexus: A multi-level coordination challenge,Region,Western Europe
#378,Governance of the water-energy-food security nexus: A multi-level coordination challenge,Scale,NA
#378,Governance of the water-energy-food security nexus: A multi-level coordination challenge,Nexus,Food
#378,Governance of the water-energy-food security nexus: A multi-level coordination challenge,Nexus,Water
#378,Governance of the water-energy-food security nexus: A multi-level coordination challenge,NChallenge,Complexity Challenges
#378,Governance of the water-energy-food security nexus: A multi-level coordination challenge,NChallenge,Governance Challenges
#378,Governance of the water-energy-food security nexus: A multi-level coordination challenge,Gov,Market Governance
#378,Governance of the water-energy-food security nexus: A multi-level coordination challenge,Gov,Network Governance
#378,Governance of the water-energy-food security nexus: A multi-level coordination challenge,Policy,Rights-Based Instruments and Customary Norms
#378,Governance of the water-energy-food security nexus: A multi-level coordination challenge,Policy,Economic and Financial Instruments
#378,Governance of the water-energy-food security nexus: A multi-level coordination challenge,Actors,Private Sector and Business Organisations
#378,Governance of the water-energy-food security nexus: A multi-level coordination challenge,Actors,Civil Society and Community-Based Organisations
#378,Governance of the water-energy-food security nexus: A multi-level coordination challenge,Actors,Global/Regional Institutions and Science-Policy Interfaces
#378,Governance of the water-energy-food security nexus: A multi-level coordination challenge,Actors,Local/National Governments and Municipalities
#378,Governance of the water-energy-food security nexus: A multi-level coordination challenge,CrossCut,Energy
#378,Governance of the water-energy-food security nexus: A multi-level coordination challenge,Scaling,No
#378,Governance of the water-energy-food security nexus: A multi-level coordination challenge,Enablers,Institutional capacity
#378,Governance of the water-energy-food security nexus: A multi-level coordination challenge,Enablers_CritC5,Equity (#8)
#378,Governance of the water-energy-food security nexus: A multi-level coordination challenge,Enablers_CritC5,Transformative change potential (#10)
#378,Governance of the water-energy-food security nexus: A multi-level coordination challenge,Barriers,Policy design & Implementation
#378,Governance of the water-energy-food security nexus: A multi-level coordination challenge,Barriers,Institutional capacity
#378,Governance of the water-energy-food security nexus: A multi-level coordination challenge,Barriers,Finance & Economics
#378,Governance of the water-energy-food security nexus: A multi-level coordination challenge,Barriers_CritC5,Impacts on each nexus element (#3)
#378,Governance of the water-energy-food security nexus: A multi-level coordination challenge,Barriers_CritC5,Alignment with international frameworks (#9)
#378,Governance of the water-energy-food security nexus: A multi-level coordination challenge,Barriers_CritC5,NA
#378,Governance of the water-energy-food security nexus: A multi-level coordination challenge,Barriers_CritC5,Geographic scale (#1)
#378,Governance of the water-energy-food security nexus: A multi-level coordination challenge,Barriers_CritC5,Equity (#8)
#378,Governance of the water-energy-food security nexus: A multi-level coordination challenge,Barriers_CritC5,Transformative change potential (#10)
#377,Exploring sustainable land use in forested tropical social-ecological systems: A case-study in the Wet Tropics,PaperType,Empirical
#377,Exploring sustainable land use in forested tropical social-ecological systems: A case-study in the Wet Tropics,Region,Australia and New Zealand
#377,Exploring sustainable land use in forested tropical social-ecological systems: A case-study in the Wet Tropics,Scale,National (whole country)
#377,Exploring sustainable land use in forested tropical social-ecological systems: A case-study in the Wet Tropics,Nexus,Biodiversity
#377,Exploring sustainable land use in forested tropical social-ecological systems: A case-study in the Wet Tropics,Nexus,Climate change
#377,Exploring sustainable land use in forested tropical social-ecological systems: A case-study in the Wet Tropics,Nexus,Food
#377,Exploring sustainable land use in forested tropical social-ecological systems: A case-study in the Wet Tropics,NChallenge,NA
#377,Exploring sustainable land use in forested tropical social-ecological systems: A case-study in the Wet Tropics,Gov,NA
#377,Exploring sustainable land use in forested tropical social-ecological systems: A case-study in the Wet Tropics,Policy,NA
#377,Exploring sustainable land use in forested tropical social-ecological systems: A case-study in the Wet Tropics,Actors,NA
#377,Exploring sustainable land use in forested tropical social-ecological systems: A case-study in the Wet Tropics,CrossCut,NA
#377,Exploring sustainable land use in forested tropical social-ecological systems: A case-study in the Wet Tropics,Scaling,No
#377,Exploring sustainable land use in forested tropical social-ecological systems: A case-study in the Wet Tropics,Enablers,Policy design & Implementation
#377,Exploring sustainable land use in forested tropical social-ecological systems: A case-study in the Wet Tropics,Enablers,Equity & Diversity
#377,Exploring sustainable land use in forested tropical social-ecological systems: A case-study in the Wet Tropics,Enablers_CritC5,Impacts on each nexus element (#3)
#377,Exploring sustainable land use in forested tropical social-ecological systems: A case-study in the Wet Tropics,Enablers_CritC5,NA
#377,Exploring sustainable land use in forested tropical social-ecological systems: A case-study in the Wet Tropics,Enablers_CritC5,Equity (#8)
#377,Exploring sustainable land use in forested tropical social-ecological systems: A case-study in the Wet Tropics,Barriers,Institutional capacity
#377,Exploring sustainable land use in forested tropical social-ecological systems: A case-study in the Wet Tropics,Barriers,Policy design & Implementation
#377,Exploring sustainable land use in forested tropical social-ecological systems: A case-study in the Wet Tropics,Barriers,Equity & Diversity
#377,Exploring sustainable land use in forested tropical social-ecological systems: A case-study in the Wet Tropics,Barriers,Finance & Economics
#377,Exploring sustainable land use in forested tropical social-ecological systems: A case-study in the Wet Tropics,Barriers_CritC5,NA
#377,Exploring sustainable land use in forested tropical social-ecological systems: A case-study in the Wet Tropics,Barriers_CritC5,Geographic scale (#1)
#377,Exploring sustainable land use in forested tropical social-ecological systems: A case-study in the Wet Tropics,Barriers_CritC5,Temporal scale (#2)
#377,Exploring sustainable land use in forested tropical social-ecological systems: A case-study in the Wet Tropics,Barriers_CritC5,Transformative change potential (#10)
#377,Exploring sustainable land use in forested tropical social-ecological systems: A case-study in the Wet Tropics,Barriers_CritC5,Economic implications (#6)
#371,Developing interpretive structural modeling based on factor analysis for the water-energy-food nexus conundrum,PaperType,Conceptual/theoretical
#371,Developing interpretive structural modeling based on factor analysis for the water-energy-food nexus conundrum,Region,Eastern Asia
#371,Developing interpretive structural modeling based on factor analysis for the water-energy-food nexus conundrum,Scale,Subnational >100 km² (watershed)
#371,Developing interpretive structural modeling based on factor analysis for the water-energy-food nexus conundrum,Nexus,Food
#371,Developing interpretive structural modeling based on factor analysis for the water-energy-food nexus conundrum,Nexus,Water
#371,Developing interpretive structural modeling based on factor analysis for the water-energy-food nexus conundrum,NChallenge,Complexity Challenges
#371,Developing interpretive structural modeling based on factor analysis for the water-energy-food nexus conundrum,NChallenge,Values Challenges
#371,Developing interpretive structural modeling based on factor analysis for the water-energy-food nexus conundrum,NChallenge,Governance Challenges
#371,Developing interpretive structural modeling based on factor analysis for the water-energy-food nexus conundrum,NChallenge,Scaling Challenges
#371,Developing interpretive structural modeling based on factor analysis for the water-energy-food nexus conundrum,Gov,NA
#371,Developing interpretive structural modeling based on factor analysis for the water-energy-food nexus conundrum,Policy,NA
#371,Developing interpretive structural modeling based on factor analysis for the water-energy-food nexus conundrum,Actors,NA
#371,Developing interpretive structural modeling based on factor analysis for the water-energy-food nexus conundrum,CrossCut,Equity
#371,Developing interpretive structural modeling based on factor analysis for the water-energy-food nexus conundrum,CrossCut,Poverty
#371,Developing interpretive structural modeling based on factor analysis for the water-energy-food nexus conundrum,CrossCut,Energy
#371,Developing interpretive structural modeling based on factor analysis for the water-energy-food nexus conundrum,Scaling,No
#371,Developing interpretive structural modeling based on factor analysis for the water-energy-food nexus conundrum,Enablers,Policy design & Implementation
#371,Developing interpretive structural modeling based on factor analysis for the water-energy-food nexus conundrum,Enablers,Institutional capacity
#371,Developing interpretive structural modeling based on factor analysis for the water-energy-food nexus conundrum,Enablers,Finance & Economics
#371,Developing interpretive structural modeling based on factor analysis for the water-energy-food nexus conundrum,Enablers,Technology
#371,Developing interpretive structural modeling based on factor analysis for the water-energy-food nexus conundrum,Enablers,Material & Non-material endowments
#371,Developing interpretive structural modeling based on factor analysis for the water-energy-food nexus conundrum,Enablers_CritC5,NA
#371,Developing interpretive structural modeling based on factor analysis for the water-energy-food nexus conundrum,Enablers_CritC5,Equity (#8)
#371,Developing interpretive structural modeling based on factor analysis for the water-energy-food nexus conundrum,Enablers_CritC5,Transformative change potential (#10)
#371,Developing interpretive structural modeling based on factor analysis for the water-energy-food nexus conundrum,Enablers_CritC5,Technical feasibility (#7)
#371,Developing interpretive structural modeling based on factor analysis for the water-energy-food nexus conundrum,Barriers,Policy design & Implementation
#371,Developing interpretive structural modeling based on factor analysis for the water-energy-food nexus conundrum,Barriers,Finance & Economics
#371,Developing interpretive structural modeling based on factor analysis for the water-energy-food nexus conundrum,Barriers,Behaviour & Lifestyle
#371,Developing interpretive structural modeling based on factor analysis for the water-energy-food nexus conundrum,Barriers,Technology
#371,Developing interpretive structural modeling based on factor analysis for the water-energy-food nexus conundrum,Barriers_CritC5,NA
#371,Developing interpretive structural modeling based on factor analysis for the water-energy-food nexus conundrum,Barriers_CritC5,Social acceptability (#4)
#371,Developing interpretive structural modeling based on factor analysis for the water-energy-food nexus conundrum,Barriers_CritC5,Alignment with political priorities (#5)
#371,Developing interpretive structural modeling based on factor analysis for the water-energy-food nexus conundrum,Barriers_CritC5,Alignment with international frameworks (#9)
#371,Developing interpretive structural modeling based on factor analysis for the water-energy-food nexus conundrum,Barriers_CritC5,Transformative change potential (#10)
#371,Developing interpretive structural modeling based on factor analysis for the water-energy-food nexus conundrum,Barriers_CritC5,Equity (#8)
#366,The biodiversity of food and agriculture (Agrobiodiversity) in the anthropocene: Research advances and conceptual framework,PaperType,Review
#366,The biodiversity of food and agriculture (Agrobiodiversity) in the anthropocene: Research advances and conceptual framework,PaperType,Conceptual/theoretical
#366,The biodiversity of food and agriculture (Agrobiodiversity) in the anthropocene: Research advances and conceptual framework,PaperType,Empirical
#366,The biodiversity of food and agriculture (Agrobiodiversity) in the anthropocene: Research advances and conceptual framework,Region,Latin America and the Caribbean
#366,The biodiversity of food and agriculture (Agrobiodiversity) in the anthropocene: Research advances and conceptual framework,Scale,Subnational >100 km² (watershed)
#366,The biodiversity of food and agriculture (Agrobiodiversity) in the anthropocene: Research advances and conceptual framework,Nexus,Biodiversity
#366,The biodiversity of food and agriculture (Agrobiodiversity) in the anthropocene: Research advances and conceptual framework,Nexus,Climate change
#366,The biodiversity of food and agriculture (Agrobiodiversity) in the anthropocene: Research advances and conceptual framework,Nexus,Health
#366,The biodiversity of food and agriculture (Agrobiodiversity) in the anthropocene: Research advances and conceptual framework,Nexus,Food
#366,The biodiversity of food and agriculture (Agrobiodiversity) in the anthropocene: Research advances and conceptual framework,NChallenge,Complexity Challenges
#366,The biodiversity of food and agriculture (Agrobiodiversity) in the anthropocene: Research advances and conceptual framework,NChallenge,Governance Challenges
#366,The biodiversity of food and agriculture (Agrobiodiversity) in the anthropocene: Research advances and conceptual framework,Gov,Biocultural Governance
#366,The biodiversity of food and agriculture (Agrobiodiversity) in the anthropocene: Research advances and conceptual framework,Policy,Rights-Based Instruments and Customary Norms
#366,The biodiversity of food and agriculture (Agrobiodiversity) in the anthropocene: Research advances and conceptual framework,Policy,Economic and Financial Instruments
#366,The biodiversity of food and agriculture (Agrobiodiversity) in the anthropocene: Research advances and conceptual framework,Policy,Social and Cultural Instruments
#366,The biodiversity of food and agriculture (Agrobiodiversity) in the anthropocene: Research advances and conceptual framework,Actors,IPLCs
#366,The biodiversity of food and agriculture (Agrobiodiversity) in the anthropocene: Research advances and conceptual framework,Actors,Civil Society and Community-Based Organisations
#366,The biodiversity of food and agriculture (Agrobiodiversity) in the anthropocene: Research advances and conceptual framework,Actors,Global/Regional Institutions and Science-Policy Interfaces
#366,The biodiversity of food and agriculture (Agrobiodiversity) in the anthropocene: Research advances and conceptual framework,Actors,Local/National Governments and Municipalities
#366,The biodiversity of food and agriculture (Agrobiodiversity) in the anthropocene: Research advances and conceptual framework,CrossCut,ILK
#366,The biodiversity of food and agriculture (Agrobiodiversity) in the anthropocene: Research advances and conceptual framework,CrossCut,Urbanisation
#366,The biodiversity of food and agriculture (Agrobiodiversity) in the anthropocene: Research advances and conceptual framework,CrossCut,Migration
#366,The biodiversity of food and agriculture (Agrobiodiversity) in the anthropocene: Research advances and conceptual framework,Scaling,No
#366,The biodiversity of food and agriculture (Agrobiodiversity) in the anthropocene: Research advances and conceptual framework,Enablers,Policy design & Implementation
#366,The biodiversity of food and agriculture (Agrobiodiversity) in the anthropocene: Research advances and conceptual framework,Enablers,Institutional capacity
#366,The biodiversity of food and agriculture (Agrobiodiversity) in the anthropocene: Research advances and conceptual framework,Enablers,Equity & Diversity
#366,The biodiversity of food and agriculture (Agrobiodiversity) in the anthropocene: Research advances and conceptual framework,Enablers,Behaviour & Lifestyle
#366,The biodiversity of food and agriculture (Agrobiodiversity) in the anthropocene: Research advances and conceptual framework,Enablers,Technology
#366,The biodiversity of food and agriculture (Agrobiodiversity) in the anthropocene: Research advances and conceptual framework,Enablers,Material & Non-material endowments
#366,The biodiversity of food and agriculture (Agrobiodiversity) in the anthropocene: Research advances and conceptual framework,Enablers_CritC5,NA
#366,The biodiversity of food and agriculture (Agrobiodiversity) in the anthropocene: Research advances and conceptual framework,Enablers_CritC5,Alignment with international frameworks (#9)
#366,The biodiversity of food and agriculture (Agrobiodiversity) in the anthropocene: Research advances and conceptual framework,Enablers_CritC5,Transformative change potential (#10)
#366,The biodiversity of food and agriculture (Agrobiodiversity) in the anthropocene: Research advances and conceptual framework,Enablers_CritC5,Equity (#8)
#366,The biodiversity of food and agriculture (Agrobiodiversity) in the anthropocene: Research advances and conceptual framework,Enablers_CritC5,Technical feasibility (#7)
#366,The biodiversity of food and agriculture (Agrobiodiversity) in the anthropocene: Research advances and conceptual framework,Barriers,Policy design & Implementation
#366,The biodiversity of food and agriculture (Agrobiodiversity) in the anthropocene: Research advances and conceptual framework,Barriers,Institutional capacity
#366,The biodiversity of food and agriculture (Agrobiodiversity) in the anthropocene: Research advances and conceptual framework,Barriers,Finance & Economics
#366,The biodiversity of food and agriculture (Agrobiodiversity) in the anthropocene: Research advances and conceptual framework,Barriers_CritC5,Alignment with international frameworks (#9)
#366,The biodiversity of food and agriculture (Agrobiodiversity) in the anthropocene: Research advances and conceptual framework,Barriers_CritC5,Transformative change potential (#10)
#366,The biodiversity of food and agriculture (Agrobiodiversity) in the anthropocene: Research advances and conceptual framework,Barriers_CritC5,Equity (#8)
#361,Power dynamics and integration in the water-energy-food nexus: Learning lessons for transdisciplinary research in Cambodia,PaperType,Empirical
#361,Power dynamics and integration in the water-energy-food nexus: Learning lessons for transdisciplinary research in Cambodia,PaperType,Analysis based on surveys
#361,Power dynamics and integration in the water-energy-food nexus: Learning lessons for transdisciplinary research in Cambodia,Region,South-eastern Asia
#361,Power dynamics and integration in the water-energy-food nexus: Learning lessons for transdisciplinary research in Cambodia,Scale,Subnational >100 km² (watershed)
#361,Power dynamics and integration in the water-energy-food nexus: Learning lessons for transdisciplinary research in Cambodia,Nexus,Food
#361,Power dynamics and integration in the water-energy-food nexus: Learning lessons for transdisciplinary research in Cambodia,Nexus,Water
#361,Power dynamics and integration in the water-energy-food nexus: Learning lessons for transdisciplinary research in Cambodia,NChallenge,Complexity Challenges
#361,Power dynamics and integration in the water-energy-food nexus: Learning lessons for transdisciplinary research in Cambodia,NChallenge,Governance Challenges
#361,Power dynamics and integration in the water-energy-food nexus: Learning lessons for transdisciplinary research in Cambodia,Gov,Network Governance
#361,Power dynamics and integration in the water-energy-food nexus: Learning lessons for transdisciplinary research in Cambodia,Gov,System Governance
#361,Power dynamics and integration in the water-energy-food nexus: Learning lessons for transdisciplinary research in Cambodia,Gov,Resource-based Governance
#361,Power dynamics and integration in the water-energy-food nexus: Learning lessons for transdisciplinary research in Cambodia,Policy,Legal and Regulatory Instruments
#361,Power dynamics and integration in the water-energy-food nexus: Learning lessons for transdisciplinary research in Cambodia,Actors,Civil Society and Community-Based Organisations
#361,Power dynamics and integration in the water-energy-food nexus: Learning lessons for transdisciplinary research in Cambodia,Actors,Civil Society and Community-Based Organisations
#361,Power dynamics and integration in the water-energy-food nexus: Learning lessons for transdisciplinary research in Cambodia,Actors,Global/Regional Institutions and Science-Policy Interfaces
#361,Power dynamics and integration in the water-energy-food nexus: Learning lessons for transdisciplinary research in Cambodia,Actors,Local/National Governments and Municipalities
#361,Power dynamics and integration in the water-energy-food nexus: Learning lessons for transdisciplinary research in Cambodia,CrossCut,Energy
#361,Power dynamics and integration in the water-energy-food nexus: Learning lessons for transdisciplinary research in Cambodia,Scaling,No
#361,Power dynamics and integration in the water-energy-food nexus: Learning lessons for transdisciplinary research in Cambodia,Enablers,Policy design & Implementation
#361,Power dynamics and integration in the water-energy-food nexus: Learning lessons for transdisciplinary research in Cambodia,Enablers,Equity & Diversity
#361,Power dynamics and integration in the water-energy-food nexus: Learning lessons for transdisciplinary research in Cambodia,Enablers,Institutional capacity
#361,Power dynamics and integration in the water-energy-food nexus: Learning lessons for transdisciplinary research in Cambodia,Enablers,Finance & Economics
#361,Power dynamics and integration in the water-energy-food nexus: Learning lessons for transdisciplinary research in Cambodia,Enablers,Behaviour & Lifestyle
#361,Power dynamics and integration in the water-energy-food nexus: Learning lessons for transdisciplinary research in Cambodia,Enablers_CritC5,NA
#361,Power dynamics and integration in the water-energy-food nexus: Learning lessons for transdisciplinary research in Cambodia,Enablers_CritC5,Equity (#8)
#361,Power dynamics and integration in the water-energy-food nexus: Learning lessons for transdisciplinary research in Cambodia,Enablers_CritC5,Social acceptability (#4)
#361,Power dynamics and integration in the water-energy-food nexus: Learning lessons for transdisciplinary research in Cambodia,Enablers_CritC5,Alignment with political priorities (#5)
#361,Power dynamics and integration in the water-energy-food nexus: Learning lessons for transdisciplinary research in Cambodia,Enablers_CritC5,Transformative change potential (#10)
#361,Power dynamics and integration in the water-energy-food nexus: Learning lessons for transdisciplinary research in Cambodia,Barriers,Policy design & Implementation
#361,Power dynamics and integration in the water-energy-food nexus: Learning lessons for transdisciplinary research in Cambodia,Barriers,Finance & Economics
#361,Power dynamics and integration in the water-energy-food nexus: Learning lessons for transdisciplinary research in Cambodia,Barriers,Technology
#361,Power dynamics and integration in the water-energy-food nexus: Learning lessons for transdisciplinary research in Cambodia,Barriers_CritC5,Impacts on each nexus element (#3)
#361,Power dynamics and integration in the water-energy-food nexus: Learning lessons for transdisciplinary research in Cambodia,Barriers_CritC5,Economic implications (#6)
#361,Power dynamics and integration in the water-energy-food nexus: Learning lessons for transdisciplinary research in Cambodia,Barriers_CritC5,Transformative change potential (#10)
#358,Risk Inequality and the Food-Energy-Water (FEW) Nexus: A Study of 43 City Adaptation Plans,PaperType,Review
#358,Risk Inequality and the Food-Energy-Water (FEW) Nexus: A Study of 43 City Adaptation Plans,PaperType,Conceptual/theoretical
#358,Risk Inequality and the Food-Energy-Water (FEW) Nexus: A Study of 43 City Adaptation Plans,PaperType,Modelling
#358,Risk Inequality and the Food-Energy-Water (FEW) Nexus: A Study of 43 City Adaptation Plans,Region,Sub-Saharan Africa
#358,Risk Inequality and the Food-Energy-Water (FEW) Nexus: A Study of 43 City Adaptation Plans,Region,Latin America and the Caribbean
#358,Risk Inequality and the Food-Energy-Water (FEW) Nexus: A Study of 43 City Adaptation Plans,Region,Northern America
#358,Risk Inequality and the Food-Energy-Water (FEW) Nexus: A Study of 43 City Adaptation Plans,Region,Eastern Asia
#358,Risk Inequality and the Food-Energy-Water (FEW) Nexus: A Study of 43 City Adaptation Plans,Region,South-eastern Asia
#358,Risk Inequality and the Food-Energy-Water (FEW) Nexus: A Study of 43 City Adaptation Plans,Region,Southern Asia
#358,Risk Inequality and the Food-Energy-Water (FEW) Nexus: A Study of 43 City Adaptation Plans,Region,Northern Europe
#358,Risk Inequality and the Food-Energy-Water (FEW) Nexus: A Study of 43 City Adaptation Plans,Region,Southern Europe
#358,Risk Inequality and the Food-Energy-Water (FEW) Nexus: A Study of 43 City Adaptation Plans,Region,Western Europe
#358,Risk Inequality and the Food-Energy-Water (FEW) Nexus: A Study of 43 City Adaptation Plans,Scale,Not applicable (no specific spatial location)
#358,Risk Inequality and the Food-Energy-Water (FEW) Nexus: A Study of 43 City Adaptation Plans,Nexus,Biodiversity
#358,Risk Inequality and the Food-Energy-Water (FEW) Nexus: A Study of 43 City Adaptation Plans,Nexus,Climate change
#358,Risk Inequality and the Food-Energy-Water (FEW) Nexus: A Study of 43 City Adaptation Plans,Nexus,Food
#358,Risk Inequality and the Food-Energy-Water (FEW) Nexus: A Study of 43 City Adaptation Plans,Nexus,Water
#358,Risk Inequality and the Food-Energy-Water (FEW) Nexus: A Study of 43 City Adaptation Plans,NChallenge,Governance Challenges
#358,Risk Inequality and the Food-Energy-Water (FEW) Nexus: A Study of 43 City Adaptation Plans,NChallenge,Financing Challenges
#358,Risk Inequality and the Food-Energy-Water (FEW) Nexus: A Study of 43 City Adaptation Plans,Gov,Hierarchical Governance
#358,Risk Inequality and the Food-Energy-Water (FEW) Nexus: A Study of 43 City Adaptation Plans,Gov,Network Governance
#358,Risk Inequality and the Food-Energy-Water (FEW) Nexus: A Study of 43 City Adaptation Plans,Policy,Legal and Regulatory Instruments
#358,Risk Inequality and the Food-Energy-Water (FEW) Nexus: A Study of 43 City Adaptation Plans,Actors,Private Sector and Business Organisations
#358,Risk Inequality and the Food-Energy-Water (FEW) Nexus: A Study of 43 City Adaptation Plans,Actors,Civil Society and Community-Based Organisations
#358,Risk Inequality and the Food-Energy-Water (FEW) Nexus: A Study of 43 City Adaptation Plans,Actors,Local/National Governments and Municipalities
#358,Risk Inequality and the Food-Energy-Water (FEW) Nexus: A Study of 43 City Adaptation Plans,CrossCut,Equity
#358,Risk Inequality and the Food-Energy-Water (FEW) Nexus: A Study of 43 City Adaptation Plans,CrossCut,Energy
#358,Risk Inequality and the Food-Energy-Water (FEW) Nexus: A Study of 43 City Adaptation Plans,Scaling,No
#358,Risk Inequality and the Food-Energy-Water (FEW) Nexus: A Study of 43 City Adaptation Plans,Enablers,Policy design & Implementation
#358,Risk Inequality and the Food-Energy-Water (FEW) Nexus: A Study of 43 City Adaptation Plans,Enablers,Behaviour & Lifestyle
#358,Risk Inequality and the Food-Energy-Water (FEW) Nexus: A Study of 43 City Adaptation Plans,Enablers_CritC5,NA
#358,Risk Inequality and the Food-Energy-Water (FEW) Nexus: A Study of 43 City Adaptation Plans,Enablers_CritC5,Alignment with international frameworks (#9)
#358,Risk Inequality and the Food-Energy-Water (FEW) Nexus: A Study of 43 City Adaptation Plans,Enablers_CritC5,Transformative change potential (#10)
#358,Risk Inequality and the Food-Energy-Water (FEW) Nexus: A Study of 43 City Adaptation Plans,Barriers,Policy design & Implementation
#358,Risk Inequality and the Food-Energy-Water (FEW) Nexus: A Study of 43 City Adaptation Plans,Barriers,Institutional capacity
#358,Risk Inequality and the Food-Energy-Water (FEW) Nexus: A Study of 43 City Adaptation Plans,Barriers,Finance & Economics
#358,Risk Inequality and the Food-Energy-Water (FEW) Nexus: A Study of 43 City Adaptation Plans,Barriers,Behaviour & Lifestyle
#358,Risk Inequality and the Food-Energy-Water (FEW) Nexus: A Study of 43 City Adaptation Plans,Barriers,Technology
#358,Risk Inequality and the Food-Energy-Water (FEW) Nexus: A Study of 43 City Adaptation Plans,Barriers,Material & Non-material endowments
#358,Risk Inequality and the Food-Energy-Water (FEW) Nexus: A Study of 43 City Adaptation Plans,Barriers_CritC5,Impacts on each nexus element (#3)
#358,Risk Inequality and the Food-Energy-Water (FEW) Nexus: A Study of 43 City Adaptation Plans,Barriers_CritC5,NA
#358,Risk Inequality and the Food-Energy-Water (FEW) Nexus: A Study of 43 City Adaptation Plans,Barriers_CritC5,Alignment with political priorities (#5)
#358,Risk Inequality and the Food-Energy-Water (FEW) Nexus: A Study of 43 City Adaptation Plans,Barriers_CritC5,Equity (#8)
#358,Risk Inequality and the Food-Energy-Water (FEW) Nexus: A Study of 43 City Adaptation Plans,Barriers_CritC5,Transformative change potential (#10)
#358,Risk Inequality and the Food-Energy-Water (FEW) Nexus: A Study of 43 City Adaptation Plans,Barriers_CritC5,Technical feasibility (#7)
#357,System complexity and policy integration challenges: The Brazilian Energy- Water-Food Nexus,PaperType,Review
#357,System complexity and policy integration challenges: The Brazilian Energy- Water-Food Nexus,PaperType,Modelling
#357,System complexity and policy integration challenges: The Brazilian Energy- Water-Food Nexus,Region,Latin America and the Caribbean
#357,System complexity and policy integration challenges: The Brazilian Energy- Water-Food Nexus,Scale,National (whole country)
#357,System complexity and policy integration challenges: The Brazilian Energy- Water-Food Nexus,Nexus,Food
#357,System complexity and policy integration challenges: The Brazilian Energy- Water-Food Nexus,Nexus,Water
#357,System complexity and policy integration challenges: The Brazilian Energy- Water-Food Nexus,NChallenge,Complexity Challenges
#357,System complexity and policy integration challenges: The Brazilian Energy- Water-Food Nexus,NChallenge,Values Challenges
#357,System complexity and policy integration challenges: The Brazilian Energy- Water-Food Nexus,NChallenge,Governance Challenges
#357,System complexity and policy integration challenges: The Brazilian Energy- Water-Food Nexus,NChallenge,Financing Challenges
#357,System complexity and policy integration challenges: The Brazilian Energy- Water-Food Nexus,NChallenge,Scaling Challenges
#357,System complexity and policy integration challenges: The Brazilian Energy- Water-Food Nexus,Gov,Hierarchical Governance
#357,System complexity and policy integration challenges: The Brazilian Energy- Water-Food Nexus,Gov,Market Governance
#357,System complexity and policy integration challenges: The Brazilian Energy- Water-Food Nexus,Policy,Legal and Regulatory Instruments
#357,System complexity and policy integration challenges: The Brazilian Energy- Water-Food Nexus,Policy,Economic and Financial Instruments
#357,System complexity and policy integration challenges: The Brazilian Energy- Water-Food Nexus,Actors,Private Sector and Business Organisations
#357,System complexity and policy integration challenges: The Brazilian Energy- Water-Food Nexus,Actors,Civil Society and Community-Based Organisations
#357,System complexity and policy integration challenges: The Brazilian Energy- Water-Food Nexus,Actors,Knowledge and Educational Communities
#357,System complexity and policy integration challenges: The Brazilian Energy- Water-Food Nexus,Actors,Global/Regional Institutions and Science-Policy Interfaces
#357,System complexity and policy integration challenges: The Brazilian Energy- Water-Food Nexus,Actors,Global/Regional Institutions and Science-Policy Interfaces
#357,System complexity and policy integration challenges: The Brazilian Energy- Water-Food Nexus,Actors,Local/National Governments and Municipalities
#357,System complexity and policy integration challenges: The Brazilian Energy- Water-Food Nexus,CrossCut,Energy
#357,System complexity and policy integration challenges: The Brazilian Energy- Water-Food Nexus,CrossCut,Land
#357,System complexity and policy integration challenges: The Brazilian Energy- Water-Food Nexus,Scaling,Yes
#357,System complexity and policy integration challenges: The Brazilian Energy- Water-Food Nexus,Enablers,Policy design & Implementation
#357,System complexity and policy integration challenges: The Brazilian Energy- Water-Food Nexus,Enablers,Behaviour & Lifestyle
#357,System complexity and policy integration challenges: The Brazilian Energy- Water-Food Nexus,Enablers,Technology
#357,System complexity and policy integration challenges: The Brazilian Energy- Water-Food Nexus,Enablers_CritC5,Impacts on each nexus element (#3)
#357,System complexity and policy integration challenges: The Brazilian Energy- Water-Food Nexus,Enablers_CritC5,NA
#357,System complexity and policy integration challenges: The Brazilian Energy- Water-Food Nexus,Enablers_CritC5,Alignment with political priorities (#5)
#357,System complexity and policy integration challenges: The Brazilian Energy- Water-Food Nexus,Enablers_CritC5,Alignment with international frameworks (#9)
#357,System complexity and policy integration challenges: The Brazilian Energy- Water-Food Nexus,Enablers_CritC5,Transformative change potential (#10)
#357,System complexity and policy integration challenges: The Brazilian Energy- Water-Food Nexus,Enablers_CritC5,Technical feasibility (#7)
#357,System complexity and policy integration challenges: The Brazilian Energy- Water-Food Nexus,Barriers,Policy design & Implementation
#357,System complexity and policy integration challenges: The Brazilian Energy- Water-Food Nexus,Barriers,Equity & Diversity
#357,System complexity and policy integration challenges: The Brazilian Energy- Water-Food Nexus,Barriers,Institutional capacity
#357,System complexity and policy integration challenges: The Brazilian Energy- Water-Food Nexus,Barriers,Finance & Economics
#357,System complexity and policy integration challenges: The Brazilian Energy- Water-Food Nexus,Barriers,Behaviour & Lifestyle
#357,System complexity and policy integration challenges: The Brazilian Energy- Water-Food Nexus,Barriers_CritC5,Impacts on each nexus element (#3)
#357,System complexity and policy integration challenges: The Brazilian Energy- Water-Food Nexus,Barriers_CritC5,NA
#357,System complexity and policy integration challenges: The Brazilian Energy- Water-Food Nexus,Barriers_CritC5,Equity (#8)
#357,System complexity and policy integration challenges: The Brazilian Energy- Water-Food Nexus,Barriers_CritC5,Alignment with political priorities (#5)
#357,System complexity and policy integration challenges: The Brazilian Energy- Water-Food Nexus,Barriers_CritC5,Transformative change potential (#10)
#356,"Cleaning the air, protecting the climate: Policy, legal and institutional nexus to reduce black carbon emissions in China",PaperType,Review
#356,"Cleaning the air, protecting the climate: Policy, legal and institutional nexus to reduce black carbon emissions in China",PaperType,Conceptual/theoretical
#356,"Cleaning the air, protecting the climate: Policy, legal and institutional nexus to reduce black carbon emissions in China",Region,Eastern Asia
#356,"Cleaning the air, protecting the climate: Policy, legal and institutional nexus to reduce black carbon emissions in China",Scale,National (whole country)
#356,"Cleaning the air, protecting the climate: Policy, legal and institutional nexus to reduce black carbon emissions in China",Nexus,Climate change
#356,"Cleaning the air, protecting the climate: Policy, legal and institutional nexus to reduce black carbon emissions in China",Nexus,Health
#356,"Cleaning the air, protecting the climate: Policy, legal and institutional nexus to reduce black carbon emissions in China",NChallenge,Values Challenges
#356,"Cleaning the air, protecting the climate: Policy, legal and institutional nexus to reduce black carbon emissions in China",NChallenge,Governance Challenges
#356,"Cleaning the air, protecting the climate: Policy, legal and institutional nexus to reduce black carbon emissions in China",NChallenge,Scaling Challenges
#356,"Cleaning the air, protecting the climate: Policy, legal and institutional nexus to reduce black carbon emissions in China",Gov,Hierarchical Governance
#356,"Cleaning the air, protecting the climate: Policy, legal and institutional nexus to reduce black carbon emissions in China",Policy,Legal and Regulatory Instruments
#356,"Cleaning the air, protecting the climate: Policy, legal and institutional nexus to reduce black carbon emissions in China",Actors,Local/National Governments and Municipalities
#356,"Cleaning the air, protecting the climate: Policy, legal and institutional nexus to reduce black carbon emissions in China",CrossCut,NA
#356,"Cleaning the air, protecting the climate: Policy, legal and institutional nexus to reduce black carbon emissions in China",Scaling,No
#356,"Cleaning the air, protecting the climate: Policy, legal and institutional nexus to reduce black carbon emissions in China",Enablers,Policy design & Implementation
#356,"Cleaning the air, protecting the climate: Policy, legal and institutional nexus to reduce black carbon emissions in China",Enablers_CritC5,NA
#356,"Cleaning the air, protecting the climate: Policy, legal and institutional nexus to reduce black carbon emissions in China",Enablers_CritC5,Alignment with international frameworks (#9)
#356,"Cleaning the air, protecting the climate: Policy, legal and institutional nexus to reduce black carbon emissions in China",Barriers,Policy design & Implementation
#356,"Cleaning the air, protecting the climate: Policy, legal and institutional nexus to reduce black carbon emissions in China",Barriers,Institutional capacity
#356,"Cleaning the air, protecting the climate: Policy, legal and institutional nexus to reduce black carbon emissions in China",Barriers,Finance & Economics
#356,"Cleaning the air, protecting the climate: Policy, legal and institutional nexus to reduce black carbon emissions in China",Barriers_CritC5,Impacts on each nexus element (#3)
#356,"Cleaning the air, protecting the climate: Policy, legal and institutional nexus to reduce black carbon emissions in China",Barriers_CritC5,NA
#356,"Cleaning the air, protecting the climate: Policy, legal and institutional nexus to reduce black carbon emissions in China",Barriers_CritC5,Equity (#8)
#356,"Cleaning the air, protecting the climate: Policy, legal and institutional nexus to reduce black carbon emissions in China",Barriers_CritC5,Transformative change potential (#10)
#354,Learning from integrated management approaches to implement the Nexus,PaperType,Review
#354,Learning from integrated management approaches to implement the Nexus,Region,Not applicable (no specific spatial location)
#354,Learning from integrated management approaches to implement the Nexus,Scale,Not applicable (no specific spatial location)
#354,Learning from integrated management approaches to implement the Nexus,Nexus,Food
#354,Learning from integrated management approaches to implement the Nexus,Nexus,Water
#354,Learning from integrated management approaches to implement the Nexus,NChallenge,Complexity Challenges
#354,Learning from integrated management approaches to implement the Nexus,NChallenge,Values Challenges
#354,Learning from integrated management approaches to implement the Nexus,Gov,Integrative Governance
#354,Learning from integrated management approaches to implement the Nexus,Policy,NA
#354,Learning from integrated management approaches to implement the Nexus,Actors,NA
#354,Learning from integrated management approaches to implement the Nexus,CrossCut,Energy
#354,Learning from integrated management approaches to implement the Nexus,CrossCut,Land
#354,Learning from integrated management approaches to implement the Nexus,CrossCut,Waste
#354,Learning from integrated management approaches to implement the Nexus,Scaling,No
#354,Learning from integrated management approaches to implement the Nexus,Enablers,Policy design & Implementation
#354,Learning from integrated management approaches to implement the Nexus,Enablers,Institutional capacity
#354,Learning from integrated management approaches to implement the Nexus,Enablers_CritC5,Impacts on each nexus element (#3)
#354,Learning from integrated management approaches to implement the Nexus,Enablers_CritC5,NA
#354,Learning from integrated management approaches to implement the Nexus,Enablers_CritC5,Transformative change potential (#10)
#353,"Network governance and the Urban Nexus of water, energy, and food: Lessons from Amsterdam",PaperType,Empirical
#353,"Network governance and the Urban Nexus of water, energy, and food: Lessons from Amsterdam",Region,Western Europe
#353,"Network governance and the Urban Nexus of water, energy, and food: Lessons from Amsterdam",Scale,Local >1 km² to 100 km² (neighbourhood to municipality)
#353,"Network governance and the Urban Nexus of water, energy, and food: Lessons from Amsterdam",Nexus,Food
#353,"Network governance and the Urban Nexus of water, energy, and food: Lessons from Amsterdam",Nexus,Water
#353,"Network governance and the Urban Nexus of water, energy, and food: Lessons from Amsterdam",NChallenge,NA
#353,"Network governance and the Urban Nexus of water, energy, and food: Lessons from Amsterdam",Gov,Network Governance
#353,"Network governance and the Urban Nexus of water, energy, and food: Lessons from Amsterdam",Policy,Rights-Based Instruments and Customary Norms
#353,"Network governance and the Urban Nexus of water, energy, and food: Lessons from Amsterdam",Actors,Civil Society and Community-Based Organisations
#353,"Network governance and the Urban Nexus of water, energy, and food: Lessons from Amsterdam",Actors,Local/National Governments and Municipalities
#353,"Network governance and the Urban Nexus of water, energy, and food: Lessons from Amsterdam",CrossCut,Economy
#353,"Network governance and the Urban Nexus of water, energy, and food: Lessons from Amsterdam",CrossCut,Energy
#353,"Network governance and the Urban Nexus of water, energy, and food: Lessons from Amsterdam",Scaling,NA
#353,"Network governance and the Urban Nexus of water, energy, and food: Lessons from Amsterdam",Enablers,Policy design & Implementation
#353,"Network governance and the Urban Nexus of water, energy, and food: Lessons from Amsterdam",Enablers,Institutional capacity
#353,"Network governance and the Urban Nexus of water, energy, and food: Lessons from Amsterdam",Enablers,Behaviour & Lifestyle
#353,"Network governance and the Urban Nexus of water, energy, and food: Lessons from Amsterdam",Enablers,Technology
#353,"Network governance and the Urban Nexus of water, energy, and food: Lessons from Amsterdam",Enablers_CritC5,Impacts on each nexus element (#3)
#353,"Network governance and the Urban Nexus of water, energy, and food: Lessons from Amsterdam",Enablers_CritC5,Equity (#8)
#353,"Network governance and the Urban Nexus of water, energy, and food: Lessons from Amsterdam",Enablers_CritC5,Transformative change potential (#10)
#353,"Network governance and the Urban Nexus of water, energy, and food: Lessons from Amsterdam",Enablers_CritC5,Technical feasibility (#7)
#352,"Integrated natural resource management as pathway to poverty reduction: Innovating practices, institutions and policies",PaperType,Review
#352,"Integrated natural resource management as pathway to poverty reduction: Innovating practices, institutions and policies",PaperType,Conceptual/theoretical
#352,"Integrated natural resource management as pathway to poverty reduction: Innovating practices, institutions and policies",Region,Not applicable (no specific spatial location)
#352,"Integrated natural resource management as pathway to poverty reduction: Innovating practices, institutions and policies",Scale,Not applicable (no specific spatial location)
#352,"Integrated natural resource management as pathway to poverty reduction: Innovating practices, institutions and policies",Nexus,Food
#352,"Integrated natural resource management as pathway to poverty reduction: Innovating practices, institutions and policies",Nexus,Water
#352,"Integrated natural resource management as pathway to poverty reduction: Innovating practices, institutions and policies",NChallenge,Complexity Challenges
#352,"Integrated natural resource management as pathway to poverty reduction: Innovating practices, institutions and policies",NChallenge,Governance Challenges
#352,"Integrated natural resource management as pathway to poverty reduction: Innovating practices, institutions and policies",NChallenge,Scaling Challenges
#352,"Integrated natural resource management as pathway to poverty reduction: Innovating practices, institutions and policies",Gov,Integrative Governance
#352,"Integrated natural resource management as pathway to poverty reduction: Innovating practices, institutions and policies",Gov,Polycentric Governance
#352,"Integrated natural resource management as pathway to poverty reduction: Innovating practices, institutions and policies",Policy,Rights-Based Instruments and Customary Norms
#352,"Integrated natural resource management as pathway to poverty reduction: Innovating practices, institutions and policies",Policy,Economic and Financial Instruments
#352,"Integrated natural resource management as pathway to poverty reduction: Innovating practices, institutions and policies",Actors,NA
#352,"Integrated natural resource management as pathway to poverty reduction: Innovating practices, institutions and policies",CrossCut,Equity
#352,"Integrated natural resource management as pathway to poverty reduction: Innovating practices, institutions and policies",CrossCut,Poverty
#352,"Integrated natural resource management as pathway to poverty reduction: Innovating practices, institutions and policies",CrossCut,Economy
#352,"Integrated natural resource management as pathway to poverty reduction: Innovating practices, institutions and policies",CrossCut,ILK
#352,"Integrated natural resource management as pathway to poverty reduction: Innovating practices, institutions and policies",CrossCut,Energy
#352,"Integrated natural resource management as pathway to poverty reduction: Innovating practices, institutions and policies",CrossCut,Security
#352,"Integrated natural resource management as pathway to poverty reduction: Innovating practices, institutions and policies",Scaling,No
#352,"Integrated natural resource management as pathway to poverty reduction: Innovating practices, institutions and policies",Enablers,Policy design & Implementation
#352,"Integrated natural resource management as pathway to poverty reduction: Innovating practices, institutions and policies",Enablers,Equity & Diversity
#352,"Integrated natural resource management as pathway to poverty reduction: Innovating practices, institutions and policies",Enablers,Institutional capacity
#352,"Integrated natural resource management as pathway to poverty reduction: Innovating practices, institutions and policies",Enablers,Finance & Economics
#352,"Integrated natural resource management as pathway to poverty reduction: Innovating practices, institutions and policies",Enablers,Technology
#352,"Integrated natural resource management as pathway to poverty reduction: Innovating practices, institutions and policies",Enablers_CritC5,Impacts on each nexus element (#3)
#352,"Integrated natural resource management as pathway to poverty reduction: Innovating practices, institutions and policies",Enablers_CritC5,Equity (#8)
#352,"Integrated natural resource management as pathway to poverty reduction: Innovating practices, institutions and policies",Enablers_CritC5,NA
#352,"Integrated natural resource management as pathway to poverty reduction: Innovating practices, institutions and policies",Enablers_CritC5,Transformative change potential (#10)
#352,"Integrated natural resource management as pathway to poverty reduction: Innovating practices, institutions and policies",Enablers_CritC5,Technical feasibility (#7)
#352,"Integrated natural resource management as pathway to poverty reduction: Innovating practices, institutions and policies",Barriers,Policy design & Implementation
#352,"Integrated natural resource management as pathway to poverty reduction: Innovating practices, institutions and policies",Barriers,Equity & Diversity
#352,"Integrated natural resource management as pathway to poverty reduction: Innovating practices, institutions and policies",Barriers,Institutional capacity
#352,"Integrated natural resource management as pathway to poverty reduction: Innovating practices, institutions and policies",Barriers,Finance & Economics
#352,"Integrated natural resource management as pathway to poverty reduction: Innovating practices, institutions and policies",Barriers_CritC5,Impacts on each nexus element (#3)
#352,"Integrated natural resource management as pathway to poverty reduction: Innovating practices, institutions and policies",Barriers_CritC5,Equity (#8)
#352,"Integrated natural resource management as pathway to poverty reduction: Innovating practices, institutions and policies",Barriers_CritC5,NA
#352,"Integrated natural resource management as pathway to poverty reduction: Innovating practices, institutions and policies",Barriers_CritC5,Transformative change potential (#10)
#348,Payment for ecosystem services and the water-energy-food nexus: Securing resource flows for the affluent?,PaperType,Empirical
#348,Payment for ecosystem services and the water-energy-food nexus: Securing resource flows for the affluent?,Region,Latin America and the Caribbean
#348,Payment for ecosystem services and the water-energy-food nexus: Securing resource flows for the affluent?,Scale,Subnational >100 km² (watershed)
#348,Payment for ecosystem services and the water-energy-food nexus: Securing resource flows for the affluent?,Nexus,Biodiversity
#348,Payment for ecosystem services and the water-energy-food nexus: Securing resource flows for the affluent?,Nexus,Food
#348,Payment for ecosystem services and the water-energy-food nexus: Securing resource flows for the affluent?,Nexus,Water
#348,Payment for ecosystem services and the water-energy-food nexus: Securing resource flows for the affluent?,NChallenge,Complexity Challenges
#348,Payment for ecosystem services and the water-energy-food nexus: Securing resource flows for the affluent?,NChallenge,Values Challenges
#348,Payment for ecosystem services and the water-energy-food nexus: Securing resource flows for the affluent?,NChallenge,Governance Challenges
#348,Payment for ecosystem services and the water-energy-food nexus: Securing resource flows for the affluent?,Gov,Hierarchical Governance
#348,Payment for ecosystem services and the water-energy-food nexus: Securing resource flows for the affluent?,Policy,Economic and Financial Instruments
#348,Payment for ecosystem services and the water-energy-food nexus: Securing resource flows for the affluent?,Actors,Private Sector and Business Organisations
#348,Payment for ecosystem services and the water-energy-food nexus: Securing resource flows for the affluent?,Actors,Financial Institutions
#348,Payment for ecosystem services and the water-energy-food nexus: Securing resource flows for the affluent?,Actors,Civil Society and Community-Based Organisations
#348,Payment for ecosystem services and the water-energy-food nexus: Securing resource flows for the affluent?,Actors,Civil Society and Community-Based Organisations
#348,Payment for ecosystem services and the water-energy-food nexus: Securing resource flows for the affluent?,Actors,Local/National Governments and Municipalities
#348,Payment for ecosystem services and the water-energy-food nexus: Securing resource flows for the affluent?,CrossCut,Equity
#348,Payment for ecosystem services and the water-energy-food nexus: Securing resource flows for the affluent?,CrossCut,Poverty
#348,Payment for ecosystem services and the water-energy-food nexus: Securing resource flows for the affluent?,CrossCut,Employment
#348,Payment for ecosystem services and the water-energy-food nexus: Securing resource flows for the affluent?,CrossCut,Energy
#348,Payment for ecosystem services and the water-energy-food nexus: Securing resource flows for the affluent?,CrossCut,Power Dynamics
#348,Payment for ecosystem services and the water-energy-food nexus: Securing resource flows for the affluent?,Scaling,No
#348,Payment for ecosystem services and the water-energy-food nexus: Securing resource flows for the affluent?,Enablers,Finance & Economics
#348,Payment for ecosystem services and the water-energy-food nexus: Securing resource flows for the affluent?,Enablers_CritC5,NA
#348,Payment for ecosystem services and the water-energy-food nexus: Securing resource flows for the affluent?,Barriers,Policy design & Implementation
#348,Payment for ecosystem services and the water-energy-food nexus: Securing resource flows for the affluent?,Barriers,Equity & Diversity
#348,Payment for ecosystem services and the water-energy-food nexus: Securing resource flows for the affluent?,Barriers,Institutional capacity
#348,Payment for ecosystem services and the water-energy-food nexus: Securing resource flows for the affluent?,Barriers,Finance & Economics
#348,Payment for ecosystem services and the water-energy-food nexus: Securing resource flows for the affluent?,Barriers,Behaviour & Lifestyle
#348,Payment for ecosystem services and the water-energy-food nexus: Securing resource flows for the affluent?,Barriers_CritC5,Impacts on each nexus element (#3)
#348,Payment for ecosystem services and the water-energy-food nexus: Securing resource flows for the affluent?,Barriers_CritC5,Equity (#8)
#348,Payment for ecosystem services and the water-energy-food nexus: Securing resource flows for the affluent?,Barriers_CritC5,Social acceptability (#4)
#348,Payment for ecosystem services and the water-energy-food nexus: Securing resource flows for the affluent?,Barriers_CritC5,Alignment with political priorities (#5)
#348,Payment for ecosystem services and the water-energy-food nexus: Securing resource flows for the affluent?,Barriers_CritC5,Transformative change potential (#10)
#348,Payment for ecosystem services and the water-energy-food nexus: Securing resource flows for the affluent?,Barriers_CritC5,NA
#334,Small-scale irrigation scheme governance - poverty nexus: evidence from Ethiopia,PaperType,Empirical
#334,Small-scale irrigation scheme governance - poverty nexus: evidence from Ethiopia,Region,Sub-Saharan Africa
#334,Small-scale irrigation scheme governance - poverty nexus: evidence from Ethiopia,Scale,Subnational >100 km² (watershed)
#334,Small-scale irrigation scheme governance - poverty nexus: evidence from Ethiopia,Nexus,Food
#334,Small-scale irrigation scheme governance - poverty nexus: evidence from Ethiopia,Nexus,Water
#334,Small-scale irrigation scheme governance - poverty nexus: evidence from Ethiopia,NChallenge,Governance Challenges
#334,Small-scale irrigation scheme governance - poverty nexus: evidence from Ethiopia,Gov,Polycentric Governance
#334,Small-scale irrigation scheme governance - poverty nexus: evidence from Ethiopia,Policy,Rights-Based Instruments and Customary Norms
#334,Small-scale irrigation scheme governance - poverty nexus: evidence from Ethiopia,Policy,Economic and Financial Instruments
#334,Small-scale irrigation scheme governance - poverty nexus: evidence from Ethiopia,Actors,Civil Society and Community-Based Organisations
#334,Small-scale irrigation scheme governance - poverty nexus: evidence from Ethiopia,Actors,Local/National Governments and Municipalities
#334,Small-scale irrigation scheme governance - poverty nexus: evidence from Ethiopia,CrossCut,Poverty
#334,Small-scale irrigation scheme governance - poverty nexus: evidence from Ethiopia,Scaling,No
#334,Small-scale irrigation scheme governance - poverty nexus: evidence from Ethiopia,Enablers,Finance & Economics
#334,Small-scale irrigation scheme governance - poverty nexus: evidence from Ethiopia,Enablers,Material & Non-material endowments
#334,Small-scale irrigation scheme governance - poverty nexus: evidence from Ethiopia,Enablers_CritC5,NA
#334,Small-scale irrigation scheme governance - poverty nexus: evidence from Ethiopia,Barriers,Behaviour & Lifestyle
#334,Small-scale irrigation scheme governance - poverty nexus: evidence from Ethiopia,Barriers,Technology
#334,Small-scale irrigation scheme governance - poverty nexus: evidence from Ethiopia,Barriers_CritC5,Transformative change potential (#10)
#334,Small-scale irrigation scheme governance - poverty nexus: evidence from Ethiopia,Barriers_CritC5,Technical feasibility (#7)
#334,Small-scale irrigation scheme governance - poverty nexus: evidence from Ethiopia,Barriers_CritC5,NA
#328,Prominent Influence of Socioeconomic and Governance Factors on the Food-Energy-Water Nexus in sub-Saharan Africa,PaperType,Empirical
#328,Prominent Influence of Socioeconomic and Governance Factors on the Food-Energy-Water Nexus in sub-Saharan Africa,Region,Sub-Saharan Africa
#328,Prominent Influence of Socioeconomic and Governance Factors on the Food-Energy-Water Nexus in sub-Saharan Africa,Scale,"Regional (multiple countries, whole continents)"
#328,Prominent Influence of Socioeconomic and Governance Factors on the Food-Energy-Water Nexus in sub-Saharan Africa,Nexus,Health
#328,Prominent Influence of Socioeconomic and Governance Factors on the Food-Energy-Water Nexus in sub-Saharan Africa,Nexus,Food
#328,Prominent Influence of Socioeconomic and Governance Factors on the Food-Energy-Water Nexus in sub-Saharan Africa,Nexus,Water
#328,Prominent Influence of Socioeconomic and Governance Factors on the Food-Energy-Water Nexus in sub-Saharan Africa,NChallenge,Values Challenges
#328,Prominent Influence of Socioeconomic and Governance Factors on the Food-Energy-Water Nexus in sub-Saharan Africa,Gov,NA
#328,Prominent Influence of Socioeconomic and Governance Factors on the Food-Energy-Water Nexus in sub-Saharan Africa,Policy,NA
#328,Prominent Influence of Socioeconomic and Governance Factors on the Food-Energy-Water Nexus in sub-Saharan Africa,Actors,NA
#328,Prominent Influence of Socioeconomic and Governance Factors on the Food-Energy-Water Nexus in sub-Saharan Africa,CrossCut,Energy
#328,Prominent Influence of Socioeconomic and Governance Factors on the Food-Energy-Water Nexus in sub-Saharan Africa,CrossCut,Infrastructure
#328,Prominent Influence of Socioeconomic and Governance Factors on the Food-Energy-Water Nexus in sub-Saharan Africa,Scaling,No
#328,Prominent Influence of Socioeconomic and Governance Factors on the Food-Energy-Water Nexus in sub-Saharan Africa,Enablers,Finance & Economics
#328,Prominent Influence of Socioeconomic and Governance Factors on the Food-Energy-Water Nexus in sub-Saharan Africa,Enablers,Material & Non-material endowments
#328,Prominent Influence of Socioeconomic and Governance Factors on the Food-Energy-Water Nexus in sub-Saharan Africa,Enablers_CritC5,NA
#327,Controversial Connections: The water-energy-food nexus in the Blue Nile basin of Ethiopia,PaperType,Conceptual/theoretical
#327,Controversial Connections: The water-energy-food nexus in the Blue Nile basin of Ethiopia,Region,Sub-Saharan Africa
#327,Controversial Connections: The water-energy-food nexus in the Blue Nile basin of Ethiopia,Scale,Subnational >100 km² (watershed)
#327,Controversial Connections: The water-energy-food nexus in the Blue Nile basin of Ethiopia,Nexus,Food
#327,Controversial Connections: The water-energy-food nexus in the Blue Nile basin of Ethiopia,Nexus,Water
#327,Controversial Connections: The water-energy-food nexus in the Blue Nile basin of Ethiopia,NChallenge,Complexity Challenges
#327,Controversial Connections: The water-energy-food nexus in the Blue Nile basin of Ethiopia,Gov,NA
#327,Controversial Connections: The water-energy-food nexus in the Blue Nile basin of Ethiopia,Policy,NA
#327,Controversial Connections: The water-energy-food nexus in the Blue Nile basin of Ethiopia,Actors,Civil Society and Community-Based Organisations
#327,Controversial Connections: The water-energy-food nexus in the Blue Nile basin of Ethiopia,Actors,Knowledge and Educational Communities
#327,Controversial Connections: The water-energy-food nexus in the Blue Nile basin of Ethiopia,Actors,Civil Society and Community-Based Organisations
#327,Controversial Connections: The water-energy-food nexus in the Blue Nile basin of Ethiopia,Actors,Local/National Governments and Municipalities
#327,Controversial Connections: The water-energy-food nexus in the Blue Nile basin of Ethiopia,CrossCut,Equity
#327,Controversial Connections: The water-energy-food nexus in the Blue Nile basin of Ethiopia,CrossCut,ILK
#327,Controversial Connections: The water-energy-food nexus in the Blue Nile basin of Ethiopia,CrossCut,Energy
#327,Controversial Connections: The water-energy-food nexus in the Blue Nile basin of Ethiopia,Scaling,No
#327,Controversial Connections: The water-energy-food nexus in the Blue Nile basin of Ethiopia,Enablers,Policy design & Implementation
#327,Controversial Connections: The water-energy-food nexus in the Blue Nile basin of Ethiopia,Enablers,Institutional capacity
#327,Controversial Connections: The water-energy-food nexus in the Blue Nile basin of Ethiopia,Enablers_CritC5,Impacts on each nexus element (#3)
#327,Controversial Connections: The water-energy-food nexus in the Blue Nile basin of Ethiopia,Enablers_CritC5,NA
#327,Controversial Connections: The water-energy-food nexus in the Blue Nile basin of Ethiopia,Enablers_CritC5,Equity (#8)
#327,Controversial Connections: The water-energy-food nexus in the Blue Nile basin of Ethiopia,Enablers_CritC5,Transformative change potential (#10)
#327,Controversial Connections: The water-energy-food nexus in the Blue Nile basin of Ethiopia,Barriers,Policy design & Implementation
#327,Controversial Connections: The water-energy-food nexus in the Blue Nile basin of Ethiopia,Barriers,Institutional capacity
#327,Controversial Connections: The water-energy-food nexus in the Blue Nile basin of Ethiopia,Barriers,Finance & Economics
#327,Controversial Connections: The water-energy-food nexus in the Blue Nile basin of Ethiopia,Barriers,Behaviour & Lifestyle
#327,Controversial Connections: The water-energy-food nexus in the Blue Nile basin of Ethiopia,Barriers_CritC5,NA
#327,Controversial Connections: The water-energy-food nexus in the Blue Nile basin of Ethiopia,Barriers_CritC5,Transformative change potential (#10)
#327,Controversial Connections: The water-energy-food nexus in the Blue Nile basin of Ethiopia,Barriers_CritC5,Economic implications (#6)
#327,Controversial Connections: The water-energy-food nexus in the Blue Nile basin of Ethiopia,Barriers_CritC5,Equity (#8)
#315,Synergies within the water-energy-food nexus to support the integrated urban resources governance,PaperType,Conceptual/theoretical
#315,Synergies within the water-energy-food nexus to support the integrated urban resources governance,PaperType,Empirical
#315,Synergies within the water-energy-food nexus to support the integrated urban resources governance,PaperType,Modelling
#315,Synergies within the water-energy-food nexus to support the integrated urban resources governance,Region,Eastern Asia
#315,Synergies within the water-energy-food nexus to support the integrated urban resources governance,Scale,Local >1 km² to 100 km² (neighbourhood to municipality)
#315,Synergies within the water-energy-food nexus to support the integrated urban resources governance,Nexus,Food
#315,Synergies within the water-energy-food nexus to support the integrated urban resources governance,Nexus,Water
#315,Synergies within the water-energy-food nexus to support the integrated urban resources governance,NChallenge,Complexity Challenges
#315,Synergies within the water-energy-food nexus to support the integrated urban resources governance,NChallenge,Values Challenges
#315,Synergies within the water-energy-food nexus to support the integrated urban resources governance,NChallenge,Governance Challenges
#315,Synergies within the water-energy-food nexus to support the integrated urban resources governance,Gov,Market Governance
#315,Synergies within the water-energy-food nexus to support the integrated urban resources governance,Policy,Legal and Regulatory Instruments
#315,Synergies within the water-energy-food nexus to support the integrated urban resources governance,Actors,NA
#315,Synergies within the water-energy-food nexus to support the integrated urban resources governance,CrossCut,Energy
#315,Synergies within the water-energy-food nexus to support the integrated urban resources governance,Scaling,No
#315,Synergies within the water-energy-food nexus to support the integrated urban resources governance,Enablers,Policy design & Implementation
#315,Synergies within the water-energy-food nexus to support the integrated urban resources governance,Enablers,Equity & Diversity
#315,Synergies within the water-energy-food nexus to support the integrated urban resources governance,Enablers,Institutional capacity
#315,Synergies within the water-energy-food nexus to support the integrated urban resources governance,Enablers_CritC5,Impacts on each nexus element (#3)
#315,Synergies within the water-energy-food nexus to support the integrated urban resources governance,Enablers_CritC5,Equity (#8)
#315,Synergies within the water-energy-food nexus to support the integrated urban resources governance,Enablers_CritC5,Transformative change potential (#10)
#315,Synergies within the water-energy-food nexus to support the integrated urban resources governance,Barriers,Policy design & Implementation
#315,Synergies within the water-energy-food nexus to support the integrated urban resources governance,Barriers,Institutional capacity
#315,Synergies within the water-energy-food nexus to support the integrated urban resources governance,Barriers_CritC5,Impacts on each nexus element (#3)
#315,Synergies within the water-energy-food nexus to support the integrated urban resources governance,Barriers_CritC5,NA
#315,Synergies within the water-energy-food nexus to support the integrated urban resources governance,Barriers_CritC5,Transformative change potential (#10)
#313,Water diplomacy and nexus governance in a transboundary context: In the search for complementarities,PaperType,Review
#313,Water diplomacy and nexus governance in a transboundary context: In the search for complementarities,Region,Sub-Saharan Africa
#313,Water diplomacy and nexus governance in a transboundary context: In the search for complementarities,Region,Western Asia
#313,Water diplomacy and nexus governance in a transboundary context: In the search for complementarities,Scale,"Regional (multiple countries, whole continents)"
#313,Water diplomacy and nexus governance in a transboundary context: In the search for complementarities,Nexus,Food
#313,Water diplomacy and nexus governance in a transboundary context: In the search for complementarities,Nexus,Water
#313,Water diplomacy and nexus governance in a transboundary context: In the search for complementarities,NChallenge,Complexity Challenges
#313,Water diplomacy and nexus governance in a transboundary context: In the search for complementarities,NChallenge,Values Challenges
#313,Water diplomacy and nexus governance in a transboundary context: In the search for complementarities,NChallenge,Governance Challenges
#313,Water diplomacy and nexus governance in a transboundary context: In the search for complementarities,Gov,Adaptive Governance
#313,Water diplomacy and nexus governance in a transboundary context: In the search for complementarities,Policy,Rights-Based Instruments and Customary Norms
#313,Water diplomacy and nexus governance in a transboundary context: In the search for complementarities,Policy,Economic and Financial Instruments
#313,Water diplomacy and nexus governance in a transboundary context: In the search for complementarities,Actors,Private Sector and Business Organisations
#313,Water diplomacy and nexus governance in a transboundary context: In the search for complementarities,Actors,Financial Institutions
#313,Water diplomacy and nexus governance in a transboundary context: In the search for complementarities,Actors,Civil Society and Community-Based Organisations
#313,Water diplomacy and nexus governance in a transboundary context: In the search for complementarities,Actors,Local/National Governments and Municipalities
#313,Water diplomacy and nexus governance in a transboundary context: In the search for complementarities,CrossCut,Equity
#313,Water diplomacy and nexus governance in a transboundary context: In the search for complementarities,CrossCut,Energy
#313,Water diplomacy and nexus governance in a transboundary context: In the search for complementarities,Scaling,No
#313,Water diplomacy and nexus governance in a transboundary context: In the search for complementarities,Enablers,Policy design & Implementation
#313,Water diplomacy and nexus governance in a transboundary context: In the search for complementarities,Enablers,Institutional capacity
#313,Water diplomacy and nexus governance in a transboundary context: In the search for complementarities,Enablers,Technology
#313,Water diplomacy and nexus governance in a transboundary context: In the search for complementarities,Enablers_CritC5,Impacts on each nexus element (#3)
#313,Water diplomacy and nexus governance in a transboundary context: In the search for complementarities,Enablers_CritC5,NA
#313,Water diplomacy and nexus governance in a transboundary context: In the search for complementarities,Enablers_CritC5,Equity (#8)
#313,Water diplomacy and nexus governance in a transboundary context: In the search for complementarities,Enablers_CritC5,Transformative change potential (#10)
#313,Water diplomacy and nexus governance in a transboundary context: In the search for complementarities,Enablers_CritC5,Technical feasibility (#7)
#313,Water diplomacy and nexus governance in a transboundary context: In the search for complementarities,Barriers,Policy design & Implementation
#313,Water diplomacy and nexus governance in a transboundary context: In the search for complementarities,Barriers,Institutional capacity
#313,Water diplomacy and nexus governance in a transboundary context: In the search for complementarities,Barriers,Finance & Economics
#313,Water diplomacy and nexus governance in a transboundary context: In the search for complementarities,Barriers_CritC5,Temporal scale (#2)
#313,Water diplomacy and nexus governance in a transboundary context: In the search for complementarities,Barriers_CritC5,Transformative change potential (#10)
#313,Water diplomacy and nexus governance in a transboundary context: In the search for complementarities,Barriers_CritC5,Economic implications (#6)
#313,Water diplomacy and nexus governance in a transboundary context: In the search for complementarities,Barriers_CritC5,NA
#306,"Strengthen the European collaborative environmental research to meet European policy goals for achieving a sustainable, non-toxic environment",PaperType,Perspective
#306,"Strengthen the European collaborative environmental research to meet European policy goals for achieving a sustainable, non-toxic environment",Region,Eastern Europe
#306,"Strengthen the European collaborative environmental research to meet European policy goals for achieving a sustainable, non-toxic environment",Region,Northern Europe
#306,"Strengthen the European collaborative environmental research to meet European policy goals for achieving a sustainable, non-toxic environment",Region,Southern Europe
#306,"Strengthen the European collaborative environmental research to meet European policy goals for achieving a sustainable, non-toxic environment",Region,Western Europe
#306,"Strengthen the European collaborative environmental research to meet European policy goals for achieving a sustainable, non-toxic environment",Scale,"Regional (multiple countries, whole continents)"
#306,"Strengthen the European collaborative environmental research to meet European policy goals for achieving a sustainable, non-toxic environment",Nexus,Biodiversity
#306,"Strengthen the European collaborative environmental research to meet European policy goals for achieving a sustainable, non-toxic environment",Nexus,Climate change
#306,"Strengthen the European collaborative environmental research to meet European policy goals for achieving a sustainable, non-toxic environment",Nexus,Health
#306,"Strengthen the European collaborative environmental research to meet European policy goals for achieving a sustainable, non-toxic environment",Nexus,Food
#306,"Strengthen the European collaborative environmental research to meet European policy goals for achieving a sustainable, non-toxic environment",Nexus,Water
#306,"Strengthen the European collaborative environmental research to meet European policy goals for achieving a sustainable, non-toxic environment",NChallenge,Complexity Challenges
#306,"Strengthen the European collaborative environmental research to meet European policy goals for achieving a sustainable, non-toxic environment",NChallenge,Financing Challenges
#306,"Strengthen the European collaborative environmental research to meet European policy goals for achieving a sustainable, non-toxic environment",NChallenge,Scaling Challenges
#306,"Strengthen the European collaborative environmental research to meet European policy goals for achieving a sustainable, non-toxic environment",Gov,Network Governance
#306,"Strengthen the European collaborative environmental research to meet European policy goals for achieving a sustainable, non-toxic environment",Gov,Community Governance
#306,"Strengthen the European collaborative environmental research to meet European policy goals for achieving a sustainable, non-toxic environment",Policy,Economic and Financial Instruments
#306,"Strengthen the European collaborative environmental research to meet European policy goals for achieving a sustainable, non-toxic environment",Actors,Financial Institutions
#306,"Strengthen the European collaborative environmental research to meet European policy goals for achieving a sustainable, non-toxic environment",Actors,Knowledge and Educational Communities
#306,"Strengthen the European collaborative environmental research to meet European policy goals for achieving a sustainable, non-toxic environment",Actors,Local/National Governments and Municipalities
#306,"Strengthen the European collaborative environmental research to meet European policy goals for achieving a sustainable, non-toxic environment",CrossCut,NA
#306,"Strengthen the European collaborative environmental research to meet European policy goals for achieving a sustainable, non-toxic environment",Scaling,No
#301,Sustainable development and the water-energy-food nexus: Legal challenges and emerging solutions,PaperType,Conceptual/theoretical
#301,Sustainable development and the water-energy-food nexus: Legal challenges and emerging solutions,Region,Northern America
#301,Sustainable development and the water-energy-food nexus: Legal challenges and emerging solutions,Region,Northern Europe
#301,Sustainable development and the water-energy-food nexus: Legal challenges and emerging solutions,Region,Not applicable (no specific spatial location)
#301,Sustainable development and the water-energy-food nexus: Legal challenges and emerging solutions,Scale,National (whole country)
#301,Sustainable development and the water-energy-food nexus: Legal challenges and emerging solutions,Scale,"Regional (multiple countries, whole continents)"
#301,Sustainable development and the water-energy-food nexus: Legal challenges and emerging solutions,Scale,Not applicable (no specific spatial location)
#301,Sustainable development and the water-energy-food nexus: Legal challenges and emerging solutions,Nexus,Food
#301,Sustainable development and the water-energy-food nexus: Legal challenges and emerging solutions,Nexus,Water
#301,Sustainable development and the water-energy-food nexus: Legal challenges and emerging solutions,NChallenge,Governance Challenges
#301,Sustainable development and the water-energy-food nexus: Legal challenges and emerging solutions,Gov,NA
#301,Sustainable development and the water-energy-food nexus: Legal challenges and emerging solutions,Policy,Legal and Regulatory Instruments
#301,Sustainable development and the water-energy-food nexus: Legal challenges and emerging solutions,Actors,Global/Regional Institutions and Science-Policy Interfaces
#301,Sustainable development and the water-energy-food nexus: Legal challenges and emerging solutions,Actors,Local/National Governments and Municipalities
#301,Sustainable development and the water-energy-food nexus: Legal challenges and emerging solutions,CrossCut,Energy
#301,Sustainable development and the water-energy-food nexus: Legal challenges and emerging solutions,Scaling,No
#301,Sustainable development and the water-energy-food nexus: Legal challenges and emerging solutions,Enablers,Policy design & Implementation
#301,Sustainable development and the water-energy-food nexus: Legal challenges and emerging solutions,Enablers_CritC5,Alignment with international frameworks (#9)
#301,Sustainable development and the water-energy-food nexus: Legal challenges and emerging solutions,Barriers,Policy design & Implementation
#301,Sustainable development and the water-energy-food nexus: Legal challenges and emerging solutions,Barriers,Institutional capacity
#301,Sustainable development and the water-energy-food nexus: Legal challenges and emerging solutions,Barriers,Finance & Economics
#301,Sustainable development and the water-energy-food nexus: Legal challenges and emerging solutions,Barriers,Technology
#301,Sustainable development and the water-energy-food nexus: Legal challenges and emerging solutions,Barriers,Material & Non-material endowments
#301,Sustainable development and the water-energy-food nexus: Legal challenges and emerging solutions,Barriers_CritC5,Impacts on each nexus element (#3)
#301,Sustainable development and the water-energy-food nexus: Legal challenges and emerging solutions,Barriers_CritC5,Alignment with political priorities (#5)
#301,Sustainable development and the water-energy-food nexus: Legal challenges and emerging solutions,Barriers_CritC5,NA
#301,Sustainable development and the water-energy-food nexus: Legal challenges and emerging solutions,Barriers_CritC5,Equity (#8)
#301,Sustainable development and the water-energy-food nexus: Legal challenges and emerging solutions,Barriers_CritC5,Transformative change potential (#10)
#301,Sustainable development and the water-energy-food nexus: Legal challenges and emerging solutions,Barriers_CritC5,Economic implications (#6)
#301,Sustainable development and the water-energy-food nexus: Legal challenges and emerging solutions,Barriers_CritC5,Technical feasibility (#7)
#300,Water insecurity and urban poverty in the Global South: Implications for health and human biology,PaperType,Review
#300,Water insecurity and urban poverty in the Global South: Implications for health and human biology,Region,Not applicable (no specific spatial location)
#300,Water insecurity and urban poverty in the Global South: Implications for health and human biology,Scale,Not applicable (no specific spatial location)
#300,Water insecurity and urban poverty in the Global South: Implications for health and human biology,Nexus,Health
#300,Water insecurity and urban poverty in the Global South: Implications for health and human biology,Nexus,Water
#300,Water insecurity and urban poverty in the Global South: Implications for health and human biology,NChallenge,Scaling Challenges
#300,Water insecurity and urban poverty in the Global South: Implications for health and human biology,Gov,NA
#300,Water insecurity and urban poverty in the Global South: Implications for health and human biology,Policy,NA
#300,Water insecurity and urban poverty in the Global South: Implications for health and human biology,Actors,Private Sector and Business Organisations
#300,Water insecurity and urban poverty in the Global South: Implications for health and human biology,Actors,Local/National Governments and Municipalities
#300,Water insecurity and urban poverty in the Global South: Implications for health and human biology,CrossCut,Equity
#300,Water insecurity and urban poverty in the Global South: Implications for health and human biology,CrossCut,Poverty
#300,Water insecurity and urban poverty in the Global South: Implications for health and human biology,Scaling,No
#300,Water insecurity and urban poverty in the Global South: Implications for health and human biology,Barriers,Policy design & Implementation
#300,Water insecurity and urban poverty in the Global South: Implications for health and human biology,Barriers,Equity & Diversity
#300,Water insecurity and urban poverty in the Global South: Implications for health and human biology,Barriers_CritC5,NA
#300,Water insecurity and urban poverty in the Global South: Implications for health and human biology,Barriers_CritC5,Equity (#8)
#296,Towards a low-carbon economy: A nexus-oriented policy coherence analysis in Greece,PaperType,Perspective
#296,Towards a low-carbon economy: A nexus-oriented policy coherence analysis in Greece,PaperType,Conceptual/theoretical
#296,Towards a low-carbon economy: A nexus-oriented policy coherence analysis in Greece,PaperType,Empirical
#296,Towards a low-carbon economy: A nexus-oriented policy coherence analysis in Greece,PaperType,Other
#296,Towards a low-carbon economy: A nexus-oriented policy coherence analysis in Greece,Region,Southern Europe
#296,Towards a low-carbon economy: A nexus-oriented policy coherence analysis in Greece,Scale,National (whole country)
#296,Towards a low-carbon economy: A nexus-oriented policy coherence analysis in Greece,Nexus,Climate change
#296,Towards a low-carbon economy: A nexus-oriented policy coherence analysis in Greece,Nexus,Food
#296,Towards a low-carbon economy: A nexus-oriented policy coherence analysis in Greece,Nexus,Water
#296,Towards a low-carbon economy: A nexus-oriented policy coherence analysis in Greece,NChallenge,Values Challenges
#296,Towards a low-carbon economy: A nexus-oriented policy coherence analysis in Greece,Gov,Hierarchical Governance
#296,Towards a low-carbon economy: A nexus-oriented policy coherence analysis in Greece,Policy,Legal and Regulatory Instruments
#296,Towards a low-carbon economy: A nexus-oriented policy coherence analysis in Greece,Policy,Rights-Based Instruments and Customary Norms
#296,Towards a low-carbon economy: A nexus-oriented policy coherence analysis in Greece,Policy,Social and Cultural Instruments
#296,Towards a low-carbon economy: A nexus-oriented policy coherence analysis in Greece,Actors,Private Sector and Business Organisations
#296,Towards a low-carbon economy: A nexus-oriented policy coherence analysis in Greece,Actors,Financial Institutions
#296,Towards a low-carbon economy: A nexus-oriented policy coherence analysis in Greece,Actors,Civil Society and Community-Based Organisations
#296,Towards a low-carbon economy: A nexus-oriented policy coherence analysis in Greece,Actors,Knowledge and Educational Communities
#296,Towards a low-carbon economy: A nexus-oriented policy coherence analysis in Greece,Actors,Civil Society and Community-Based Organisations
#296,Towards a low-carbon economy: A nexus-oriented policy coherence analysis in Greece,Actors,Local/National Governments and Municipalities
#296,Towards a low-carbon economy: A nexus-oriented policy coherence analysis in Greece,CrossCut,Energy
#296,Towards a low-carbon economy: A nexus-oriented policy coherence analysis in Greece,CrossCut,Land
#296,Towards a low-carbon economy: A nexus-oriented policy coherence analysis in Greece,Scaling,NA
#296,Towards a low-carbon economy: A nexus-oriented policy coherence analysis in Greece,Enablers,Policy design & Implementation
#296,Towards a low-carbon economy: A nexus-oriented policy coherence analysis in Greece,Enablers_CritC5,Impacts on each nexus element (#3)
#296,Towards a low-carbon economy: A nexus-oriented policy coherence analysis in Greece,Enablers_CritC5,NA
#296,Towards a low-carbon economy: A nexus-oriented policy coherence analysis in Greece,Barriers,Policy design & Implementation
#296,Towards a low-carbon economy: A nexus-oriented policy coherence analysis in Greece,Barriers_CritC5,Impacts on each nexus element (#3)
#294,"Sanctuary in the City? Climate Change and Internally Displaced Persons in Harare, Zimbabwe",PaperType,Empirical
#294,"Sanctuary in the City? Climate Change and Internally Displaced Persons in Harare, Zimbabwe",Region,Sub-Saharan Africa
#294,"Sanctuary in the City? Climate Change and Internally Displaced Persons in Harare, Zimbabwe",Scale,Local >1 km² to 100 km² (neighbourhood to municipality)
#294,"Sanctuary in the City? Climate Change and Internally Displaced Persons in Harare, Zimbabwe",Nexus,Climate change
#294,"Sanctuary in the City? Climate Change and Internally Displaced Persons in Harare, Zimbabwe",Nexus,Health
#294,"Sanctuary in the City? Climate Change and Internally Displaced Persons in Harare, Zimbabwe",NChallenge,Complexity Challenges
#294,"Sanctuary in the City? Climate Change and Internally Displaced Persons in Harare, Zimbabwe",Gov,NA
#294,"Sanctuary in the City? Climate Change and Internally Displaced Persons in Harare, Zimbabwe",Policy,Legal and Regulatory Instruments
#294,"Sanctuary in the City? Climate Change and Internally Displaced Persons in Harare, Zimbabwe",Actors,Civil Society and Community-Based Organisations
#294,"Sanctuary in the City? Climate Change and Internally Displaced Persons in Harare, Zimbabwe",Actors,Civil Society and Community-Based Organisations
#294,"Sanctuary in the City? Climate Change and Internally Displaced Persons in Harare, Zimbabwe",Actors,Global/Regional Institutions and Science-Policy Interfaces
#294,"Sanctuary in the City? Climate Change and Internally Displaced Persons in Harare, Zimbabwe",Actors,Local/National Governments and Municipalities
#294,"Sanctuary in the City? Climate Change and Internally Displaced Persons in Harare, Zimbabwe",CrossCut,Poverty
#294,"Sanctuary in the City? Climate Change and Internally Displaced Persons in Harare, Zimbabwe",Scaling,No
#294,"Sanctuary in the City? Climate Change and Internally Displaced Persons in Harare, Zimbabwe",Barriers,Policy design & Implementation
#294,"Sanctuary in the City? Climate Change and Internally Displaced Persons in Harare, Zimbabwe",Barriers,Institutional capacity
#294,"Sanctuary in the City? Climate Change and Internally Displaced Persons in Harare, Zimbabwe",Barriers,Finance & Economics
#294,"Sanctuary in the City? Climate Change and Internally Displaced Persons in Harare, Zimbabwe",Barriers,Behaviour & Lifestyle
#294,"Sanctuary in the City? Climate Change and Internally Displaced Persons in Harare, Zimbabwe",Barriers_CritC5,Impacts on each nexus element (#3)
#294,"Sanctuary in the City? Climate Change and Internally Displaced Persons in Harare, Zimbabwe",Barriers_CritC5,Social acceptability (#4)
#294,"Sanctuary in the City? Climate Change and Internally Displaced Persons in Harare, Zimbabwe",Barriers_CritC5,Alignment with political priorities (#5)
#294,"Sanctuary in the City? Climate Change and Internally Displaced Persons in Harare, Zimbabwe",Barriers_CritC5,Alignment with international frameworks (#9)
#294,"Sanctuary in the City? Climate Change and Internally Displaced Persons in Harare, Zimbabwe",Barriers_CritC5,NA
#294,"Sanctuary in the City? Climate Change and Internally Displaced Persons in Harare, Zimbabwe",Barriers_CritC5,Transformative change potential (#10)
#292,Food security and land use change under conditions of climate variability: Synthesis and uniting perspectives,PaperType,Review
#292,Food security and land use change under conditions of climate variability: Synthesis and uniting perspectives,PaperType,Perspective
#292,Food security and land use change under conditions of climate variability: Synthesis and uniting perspectives,Region,Not applicable (no specific spatial location)
#292,Food security and land use change under conditions of climate variability: Synthesis and uniting perspectives,Scale,Not applicable (no specific spatial location)
#292,Food security and land use change under conditions of climate variability: Synthesis and uniting perspectives,Nexus,Climate change
#292,Food security and land use change under conditions of climate variability: Synthesis and uniting perspectives,Nexus,Food
#292,Food security and land use change under conditions of climate variability: Synthesis and uniting perspectives,NChallenge,Complexity Challenges
#292,Food security and land use change under conditions of climate variability: Synthesis and uniting perspectives,Gov,NA
#292,Food security and land use change under conditions of climate variability: Synthesis and uniting perspectives,Policy,NA
#292,Food security and land use change under conditions of climate variability: Synthesis and uniting perspectives,Actors,Private Sector and Business Organisations
#292,Food security and land use change under conditions of climate variability: Synthesis and uniting perspectives,Actors,Civil Society and Community-Based Organisations
#292,Food security and land use change under conditions of climate variability: Synthesis and uniting perspectives,Actors,Local/National Governments and Municipalities
#292,Food security and land use change under conditions of climate variability: Synthesis and uniting perspectives,CrossCut,Equity
#292,Food security and land use change under conditions of climate variability: Synthesis and uniting perspectives,CrossCut,Poverty
#292,Food security and land use change under conditions of climate variability: Synthesis and uniting perspectives,CrossCut,Land
#292,Food security and land use change under conditions of climate variability: Synthesis and uniting perspectives,Scaling,No
#292,Food security and land use change under conditions of climate variability: Synthesis and uniting perspectives,Enablers,Institutional capacity
#292,Food security and land use change under conditions of climate variability: Synthesis and uniting perspectives,Enablers_CritC5,Transformative change potential (#10)
#292,Food security and land use change under conditions of climate variability: Synthesis and uniting perspectives,Barriers,Institutional capacity
#292,Food security and land use change under conditions of climate variability: Synthesis and uniting perspectives,Barriers,Behaviour & Lifestyle
#292,Food security and land use change under conditions of climate variability: Synthesis and uniting perspectives,Barriers_CritC5,NA
#292,Food security and land use change under conditions of climate variability: Synthesis and uniting perspectives,Barriers_CritC5,Transformative change potential (#10)
#290,Unravelling the Food-Health Nexus to Build Healthier Food Systems,PaperType,Review
#290,Unravelling the Food-Health Nexus to Build Healthier Food Systems,Region,Not applicable (no specific spatial location)
#290,Unravelling the Food-Health Nexus to Build Healthier Food Systems,Scale,Not applicable (no specific spatial location)
#290,Unravelling the Food-Health Nexus to Build Healthier Food Systems,Nexus,Health
#290,Unravelling the Food-Health Nexus to Build Healthier Food Systems,Nexus,Food
#290,Unravelling the Food-Health Nexus to Build Healthier Food Systems,NChallenge,Complexity Challenges
#290,Unravelling the Food-Health Nexus to Build Healthier Food Systems,NChallenge,Values Challenges
#290,Unravelling the Food-Health Nexus to Build Healthier Food Systems,NChallenge,Governance Challenges
#290,Unravelling the Food-Health Nexus to Build Healthier Food Systems,NChallenge,Financing Challenges
#290,Unravelling the Food-Health Nexus to Build Healthier Food Systems,NChallenge,Scaling Challenges
#290,Unravelling the Food-Health Nexus to Build Healthier Food Systems,Gov,Network Governance
#290,Unravelling the Food-Health Nexus to Build Healthier Food Systems,Policy,Legal and Regulatory Instruments
#290,Unravelling the Food-Health Nexus to Build Healthier Food Systems,Policy,Economic and Financial Instruments
#290,Unravelling the Food-Health Nexus to Build Healthier Food Systems,Actors,Private Sector and Business Organisations
#290,Unravelling the Food-Health Nexus to Build Healthier Food Systems,Actors,Financial Institutions
#290,Unravelling the Food-Health Nexus to Build Healthier Food Systems,Actors,Knowledge and Educational Communities
#290,Unravelling the Food-Health Nexus to Build Healthier Food Systems,Actors,Civil Society and Community-Based Organisations
#290,Unravelling the Food-Health Nexus to Build Healthier Food Systems,Actors,Local/National Governments and Municipalities
#290,Unravelling the Food-Health Nexus to Build Healthier Food Systems,CrossCut,Equity
#290,Unravelling the Food-Health Nexus to Build Healthier Food Systems,CrossCut,Poverty
#290,Unravelling the Food-Health Nexus to Build Healthier Food Systems,Scaling,NA
#287,Grounding nexus governance: De-nexused developments in nepal,PaperType,Conceptual/theoretical
#287,Grounding nexus governance: De-nexused developments in nepal,Region,Southern Asia
#287,Grounding nexus governance: De-nexused developments in nepal,Scale,Subnational >100 km² (watershed)
#287,Grounding nexus governance: De-nexused developments in nepal,Nexus,Food
#287,Grounding nexus governance: De-nexused developments in nepal,Nexus,Water
#287,Grounding nexus governance: De-nexused developments in nepal,NChallenge,Governance Challenges
#287,Grounding nexus governance: De-nexused developments in nepal,Gov,Community Governance
#287,Grounding nexus governance: De-nexused developments in nepal,Policy,NA
#287,Grounding nexus governance: De-nexused developments in nepal,Actors,Private Sector and Business Organisations
#287,Grounding nexus governance: De-nexused developments in nepal,Actors,Media and the Arts
#287,Grounding nexus governance: De-nexused developments in nepal,Actors,Financial Institutions
#287,Grounding nexus governance: De-nexused developments in nepal,Actors,Civil Society and Community-Based Organisations
#287,Grounding nexus governance: De-nexused developments in nepal,Actors,Civil Society and Community-Based Organisations
#287,Grounding nexus governance: De-nexused developments in nepal,Actors,Global/Regional Institutions and Science-Policy Interfaces
#287,Grounding nexus governance: De-nexused developments in nepal,Actors,Global/Regional Institutions and Science-Policy Interfaces
#287,Grounding nexus governance: De-nexused developments in nepal,Actors,Local/National Governments and Municipalities
#287,Grounding nexus governance: De-nexused developments in nepal,CrossCut,Equity
#287,Grounding nexus governance: De-nexused developments in nepal,CrossCut,Poverty
#287,Grounding nexus governance: De-nexused developments in nepal,CrossCut,Employment
#287,Grounding nexus governance: De-nexused developments in nepal,CrossCut,Energy
#287,Grounding nexus governance: De-nexused developments in nepal,Scaling,No
#287,Grounding nexus governance: De-nexused developments in nepal,Enablers,Policy design & Implementation
#287,Grounding nexus governance: De-nexused developments in nepal,Enablers,Equity & Diversity
#287,Grounding nexus governance: De-nexused developments in nepal,Enablers,Institutional capacity
#287,Grounding nexus governance: De-nexused developments in nepal,Enablers,Finance & Economics
#287,Grounding nexus governance: De-nexused developments in nepal,Enablers,Behaviour & Lifestyle
#287,Grounding nexus governance: De-nexused developments in nepal,Enablers,Material & Non-material endowments
#287,Grounding nexus governance: De-nexused developments in nepal,Enablers_CritC5,Impacts on each nexus element (#3)
#287,Grounding nexus governance: De-nexused developments in nepal,Enablers_CritC5,Equity (#8)
#287,Grounding nexus governance: De-nexused developments in nepal,Enablers_CritC5,NA
#287,Grounding nexus governance: De-nexused developments in nepal,Enablers_CritC5,Transformative change potential (#10)
#287,Grounding nexus governance: De-nexused developments in nepal,Barriers,Institutional capacity
#287,Grounding nexus governance: De-nexused developments in nepal,Barriers,Finance & Economics
#287,Grounding nexus governance: De-nexused developments in nepal,Barriers,Behaviour & Lifestyle
#287,Grounding nexus governance: De-nexused developments in nepal,Barriers,Technology
#287,Grounding nexus governance: De-nexused developments in nepal,Barriers,Material & Non-material endowments
#287,Grounding nexus governance: De-nexused developments in nepal,Barriers_CritC5,NA
#287,Grounding nexus governance: De-nexused developments in nepal,Barriers_CritC5,Transformative change potential (#10)
#287,Grounding nexus governance: De-nexused developments in nepal,Barriers_CritC5,Equity (#8)
#281,The water–energy–food nexus: bridging the science–policy divide,PaperType,Opinion
#281,The water–energy–food nexus: bridging the science–policy divide,Region,Not applicable (no specific spatial location)
#281,The water–energy–food nexus: bridging the science–policy divide,Scale,Not applicable (no specific spatial location)
#281,The water–energy–food nexus: bridging the science–policy divide,Nexus,Food
#281,The water–energy–food nexus: bridging the science–policy divide,Nexus,Water
#281,The water–energy–food nexus: bridging the science–policy divide,NChallenge,Complexity Challenges
#281,The water–energy–food nexus: bridging the science–policy divide,NChallenge,Values Challenges
#281,The water–energy–food nexus: bridging the science–policy divide,NChallenge,Governance Challenges
#281,The water–energy–food nexus: bridging the science–policy divide,Gov,Hierarchical Governance
#281,The water–energy–food nexus: bridging the science–policy divide,Gov,Centralised Governance
#281,The water–energy–food nexus: bridging the science–policy divide,Policy,NA
#281,The water–energy–food nexus: bridging the science–policy divide,Actors,NA
#281,The water–energy–food nexus: bridging the science–policy divide,CrossCut,Equity
#281,The water–energy–food nexus: bridging the science–policy divide,CrossCut,Energy
#281,The water–energy–food nexus: bridging the science–policy divide,Scaling,No
#281,The water–energy–food nexus: bridging the science–policy divide,Enablers,Policy design & Implementation
#281,The water–energy–food nexus: bridging the science–policy divide,Enablers,Equity & Diversity
#281,The water–energy–food nexus: bridging the science–policy divide,Enablers,Institutional capacity
#281,The water–energy–food nexus: bridging the science–policy divide,Enablers_CritC5,NA
#281,The water–energy–food nexus: bridging the science–policy divide,Enablers_CritC5,Social acceptability (#4)
#281,The water–energy–food nexus: bridging the science–policy divide,Enablers_CritC5,Alignment with political priorities (#5)
#281,The water–energy–food nexus: bridging the science–policy divide,Enablers_CritC5,Transformative change potential (#10)
#281,The water–energy–food nexus: bridging the science–policy divide,Enablers_CritC5,Equity (#8)
#281,The water–energy–food nexus: bridging the science–policy divide,Barriers,Policy design & Implementation
#281,The water–energy–food nexus: bridging the science–policy divide,Barriers,Institutional capacity
#281,The water–energy–food nexus: bridging the science–policy divide,Barriers,Equity & Diversity
#281,The water–energy–food nexus: bridging the science–policy divide,Barriers,Technology
#281,The water–energy–food nexus: bridging the science–policy divide,Barriers_CritC5,NA
#281,The water–energy–food nexus: bridging the science–policy divide,Barriers_CritC5,Transformative change potential (#10)
#281,The water–energy–food nexus: bridging the science–policy divide,Barriers_CritC5,Equity (#8)
#280,An MCDM-based social network analysis of water governance to determine actors’ power in water-food-energy nexus,PaperType,Empirical
#280,An MCDM-based social network analysis of water governance to determine actors’ power in water-food-energy nexus,PaperType,Modelling
#280,An MCDM-based social network analysis of water governance to determine actors’ power in water-food-energy nexus,Region,Western Asia
#280,An MCDM-based social network analysis of water governance to determine actors’ power in water-food-energy nexus,Scale,Subnational >100 km² (watershed)
#280,An MCDM-based social network analysis of water governance to determine actors’ power in water-food-energy nexus,Nexus,Food
#280,An MCDM-based social network analysis of water governance to determine actors’ power in water-food-energy nexus,Nexus,Water
#280,An MCDM-based social network analysis of water governance to determine actors’ power in water-food-energy nexus,NChallenge,Complexity Challenges
#280,An MCDM-based social network analysis of water governance to determine actors’ power in water-food-energy nexus,NChallenge,Governance Challenges
#280,An MCDM-based social network analysis of water governance to determine actors’ power in water-food-energy nexus,Gov,Network Governance
#280,An MCDM-based social network analysis of water governance to determine actors’ power in water-food-energy nexus,Policy,NA
#280,An MCDM-based social network analysis of water governance to determine actors’ power in water-food-energy nexus,Actors,Private Sector and Business Organisations
#280,An MCDM-based social network analysis of water governance to determine actors’ power in water-food-energy nexus,Actors,Civil Society and Community-Based Organisations
#280,An MCDM-based social network analysis of water governance to determine actors’ power in water-food-energy nexus,Actors,Knowledge and Educational Communities
#280,An MCDM-based social network analysis of water governance to determine actors’ power in water-food-energy nexus,Actors,IPLCs
#280,An MCDM-based social network analysis of water governance to determine actors’ power in water-food-energy nexus,Actors,Civil Society and Community-Based Organisations
#280,An MCDM-based social network analysis of water governance to determine actors’ power in water-food-energy nexus,Actors,Global/Regional Institutions and Science-Policy Interfaces
#280,An MCDM-based social network analysis of water governance to determine actors’ power in water-food-energy nexus,Actors,Local/National Governments and Municipalities
#280,An MCDM-based social network analysis of water governance to determine actors’ power in water-food-energy nexus,CrossCut,Energy
#280,An MCDM-based social network analysis of water governance to determine actors’ power in water-food-energy nexus,Scaling,No
#280,An MCDM-based social network analysis of water governance to determine actors’ power in water-food-energy nexus,Enablers,Institutional capacity
#280,An MCDM-based social network analysis of water governance to determine actors’ power in water-food-energy nexus,Enablers,Material & Non-material endowments
#280,An MCDM-based social network analysis of water governance to determine actors’ power in water-food-energy nexus,Enablers_CritC5,Equity (#8)
#280,An MCDM-based social network analysis of water governance to determine actors’ power in water-food-energy nexus,Enablers_CritC5,Transformative change potential (#10)
#280,An MCDM-based social network analysis of water governance to determine actors’ power in water-food-energy nexus,Enablers_CritC5,NA
#280,An MCDM-based social network analysis of water governance to determine actors’ power in water-food-energy nexus,Barriers,Policy design & Implementation
#280,An MCDM-based social network analysis of water governance to determine actors’ power in water-food-energy nexus,Barriers,Institutional capacity
#280,An MCDM-based social network analysis of water governance to determine actors’ power in water-food-energy nexus,Barriers_CritC5,NA
#280,An MCDM-based social network analysis of water governance to determine actors’ power in water-food-energy nexus,Barriers_CritC5,Transformative change potential (#10)
#278,A bibliometric analysis of food-energy-water nexus literature,PaperType,Review
#278,A bibliometric analysis of food-energy-water nexus literature,Region,Not applicable (no specific spatial location)
#278,A bibliometric analysis of food-energy-water nexus literature,Scale,Not applicable (no specific spatial location)
#278,A bibliometric analysis of food-energy-water nexus literature,Nexus,Food
#278,A bibliometric analysis of food-energy-water nexus literature,Nexus,Water
#278,A bibliometric analysis of food-energy-water nexus literature,NChallenge,Complexity Challenges
#278,A bibliometric analysis of food-energy-water nexus literature,NChallenge,Values Challenges
#278,A bibliometric analysis of food-energy-water nexus literature,NChallenge,Scaling Challenges
#278,A bibliometric analysis of food-energy-water nexus literature,Gov,NA
#278,A bibliometric analysis of food-energy-water nexus literature,Policy,NA
#278,A bibliometric analysis of food-energy-water nexus literature,Actors,NA
#278,A bibliometric analysis of food-energy-water nexus literature,CrossCut,Energy
#278,A bibliometric analysis of food-energy-water nexus literature,Scaling,No
#277,Mainstreaming the Water-Energy-Food Nexus through nationally determined contributions (NDCs): the case of Brazil,PaperType,Review
#277,Mainstreaming the Water-Energy-Food Nexus through nationally determined contributions (NDCs): the case of Brazil,PaperType,Perspective
#277,Mainstreaming the Water-Energy-Food Nexus through nationally determined contributions (NDCs): the case of Brazil,Region,Latin America and the Caribbean
#277,Mainstreaming the Water-Energy-Food Nexus through nationally determined contributions (NDCs): the case of Brazil,Region,Eastern Asia
#277,Mainstreaming the Water-Energy-Food Nexus through nationally determined contributions (NDCs): the case of Brazil,Region,Southern Asia
#277,Mainstreaming the Water-Energy-Food Nexus through nationally determined contributions (NDCs): the case of Brazil,Region,Eastern Europe
#277,Mainstreaming the Water-Energy-Food Nexus through nationally determined contributions (NDCs): the case of Brazil,Region,Northern Europe
#277,Mainstreaming the Water-Energy-Food Nexus through nationally determined contributions (NDCs): the case of Brazil,Region,Southern Europe
#277,Mainstreaming the Water-Energy-Food Nexus through nationally determined contributions (NDCs): the case of Brazil,Region,Western Europe
#277,Mainstreaming the Water-Energy-Food Nexus through nationally determined contributions (NDCs): the case of Brazil,Scale,National (whole country)
#277,Mainstreaming the Water-Energy-Food Nexus through nationally determined contributions (NDCs): the case of Brazil,Scale,"Regional (multiple countries, whole continents)"
#277,Mainstreaming the Water-Energy-Food Nexus through nationally determined contributions (NDCs): the case of Brazil,Scale,Multi-regional (multiple continents/geographic regions)
#277,Mainstreaming the Water-Energy-Food Nexus through nationally determined contributions (NDCs): the case of Brazil,Nexus,Climate change
#277,Mainstreaming the Water-Energy-Food Nexus through nationally determined contributions (NDCs): the case of Brazil,Nexus,Food
#277,Mainstreaming the Water-Energy-Food Nexus through nationally determined contributions (NDCs): the case of Brazil,Nexus,Water
#277,Mainstreaming the Water-Energy-Food Nexus through nationally determined contributions (NDCs): the case of Brazil,NChallenge,Complexity Challenges
#277,Mainstreaming the Water-Energy-Food Nexus through nationally determined contributions (NDCs): the case of Brazil,NChallenge,Values Challenges
#277,Mainstreaming the Water-Energy-Food Nexus through nationally determined contributions (NDCs): the case of Brazil,NChallenge,Governance Challenges
#277,Mainstreaming the Water-Energy-Food Nexus through nationally determined contributions (NDCs): the case of Brazil,Gov,Hierarchical Governance
#277,Mainstreaming the Water-Energy-Food Nexus through nationally determined contributions (NDCs): the case of Brazil,Policy,Legal and Regulatory Instruments
#277,Mainstreaming the Water-Energy-Food Nexus through nationally determined contributions (NDCs): the case of Brazil,Actors,Private Sector and Business Organisations
#277,Mainstreaming the Water-Energy-Food Nexus through nationally determined contributions (NDCs): the case of Brazil,Actors,Local/National Governments and Municipalities
#277,Mainstreaming the Water-Energy-Food Nexus through nationally determined contributions (NDCs): the case of Brazil,CrossCut,Energy
#277,Mainstreaming the Water-Energy-Food Nexus through nationally determined contributions (NDCs): the case of Brazil,Scaling,No
#277,Mainstreaming the Water-Energy-Food Nexus through nationally determined contributions (NDCs): the case of Brazil,Enablers,Policy design & Implementation
#277,Mainstreaming the Water-Energy-Food Nexus through nationally determined contributions (NDCs): the case of Brazil,Enablers,Institutional capacity
#277,Mainstreaming the Water-Energy-Food Nexus through nationally determined contributions (NDCs): the case of Brazil,Enablers_CritC5,Impacts on each nexus element (#3)
#277,Mainstreaming the Water-Energy-Food Nexus through nationally determined contributions (NDCs): the case of Brazil,Enablers_CritC5,NA
#277,Mainstreaming the Water-Energy-Food Nexus through nationally determined contributions (NDCs): the case of Brazil,Enablers_CritC5,Alignment with political priorities (#5)
#277,Mainstreaming the Water-Energy-Food Nexus through nationally determined contributions (NDCs): the case of Brazil,Enablers_CritC5,Alignment with international frameworks (#9)
#277,Mainstreaming the Water-Energy-Food Nexus through nationally determined contributions (NDCs): the case of Brazil,Enablers_CritC5,Transformative change potential (#10)
#277,Mainstreaming the Water-Energy-Food Nexus through nationally determined contributions (NDCs): the case of Brazil,Barriers,Policy design & Implementation
#277,Mainstreaming the Water-Energy-Food Nexus through nationally determined contributions (NDCs): the case of Brazil,Barriers,Institutional capacity
#277,Mainstreaming the Water-Energy-Food Nexus through nationally determined contributions (NDCs): the case of Brazil,Barriers_CritC5,Impacts on each nexus element (#3)
#277,Mainstreaming the Water-Energy-Food Nexus through nationally determined contributions (NDCs): the case of Brazil,Barriers_CritC5,NA
#277,Mainstreaming the Water-Energy-Food Nexus through nationally determined contributions (NDCs): the case of Brazil,Barriers_CritC5,Equity (#8)
#277,Mainstreaming the Water-Energy-Food Nexus through nationally determined contributions (NDCs): the case of Brazil,Barriers_CritC5,Transformative change potential (#10)
#268,Overcoming climate change adaptation barriers: A study on food–energy–water impacts of the average American diet by demographic group,PaperType,Empirical
#268,Overcoming climate change adaptation barriers: A study on food–energy–water impacts of the average American diet by demographic group,Region,Northern America
#268,Overcoming climate change adaptation barriers: A study on food–energy–water impacts of the average American diet by demographic group,Scale,National (whole country)
#268,Overcoming climate change adaptation barriers: A study on food–energy–water impacts of the average American diet by demographic group,Nexus,Climate change
#268,Overcoming climate change adaptation barriers: A study on food–energy–water impacts of the average American diet by demographic group,Nexus,Food
#268,Overcoming climate change adaptation barriers: A study on food–energy–water impacts of the average American diet by demographic group,Nexus,Water
#268,Overcoming climate change adaptation barriers: A study on food–energy–water impacts of the average American diet by demographic group,NChallenge,Values Challenges
#268,Overcoming climate change adaptation barriers: A study on food–energy–water impacts of the average American diet by demographic group,Gov,NA
#268,Overcoming climate change adaptation barriers: A study on food–energy–water impacts of the average American diet by demographic group,Policy,NA
#268,Overcoming climate change adaptation barriers: A study on food–energy–water impacts of the average American diet by demographic group,Actors,Private Sector and Business Organisations
#268,Overcoming climate change adaptation barriers: A study on food–energy–water impacts of the average American diet by demographic group,Actors,Local/National Governments and Municipalities
#268,Overcoming climate change adaptation barriers: A study on food–energy–water impacts of the average American diet by demographic group,CrossCut,Equity
#268,Overcoming climate change adaptation barriers: A study on food–energy–water impacts of the average American diet by demographic group,CrossCut,Education
#268,Overcoming climate change adaptation barriers: A study on food–energy–water impacts of the average American diet by demographic group,CrossCut,Energy
#268,Overcoming climate change adaptation barriers: A study on food–energy–water impacts of the average American diet by demographic group,Scaling,No
#268,Overcoming climate change adaptation barriers: A study on food–energy–water impacts of the average American diet by demographic group,Barriers,Institutional capacity
#268,Overcoming climate change adaptation barriers: A study on food–energy–water impacts of the average American diet by demographic group,Barriers,Finance & Economics
#268,Overcoming climate change adaptation barriers: A study on food–energy–water impacts of the average American diet by demographic group,Barriers,Material & Non-material endowments
#268,Overcoming climate change adaptation barriers: A study on food–energy–water impacts of the average American diet by demographic group,Barriers_CritC5,Transformative change potential (#10)
#268,Overcoming climate change adaptation barriers: A study on food–energy–water impacts of the average American diet by demographic group,Barriers_CritC5,NA
#266,The role of communication in managing complex water-energy-food governance systems,PaperType,Conceptual/theoretical
#266,The role of communication in managing complex water-energy-food governance systems,Region,Northern America
#266,The role of communication in managing complex water-energy-food governance systems,Scale,Subnational >100 km² (watershed)
#266,The role of communication in managing complex water-energy-food governance systems,Nexus,Biodiversity
#266,The role of communication in managing complex water-energy-food governance systems,Nexus,Climate change
#266,The role of communication in managing complex water-energy-food governance systems,Nexus,Health
#266,The role of communication in managing complex water-energy-food governance systems,Nexus,Food
#266,The role of communication in managing complex water-energy-food governance systems,Nexus,Water
#266,The role of communication in managing complex water-energy-food governance systems,NChallenge,Complexity Challenges
#266,The role of communication in managing complex water-energy-food governance systems,NChallenge,Governance Challenges
#266,The role of communication in managing complex water-energy-food governance systems,NChallenge,Scaling Challenges
#266,The role of communication in managing complex water-energy-food governance systems,Gov,Network Governance
#266,The role of communication in managing complex water-energy-food governance systems,Policy,Legal and Regulatory Instruments
#266,The role of communication in managing complex water-energy-food governance systems,Actors,Knowledge and Educational Communities
#266,The role of communication in managing complex water-energy-food governance systems,Actors,Civil Society and Community-Based Organisations
#266,The role of communication in managing complex water-energy-food governance systems,Actors,Global/Regional Institutions and Science-Policy Interfaces
#266,The role of communication in managing complex water-energy-food governance systems,Actors,Local/National Governments and Municipalities
#266,The role of communication in managing complex water-energy-food governance systems,CrossCut,Energy
#266,The role of communication in managing complex water-energy-food governance systems,Scaling,NA
#266,The role of communication in managing complex water-energy-food governance systems,Enablers,Policy design & Implementation
#266,The role of communication in managing complex water-energy-food governance systems,Enablers_CritC5,Impacts on each nexus element (#3)
#266,The role of communication in managing complex water-energy-food governance systems,Enablers_CritC5,NA
#266,The role of communication in managing complex water-energy-food governance systems,Barriers,Equity & Diversity
#266,The role of communication in managing complex water-energy-food governance systems,Barriers,Policy design & Implementation
#266,The role of communication in managing complex water-energy-food governance systems,Barriers,Institutional capacity
#266,The role of communication in managing complex water-energy-food governance systems,Barriers,Finance & Economics
#266,The role of communication in managing complex water-energy-food governance systems,Barriers_CritC5,Equity (#8)
#266,The role of communication in managing complex water-energy-food governance systems,Barriers_CritC5,Social acceptability (#4)
#266,The role of communication in managing complex water-energy-food governance systems,Barriers_CritC5,Transformative change potential (#10)
#266,The role of communication in managing complex water-energy-food governance systems,Barriers_CritC5,Economic implications (#6)
#266,The role of communication in managing complex water-energy-food governance systems,Barriers_CritC5,NA
#263,Cities and the Anthropocene: Urban governance for the new era of regenerative cities,PaperType,Review
#263,Cities and the Anthropocene: Urban governance for the new era of regenerative cities,PaperType,Conceptual/theoretical
#263,Cities and the Anthropocene: Urban governance for the new era of regenerative cities,Region,Australia and New Zealand
#263,Cities and the Anthropocene: Urban governance for the new era of regenerative cities,Scale,Site <1 km² (field to farm)
#263,Cities and the Anthropocene: Urban governance for the new era of regenerative cities,Scale,Local >1 km² to 100 km² (neighbourhood to municipality)
#263,Cities and the Anthropocene: Urban governance for the new era of regenerative cities,Nexus,Biodiversity
#263,Cities and the Anthropocene: Urban governance for the new era of regenerative cities,Nexus,Climate change
#263,Cities and the Anthropocene: Urban governance for the new era of regenerative cities,Nexus,Food
#263,Cities and the Anthropocene: Urban governance for the new era of regenerative cities,Nexus,Water
#263,Cities and the Anthropocene: Urban governance for the new era of regenerative cities,NChallenge,Governance Challenges
#263,Cities and the Anthropocene: Urban governance for the new era of regenerative cities,Gov,Network Governance
#263,Cities and the Anthropocene: Urban governance for the new era of regenerative cities,Gov,Community Governance
#263,Cities and the Anthropocene: Urban governance for the new era of regenerative cities,Policy,NA
#263,Cities and the Anthropocene: Urban governance for the new era of regenerative cities,Actors,Private Sector and Business Organisations
#263,Cities and the Anthropocene: Urban governance for the new era of regenerative cities,Actors,Civil Society and Community-Based Organisations
#263,Cities and the Anthropocene: Urban governance for the new era of regenerative cities,Actors,Local/National Governments and Municipalities
#263,Cities and the Anthropocene: Urban governance for the new era of regenerative cities,CrossCut,Waste
#263,Cities and the Anthropocene: Urban governance for the new era of regenerative cities,CrossCut,Infrastructure
#263,Cities and the Anthropocene: Urban governance for the new era of regenerative cities,Scaling,Yes
#263,Cities and the Anthropocene: Urban governance for the new era of regenerative cities,Enablers,Policy design & Implementation
#263,Cities and the Anthropocene: Urban governance for the new era of regenerative cities,Enablers,Institutional capacity
#263,Cities and the Anthropocene: Urban governance for the new era of regenerative cities,Enablers,Finance & Economics
#263,Cities and the Anthropocene: Urban governance for the new era of regenerative cities,Enablers,Behaviour & Lifestyle
#263,Cities and the Anthropocene: Urban governance for the new era of regenerative cities,Enablers,Technology
#263,Cities and the Anthropocene: Urban governance for the new era of regenerative cities,Enablers,Material & Non-material endowments
#263,Cities and the Anthropocene: Urban governance for the new era of regenerative cities,Enablers_CritC5,Alignment with international frameworks (#9)
#263,Cities and the Anthropocene: Urban governance for the new era of regenerative cities,Enablers_CritC5,Equity (#8)
#263,Cities and the Anthropocene: Urban governance for the new era of regenerative cities,Enablers_CritC5,Transformative change potential (#10)
#263,Cities and the Anthropocene: Urban governance for the new era of regenerative cities,Enablers_CritC5,Economic implications (#6)
#263,Cities and the Anthropocene: Urban governance for the new era of regenerative cities,Enablers_CritC5,NA
#263,Cities and the Anthropocene: Urban governance for the new era of regenerative cities,Enablers_CritC5,Technical feasibility (#7)
#263,Cities and the Anthropocene: Urban governance for the new era of regenerative cities,Barriers,Policy design & Implementation
#263,Cities and the Anthropocene: Urban governance for the new era of regenerative cities,Barriers,Behaviour & Lifestyle
#263,Cities and the Anthropocene: Urban governance for the new era of regenerative cities,Barriers_CritC5,NA
#261,Nexus thinking in business: Analysing corporate responses to interconnected global sustainability challenges,PaperType,Perspective
#261,Nexus thinking in business: Analysing corporate responses to interconnected global sustainability challenges,Region,Not applicable (no specific spatial location)
#261,Nexus thinking in business: Analysing corporate responses to interconnected global sustainability challenges,Scale,Not applicable (no specific spatial location)
#261,Nexus thinking in business: Analysing corporate responses to interconnected global sustainability challenges,Nexus,Climate change
#261,Nexus thinking in business: Analysing corporate responses to interconnected global sustainability challenges,Nexus,Water
#261,Nexus thinking in business: Analysing corporate responses to interconnected global sustainability challenges,NChallenge,NA
#261,Nexus thinking in business: Analysing corporate responses to interconnected global sustainability challenges,Gov,Market Governance
#261,Nexus thinking in business: Analysing corporate responses to interconnected global sustainability challenges,Policy,Economic and Financial Instruments
#261,Nexus thinking in business: Analysing corporate responses to interconnected global sustainability challenges,Policy,Social and Cultural Instruments
#261,Nexus thinking in business: Analysing corporate responses to interconnected global sustainability challenges,Actors,Private Sector and Business Organisations
#261,Nexus thinking in business: Analysing corporate responses to interconnected global sustainability challenges,CrossCut,Economy
#261,Nexus thinking in business: Analysing corporate responses to interconnected global sustainability challenges,CrossCut,Energy
#261,Nexus thinking in business: Analysing corporate responses to interconnected global sustainability challenges,Scaling,NA
#261,Nexus thinking in business: Analysing corporate responses to interconnected global sustainability challenges,Enablers,Behaviour & Lifestyle
#261,Nexus thinking in business: Analysing corporate responses to interconnected global sustainability challenges,Enablers,Technology
#261,Nexus thinking in business: Analysing corporate responses to interconnected global sustainability challenges,Enablers_CritC5,Transformative change potential (#10)
#261,Nexus thinking in business: Analysing corporate responses to interconnected global sustainability challenges,Enablers_CritC5,Technical feasibility (#7)
#261,Nexus thinking in business: Analysing corporate responses to interconnected global sustainability challenges,Barriers,Policy design & Implementation
#261,Nexus thinking in business: Analysing corporate responses to interconnected global sustainability challenges,Barriers_CritC5,Impacts on each nexus element (#3)
#256,"The global governance of water, energy, and food nexus: allocation and access for competing demands",PaperType,Review
#256,"The global governance of water, energy, and food nexus: allocation and access for competing demands",PaperType,Perspective
#256,"The global governance of water, energy, and food nexus: allocation and access for competing demands",Region,Not applicable (no specific spatial location)
#256,"The global governance of water, energy, and food nexus: allocation and access for competing demands",Scale,Not applicable (no specific spatial location)
#256,"The global governance of water, energy, and food nexus: allocation and access for competing demands",Nexus,Climate change
#256,"The global governance of water, energy, and food nexus: allocation and access for competing demands",Nexus,Food
#256,"The global governance of water, energy, and food nexus: allocation and access for competing demands",Nexus,Water
#256,"The global governance of water, energy, and food nexus: allocation and access for competing demands",NChallenge,Complexity Challenges
#256,"The global governance of water, energy, and food nexus: allocation and access for competing demands",NChallenge,Governance Challenges
#256,"The global governance of water, energy, and food nexus: allocation and access for competing demands",Gov,NA
#256,"The global governance of water, energy, and food nexus: allocation and access for competing demands",Policy,Legal and Regulatory Instruments
#256,"The global governance of water, energy, and food nexus: allocation and access for competing demands",Policy,Economic and Financial Instruments
#256,"The global governance of water, energy, and food nexus: allocation and access for competing demands",Policy,Social and Cultural Instruments
#256,"The global governance of water, energy, and food nexus: allocation and access for competing demands",Actors,NA
#256,"The global governance of water, energy, and food nexus: allocation and access for competing demands",CrossCut,Equity
#256,"The global governance of water, energy, and food nexus: allocation and access for competing demands",CrossCut,Energy
#256,"The global governance of water, energy, and food nexus: allocation and access for competing demands",Scaling,No
#256,"The global governance of water, energy, and food nexus: allocation and access for competing demands",Enablers,Equity & Diversity
#256,"The global governance of water, energy, and food nexus: allocation and access for competing demands",Enablers,Policy design & Implementation
#256,"The global governance of water, energy, and food nexus: allocation and access for competing demands",Enablers,Institutional capacity
#256,"The global governance of water, energy, and food nexus: allocation and access for competing demands",Enablers,Finance & Economics
#256,"The global governance of water, energy, and food nexus: allocation and access for competing demands",Enablers,Technology
#256,"The global governance of water, energy, and food nexus: allocation and access for competing demands",Enablers_CritC5,Equity (#8)
#256,"The global governance of water, energy, and food nexus: allocation and access for competing demands",Enablers_CritC5,NA
#256,"The global governance of water, energy, and food nexus: allocation and access for competing demands",Enablers_CritC5,Transformative change potential (#10)
#256,"The global governance of water, energy, and food nexus: allocation and access for competing demands",Enablers_CritC5,Economic implications (#6)
#256,"The global governance of water, energy, and food nexus: allocation and access for competing demands",Enablers_CritC5,Technical feasibility (#7)
#256,"The global governance of water, energy, and food nexus: allocation and access for competing demands",Barriers,Equity & Diversity
#256,"The global governance of water, energy, and food nexus: allocation and access for competing demands",Barriers,Policy design & Implementation
#256,"The global governance of water, energy, and food nexus: allocation and access for competing demands",Barriers,Institutional capacity
#256,"The global governance of water, energy, and food nexus: allocation and access for competing demands",Barriers,Finance & Economics
#256,"The global governance of water, energy, and food nexus: allocation and access for competing demands",Barriers,Technology
#256,"The global governance of water, energy, and food nexus: allocation and access for competing demands",Barriers_CritC5,Equity (#8)
#256,"The global governance of water, energy, and food nexus: allocation and access for competing demands",Barriers_CritC5,Alignment with international frameworks (#9)
#256,"The global governance of water, energy, and food nexus: allocation and access for competing demands",Barriers_CritC5,NA
#256,"The global governance of water, energy, and food nexus: allocation and access for competing demands",Barriers_CritC5,Geographic scale (#1)
#256,"The global governance of water, energy, and food nexus: allocation and access for competing demands",Barriers_CritC5,Temporal scale (#2)
#256,"The global governance of water, energy, and food nexus: allocation and access for competing demands",Barriers_CritC5,Transformative change potential (#10)
#256,"The global governance of water, energy, and food nexus: allocation and access for competing demands",Barriers_CritC5,Economic implications (#6)
#256,"The global governance of water, energy, and food nexus: allocation and access for competing demands",Barriers_CritC5,Technical feasibility (#7)
#254,Confronting governance challenges of the resource nexus through reflexivity: A cross-case comparison of biofuels policies in Germany and Brazil,PaperType,Conceptual/theoretical
#254,Confronting governance challenges of the resource nexus through reflexivity: A cross-case comparison of biofuels policies in Germany and Brazil,PaperType,Empirical
#254,Confronting governance challenges of the resource nexus through reflexivity: A cross-case comparison of biofuels policies in Germany and Brazil,Region,Latin America and the Caribbean
#254,Confronting governance challenges of the resource nexus through reflexivity: A cross-case comparison of biofuels policies in Germany and Brazil,Region,Western Europe
#254,Confronting governance challenges of the resource nexus through reflexivity: A cross-case comparison of biofuels policies in Germany and Brazil,Scale,National (whole country)
#254,Confronting governance challenges of the resource nexus through reflexivity: A cross-case comparison of biofuels policies in Germany and Brazil,Nexus,Biodiversity
#254,Confronting governance challenges of the resource nexus through reflexivity: A cross-case comparison of biofuels policies in Germany and Brazil,Nexus,Water
#254,Confronting governance challenges of the resource nexus through reflexivity: A cross-case comparison of biofuels policies in Germany and Brazil,NChallenge,Complexity Challenges
#254,Confronting governance challenges of the resource nexus through reflexivity: A cross-case comparison of biofuels policies in Germany and Brazil,NChallenge,Values Challenges
#254,Confronting governance challenges of the resource nexus through reflexivity: A cross-case comparison of biofuels policies in Germany and Brazil,NChallenge,Governance Challenges
#254,Confronting governance challenges of the resource nexus through reflexivity: A cross-case comparison of biofuels policies in Germany and Brazil,Gov,Hierarchical Governance
#254,Confronting governance challenges of the resource nexus through reflexivity: A cross-case comparison of biofuels policies in Germany and Brazil,Gov,Market Governance
#254,Confronting governance challenges of the resource nexus through reflexivity: A cross-case comparison of biofuels policies in Germany and Brazil,Policy,Legal and Regulatory Instruments
#254,Confronting governance challenges of the resource nexus through reflexivity: A cross-case comparison of biofuels policies in Germany and Brazil,Policy,Economic and Financial Instruments
#254,Confronting governance challenges of the resource nexus through reflexivity: A cross-case comparison of biofuels policies in Germany and Brazil,Actors,Private Sector and Business Organisations
#254,Confronting governance challenges of the resource nexus through reflexivity: A cross-case comparison of biofuels policies in Germany and Brazil,Actors,Civil Society and Community-Based Organisations
#254,Confronting governance challenges of the resource nexus through reflexivity: A cross-case comparison of biofuels policies in Germany and Brazil,Actors,Knowledge and Educational Communities
#254,Confronting governance challenges of the resource nexus through reflexivity: A cross-case comparison of biofuels policies in Germany and Brazil,Actors,Civil Society and Community-Based Organisations
#254,Confronting governance challenges of the resource nexus through reflexivity: A cross-case comparison of biofuels policies in Germany and Brazil,Actors,Local/National Governments and Municipalities
#254,Confronting governance challenges of the resource nexus through reflexivity: A cross-case comparison of biofuels policies in Germany and Brazil,CrossCut,Energy
#254,Confronting governance challenges of the resource nexus through reflexivity: A cross-case comparison of biofuels policies in Germany and Brazil,Scaling,No
#254,Confronting governance challenges of the resource nexus through reflexivity: A cross-case comparison of biofuels policies in Germany and Brazil,Enablers,Policy design & Implementation
#254,Confronting governance challenges of the resource nexus through reflexivity: A cross-case comparison of biofuels policies in Germany and Brazil,Enablers,Institutional capacity
#254,Confronting governance challenges of the resource nexus through reflexivity: A cross-case comparison of biofuels policies in Germany and Brazil,Enablers,Behaviour & Lifestyle
#254,Confronting governance challenges of the resource nexus through reflexivity: A cross-case comparison of biofuels policies in Germany and Brazil,Enablers,Technology
#254,Confronting governance challenges of the resource nexus through reflexivity: A cross-case comparison of biofuels policies in Germany and Brazil,Enablers_CritC5,Impacts on each nexus element (#3)
#254,Confronting governance challenges of the resource nexus through reflexivity: A cross-case comparison of biofuels policies in Germany and Brazil,Enablers_CritC5,NA
#254,Confronting governance challenges of the resource nexus through reflexivity: A cross-case comparison of biofuels policies in Germany and Brazil,Enablers_CritC5,Social acceptability (#4)
#254,Confronting governance challenges of the resource nexus through reflexivity: A cross-case comparison of biofuels policies in Germany and Brazil,Enablers_CritC5,Alignment with political priorities (#5)
#254,Confronting governance challenges of the resource nexus through reflexivity: A cross-case comparison of biofuels policies in Germany and Brazil,Enablers_CritC5,Alignment with international frameworks (#9)
#254,Confronting governance challenges of the resource nexus through reflexivity: A cross-case comparison of biofuels policies in Germany and Brazil,Enablers_CritC5,Equity (#8)
#254,Confronting governance challenges of the resource nexus through reflexivity: A cross-case comparison of biofuels policies in Germany and Brazil,Enablers_CritC5,Transformative change potential (#10)
#254,Confronting governance challenges of the resource nexus through reflexivity: A cross-case comparison of biofuels policies in Germany and Brazil,Enablers_CritC5,Technical feasibility (#7)
#254,Confronting governance challenges of the resource nexus through reflexivity: A cross-case comparison of biofuels policies in Germany and Brazil,Barriers,Policy design & Implementation
#254,Confronting governance challenges of the resource nexus through reflexivity: A cross-case comparison of biofuels policies in Germany and Brazil,Barriers,Equity & Diversity
#254,Confronting governance challenges of the resource nexus through reflexivity: A cross-case comparison of biofuels policies in Germany and Brazil,Barriers,Institutional capacity
#254,Confronting governance challenges of the resource nexus through reflexivity: A cross-case comparison of biofuels policies in Germany and Brazil,Barriers,Finance & Economics
#254,Confronting governance challenges of the resource nexus through reflexivity: A cross-case comparison of biofuels policies in Germany and Brazil,Barriers,Behaviour & Lifestyle
#254,Confronting governance challenges of the resource nexus through reflexivity: A cross-case comparison of biofuels policies in Germany and Brazil,Barriers_CritC5,Impacts on each nexus element (#3)
#254,Confronting governance challenges of the resource nexus through reflexivity: A cross-case comparison of biofuels policies in Germany and Brazil,Barriers_CritC5,NA
#254,Confronting governance challenges of the resource nexus through reflexivity: A cross-case comparison of biofuels policies in Germany and Brazil,Barriers_CritC5,Equity (#8)
#254,Confronting governance challenges of the resource nexus through reflexivity: A cross-case comparison of biofuels policies in Germany and Brazil,Barriers_CritC5,Alignment with political priorities (#5)
#254,Confronting governance challenges of the resource nexus through reflexivity: A cross-case comparison of biofuels policies in Germany and Brazil,Barriers_CritC5,Transformative change potential (#10)
#245,Sustainability considerations in water-energy-food nexus research in irrigated agriculture,PaperType,Review
#245,Sustainability considerations in water-energy-food nexus research in irrigated agriculture,Region,Not applicable (no specific spatial location)
#245,Sustainability considerations in water-energy-food nexus research in irrigated agriculture,Scale,Not applicable (no specific spatial location)
#245,Sustainability considerations in water-energy-food nexus research in irrigated agriculture,Nexus,Food
#245,Sustainability considerations in water-energy-food nexus research in irrigated agriculture,Nexus,Water
#245,Sustainability considerations in water-energy-food nexus research in irrigated agriculture,NChallenge,Complexity Challenges
#245,Sustainability considerations in water-energy-food nexus research in irrigated agriculture,NChallenge,Governance Challenges
#245,Sustainability considerations in water-energy-food nexus research in irrigated agriculture,NChallenge,Scaling Challenges
#245,Sustainability considerations in water-energy-food nexus research in irrigated agriculture,Gov,NA
#245,Sustainability considerations in water-energy-food nexus research in irrigated agriculture,Policy,NA
#245,Sustainability considerations in water-energy-food nexus research in irrigated agriculture,Actors,Local/National Governments and Municipalities
#245,Sustainability considerations in water-energy-food nexus research in irrigated agriculture,CrossCut,Energy
#245,Sustainability considerations in water-energy-food nexus research in irrigated agriculture,Scaling,Yes
#245,Sustainability considerations in water-energy-food nexus research in irrigated agriculture,Enablers,Policy design & Implementation
#245,Sustainability considerations in water-energy-food nexus research in irrigated agriculture,Enablers,Finance & Economics
#245,Sustainability considerations in water-energy-food nexus research in irrigated agriculture,Enablers,Behaviour & Lifestyle
#245,Sustainability considerations in water-energy-food nexus research in irrigated agriculture,Enablers,Technology
#245,Sustainability considerations in water-energy-food nexus research in irrigated agriculture,Enablers_CritC5,Impacts on each nexus element (#3)
#245,Sustainability considerations in water-energy-food nexus research in irrigated agriculture,Enablers_CritC5,Social acceptability (#4)
#245,Sustainability considerations in water-energy-food nexus research in irrigated agriculture,Enablers_CritC5,NA
#245,Sustainability considerations in water-energy-food nexus research in irrigated agriculture,Enablers_CritC5,Economic implications (#6)
#245,Sustainability considerations in water-energy-food nexus research in irrigated agriculture,Enablers_CritC5,Transformative change potential (#10)
#245,Sustainability considerations in water-energy-food nexus research in irrigated agriculture,Enablers_CritC5,Technical feasibility (#7)
#245,Sustainability considerations in water-energy-food nexus research in irrigated agriculture,Barriers,Policy design & Implementation
#245,Sustainability considerations in water-energy-food nexus research in irrigated agriculture,Barriers,Finance & Economics
#245,Sustainability considerations in water-energy-food nexus research in irrigated agriculture,Barriers_CritC5,Geographic scale (#1)
#245,Sustainability considerations in water-energy-food nexus research in irrigated agriculture,Barriers_CritC5,Temporal scale (#2)
#245,Sustainability considerations in water-energy-food nexus research in irrigated agriculture,Barriers_CritC5,NA
#240,Gender Specific Differences of Smallholder Farm Households Perspective of Food-Energy-Land Nexus Frameworks in Ethiopia,PaperType,Empirical
#240,Gender Specific Differences of Smallholder Farm Households Perspective of Food-Energy-Land Nexus Frameworks in Ethiopia,Region,Sub-Saharan Africa
#240,Gender Specific Differences of Smallholder Farm Households Perspective of Food-Energy-Land Nexus Frameworks in Ethiopia,Scale,Subnational >100 km² (watershed)
#240,Gender Specific Differences of Smallholder Farm Households Perspective of Food-Energy-Land Nexus Frameworks in Ethiopia,Nexus,Food
#240,Gender Specific Differences of Smallholder Farm Households Perspective of Food-Energy-Land Nexus Frameworks in Ethiopia,Nexus,Water
#240,Gender Specific Differences of Smallholder Farm Households Perspective of Food-Energy-Land Nexus Frameworks in Ethiopia,NChallenge,Values Challenges
#240,Gender Specific Differences of Smallholder Farm Households Perspective of Food-Energy-Land Nexus Frameworks in Ethiopia,Gov,NA
#240,Gender Specific Differences of Smallholder Farm Households Perspective of Food-Energy-Land Nexus Frameworks in Ethiopia,Policy,NA
#240,Gender Specific Differences of Smallholder Farm Households Perspective of Food-Energy-Land Nexus Frameworks in Ethiopia,Actors,Financial Institutions
#240,Gender Specific Differences of Smallholder Farm Households Perspective of Food-Energy-Land Nexus Frameworks in Ethiopia,Actors,Civil Society and Community-Based Organisations
#240,Gender Specific Differences of Smallholder Farm Households Perspective of Food-Energy-Land Nexus Frameworks in Ethiopia,Actors,Civil Society and Community-Based Organisations
#240,Gender Specific Differences of Smallholder Farm Households Perspective of Food-Energy-Land Nexus Frameworks in Ethiopia,Actors,Local/National Governments and Municipalities
#240,Gender Specific Differences of Smallholder Farm Households Perspective of Food-Energy-Land Nexus Frameworks in Ethiopia,CrossCut,Equity
#240,Gender Specific Differences of Smallholder Farm Households Perspective of Food-Energy-Land Nexus Frameworks in Ethiopia,CrossCut,Energy
#240,Gender Specific Differences of Smallholder Farm Households Perspective of Food-Energy-Land Nexus Frameworks in Ethiopia,Scaling,No
#240,Gender Specific Differences of Smallholder Farm Households Perspective of Food-Energy-Land Nexus Frameworks in Ethiopia,Enablers,Policy design & Implementation
#240,Gender Specific Differences of Smallholder Farm Households Perspective of Food-Energy-Land Nexus Frameworks in Ethiopia,Enablers,Equity & Diversity
#240,Gender Specific Differences of Smallholder Farm Households Perspective of Food-Energy-Land Nexus Frameworks in Ethiopia,Enablers,Institutional capacity
#240,Gender Specific Differences of Smallholder Farm Households Perspective of Food-Energy-Land Nexus Frameworks in Ethiopia,Enablers,Behaviour & Lifestyle
#240,Gender Specific Differences of Smallholder Farm Households Perspective of Food-Energy-Land Nexus Frameworks in Ethiopia,Enablers,Technology
#240,Gender Specific Differences of Smallholder Farm Households Perspective of Food-Energy-Land Nexus Frameworks in Ethiopia,Enablers,Material & Non-material endowments
#240,Gender Specific Differences of Smallholder Farm Households Perspective of Food-Energy-Land Nexus Frameworks in Ethiopia,Enablers_CritC5,Impacts on each nexus element (#3)
#240,Gender Specific Differences of Smallholder Farm Households Perspective of Food-Energy-Land Nexus Frameworks in Ethiopia,Enablers_CritC5,NA
#240,Gender Specific Differences of Smallholder Farm Households Perspective of Food-Energy-Land Nexus Frameworks in Ethiopia,Enablers_CritC5,Equity (#8)
#240,Gender Specific Differences of Smallholder Farm Households Perspective of Food-Energy-Land Nexus Frameworks in Ethiopia,Enablers_CritC5,Transformative change potential (#10)
#240,Gender Specific Differences of Smallholder Farm Households Perspective of Food-Energy-Land Nexus Frameworks in Ethiopia,Barriers,Policy design & Implementation
#240,Gender Specific Differences of Smallholder Farm Households Perspective of Food-Energy-Land Nexus Frameworks in Ethiopia,Barriers,Institutional capacity
#240,Gender Specific Differences of Smallholder Farm Households Perspective of Food-Energy-Land Nexus Frameworks in Ethiopia,Barriers,Finance & Economics
#240,Gender Specific Differences of Smallholder Farm Households Perspective of Food-Energy-Land Nexus Frameworks in Ethiopia,Barriers_CritC5,Social acceptability (#4)
#240,Gender Specific Differences of Smallholder Farm Households Perspective of Food-Energy-Land Nexus Frameworks in Ethiopia,Barriers_CritC5,NA
#240,Gender Specific Differences of Smallholder Farm Households Perspective of Food-Energy-Land Nexus Frameworks in Ethiopia,Barriers_CritC5,Transformative change potential (#10)
#227,"Foundations for convergence: Sub-national collaboration at the nexus of disaster risk reduction, climate change adaptation, and land restoration under multi-level governance in Kenya",PaperType,Empirical
#227,"Foundations for convergence: Sub-national collaboration at the nexus of disaster risk reduction, climate change adaptation, and land restoration under multi-level governance in Kenya",Region,Sub-Saharan Africa
#227,"Foundations for convergence: Sub-national collaboration at the nexus of disaster risk reduction, climate change adaptation, and land restoration under multi-level governance in Kenya",Scale,National (whole country)
#227,"Foundations for convergence: Sub-national collaboration at the nexus of disaster risk reduction, climate change adaptation, and land restoration under multi-level governance in Kenya",Nexus,Climate change
#227,"Foundations for convergence: Sub-national collaboration at the nexus of disaster risk reduction, climate change adaptation, and land restoration under multi-level governance in Kenya",Nexus,Food
#227,"Foundations for convergence: Sub-national collaboration at the nexus of disaster risk reduction, climate change adaptation, and land restoration under multi-level governance in Kenya",Nexus,Water
#227,"Foundations for convergence: Sub-national collaboration at the nexus of disaster risk reduction, climate change adaptation, and land restoration under multi-level governance in Kenya",NChallenge,Governance Challenges
#227,"Foundations for convergence: Sub-national collaboration at the nexus of disaster risk reduction, climate change adaptation, and land restoration under multi-level governance in Kenya",NChallenge,Scaling Challenges
#227,"Foundations for convergence: Sub-national collaboration at the nexus of disaster risk reduction, climate change adaptation, and land restoration under multi-level governance in Kenya",Gov,Network Governance
#227,"Foundations for convergence: Sub-national collaboration at the nexus of disaster risk reduction, climate change adaptation, and land restoration under multi-level governance in Kenya",Policy,Legal and Regulatory Instruments
#227,"Foundations for convergence: Sub-national collaboration at the nexus of disaster risk reduction, climate change adaptation, and land restoration under multi-level governance in Kenya",Policy,Economic and Financial Instruments
#227,"Foundations for convergence: Sub-national collaboration at the nexus of disaster risk reduction, climate change adaptation, and land restoration under multi-level governance in Kenya",Actors,Civil Society and Community-Based Organisations
#227,"Foundations for convergence: Sub-national collaboration at the nexus of disaster risk reduction, climate change adaptation, and land restoration under multi-level governance in Kenya",Actors,Knowledge and Educational Communities
#227,"Foundations for convergence: Sub-national collaboration at the nexus of disaster risk reduction, climate change adaptation, and land restoration under multi-level governance in Kenya",Actors,IPLCs
#227,"Foundations for convergence: Sub-national collaboration at the nexus of disaster risk reduction, climate change adaptation, and land restoration under multi-level governance in Kenya",Actors,Civil Society and Community-Based Organisations
#227,"Foundations for convergence: Sub-national collaboration at the nexus of disaster risk reduction, climate change adaptation, and land restoration under multi-level governance in Kenya",Actors,Global/Regional Institutions and Science-Policy Interfaces
#227,"Foundations for convergence: Sub-national collaboration at the nexus of disaster risk reduction, climate change adaptation, and land restoration under multi-level governance in Kenya",Actors,Local/National Governments and Municipalities
#227,"Foundations for convergence: Sub-national collaboration at the nexus of disaster risk reduction, climate change adaptation, and land restoration under multi-level governance in Kenya",CrossCut,Equity
#227,"Foundations for convergence: Sub-national collaboration at the nexus of disaster risk reduction, climate change adaptation, and land restoration under multi-level governance in Kenya",CrossCut,ILK
#227,"Foundations for convergence: Sub-national collaboration at the nexus of disaster risk reduction, climate change adaptation, and land restoration under multi-level governance in Kenya",Scaling,No
#227,"Foundations for convergence: Sub-national collaboration at the nexus of disaster risk reduction, climate change adaptation, and land restoration under multi-level governance in Kenya",Enablers,Policy design & Implementation
#227,"Foundations for convergence: Sub-national collaboration at the nexus of disaster risk reduction, climate change adaptation, and land restoration under multi-level governance in Kenya",Enablers,Institutional capacity
#227,"Foundations for convergence: Sub-national collaboration at the nexus of disaster risk reduction, climate change adaptation, and land restoration under multi-level governance in Kenya",Enablers,Finance & Economics
#227,"Foundations for convergence: Sub-national collaboration at the nexus of disaster risk reduction, climate change adaptation, and land restoration under multi-level governance in Kenya",Enablers,Material & Non-material endowments
#227,"Foundations for convergence: Sub-national collaboration at the nexus of disaster risk reduction, climate change adaptation, and land restoration under multi-level governance in Kenya",Enablers_CritC5,Impacts on each nexus element (#3)
#227,"Foundations for convergence: Sub-national collaboration at the nexus of disaster risk reduction, climate change adaptation, and land restoration under multi-level governance in Kenya",Enablers_CritC5,NA
#227,"Foundations for convergence: Sub-national collaboration at the nexus of disaster risk reduction, climate change adaptation, and land restoration under multi-level governance in Kenya",Enablers_CritC5,Alignment with political priorities (#5)
#227,"Foundations for convergence: Sub-national collaboration at the nexus of disaster risk reduction, climate change adaptation, and land restoration under multi-level governance in Kenya",Enablers_CritC5,Geographic scale (#1)
#227,"Foundations for convergence: Sub-national collaboration at the nexus of disaster risk reduction, climate change adaptation, and land restoration under multi-level governance in Kenya",Enablers_CritC5,Temporal scale (#2)
#227,"Foundations for convergence: Sub-national collaboration at the nexus of disaster risk reduction, climate change adaptation, and land restoration under multi-level governance in Kenya",Enablers_CritC5,Equity (#8)
#227,"Foundations for convergence: Sub-national collaboration at the nexus of disaster risk reduction, climate change adaptation, and land restoration under multi-level governance in Kenya",Enablers_CritC5,Transformative change potential (#10)
#227,"Foundations for convergence: Sub-national collaboration at the nexus of disaster risk reduction, climate change adaptation, and land restoration under multi-level governance in Kenya",Barriers,Technology
#227,"Foundations for convergence: Sub-national collaboration at the nexus of disaster risk reduction, climate change adaptation, and land restoration under multi-level governance in Kenya",Barriers_CritC5,Transformative change potential (#10)
#226,Network governance for collective action in implementing united nations sustainable development goals,PaperType,Network analysis
#226,Network governance for collective action in implementing united nations sustainable development goals,Region,Eastern Europe
#226,Network governance for collective action in implementing united nations sustainable development goals,Region,Northern Europe
#226,Network governance for collective action in implementing united nations sustainable development goals,Region,Southern Europe
#226,Network governance for collective action in implementing united nations sustainable development goals,Region,Western Europe
#226,Network governance for collective action in implementing united nations sustainable development goals,Scale,"Regional (multiple countries, whole continents)"
#226,Network governance for collective action in implementing united nations sustainable development goals,Nexus,Food
#226,Network governance for collective action in implementing united nations sustainable development goals,Nexus,Water
#226,Network governance for collective action in implementing united nations sustainable development goals,NChallenge,Governance Challenges
#226,Network governance for collective action in implementing united nations sustainable development goals,Gov,Network Governance
#226,Network governance for collective action in implementing united nations sustainable development goals,Policy,Legal and Regulatory Instruments
#226,Network governance for collective action in implementing united nations sustainable development goals,Actors,Civil Society and Community-Based Organisations
#226,Network governance for collective action in implementing united nations sustainable development goals,Actors,Global/Regional Institutions and Science-Policy Interfaces
#226,Network governance for collective action in implementing united nations sustainable development goals,Actors,Global/Regional Institutions and Science-Policy Interfaces
#226,Network governance for collective action in implementing united nations sustainable development goals,Actors,Local/National Governments and Municipalities
#226,Network governance for collective action in implementing united nations sustainable development goals,CrossCut,Energy
#226,Network governance for collective action in implementing united nations sustainable development goals,Scaling,No
#226,Network governance for collective action in implementing united nations sustainable development goals,Enablers,Policy design & Implementation
#226,Network governance for collective action in implementing united nations sustainable development goals,Enablers,Institutional capacity
#226,Network governance for collective action in implementing united nations sustainable development goals,Enablers,Technology
#226,Network governance for collective action in implementing united nations sustainable development goals,Enablers_CritC5,Social acceptability (#4)
#226,Network governance for collective action in implementing united nations sustainable development goals,Enablers_CritC5,Alignment with international frameworks (#9)
#226,Network governance for collective action in implementing united nations sustainable development goals,Enablers_CritC5,Equity (#8)
#226,Network governance for collective action in implementing united nations sustainable development goals,Enablers_CritC5,Transformative change potential (#10)
#226,Network governance for collective action in implementing united nations sustainable development goals,Enablers_CritC5,NA
#226,Network governance for collective action in implementing united nations sustainable development goals,Barriers,Finance & Economics
#226,Network governance for collective action in implementing united nations sustainable development goals,Barriers,Technology
#226,Network governance for collective action in implementing united nations sustainable development goals,Barriers_CritC5,Economic implications (#6)
#226,Network governance for collective action in implementing united nations sustainable development goals,Barriers_CritC5,Technical feasibility (#7)
#222,The conceptual basis of water-energy-food nexus governance: systematic literature review using network and discourse analysis,PaperType,Review
#222,The conceptual basis of water-energy-food nexus governance: systematic literature review using network and discourse analysis,Region,Not applicable (no specific spatial location)
#222,The conceptual basis of water-energy-food nexus governance: systematic literature review using network and discourse analysis,Scale,Not applicable (no specific spatial location)
#222,The conceptual basis of water-energy-food nexus governance: systematic literature review using network and discourse analysis,Nexus,Food
#222,The conceptual basis of water-energy-food nexus governance: systematic literature review using network and discourse analysis,Nexus,Water
#222,The conceptual basis of water-energy-food nexus governance: systematic literature review using network and discourse analysis,NChallenge,Complexity Challenges
#222,The conceptual basis of water-energy-food nexus governance: systematic literature review using network and discourse analysis,NChallenge,Values Challenges
#222,The conceptual basis of water-energy-food nexus governance: systematic literature review using network and discourse analysis,NChallenge,Governance Challenges
#222,The conceptual basis of water-energy-food nexus governance: systematic literature review using network and discourse analysis,Gov,Integrative Governance
#222,The conceptual basis of water-energy-food nexus governance: systematic literature review using network and discourse analysis,Policy,NA
#222,The conceptual basis of water-energy-food nexus governance: systematic literature review using network and discourse analysis,Actors,NA
#222,The conceptual basis of water-energy-food nexus governance: systematic literature review using network and discourse analysis,CrossCut,Equity
#222,The conceptual basis of water-energy-food nexus governance: systematic literature review using network and discourse analysis,CrossCut,Energy
#222,The conceptual basis of water-energy-food nexus governance: systematic literature review using network and discourse analysis,Scaling,No
#222,The conceptual basis of water-energy-food nexus governance: systematic literature review using network and discourse analysis,Enablers,Policy design & Implementation
#222,The conceptual basis of water-energy-food nexus governance: systematic literature review using network and discourse analysis,Enablers,Institutional capacity
#222,The conceptual basis of water-energy-food nexus governance: systematic literature review using network and discourse analysis,Enablers,Finance & Economics
#222,The conceptual basis of water-energy-food nexus governance: systematic literature review using network and discourse analysis,Enablers,Behaviour & Lifestyle
#222,The conceptual basis of water-energy-food nexus governance: systematic literature review using network and discourse analysis,Enablers_CritC5,Alignment with political priorities (#5)
#222,The conceptual basis of water-energy-food nexus governance: systematic literature review using network and discourse analysis,Enablers_CritC5,NA
#222,The conceptual basis of water-energy-food nexus governance: systematic literature review using network and discourse analysis,Enablers_CritC5,Geographic scale (#1)
#222,The conceptual basis of water-energy-food nexus governance: systematic literature review using network and discourse analysis,Enablers_CritC5,Equity (#8)
#222,The conceptual basis of water-energy-food nexus governance: systematic literature review using network and discourse analysis,Enablers_CritC5,Transformative change potential (#10)
#222,The conceptual basis of water-energy-food nexus governance: systematic literature review using network and discourse analysis,Barriers,Policy design & Implementation
#222,The conceptual basis of water-energy-food nexus governance: systematic literature review using network and discourse analysis,Barriers,Equity & Diversity
#222,The conceptual basis of water-energy-food nexus governance: systematic literature review using network and discourse analysis,Barriers,Institutional capacity
#222,The conceptual basis of water-energy-food nexus governance: systematic literature review using network and discourse analysis,Barriers,Finance & Economics
#222,The conceptual basis of water-energy-food nexus governance: systematic literature review using network and discourse analysis,Barriers,Behaviour & Lifestyle
#222,The conceptual basis of water-energy-food nexus governance: systematic literature review using network and discourse analysis,Barriers_CritC5,Impacts on each nexus element (#3)
#222,The conceptual basis of water-energy-food nexus governance: systematic literature review using network and discourse analysis,Barriers_CritC5,Equity (#8)
#222,The conceptual basis of water-energy-food nexus governance: systematic literature review using network and discourse analysis,Barriers_CritC5,Transformative change potential (#10)
#222,The conceptual basis of water-energy-food nexus governance: systematic literature review using network and discourse analysis,Barriers_CritC5,Economic implications (#6)
#222,The conceptual basis of water-energy-food nexus governance: systematic literature review using network and discourse analysis,Barriers_CritC5,NA
#219,Making sustainability plans more equitable: an analysis of 50 U.S. Cities,PaperType,Review
#219,Making sustainability plans more equitable: an analysis of 50 U.S. Cities,Region,Northern America
#219,Making sustainability plans more equitable: an analysis of 50 U.S. Cities,Scale,National (whole country)
#219,Making sustainability plans more equitable: an analysis of 50 U.S. Cities,Nexus,Climate change
#219,Making sustainability plans more equitable: an analysis of 50 U.S. Cities,Nexus,Food
#219,Making sustainability plans more equitable: an analysis of 50 U.S. Cities,NChallenge,NA
#219,Making sustainability plans more equitable: an analysis of 50 U.S. Cities,Gov,NA
#219,Making sustainability plans more equitable: an analysis of 50 U.S. Cities,Policy,Social and Cultural Instruments
#219,Making sustainability plans more equitable: an analysis of 50 U.S. Cities,Actors,Private Sector and Business Organisations
#219,Making sustainability plans more equitable: an analysis of 50 U.S. Cities,Actors,Local/National Governments and Municipalities
#219,Making sustainability plans more equitable: an analysis of 50 U.S. Cities,CrossCut,Equity
#219,Making sustainability plans more equitable: an analysis of 50 U.S. Cities,Scaling,No
#219,Making sustainability plans more equitable: an analysis of 50 U.S. Cities,Enablers,Policy design & Implementation
#219,Making sustainability plans more equitable: an analysis of 50 U.S. Cities,Enablers,Institutional capacity
#219,Making sustainability plans more equitable: an analysis of 50 U.S. Cities,Enablers,Behaviour & Lifestyle
#219,Making sustainability plans more equitable: an analysis of 50 U.S. Cities,Enablers,Technology
#219,Making sustainability plans more equitable: an analysis of 50 U.S. Cities,Enablers,Material & Non-material endowments
#219,Making sustainability plans more equitable: an analysis of 50 U.S. Cities,Enablers_CritC5,NA
#219,Making sustainability plans more equitable: an analysis of 50 U.S. Cities,Enablers_CritC5,Social acceptability (#4)
#219,Making sustainability plans more equitable: an analysis of 50 U.S. Cities,Enablers_CritC5,Alignment with political priorities (#5)
#219,Making sustainability plans more equitable: an analysis of 50 U.S. Cities,Enablers_CritC5,Equity (#8)
#219,Making sustainability plans more equitable: an analysis of 50 U.S. Cities,Enablers_CritC5,Transformative change potential (#10)
#219,Making sustainability plans more equitable: an analysis of 50 U.S. Cities,Enablers_CritC5,Technical feasibility (#7)
#218,Energy and Environmental Security Nexus in Pakistan,PaperType,Review
#218,Energy and Environmental Security Nexus in Pakistan,PaperType,Book
#218,Energy and Environmental Security Nexus in Pakistan,Region,Southern Asia
#218,Energy and Environmental Security Nexus in Pakistan,Scale,National (whole country)
#218,Energy and Environmental Security Nexus in Pakistan,Nexus,Biodiversity
#218,Energy and Environmental Security Nexus in Pakistan,Nexus,Climate change
#218,Energy and Environmental Security Nexus in Pakistan,Nexus,Health
#218,Energy and Environmental Security Nexus in Pakistan,Nexus,Food
#218,Energy and Environmental Security Nexus in Pakistan,NChallenge,Complexity Challenges
#218,Energy and Environmental Security Nexus in Pakistan,NChallenge,Governance Challenges
#218,Energy and Environmental Security Nexus in Pakistan,Gov,NA
#218,Energy and Environmental Security Nexus in Pakistan,Policy,Legal and Regulatory Instruments
#218,Energy and Environmental Security Nexus in Pakistan,Actors,Private Sector and Business Organisations
#218,Energy and Environmental Security Nexus in Pakistan,Actors,IPLCs
#218,Energy and Environmental Security Nexus in Pakistan,Actors,Local/National Governments and Municipalities
#218,Energy and Environmental Security Nexus in Pakistan,CrossCut,Poverty
#218,Energy and Environmental Security Nexus in Pakistan,CrossCut,Economy
#218,Energy and Environmental Security Nexus in Pakistan,CrossCut,Employment
#218,Energy and Environmental Security Nexus in Pakistan,CrossCut,ILK
#218,Energy and Environmental Security Nexus in Pakistan,CrossCut,Education
#218,Energy and Environmental Security Nexus in Pakistan,CrossCut,Energy
#218,Energy and Environmental Security Nexus in Pakistan,Scaling,No
#218,Energy and Environmental Security Nexus in Pakistan,Enablers,Institutional capacity
#218,Energy and Environmental Security Nexus in Pakistan,Enablers,Finance & Economics
#218,Energy and Environmental Security Nexus in Pakistan,Enablers,Behaviour & Lifestyle
#218,Energy and Environmental Security Nexus in Pakistan,Enablers,Technology
#218,Energy and Environmental Security Nexus in Pakistan,Enablers_CritC5,Equity (#8)
#218,Energy and Environmental Security Nexus in Pakistan,Enablers_CritC5,Economic implications (#6)
#218,Energy and Environmental Security Nexus in Pakistan,Enablers_CritC5,Transformative change potential (#10)
#218,Energy and Environmental Security Nexus in Pakistan,Enablers_CritC5,Technical feasibility (#7)
#218,Energy and Environmental Security Nexus in Pakistan,Barriers,Policy design & Implementation
#218,Energy and Environmental Security Nexus in Pakistan,Barriers,Equity & Diversity
#218,Energy and Environmental Security Nexus in Pakistan,Barriers,Finance & Economics
#218,Energy and Environmental Security Nexus in Pakistan,Barriers,Behaviour & Lifestyle
#218,Energy and Environmental Security Nexus in Pakistan,Barriers,Technology
#218,Energy and Environmental Security Nexus in Pakistan,Barriers_CritC5,NA
#218,Energy and Environmental Security Nexus in Pakistan,Barriers_CritC5,Equity (#8)
#218,Energy and Environmental Security Nexus in Pakistan,Barriers_CritC5,Economic implications (#6)
#218,Energy and Environmental Security Nexus in Pakistan,Barriers_CritC5,Transformative change potential (#10)
#217,Sdg implementation through technology? Governing food-water-technology nexus challenges in urban agriculture,PaperType,Review
#217,Sdg implementation through technology? Governing food-water-technology nexus challenges in urban agriculture,PaperType,Empirical
#217,Sdg implementation through technology? Governing food-water-technology nexus challenges in urban agriculture,Region,Western Europe
#217,Sdg implementation through technology? Governing food-water-technology nexus challenges in urban agriculture,Scale,National (whole country)
#217,Sdg implementation through technology? Governing food-water-technology nexus challenges in urban agriculture,Nexus,Food
#217,Sdg implementation through technology? Governing food-water-technology nexus challenges in urban agriculture,Nexus,Water
#217,Sdg implementation through technology? Governing food-water-technology nexus challenges in urban agriculture,NChallenge,Governance Challenges
#217,Sdg implementation through technology? Governing food-water-technology nexus challenges in urban agriculture,Gov,Hierarchical Governance
#217,Sdg implementation through technology? Governing food-water-technology nexus challenges in urban agriculture,Policy,Legal and Regulatory Instruments
#217,Sdg implementation through technology? Governing food-water-technology nexus challenges in urban agriculture,Actors,Private Sector and Business Organisations
#217,Sdg implementation through technology? Governing food-water-technology nexus challenges in urban agriculture,Actors,Civil Society and Community-Based Organisations
#217,Sdg implementation through technology? Governing food-water-technology nexus challenges in urban agriculture,Actors,Global/Regional Institutions and Science-Policy Interfaces
#217,Sdg implementation through technology? Governing food-water-technology nexus challenges in urban agriculture,Actors,Local/National Governments and Municipalities
#217,Sdg implementation through technology? Governing food-water-technology nexus challenges in urban agriculture,CrossCut,Technology
#217,Sdg implementation through technology? Governing food-water-technology nexus challenges in urban agriculture,Scaling,NA
#217,Sdg implementation through technology? Governing food-water-technology nexus challenges in urban agriculture,Enablers,Policy design & Implementation
#217,Sdg implementation through technology? Governing food-water-technology nexus challenges in urban agriculture,Enablers_CritC5,Social acceptability (#4)
#217,Sdg implementation through technology? Governing food-water-technology nexus challenges in urban agriculture,Enablers_CritC5,Alignment with political priorities (#5)
#217,Sdg implementation through technology? Governing food-water-technology nexus challenges in urban agriculture,Barriers,Institutional capacity
#217,Sdg implementation through technology? Governing food-water-technology nexus challenges in urban agriculture,Barriers,Finance & Economics
#217,Sdg implementation through technology? Governing food-water-technology nexus challenges in urban agriculture,Barriers,Behaviour & Lifestyle
#217,Sdg implementation through technology? Governing food-water-technology nexus challenges in urban agriculture,Barriers,Technology
#217,Sdg implementation through technology? Governing food-water-technology nexus challenges in urban agriculture,Barriers,Material & Non-material endowments
#217,Sdg implementation through technology? Governing food-water-technology nexus challenges in urban agriculture,Barriers_CritC5,Equity (#8)
#217,Sdg implementation through technology? Governing food-water-technology nexus challenges in urban agriculture,Barriers_CritC5,Transformative change potential (#10)
#217,Sdg implementation through technology? Governing food-water-technology nexus challenges in urban agriculture,Barriers_CritC5,Economic implications (#6)
#217,Sdg implementation through technology? Governing food-water-technology nexus challenges in urban agriculture,Barriers_CritC5,NA
#204,"Narrating the impacts of climate change for urban health governance in Guangzhou, China",PaperType,Review
#204,"Narrating the impacts of climate change for urban health governance in Guangzhou, China",PaperType,Conceptual/theoretical
#204,"Narrating the impacts of climate change for urban health governance in Guangzhou, China",Region,Eastern Asia
#204,"Narrating the impacts of climate change for urban health governance in Guangzhou, China",Scale,Local >1 km² to 100 km² (neighbourhood to municipality)
#204,"Narrating the impacts of climate change for urban health governance in Guangzhou, China",Scale,National (whole country)
#204,"Narrating the impacts of climate change for urban health governance in Guangzhou, China",Nexus,Climate change
#204,"Narrating the impacts of climate change for urban health governance in Guangzhou, China",Nexus,Health
#204,"Narrating the impacts of climate change for urban health governance in Guangzhou, China",NChallenge,Complexity Challenges
#204,"Narrating the impacts of climate change for urban health governance in Guangzhou, China",NChallenge,Governance Challenges
#204,"Narrating the impacts of climate change for urban health governance in Guangzhou, China",Gov,Hierarchical Governance
#204,"Narrating the impacts of climate change for urban health governance in Guangzhou, China",Policy,Legal and Regulatory Instruments
#204,"Narrating the impacts of climate change for urban health governance in Guangzhou, China",Actors,Local/National Governments and Municipalities
#204,"Narrating the impacts of climate change for urban health governance in Guangzhou, China",CrossCut,NA
#204,"Narrating the impacts of climate change for urban health governance in Guangzhou, China",Scaling,No
#204,"Narrating the impacts of climate change for urban health governance in Guangzhou, China",Enablers,Policy design & Implementation
#204,"Narrating the impacts of climate change for urban health governance in Guangzhou, China",Enablers,Institutional capacity
#204,"Narrating the impacts of climate change for urban health governance in Guangzhou, China",Enablers,Finance & Economics
#204,"Narrating the impacts of climate change for urban health governance in Guangzhou, China",Enablers,Behaviour & Lifestyle
#204,"Narrating the impacts of climate change for urban health governance in Guangzhou, China",Enablers,Technology
#204,"Narrating the impacts of climate change for urban health governance in Guangzhou, China",Enablers_CritC5,NA
#204,"Narrating the impacts of climate change for urban health governance in Guangzhou, China",Enablers_CritC5,Alignment with political priorities (#5)
#204,"Narrating the impacts of climate change for urban health governance in Guangzhou, China",Enablers_CritC5,Equity (#8)
#204,"Narrating the impacts of climate change for urban health governance in Guangzhou, China",Enablers_CritC5,Transformative change potential (#10)
#204,"Narrating the impacts of climate change for urban health governance in Guangzhou, China",Enablers_CritC5,Technical feasibility (#7)
#204,"Narrating the impacts of climate change for urban health governance in Guangzhou, China",Barriers,Policy design & Implementation
#204,"Narrating the impacts of climate change for urban health governance in Guangzhou, China",Barriers,Institutional capacity
#204,"Narrating the impacts of climate change for urban health governance in Guangzhou, China",Barriers,Finance & Economics
#204,"Narrating the impacts of climate change for urban health governance in Guangzhou, China",Barriers,Behaviour & Lifestyle
#204,"Narrating the impacts of climate change for urban health governance in Guangzhou, China",Barriers,Material & Non-material endowments
#204,"Narrating the impacts of climate change for urban health governance in Guangzhou, China",Barriers_CritC5,NA
#204,"Narrating the impacts of climate change for urban health governance in Guangzhou, China",Barriers_CritC5,Geographic scale (#1)
#204,"Narrating the impacts of climate change for urban health governance in Guangzhou, China",Barriers_CritC5,Transformative change potential (#10)
#200,A review of water-forest-energy-food security nexus data and assessment of studies in East Africa,PaperType,Review
#200,A review of water-forest-energy-food security nexus data and assessment of studies in East Africa,Region,Sub-Saharan Africa
#200,A review of water-forest-energy-food security nexus data and assessment of studies in East Africa,Scale,"Regional (multiple countries, whole continents)"
#200,A review of water-forest-energy-food security nexus data and assessment of studies in East Africa,Nexus,Biodiversity
#200,A review of water-forest-energy-food security nexus data and assessment of studies in East Africa,Nexus,Climate change
#200,A review of water-forest-energy-food security nexus data and assessment of studies in East Africa,Nexus,Food
#200,A review of water-forest-energy-food security nexus data and assessment of studies in East Africa,Nexus,Water
#200,A review of water-forest-energy-food security nexus data and assessment of studies in East Africa,NChallenge,Complexity Challenges
#200,A review of water-forest-energy-food security nexus data and assessment of studies in East Africa,NChallenge,Values Challenges
#200,A review of water-forest-energy-food security nexus data and assessment of studies in East Africa,NChallenge,Governance Challenges
#200,A review of water-forest-energy-food security nexus data and assessment of studies in East Africa,NChallenge,Scaling Challenges
#200,A review of water-forest-energy-food security nexus data and assessment of studies in East Africa,Gov,Network Governance
#200,A review of water-forest-energy-food security nexus data and assessment of studies in East Africa,Gov,Community Governance
#200,A review of water-forest-energy-food security nexus data and assessment of studies in East Africa,Policy,Legal and Regulatory Instruments
#200,A review of water-forest-energy-food security nexus data and assessment of studies in East Africa,Policy,Economic and Financial Instruments
#200,A review of water-forest-energy-food security nexus data and assessment of studies in East Africa,Policy,Social and Cultural Instruments
#200,A review of water-forest-energy-food security nexus data and assessment of studies in East Africa,Actors,Global/Regional Institutions and Science-Policy Interfaces
#200,A review of water-forest-energy-food security nexus data and assessment of studies in East Africa,Actors,Local/National Governments and Municipalities
#200,A review of water-forest-energy-food security nexus data and assessment of studies in East Africa,CrossCut,Equity
#200,A review of water-forest-energy-food security nexus data and assessment of studies in East Africa,CrossCut,ILK
#200,A review of water-forest-energy-food security nexus data and assessment of studies in East Africa,CrossCut,Energy
#200,A review of water-forest-energy-food security nexus data and assessment of studies in East Africa,Scaling,No
#200,A review of water-forest-energy-food security nexus data and assessment of studies in East Africa,Enablers,Policy design & Implementation
#200,A review of water-forest-energy-food security nexus data and assessment of studies in East Africa,Enablers,Institutional capacity
#200,A review of water-forest-energy-food security nexus data and assessment of studies in East Africa,Enablers,Finance & Economics
#200,A review of water-forest-energy-food security nexus data and assessment of studies in East Africa,Enablers,Behaviour & Lifestyle
#200,A review of water-forest-energy-food security nexus data and assessment of studies in East Africa,Enablers,Technology
#200,A review of water-forest-energy-food security nexus data and assessment of studies in East Africa,Enablers,Material & Non-material endowments
#200,A review of water-forest-energy-food security nexus data and assessment of studies in East Africa,Enablers_CritC5,Impacts on each nexus element (#3)
#200,A review of water-forest-energy-food security nexus data and assessment of studies in East Africa,Enablers_CritC5,NA
#200,A review of water-forest-energy-food security nexus data and assessment of studies in East Africa,Enablers_CritC5,Geographic scale (#1)
#200,A review of water-forest-energy-food security nexus data and assessment of studies in East Africa,Enablers_CritC5,Temporal scale (#2)
#200,A review of water-forest-energy-food security nexus data and assessment of studies in East Africa,Enablers_CritC5,Equity (#8)
#200,A review of water-forest-energy-food security nexus data and assessment of studies in East Africa,Enablers_CritC5,Economic implications (#6)
#200,A review of water-forest-energy-food security nexus data and assessment of studies in East Africa,Enablers_CritC5,Transformative change potential (#10)
#200,A review of water-forest-energy-food security nexus data and assessment of studies in East Africa,Barriers,Policy design & Implementation
#200,A review of water-forest-energy-food security nexus data and assessment of studies in East Africa,Barriers,Finance & Economics
#200,A review of water-forest-energy-food security nexus data and assessment of studies in East Africa,Barriers,Behaviour & Lifestyle
#200,A review of water-forest-energy-food security nexus data and assessment of studies in East Africa,Barriers,Technology
#200,A review of water-forest-energy-food security nexus data and assessment of studies in East Africa,Barriers_CritC5,Impacts on each nexus element (#3)
#200,A review of water-forest-energy-food security nexus data and assessment of studies in East Africa,Barriers_CritC5,NA
#200,A review of water-forest-energy-food security nexus data and assessment of studies in East Africa,Barriers_CritC5,Geographic scale (#1)
#200,A review of water-forest-energy-food security nexus data and assessment of studies in East Africa,Barriers_CritC5,Temporal scale (#2)
#198,A Regional Model of Climate Change and Human Migration,PaperType,Modelling
#198,A Regional Model of Climate Change and Human Migration,Region,Sub-Saharan Africa
#198,A Regional Model of Climate Change and Human Migration,Scale,National (whole country)
#198,A Regional Model of Climate Change and Human Migration,Nexus,Climate change
#198,A Regional Model of Climate Change and Human Migration,Nexus,Health
#198,A Regional Model of Climate Change and Human Migration,Nexus,Food
#198,A Regional Model of Climate Change and Human Migration,Nexus,Water
#198,A Regional Model of Climate Change and Human Migration,NChallenge,Complexity Challenges
#198,A Regional Model of Climate Change and Human Migration,Gov,NA
#198,A Regional Model of Climate Change and Human Migration,Policy,Economic and Financial Instruments
#198,A Regional Model of Climate Change and Human Migration,Actors,NA
#198,A Regional Model of Climate Change and Human Migration,CrossCut,Poverty
#198,A Regional Model of Climate Change and Human Migration,CrossCut,Employment
#198,A Regional Model of Climate Change and Human Migration,CrossCut,Migration
#198,A Regional Model of Climate Change and Human Migration,Scaling,No
#197,Achieving water security in Nepal through unravelling the water-energy-agriculture nexus,PaperType,Conceptual/theoretical
#197,Achieving water security in Nepal through unravelling the water-energy-agriculture nexus,Region,Southern Asia
#197,Achieving water security in Nepal through unravelling the water-energy-agriculture nexus,Scale,Local >1 km² to 100 km² (neighbourhood to municipality)
#197,Achieving water security in Nepal through unravelling the water-energy-agriculture nexus,Scale,Subnational >100 km² (watershed)
#197,Achieving water security in Nepal through unravelling the water-energy-agriculture nexus,Nexus,Food
#197,Achieving water security in Nepal through unravelling the water-energy-agriculture nexus,Nexus,Water
#197,Achieving water security in Nepal through unravelling the water-energy-agriculture nexus,NChallenge,Complexity Challenges
#197,Achieving water security in Nepal through unravelling the water-energy-agriculture nexus,NChallenge,Values Challenges
#197,Achieving water security in Nepal through unravelling the water-energy-agriculture nexus,NChallenge,Governance Challenges
#197,Achieving water security in Nepal through unravelling the water-energy-agriculture nexus,NChallenge,Financing Challenges
#197,Achieving water security in Nepal through unravelling the water-energy-agriculture nexus,NChallenge,Scaling Challenges
#197,Achieving water security in Nepal through unravelling the water-energy-agriculture nexus,Gov,NA
#197,Achieving water security in Nepal through unravelling the water-energy-agriculture nexus,Policy,Legal and Regulatory Instruments
#197,Achieving water security in Nepal through unravelling the water-energy-agriculture nexus,Policy,Rights-Based Instruments and Customary Norms
#197,Achieving water security in Nepal through unravelling the water-energy-agriculture nexus,Policy,Economic and Financial Instruments
#197,Achieving water security in Nepal through unravelling the water-energy-agriculture nexus,Policy,Social and Cultural Instruments
#197,Achieving water security in Nepal through unravelling the water-energy-agriculture nexus,Actors,Civil Society and Community-Based Organisations
#197,Achieving water security in Nepal through unravelling the water-energy-agriculture nexus,Actors,Knowledge and Educational Communities
#197,Achieving water security in Nepal through unravelling the water-energy-agriculture nexus,Actors,IPLCs
#197,Achieving water security in Nepal through unravelling the water-energy-agriculture nexus,Actors,Civil Society and Community-Based Organisations
#197,Achieving water security in Nepal through unravelling the water-energy-agriculture nexus,Actors,Global/Regional Institutions and Science-Policy Interfaces
#197,Achieving water security in Nepal through unravelling the water-energy-agriculture nexus,Actors,Local/National Governments and Municipalities
#197,Achieving water security in Nepal through unravelling the water-energy-agriculture nexus,CrossCut,Energy
#197,Achieving water security in Nepal through unravelling the water-energy-agriculture nexus,Scaling,No
#196,Measuring urban food-energy-water nexus sustainability: Finding solutions for cities,PaperType,Conceptual/theoretical
#196,Measuring urban food-energy-water nexus sustainability: Finding solutions for cities,PaperType,Empirical
#196,Measuring urban food-energy-water nexus sustainability: Finding solutions for cities,PaperType,Modelling
#196,Measuring urban food-energy-water nexus sustainability: Finding solutions for cities,Region,Eastern Asia
#196,Measuring urban food-energy-water nexus sustainability: Finding solutions for cities,Region,Northern Europe
#196,Measuring urban food-energy-water nexus sustainability: Finding solutions for cities,Scale,Local >1 km² to 100 km² (neighbourhood to municipality)
#196,Measuring urban food-energy-water nexus sustainability: Finding solutions for cities,Nexus,Food
#196,Measuring urban food-energy-water nexus sustainability: Finding solutions for cities,Nexus,Water
#196,Measuring urban food-energy-water nexus sustainability: Finding solutions for cities,NChallenge,Governance Challenges
#196,Measuring urban food-energy-water nexus sustainability: Finding solutions for cities,Gov,Hierarchical Governance
#196,Measuring urban food-energy-water nexus sustainability: Finding solutions for cities,Policy,NA
#196,Measuring urban food-energy-water nexus sustainability: Finding solutions for cities,Actors,Private Sector and Business Organisations
#196,Measuring urban food-energy-water nexus sustainability: Finding solutions for cities,Actors,Civil Society and Community-Based Organisations
#196,Measuring urban food-energy-water nexus sustainability: Finding solutions for cities,Actors,Knowledge and Educational Communities
#196,Measuring urban food-energy-water nexus sustainability: Finding solutions for cities,Actors,Global/Regional Institutions and Science-Policy Interfaces
#196,Measuring urban food-energy-water nexus sustainability: Finding solutions for cities,Actors,Local/National Governments and Municipalities
#196,Measuring urban food-energy-water nexus sustainability: Finding solutions for cities,CrossCut,Energy
#196,Measuring urban food-energy-water nexus sustainability: Finding solutions for cities,Scaling,No
#196,Measuring urban food-energy-water nexus sustainability: Finding solutions for cities,Enablers,Policy design & Implementation
#196,Measuring urban food-energy-water nexus sustainability: Finding solutions for cities,Enablers,Institutional capacity
#196,Measuring urban food-energy-water nexus sustainability: Finding solutions for cities,Enablers,Finance & Economics
#196,Measuring urban food-energy-water nexus sustainability: Finding solutions for cities,Enablers,Technology
#196,Measuring urban food-energy-water nexus sustainability: Finding solutions for cities,Enablers,Material & Non-material endowments
#196,Measuring urban food-energy-water nexus sustainability: Finding solutions for cities,Enablers_CritC5,Impacts on each nexus element (#3)
#196,Measuring urban food-energy-water nexus sustainability: Finding solutions for cities,Enablers_CritC5,Social acceptability (#4)
#196,Measuring urban food-energy-water nexus sustainability: Finding solutions for cities,Enablers_CritC5,Equity (#8)
#196,Measuring urban food-energy-water nexus sustainability: Finding solutions for cities,Enablers_CritC5,Transformative change potential (#10)
#196,Measuring urban food-energy-water nexus sustainability: Finding solutions for cities,Enablers_CritC5,NA
#196,Measuring urban food-energy-water nexus sustainability: Finding solutions for cities,Enablers_CritC5,Technical feasibility (#7)
#194,A review of the water-energy-food nexus research in Africa,PaperType,Review
#194,A review of the water-energy-food nexus research in Africa,Region,Northern Africa
#194,A review of the water-energy-food nexus research in Africa,Region,Sub-Saharan Africa
#194,A review of the water-energy-food nexus research in Africa,Scale,"Regional (multiple countries, whole continents)"
#194,A review of the water-energy-food nexus research in Africa,Nexus,Food
#194,A review of the water-energy-food nexus research in Africa,Nexus,Water
#194,A review of the water-energy-food nexus research in Africa,NChallenge,NA
#194,A review of the water-energy-food nexus research in Africa,Gov,NA
#194,A review of the water-energy-food nexus research in Africa,Policy,NA
#194,A review of the water-energy-food nexus research in Africa,Actors,NA
#194,A review of the water-energy-food nexus research in Africa,CrossCut,Energy
#194,A review of the water-energy-food nexus research in Africa,Scaling,NA
#194,A review of the water-energy-food nexus research in Africa,Barriers,Policy design & Implementation
#194,A review of the water-energy-food nexus research in Africa,Barriers,Institutional capacity
#194,A review of the water-energy-food nexus research in Africa,Barriers_CritC5,Impacts on each nexus element (#3)
#194,A review of the water-energy-food nexus research in Africa,Barriers_CritC5,Equity (#8)
#193,"Water-energy-food nexus: Critical review, practical applications, and prospects for future research",PaperType,Review
#193,"Water-energy-food nexus: Critical review, practical applications, and prospects for future research",PaperType,Perspective
#193,"Water-energy-food nexus: Critical review, practical applications, and prospects for future research",PaperType,Conceptual/theoretical
#193,"Water-energy-food nexus: Critical review, practical applications, and prospects for future research",Region,Not applicable (no specific spatial location)
#193,"Water-energy-food nexus: Critical review, practical applications, and prospects for future research",Scale,Not applicable (no specific spatial location)
#193,"Water-energy-food nexus: Critical review, practical applications, and prospects for future research",Nexus,Food
#193,"Water-energy-food nexus: Critical review, practical applications, and prospects for future research",Nexus,Water
#193,"Water-energy-food nexus: Critical review, practical applications, and prospects for future research",NChallenge,Complexity Challenges
#193,"Water-energy-food nexus: Critical review, practical applications, and prospects for future research",NChallenge,Scaling Challenges
#193,"Water-energy-food nexus: Critical review, practical applications, and prospects for future research",Gov,Nexus Governance
#193,"Water-energy-food nexus: Critical review, practical applications, and prospects for future research",Policy,NA
#193,"Water-energy-food nexus: Critical review, practical applications, and prospects for future research",Actors,Knowledge and Educational Communities
#193,"Water-energy-food nexus: Critical review, practical applications, and prospects for future research",Actors,Global/Regional Institutions and Science-Policy Interfaces
#193,"Water-energy-food nexus: Critical review, practical applications, and prospects for future research",Actors,Global/Regional Institutions and Science-Policy Interfaces
#193,"Water-energy-food nexus: Critical review, practical applications, and prospects for future research",Actors,Local/National Governments and Municipalities
#193,"Water-energy-food nexus: Critical review, practical applications, and prospects for future research",CrossCut,Energy
#193,"Water-energy-food nexus: Critical review, practical applications, and prospects for future research",Scaling,Yes
#193,"Water-energy-food nexus: Critical review, practical applications, and prospects for future research",Enablers,Policy design & Implementation
#193,"Water-energy-food nexus: Critical review, practical applications, and prospects for future research",Enablers,Institutional capacity
#193,"Water-energy-food nexus: Critical review, practical applications, and prospects for future research",Enablers,Technology
#193,"Water-energy-food nexus: Critical review, practical applications, and prospects for future research",Enablers_CritC5,NA
#193,"Water-energy-food nexus: Critical review, practical applications, and prospects for future research",Enablers_CritC5,Geographic scale (#1)
#193,"Water-energy-food nexus: Critical review, practical applications, and prospects for future research",Barriers,Policy design & Implementation
#193,"Water-energy-food nexus: Critical review, practical applications, and prospects for future research",Barriers_CritC5,Geographic scale (#1)
#191,Reflections on farmers’ social networks: a means for sustainable agricultural development?,PaperType,Review
#191,Reflections on farmers’ social networks: a means for sustainable agricultural development?,Region,Southern Asia
#191,Reflections on farmers’ social networks: a means for sustainable agricultural development?,Scale,National (whole country)
#191,Reflections on farmers’ social networks: a means for sustainable agricultural development?,Nexus,Food
#191,Reflections on farmers’ social networks: a means for sustainable agricultural development?,Nexus,Water
#191,Reflections on farmers’ social networks: a means for sustainable agricultural development?,NChallenge,Governance Challenges
#191,Reflections on farmers’ social networks: a means for sustainable agricultural development?,Gov,Market Governance
#191,Reflections on farmers’ social networks: a means for sustainable agricultural development?,Gov,Network Governance
#191,Reflections on farmers’ social networks: a means for sustainable agricultural development?,Gov,Community Governance
#191,Reflections on farmers’ social networks: a means for sustainable agricultural development?,Policy,Economic and Financial Instruments
#191,Reflections on farmers’ social networks: a means for sustainable agricultural development?,Policy,Social and Cultural Instruments
#191,Reflections on farmers’ social networks: a means for sustainable agricultural development?,Actors,Private Sector and Business Organisations
#191,Reflections on farmers’ social networks: a means for sustainable agricultural development?,Actors,Local/National Governments and Municipalities
#191,Reflections on farmers’ social networks: a means for sustainable agricultural development?,CrossCut,Equity
#191,Reflections on farmers’ social networks: a means for sustainable agricultural development?,CrossCut,Energy
#191,Reflections on farmers’ social networks: a means for sustainable agricultural development?,Scaling,No
#191,Reflections on farmers’ social networks: a means for sustainable agricultural development?,Enablers,Material & Non-material endowments
#191,Reflections on farmers’ social networks: a means for sustainable agricultural development?,Enablers_CritC5,NA
#191,Reflections on farmers’ social networks: a means for sustainable agricultural development?,Barriers,Policy design & Implementation
#191,Reflections on farmers’ social networks: a means for sustainable agricultural development?,Barriers,Institutional capacity
#191,Reflections on farmers’ social networks: a means for sustainable agricultural development?,Barriers,Equity & Diversity
#191,Reflections on farmers’ social networks: a means for sustainable agricultural development?,Barriers,Finance & Economics
#191,Reflections on farmers’ social networks: a means for sustainable agricultural development?,Barriers,Technology
#191,Reflections on farmers’ social networks: a means for sustainable agricultural development?,Barriers,Material & Non-material endowments
#191,Reflections on farmers’ social networks: a means for sustainable agricultural development?,Barriers_CritC5,Alignment with political priorities (#5)
#191,Reflections on farmers’ social networks: a means for sustainable agricultural development?,Barriers_CritC5,NA
#191,Reflections on farmers’ social networks: a means for sustainable agricultural development?,Barriers_CritC5,Transformative change potential (#10)
#191,Reflections on farmers’ social networks: a means for sustainable agricultural development?,Barriers_CritC5,Equity (#8)
#191,Reflections on farmers’ social networks: a means for sustainable agricultural development?,Barriers_CritC5,Technical feasibility (#7)
#188,Scale-related governance challenges in the water–energy–food nexus: toward a diagnostic approach,PaperType,Review
#188,Scale-related governance challenges in the water–energy–food nexus: toward a diagnostic approach,PaperType,Perspective
#188,Scale-related governance challenges in the water–energy–food nexus: toward a diagnostic approach,Region,Not applicable (no specific spatial location)
#188,Scale-related governance challenges in the water–energy–food nexus: toward a diagnostic approach,Scale,Not applicable (no specific spatial location)
#188,Scale-related governance challenges in the water–energy–food nexus: toward a diagnostic approach,Nexus,Food
#188,Scale-related governance challenges in the water–energy–food nexus: toward a diagnostic approach,Nexus,Water
#188,Scale-related governance challenges in the water–energy–food nexus: toward a diagnostic approach,NChallenge,Complexity Challenges
#188,Scale-related governance challenges in the water–energy–food nexus: toward a diagnostic approach,NChallenge,Governance Challenges
#188,Scale-related governance challenges in the water–energy–food nexus: toward a diagnostic approach,NChallenge,Scaling Challenges
#188,Scale-related governance challenges in the water–energy–food nexus: toward a diagnostic approach,Gov,NA
#188,Scale-related governance challenges in the water–energy–food nexus: toward a diagnostic approach,Policy,Legal and Regulatory Instruments
#188,Scale-related governance challenges in the water–energy–food nexus: toward a diagnostic approach,Policy,Rights-Based Instruments and Customary Norms
#188,Scale-related governance challenges in the water–energy–food nexus: toward a diagnostic approach,Policy,Economic and Financial Instruments
#188,Scale-related governance challenges in the water–energy–food nexus: toward a diagnostic approach,Actors,Private Sector and Business Organisations
#188,Scale-related governance challenges in the water–energy–food nexus: toward a diagnostic approach,Actors,Civil Society and Community-Based Organisations
#188,Scale-related governance challenges in the water–energy–food nexus: toward a diagnostic approach,Actors,Global/Regional Institutions and Science-Policy Interfaces
#188,Scale-related governance challenges in the water–energy–food nexus: toward a diagnostic approach,Actors,Local/National Governments and Municipalities
#188,Scale-related governance challenges in the water–energy–food nexus: toward a diagnostic approach,CrossCut,Energy
#188,Scale-related governance challenges in the water–energy–food nexus: toward a diagnostic approach,Scaling,Yes
#188,Scale-related governance challenges in the water–energy–food nexus: toward a diagnostic approach,Enablers,Policy design & Implementation
#188,Scale-related governance challenges in the water–energy–food nexus: toward a diagnostic approach,Enablers,Institutional capacity
#188,Scale-related governance challenges in the water–energy–food nexus: toward a diagnostic approach,Enablers,Equity & Diversity
#188,Scale-related governance challenges in the water–energy–food nexus: toward a diagnostic approach,Enablers,Finance & Economics
#188,Scale-related governance challenges in the water–energy–food nexus: toward a diagnostic approach,Enablers_CritC5,NA
#188,Scale-related governance challenges in the water–energy–food nexus: toward a diagnostic approach,Enablers_CritC5,Geographic scale (#1)
#188,Scale-related governance challenges in the water–energy–food nexus: toward a diagnostic approach,Enablers_CritC5,Temporal scale (#2)
#188,Scale-related governance challenges in the water–energy–food nexus: toward a diagnostic approach,Enablers_CritC5,Transformative change potential (#10)
#188,Scale-related governance challenges in the water–energy–food nexus: toward a diagnostic approach,Enablers_CritC5,Equity (#8)
#188,Scale-related governance challenges in the water–energy–food nexus: toward a diagnostic approach,Barriers,Policy design & Implementation
#188,Scale-related governance challenges in the water–energy–food nexus: toward a diagnostic approach,Barriers,Institutional capacity
#188,Scale-related governance challenges in the water–energy–food nexus: toward a diagnostic approach,Barriers,Equity & Diversity
#188,Scale-related governance challenges in the water–energy–food nexus: toward a diagnostic approach,Barriers,Finance & Economics
#188,Scale-related governance challenges in the water–energy–food nexus: toward a diagnostic approach,Barriers,Technology
#188,Scale-related governance challenges in the water–energy–food nexus: toward a diagnostic approach,Barriers_CritC5,Alignment with international frameworks (#9)
#188,Scale-related governance challenges in the water–energy–food nexus: toward a diagnostic approach,Barriers_CritC5,NA
#188,Scale-related governance challenges in the water–energy–food nexus: toward a diagnostic approach,Barriers_CritC5,Geographic scale (#1)
#188,Scale-related governance challenges in the water–energy–food nexus: toward a diagnostic approach,Barriers_CritC5,Temporal scale (#2)
#188,Scale-related governance challenges in the water–energy–food nexus: toward a diagnostic approach,Barriers_CritC5,Transformative change potential (#10)
#188,Scale-related governance challenges in the water–energy–food nexus: toward a diagnostic approach,Barriers_CritC5,Equity (#8)
#186,"Aquaculture-capture fisheries nexus under Covid-19: impacts, diversity, and social-ecological resilience",PaperType,Empirical
#186,"Aquaculture-capture fisheries nexus under Covid-19: impacts, diversity, and social-ecological resilience",Region,South-eastern Asia
#186,"Aquaculture-capture fisheries nexus under Covid-19: impacts, diversity, and social-ecological resilience",Scale,Subnational >100 km² (watershed)
#186,"Aquaculture-capture fisheries nexus under Covid-19: impacts, diversity, and social-ecological resilience",Nexus,Health
#186,"Aquaculture-capture fisheries nexus under Covid-19: impacts, diversity, and social-ecological resilience",Nexus,Food
#186,"Aquaculture-capture fisheries nexus under Covid-19: impacts, diversity, and social-ecological resilience",NChallenge,Values Challenges
#186,"Aquaculture-capture fisheries nexus under Covid-19: impacts, diversity, and social-ecological resilience",NChallenge,Financing Challenges
#186,"Aquaculture-capture fisheries nexus under Covid-19: impacts, diversity, and social-ecological resilience",Gov,Hierarchical Governance
#186,"Aquaculture-capture fisheries nexus under Covid-19: impacts, diversity, and social-ecological resilience",Gov,Community Governance
#186,"Aquaculture-capture fisheries nexus under Covid-19: impacts, diversity, and social-ecological resilience",Gov,Multi-level Governance
#186,"Aquaculture-capture fisheries nexus under Covid-19: impacts, diversity, and social-ecological resilience",Policy,Rights-Based Instruments and Customary Norms
#186,"Aquaculture-capture fisheries nexus under Covid-19: impacts, diversity, and social-ecological resilience",Policy,Economic and Financial Instruments
#186,"Aquaculture-capture fisheries nexus under Covid-19: impacts, diversity, and social-ecological resilience",Actors,Private Sector and Business Organisations
#186,"Aquaculture-capture fisheries nexus under Covid-19: impacts, diversity, and social-ecological resilience",Actors,IPLCs
#186,"Aquaculture-capture fisheries nexus under Covid-19: impacts, diversity, and social-ecological resilience",Actors,Local/National Governments and Municipalities
#186,"Aquaculture-capture fisheries nexus under Covid-19: impacts, diversity, and social-ecological resilience",CrossCut,Equity
#186,"Aquaculture-capture fisheries nexus under Covid-19: impacts, diversity, and social-ecological resilience",Scaling,No
#186,"Aquaculture-capture fisheries nexus under Covid-19: impacts, diversity, and social-ecological resilience",Enablers,Behaviour & Lifestyle
#186,"Aquaculture-capture fisheries nexus under Covid-19: impacts, diversity, and social-ecological resilience",Enablers_CritC5,Transformative change potential (#10)
#186,"Aquaculture-capture fisheries nexus under Covid-19: impacts, diversity, and social-ecological resilience",Enablers_CritC5,Equity (#8)
#186,"Aquaculture-capture fisheries nexus under Covid-19: impacts, diversity, and social-ecological resilience",Barriers,Behaviour & Lifestyle
#186,"Aquaculture-capture fisheries nexus under Covid-19: impacts, diversity, and social-ecological resilience",Barriers_CritC5,Transformative change potential (#10)
#186,"Aquaculture-capture fisheries nexus under Covid-19: impacts, diversity, and social-ecological resilience",Barriers_CritC5,Equity (#8)
#180,Policy Entrepreneurs in Public Administration: A Social Network Analysis,PaperType,Review
#180,Policy Entrepreneurs in Public Administration: A Social Network Analysis,PaperType,Empirical
#180,Policy Entrepreneurs in Public Administration: A Social Network Analysis,PaperType,Modelling
#180,Policy Entrepreneurs in Public Administration: A Social Network Analysis,Region,Northern Europe
#180,Policy Entrepreneurs in Public Administration: A Social Network Analysis,Scale,Local >1 km² to 100 km² (neighbourhood to municipality)
#180,Policy Entrepreneurs in Public Administration: A Social Network Analysis,Nexus,Climate change
#180,Policy Entrepreneurs in Public Administration: A Social Network Analysis,Nexus,Health
#180,Policy Entrepreneurs in Public Administration: A Social Network Analysis,NChallenge,Governance Challenges
#180,Policy Entrepreneurs in Public Administration: A Social Network Analysis,Gov,NA
#180,Policy Entrepreneurs in Public Administration: A Social Network Analysis,Policy,NA
#180,Policy Entrepreneurs in Public Administration: A Social Network Analysis,Actors,Private Sector and Business Organisations
#180,Policy Entrepreneurs in Public Administration: A Social Network Analysis,Actors,Local/National Governments and Municipalities
#180,Policy Entrepreneurs in Public Administration: A Social Network Analysis,CrossCut,NA
#180,Policy Entrepreneurs in Public Administration: A Social Network Analysis,Scaling,No
#180,Policy Entrepreneurs in Public Administration: A Social Network Analysis,Enablers,Policy design & Implementation
#180,Policy Entrepreneurs in Public Administration: A Social Network Analysis,Enablers,Institutional capacity
#180,Policy Entrepreneurs in Public Administration: A Social Network Analysis,Enablers,Finance & Economics
#180,Policy Entrepreneurs in Public Administration: A Social Network Analysis,Enablers,Behaviour & Lifestyle
#180,Policy Entrepreneurs in Public Administration: A Social Network Analysis,Enablers,Material & Non-material endowments
#180,Policy Entrepreneurs in Public Administration: A Social Network Analysis,Enablers_CritC5,Alignment with political priorities (#5)
#180,Policy Entrepreneurs in Public Administration: A Social Network Analysis,Enablers_CritC5,Equity (#8)
#180,Policy Entrepreneurs in Public Administration: A Social Network Analysis,Enablers_CritC5,Transformative change potential (#10)
#180,Policy Entrepreneurs in Public Administration: A Social Network Analysis,Enablers_CritC5,NA
#178,Shifting from Production-Based to Consumption-Based Nexus Governance: Evidence from an Input–Output Analysis of the Local Water-Energy-Food Nexus,PaperType,Modelling
#178,Shifting from Production-Based to Consumption-Based Nexus Governance: Evidence from an Input–Output Analysis of the Local Water-Energy-Food Nexus,Region,Eastern Asia
#178,Shifting from Production-Based to Consumption-Based Nexus Governance: Evidence from an Input–Output Analysis of the Local Water-Energy-Food Nexus,Scale,National (whole country)
#178,Shifting from Production-Based to Consumption-Based Nexus Governance: Evidence from an Input–Output Analysis of the Local Water-Energy-Food Nexus,Nexus,Food
#178,Shifting from Production-Based to Consumption-Based Nexus Governance: Evidence from an Input–Output Analysis of the Local Water-Energy-Food Nexus,Nexus,Water
#178,Shifting from Production-Based to Consumption-Based Nexus Governance: Evidence from an Input–Output Analysis of the Local Water-Energy-Food Nexus,NChallenge,Governance Challenges
#178,Shifting from Production-Based to Consumption-Based Nexus Governance: Evidence from an Input–Output Analysis of the Local Water-Energy-Food Nexus,Gov,Market Governance
#178,Shifting from Production-Based to Consumption-Based Nexus Governance: Evidence from an Input–Output Analysis of the Local Water-Energy-Food Nexus,Gov,Consumption-based Governance
#178,Shifting from Production-Based to Consumption-Based Nexus Governance: Evidence from an Input–Output Analysis of the Local Water-Energy-Food Nexus,Policy,Legal and Regulatory Instruments
#178,Shifting from Production-Based to Consumption-Based Nexus Governance: Evidence from an Input–Output Analysis of the Local Water-Energy-Food Nexus,Actors,Local/National Governments and Municipalities
#178,Shifting from Production-Based to Consumption-Based Nexus Governance: Evidence from an Input–Output Analysis of the Local Water-Energy-Food Nexus,CrossCut,Energy
#178,Shifting from Production-Based to Consumption-Based Nexus Governance: Evidence from an Input–Output Analysis of the Local Water-Energy-Food Nexus,Scaling,Yes
#178,Shifting from Production-Based to Consumption-Based Nexus Governance: Evidence from an Input–Output Analysis of the Local Water-Energy-Food Nexus,Enablers,Policy design & Implementation
#178,Shifting from Production-Based to Consumption-Based Nexus Governance: Evidence from an Input–Output Analysis of the Local Water-Energy-Food Nexus,Enablers_CritC5,Social acceptability (#4)
#178,Shifting from Production-Based to Consumption-Based Nexus Governance: Evidence from an Input–Output Analysis of the Local Water-Energy-Food Nexus,Enablers_CritC5,NA
#178,Shifting from Production-Based to Consumption-Based Nexus Governance: Evidence from an Input–Output Analysis of the Local Water-Energy-Food Nexus,Enablers_CritC5,Geographic scale (#1)
#173,Assessing progress towards sustainable development goals through nexus planning,PaperType,Perspective
#173,Assessing progress towards sustainable development goals through nexus planning,PaperType,Conceptual/theoretical
#173,Assessing progress towards sustainable development goals through nexus planning,PaperType,Empirical
#173,Assessing progress towards sustainable development goals through nexus planning,Region,Sub-Saharan Africa
#173,Assessing progress towards sustainable development goals through nexus planning,Region,Not applicable (no specific spatial location)
#173,Assessing progress towards sustainable development goals through nexus planning,Scale,National (whole country)
#173,Assessing progress towards sustainable development goals through nexus planning,Scale,Not applicable (no specific spatial location)
#173,Assessing progress towards sustainable development goals through nexus planning,Nexus,Biodiversity
#173,Assessing progress towards sustainable development goals through nexus planning,Nexus,Health
#173,Assessing progress towards sustainable development goals through nexus planning,Nexus,Food
#173,Assessing progress towards sustainable development goals through nexus planning,Nexus,Water
#173,Assessing progress towards sustainable development goals through nexus planning,NChallenge,Complexity Challenges
#173,Assessing progress towards sustainable development goals through nexus planning,NChallenge,Values Challenges
#173,Assessing progress towards sustainable development goals through nexus planning,Gov,NA
#173,Assessing progress towards sustainable development goals through nexus planning,Policy,NA
#173,Assessing progress towards sustainable development goals through nexus planning,Actors,NA
#173,Assessing progress towards sustainable development goals through nexus planning,CrossCut,Equity
#173,Assessing progress towards sustainable development goals through nexus planning,CrossCut,Poverty
#173,Assessing progress towards sustainable development goals through nexus planning,CrossCut,Economy
#173,Assessing progress towards sustainable development goals through nexus planning,CrossCut,Education
#173,Assessing progress towards sustainable development goals through nexus planning,CrossCut,Energy
#173,Assessing progress towards sustainable development goals through nexus planning,Scaling,No
#173,Assessing progress towards sustainable development goals through nexus planning,Enablers,Policy design & Implementation
#173,Assessing progress towards sustainable development goals through nexus planning,Enablers_CritC5,Impacts on each nexus element (#3)
#173,Assessing progress towards sustainable development goals through nexus planning,Barriers,Policy design & Implementation
#173,Assessing progress towards sustainable development goals through nexus planning,Barriers_CritC5,Impacts on each nexus element (#3)
#171,Nexus between water security framework and public health: A comprehensive scientific review,PaperType,Review
#171,Nexus between water security framework and public health: A comprehensive scientific review,Region,Latin America and the Caribbean
#171,Nexus between water security framework and public health: A comprehensive scientific review,Region,Northern America
#171,Nexus between water security framework and public health: A comprehensive scientific review,Region,South-eastern Asia
#171,Nexus between water security framework and public health: A comprehensive scientific review,Region,Southern Asia
#171,Nexus between water security framework and public health: A comprehensive scientific review,Region,Northern Europe
#171,Nexus between water security framework and public health: A comprehensive scientific review,Region,Australia and New Zealand
#171,Nexus between water security framework and public health: A comprehensive scientific review,Region,Not applicable (no specific spatial location)
#171,Nexus between water security framework and public health: A comprehensive scientific review,Scale,National (whole country)
#171,Nexus between water security framework and public health: A comprehensive scientific review,Scale,"Regional (multiple countries, whole continents)"
#171,Nexus between water security framework and public health: A comprehensive scientific review,Scale,Multi-regional (multiple continents/geographic regions)
#171,Nexus between water security framework and public health: A comprehensive scientific review,Scale,Not applicable (no specific spatial location)
#171,Nexus between water security framework and public health: A comprehensive scientific review,Nexus,Health
#171,Nexus between water security framework and public health: A comprehensive scientific review,Nexus,Water
#171,Nexus between water security framework and public health: A comprehensive scientific review,NChallenge,Complexity Challenges
#171,Nexus between water security framework and public health: A comprehensive scientific review,NChallenge,Governance Challenges
#171,Nexus between water security framework and public health: A comprehensive scientific review,NChallenge,Scaling Challenges
#171,Nexus between water security framework and public health: A comprehensive scientific review,Gov,NA
#171,Nexus between water security framework and public health: A comprehensive scientific review,Policy,NA
#171,Nexus between water security framework and public health: A comprehensive scientific review,Actors,Civil Society and Community-Based Organisations
#171,Nexus between water security framework and public health: A comprehensive scientific review,CrossCut,Poverty
#171,Nexus between water security framework and public health: A comprehensive scientific review,Scaling,No
#171,Nexus between water security framework and public health: A comprehensive scientific review,Enablers,Policy design & Implementation
#171,Nexus between water security framework and public health: A comprehensive scientific review,Enablers,Technology
#171,Nexus between water security framework and public health: A comprehensive scientific review,Enablers_CritC5,NA
#171,Nexus between water security framework and public health: A comprehensive scientific review,Enablers_CritC5,Technical feasibility (#7)
#171,Nexus between water security framework and public health: A comprehensive scientific review,Barriers,Policy design & Implementation
#171,Nexus between water security framework and public health: A comprehensive scientific review,Barriers,Finance & Economics
#171,Nexus between water security framework and public health: A comprehensive scientific review,Barriers,Behaviour & Lifestyle
#171,Nexus between water security framework and public health: A comprehensive scientific review,Barriers,Technology
#171,Nexus between water security framework and public health: A comprehensive scientific review,Barriers,Material & Non-material endowments
#171,Nexus between water security framework and public health: A comprehensive scientific review,Barriers_CritC5,NA
#171,Nexus between water security framework and public health: A comprehensive scientific review,Barriers_CritC5,Social acceptability (#4)
#171,Nexus between water security framework and public health: A comprehensive scientific review,Barriers_CritC5,Geographic scale (#1)
#171,Nexus between water security framework and public health: A comprehensive scientific review,Barriers_CritC5,Transformative change potential (#10)
#171,Nexus between water security framework and public health: A comprehensive scientific review,Barriers_CritC5,Technical feasibility (#7)
#161,Water-energy-food nexus approach at the core of businesses – How businesses in the bioenergy sector in Brazil are responding to integrated challenges?,PaperType,Empirical
#161,Water-energy-food nexus approach at the core of businesses – How businesses in the bioenergy sector in Brazil are responding to integrated challenges?,Region,Latin America and the Caribbean
#161,Water-energy-food nexus approach at the core of businesses – How businesses in the bioenergy sector in Brazil are responding to integrated challenges?,Scale,National (whole country)
#161,Water-energy-food nexus approach at the core of businesses – How businesses in the bioenergy sector in Brazil are responding to integrated challenges?,Nexus,Food
#161,Water-energy-food nexus approach at the core of businesses – How businesses in the bioenergy sector in Brazil are responding to integrated challenges?,Nexus,Water
#161,Water-energy-food nexus approach at the core of businesses – How businesses in the bioenergy sector in Brazil are responding to integrated challenges?,NChallenge,Values Challenges
#161,Water-energy-food nexus approach at the core of businesses – How businesses in the bioenergy sector in Brazil are responding to integrated challenges?,NChallenge,Governance Challenges
#161,Water-energy-food nexus approach at the core of businesses – How businesses in the bioenergy sector in Brazil are responding to integrated challenges?,Gov,Market Governance
#161,Water-energy-food nexus approach at the core of businesses – How businesses in the bioenergy sector in Brazil are responding to integrated challenges?,Policy,Economic and Financial Instruments
#161,Water-energy-food nexus approach at the core of businesses – How businesses in the bioenergy sector in Brazil are responding to integrated challenges?,Policy,Social and Cultural Instruments
#161,Water-energy-food nexus approach at the core of businesses – How businesses in the bioenergy sector in Brazil are responding to integrated challenges?,Actors,Private Sector and Business Organisations
#161,Water-energy-food nexus approach at the core of businesses – How businesses in the bioenergy sector in Brazil are responding to integrated challenges?,CrossCut,Economy
#161,Water-energy-food nexus approach at the core of businesses – How businesses in the bioenergy sector in Brazil are responding to integrated challenges?,CrossCut,Employment
#161,Water-energy-food nexus approach at the core of businesses – How businesses in the bioenergy sector in Brazil are responding to integrated challenges?,CrossCut,Energy
#161,Water-energy-food nexus approach at the core of businesses – How businesses in the bioenergy sector in Brazil are responding to integrated challenges?,Scaling,No
#161,Water-energy-food nexus approach at the core of businesses – How businesses in the bioenergy sector in Brazil are responding to integrated challenges?,Enablers,Technology
#161,Water-energy-food nexus approach at the core of businesses – How businesses in the bioenergy sector in Brazil are responding to integrated challenges?,Enablers_CritC5,Technical feasibility (#7)
#161,Water-energy-food nexus approach at the core of businesses – How businesses in the bioenergy sector in Brazil are responding to integrated challenges?,Barriers,Policy design & Implementation
#161,Water-energy-food nexus approach at the core of businesses – How businesses in the bioenergy sector in Brazil are responding to integrated challenges?,Barriers,Institutional capacity
#161,Water-energy-food nexus approach at the core of businesses – How businesses in the bioenergy sector in Brazil are responding to integrated challenges?,Barriers_CritC5,Impacts on each nexus element (#3)
#161,Water-energy-food nexus approach at the core of businesses – How businesses in the bioenergy sector in Brazil are responding to integrated challenges?,Barriers_CritC5,Transformative change potential (#10)
#153,Empowering blue economy: From underrated ecosystem to sustainable industry,PaperType,Review
#153,Empowering blue economy: From underrated ecosystem to sustainable industry,Region,Not applicable (no specific spatial location)
#153,Empowering blue economy: From underrated ecosystem to sustainable industry,Scale,Not applicable (no specific spatial location)
#153,Empowering blue economy: From underrated ecosystem to sustainable industry,Nexus,Food
#153,Empowering blue economy: From underrated ecosystem to sustainable industry,Nexus,Water
#153,Empowering blue economy: From underrated ecosystem to sustainable industry,NChallenge,NA
#153,Empowering blue economy: From underrated ecosystem to sustainable industry,Gov,Market Governance
#153,Empowering blue economy: From underrated ecosystem to sustainable industry,Policy,Economic and Financial Instruments
#153,Empowering blue economy: From underrated ecosystem to sustainable industry,Actors,Private Sector and Business Organisations
#153,Empowering blue economy: From underrated ecosystem to sustainable industry,Actors,Civil Society and Community-Based Organisations
#153,Empowering blue economy: From underrated ecosystem to sustainable industry,Actors,Knowledge and Educational Communities
#153,Empowering blue economy: From underrated ecosystem to sustainable industry,Actors,Local/National Governments and Municipalities
#153,Empowering blue economy: From underrated ecosystem to sustainable industry,CrossCut,Energy
#153,Empowering blue economy: From underrated ecosystem to sustainable industry,Scaling,No
#153,Empowering blue economy: From underrated ecosystem to sustainable industry,Enablers,Policy design & Implementation
#153,Empowering blue economy: From underrated ecosystem to sustainable industry,Enablers,Institutional capacity
#153,Empowering blue economy: From underrated ecosystem to sustainable industry,Enablers,Finance & Economics
#153,Empowering blue economy: From underrated ecosystem to sustainable industry,Enablers,Behaviour & Lifestyle
#153,Empowering blue economy: From underrated ecosystem to sustainable industry,Enablers,Material & Non-material endowments
#153,Empowering blue economy: From underrated ecosystem to sustainable industry,Enablers_CritC5,NA
#153,Empowering blue economy: From underrated ecosystem to sustainable industry,Enablers_CritC5,Social acceptability (#4)
#153,Empowering blue economy: From underrated ecosystem to sustainable industry,Enablers_CritC5,Alignment with international frameworks (#9)
#153,Empowering blue economy: From underrated ecosystem to sustainable industry,Enablers_CritC5,Equity (#8)
#153,Empowering blue economy: From underrated ecosystem to sustainable industry,Enablers_CritC5,Economic implications (#6)
#153,Empowering blue economy: From underrated ecosystem to sustainable industry,Enablers_CritC5,Transformative change potential (#10)
#153,Empowering blue economy: From underrated ecosystem to sustainable industry,Barriers,Policy design & Implementation
#153,Empowering blue economy: From underrated ecosystem to sustainable industry,Barriers,Institutional capacity
#153,Empowering blue economy: From underrated ecosystem to sustainable industry,Barriers,Finance & Economics
#153,Empowering blue economy: From underrated ecosystem to sustainable industry,Barriers,Technology
#153,Empowering blue economy: From underrated ecosystem to sustainable industry,Barriers_CritC5,Geographic scale (#1)
#153,Empowering blue economy: From underrated ecosystem to sustainable industry,Barriers_CritC5,Transformative change potential (#10)
#153,Empowering blue economy: From underrated ecosystem to sustainable industry,Barriers_CritC5,Economic implications (#6)
#153,Empowering blue economy: From underrated ecosystem to sustainable industry,Barriers_CritC5,Technical feasibility (#7)
#151,Participatory Water-Food-Energy Nexus Approach for Evaluation and Design of Groundwater Governance,PaperType,Conceptual/theoretical
#151,Participatory Water-Food-Energy Nexus Approach for Evaluation and Design of Groundwater Governance,Region,Western Asia
#151,Participatory Water-Food-Energy Nexus Approach for Evaluation and Design of Groundwater Governance,Scale,Subnational >100 km² (watershed)
#151,Participatory Water-Food-Energy Nexus Approach for Evaluation and Design of Groundwater Governance,Nexus,Climate change
#151,Participatory Water-Food-Energy Nexus Approach for Evaluation and Design of Groundwater Governance,Nexus,Food
#151,Participatory Water-Food-Energy Nexus Approach for Evaluation and Design of Groundwater Governance,Nexus,Water
#151,Participatory Water-Food-Energy Nexus Approach for Evaluation and Design of Groundwater Governance,NChallenge,Governance Challenges
#151,Participatory Water-Food-Energy Nexus Approach for Evaluation and Design of Groundwater Governance,Gov,Market Governance
#151,Participatory Water-Food-Energy Nexus Approach for Evaluation and Design of Groundwater Governance,Gov,Network Governance
#151,Participatory Water-Food-Energy Nexus Approach for Evaluation and Design of Groundwater Governance,Gov,Community Governance
#151,Participatory Water-Food-Energy Nexus Approach for Evaluation and Design of Groundwater Governance,Policy,Economic and Financial Instruments
#151,Participatory Water-Food-Energy Nexus Approach for Evaluation and Design of Groundwater Governance,Actors,Private Sector and Business Organisations
#151,Participatory Water-Food-Energy Nexus Approach for Evaluation and Design of Groundwater Governance,Actors,Knowledge and Educational Communities
#151,Participatory Water-Food-Energy Nexus Approach for Evaluation and Design of Groundwater Governance,Actors,Global/Regional Institutions and Science-Policy Interfaces
#151,Participatory Water-Food-Energy Nexus Approach for Evaluation and Design of Groundwater Governance,CrossCut,Energy
#151,Participatory Water-Food-Energy Nexus Approach for Evaluation and Design of Groundwater Governance,Scaling,NA
#151,Participatory Water-Food-Energy Nexus Approach for Evaluation and Design of Groundwater Governance,Enablers,Equity & Diversity
#151,Participatory Water-Food-Energy Nexus Approach for Evaluation and Design of Groundwater Governance,Enablers,Policy design & Implementation
#151,Participatory Water-Food-Energy Nexus Approach for Evaluation and Design of Groundwater Governance,Enablers,Institutional capacity
#151,Participatory Water-Food-Energy Nexus Approach for Evaluation and Design of Groundwater Governance,Enablers,Behaviour & Lifestyle
#151,Participatory Water-Food-Energy Nexus Approach for Evaluation and Design of Groundwater Governance,Enablers,Technology
#151,Participatory Water-Food-Energy Nexus Approach for Evaluation and Design of Groundwater Governance,Enablers_CritC5,Equity (#8)
#151,Participatory Water-Food-Energy Nexus Approach for Evaluation and Design of Groundwater Governance,Enablers_CritC5,Social acceptability (#4)
#151,Participatory Water-Food-Energy Nexus Approach for Evaluation and Design of Groundwater Governance,Enablers_CritC5,Transformative change potential (#10)
#151,Participatory Water-Food-Energy Nexus Approach for Evaluation and Design of Groundwater Governance,Enablers_CritC5,Technical feasibility (#7)
#151,Participatory Water-Food-Energy Nexus Approach for Evaluation and Design of Groundwater Governance,Barriers,Policy design & Implementation
#151,Participatory Water-Food-Energy Nexus Approach for Evaluation and Design of Groundwater Governance,Barriers,Institutional capacity
#151,Participatory Water-Food-Energy Nexus Approach for Evaluation and Design of Groundwater Governance,Barriers,Finance & Economics
#151,Participatory Water-Food-Energy Nexus Approach for Evaluation and Design of Groundwater Governance,Barriers,Material & Non-material endowments
#151,Participatory Water-Food-Energy Nexus Approach for Evaluation and Design of Groundwater Governance,Barriers_CritC5,Impacts on each nexus element (#3)
#151,Participatory Water-Food-Energy Nexus Approach for Evaluation and Design of Groundwater Governance,Barriers_CritC5,Equity (#8)
#151,Participatory Water-Food-Energy Nexus Approach for Evaluation and Design of Groundwater Governance,Barriers_CritC5,Transformative change potential (#10)
#151,Participatory Water-Food-Energy Nexus Approach for Evaluation and Design of Groundwater Governance,Barriers_CritC5,NA
#147,Urban water-energy-food-climate nexus in integrated wastewater and reuse systems: Cyber-physical framework and innovations,PaperType,Review
#147,Urban water-energy-food-climate nexus in integrated wastewater and reuse systems: Cyber-physical framework and innovations,Region,Not applicable (no specific spatial location)
#147,Urban water-energy-food-climate nexus in integrated wastewater and reuse systems: Cyber-physical framework and innovations,Scale,Not applicable (no specific spatial location)
#147,Urban water-energy-food-climate nexus in integrated wastewater and reuse systems: Cyber-physical framework and innovations,Nexus,Climate change
#147,Urban water-energy-food-climate nexus in integrated wastewater and reuse systems: Cyber-physical framework and innovations,Nexus,Food
#147,Urban water-energy-food-climate nexus in integrated wastewater and reuse systems: Cyber-physical framework and innovations,Nexus,Water
#147,Urban water-energy-food-climate nexus in integrated wastewater and reuse systems: Cyber-physical framework and innovations,NChallenge,Complexity Challenges
#147,Urban water-energy-food-climate nexus in integrated wastewater and reuse systems: Cyber-physical framework and innovations,Gov,NA
#147,Urban water-energy-food-climate nexus in integrated wastewater and reuse systems: Cyber-physical framework and innovations,Policy,NA
#147,Urban water-energy-food-climate nexus in integrated wastewater and reuse systems: Cyber-physical framework and innovations,Actors,NA
#147,Urban water-energy-food-climate nexus in integrated wastewater and reuse systems: Cyber-physical framework and innovations,CrossCut,Energy
#147,Urban water-energy-food-climate nexus in integrated wastewater and reuse systems: Cyber-physical framework and innovations,CrossCut,Waste
#147,Urban water-energy-food-climate nexus in integrated wastewater and reuse systems: Cyber-physical framework and innovations,Scaling,No
#147,Urban water-energy-food-climate nexus in integrated wastewater and reuse systems: Cyber-physical framework and innovations,Enablers,Policy design & Implementation
#147,Urban water-energy-food-climate nexus in integrated wastewater and reuse systems: Cyber-physical framework and innovations,Enablers,Institutional capacity
#147,Urban water-energy-food-climate nexus in integrated wastewater and reuse systems: Cyber-physical framework and innovations,Enablers,Technology
#147,Urban water-energy-food-climate nexus in integrated wastewater and reuse systems: Cyber-physical framework and innovations,Enablers_CritC5,Impacts on each nexus element (#3)
#147,Urban water-energy-food-climate nexus in integrated wastewater and reuse systems: Cyber-physical framework and innovations,Enablers_CritC5,NA
#147,Urban water-energy-food-climate nexus in integrated wastewater and reuse systems: Cyber-physical framework and innovations,Enablers_CritC5,Technical feasibility (#7)
#144,Policy and governance dynamics in the water-energy-food-land nexus of biofuels: Proposing a qualitative analysis model,PaperType,Review
#144,Policy and governance dynamics in the water-energy-food-land nexus of biofuels: Proposing a qualitative analysis model,PaperType,Empirical
#144,Policy and governance dynamics in the water-energy-food-land nexus of biofuels: Proposing a qualitative analysis model,Region,Latin America and the Caribbean
#144,Policy and governance dynamics in the water-energy-food-land nexus of biofuels: Proposing a qualitative analysis model,Scale,National (whole country)
#144,Policy and governance dynamics in the water-energy-food-land nexus of biofuels: Proposing a qualitative analysis model,Nexus,Food
#144,Policy and governance dynamics in the water-energy-food-land nexus of biofuels: Proposing a qualitative analysis model,Nexus,Water
#144,Policy and governance dynamics in the water-energy-food-land nexus of biofuels: Proposing a qualitative analysis model,NChallenge,Complexity Challenges
#144,Policy and governance dynamics in the water-energy-food-land nexus of biofuels: Proposing a qualitative analysis model,NChallenge,Governance Challenges
#144,Policy and governance dynamics in the water-energy-food-land nexus of biofuels: Proposing a qualitative analysis model,Gov,NA
#144,Policy and governance dynamics in the water-energy-food-land nexus of biofuels: Proposing a qualitative analysis model,Policy,Legal and Regulatory Instruments
#144,Policy and governance dynamics in the water-energy-food-land nexus of biofuels: Proposing a qualitative analysis model,Policy,Economic and Financial Instruments
#144,Policy and governance dynamics in the water-energy-food-land nexus of biofuels: Proposing a qualitative analysis model,Actors,Private Sector and Business Organisations
#144,Policy and governance dynamics in the water-energy-food-land nexus of biofuels: Proposing a qualitative analysis model,Actors,Knowledge and Educational Communities
#144,Policy and governance dynamics in the water-energy-food-land nexus of biofuels: Proposing a qualitative analysis model,Actors,Global/Regional Institutions and Science-Policy Interfaces
#144,Policy and governance dynamics in the water-energy-food-land nexus of biofuels: Proposing a qualitative analysis model,CrossCut,Equity
#144,Policy and governance dynamics in the water-energy-food-land nexus of biofuels: Proposing a qualitative analysis model,CrossCut,Employment
#144,Policy and governance dynamics in the water-energy-food-land nexus of biofuels: Proposing a qualitative analysis model,CrossCut,Energy
#144,Policy and governance dynamics in the water-energy-food-land nexus of biofuels: Proposing a qualitative analysis model,CrossCut,Land
#144,Policy and governance dynamics in the water-energy-food-land nexus of biofuels: Proposing a qualitative analysis model,Scaling,No
#144,Policy and governance dynamics in the water-energy-food-land nexus of biofuels: Proposing a qualitative analysis model,Enablers,Technology
#144,Policy and governance dynamics in the water-energy-food-land nexus of biofuels: Proposing a qualitative analysis model,Enablers_CritC5,Technical feasibility (#7)
#144,Policy and governance dynamics in the water-energy-food-land nexus of biofuels: Proposing a qualitative analysis model,Enablers_CritC5,Transformative change potential (#10)
#144,Policy and governance dynamics in the water-energy-food-land nexus of biofuels: Proposing a qualitative analysis model,Barriers,Policy design & Implementation
#144,Policy and governance dynamics in the water-energy-food-land nexus of biofuels: Proposing a qualitative analysis model,Barriers,Institutional capacity
#144,Policy and governance dynamics in the water-energy-food-land nexus of biofuels: Proposing a qualitative analysis model,Barriers,Technology
#144,Policy and governance dynamics in the water-energy-food-land nexus of biofuels: Proposing a qualitative analysis model,Barriers_CritC5,Impacts on each nexus element (#3)
#144,Policy and governance dynamics in the water-energy-food-land nexus of biofuels: Proposing a qualitative analysis model,Barriers_CritC5,NA
#144,Policy and governance dynamics in the water-energy-food-land nexus of biofuels: Proposing a qualitative analysis model,Barriers_CritC5,Transformative change potential (#10)
#144,Policy and governance dynamics in the water-energy-food-land nexus of biofuels: Proposing a qualitative analysis model,Barriers_CritC5,Technical feasibility (#7)
#135,Groundwater-sourced irrigation and agro-power subsidies: Boon or bane for small/marginal farmers in India?,PaperType,Review
#135,Groundwater-sourced irrigation and agro-power subsidies: Boon or bane for small/marginal farmers in India?,Region,Southern Asia
#135,Groundwater-sourced irrigation and agro-power subsidies: Boon or bane for small/marginal farmers in India?,Scale,National (whole country)
#135,Groundwater-sourced irrigation and agro-power subsidies: Boon or bane for small/marginal farmers in India?,Nexus,Climate change
#135,Groundwater-sourced irrigation and agro-power subsidies: Boon or bane for small/marginal farmers in India?,Nexus,Food
#135,Groundwater-sourced irrigation and agro-power subsidies: Boon or bane for small/marginal farmers in India?,Nexus,Water
#135,Groundwater-sourced irrigation and agro-power subsidies: Boon or bane for small/marginal farmers in India?,NChallenge,Values Challenges
#135,Groundwater-sourced irrigation and agro-power subsidies: Boon or bane for small/marginal farmers in India?,NChallenge,Scaling Challenges
#135,Groundwater-sourced irrigation and agro-power subsidies: Boon or bane for small/marginal farmers in India?,Gov,Market Governance
#135,Groundwater-sourced irrigation and agro-power subsidies: Boon or bane for small/marginal farmers in India?,Policy,Economic and Financial Instruments
#135,Groundwater-sourced irrigation and agro-power subsidies: Boon or bane for small/marginal farmers in India?,Policy,Social and Cultural Instruments
#135,Groundwater-sourced irrigation and agro-power subsidies: Boon or bane for small/marginal farmers in India?,Actors,Private Sector and Business Organisations
#135,Groundwater-sourced irrigation and agro-power subsidies: Boon or bane for small/marginal farmers in India?,Actors,Local/National Governments and Municipalities
#135,Groundwater-sourced irrigation and agro-power subsidies: Boon or bane for small/marginal farmers in India?,CrossCut,Equity
#135,Groundwater-sourced irrigation and agro-power subsidies: Boon or bane for small/marginal farmers in India?,CrossCut,Poverty
#135,Groundwater-sourced irrigation and agro-power subsidies: Boon or bane for small/marginal farmers in India?,CrossCut,Energy
#135,Groundwater-sourced irrigation and agro-power subsidies: Boon or bane for small/marginal farmers in India?,Scaling,No
#135,Groundwater-sourced irrigation and agro-power subsidies: Boon or bane for small/marginal farmers in India?,Barriers,Policy design & Implementation
#135,Groundwater-sourced irrigation and agro-power subsidies: Boon or bane for small/marginal farmers in India?,Barriers,Equity & Diversity
#135,Groundwater-sourced irrigation and agro-power subsidies: Boon or bane for small/marginal farmers in India?,Barriers,Institutional capacity
#135,Groundwater-sourced irrigation and agro-power subsidies: Boon or bane for small/marginal farmers in India?,Barriers,Finance & Economics
#135,Groundwater-sourced irrigation and agro-power subsidies: Boon or bane for small/marginal farmers in India?,Barriers,Technology
#135,Groundwater-sourced irrigation and agro-power subsidies: Boon or bane for small/marginal farmers in India?,Barriers,Material & Non-material endowments
#135,Groundwater-sourced irrigation and agro-power subsidies: Boon or bane for small/marginal farmers in India?,Barriers_CritC5,Impacts on each nexus element (#3)
#135,Groundwater-sourced irrigation and agro-power subsidies: Boon or bane for small/marginal farmers in India?,Barriers_CritC5,NA
#135,Groundwater-sourced irrigation and agro-power subsidies: Boon or bane for small/marginal farmers in India?,Barriers_CritC5,Equity (#8)
#135,Groundwater-sourced irrigation and agro-power subsidies: Boon or bane for small/marginal farmers in India?,Barriers_CritC5,Transformative change potential (#10)
#135,Groundwater-sourced irrigation and agro-power subsidies: Boon or bane for small/marginal farmers in India?,Barriers_CritC5,Technical feasibility (#7)
#133,Food-energy-water security in sub-Saharan Africa: Quantitative and spatial assessments using an indicator-based approach,PaperType,Empirical
#133,Food-energy-water security in sub-Saharan Africa: Quantitative and spatial assessments using an indicator-based approach,PaperType,Modelling
#133,Food-energy-water security in sub-Saharan Africa: Quantitative and spatial assessments using an indicator-based approach,Region,Sub-Saharan Africa
#133,Food-energy-water security in sub-Saharan Africa: Quantitative and spatial assessments using an indicator-based approach,Scale,National (whole country)
#133,Food-energy-water security in sub-Saharan Africa: Quantitative and spatial assessments using an indicator-based approach,Scale,"Regional (multiple countries, whole continents)"
#133,Food-energy-water security in sub-Saharan Africa: Quantitative and spatial assessments using an indicator-based approach,Nexus,Food
#133,Food-energy-water security in sub-Saharan Africa: Quantitative and spatial assessments using an indicator-based approach,Nexus,Water
#133,Food-energy-water security in sub-Saharan Africa: Quantitative and spatial assessments using an indicator-based approach,NChallenge,Complexity Challenges
#133,Food-energy-water security in sub-Saharan Africa: Quantitative and spatial assessments using an indicator-based approach,NChallenge,Governance Challenges
#133,Food-energy-water security in sub-Saharan Africa: Quantitative and spatial assessments using an indicator-based approach,NChallenge,Financing Challenges
#133,Food-energy-water security in sub-Saharan Africa: Quantitative and spatial assessments using an indicator-based approach,Gov,Hierarchical Governance
#133,Food-energy-water security in sub-Saharan Africa: Quantitative and spatial assessments using an indicator-based approach,Policy,Legal and Regulatory Instruments
#133,Food-energy-water security in sub-Saharan Africa: Quantitative and spatial assessments using an indicator-based approach,Policy,Economic and Financial Instruments
#133,Food-energy-water security in sub-Saharan Africa: Quantitative and spatial assessments using an indicator-based approach,Actors,NA
#133,Food-energy-water security in sub-Saharan Africa: Quantitative and spatial assessments using an indicator-based approach,CrossCut,Energy
#133,Food-energy-water security in sub-Saharan Africa: Quantitative and spatial assessments using an indicator-based approach,Scaling,No
#133,Food-energy-water security in sub-Saharan Africa: Quantitative and spatial assessments using an indicator-based approach,Enablers,Policy design & Implementation
#133,Food-energy-water security in sub-Saharan Africa: Quantitative and spatial assessments using an indicator-based approach,Enablers_CritC5,NA
#133,Food-energy-water security in sub-Saharan Africa: Quantitative and spatial assessments using an indicator-based approach,Barriers,Policy design & Implementation
#133,Food-energy-water security in sub-Saharan Africa: Quantitative and spatial assessments using an indicator-based approach,Barriers,Institutional capacity
#133,Food-energy-water security in sub-Saharan Africa: Quantitative and spatial assessments using an indicator-based approach,Barriers,Finance & Economics
#133,Food-energy-water security in sub-Saharan Africa: Quantitative and spatial assessments using an indicator-based approach,Barriers,Technology
#133,Food-energy-water security in sub-Saharan Africa: Quantitative and spatial assessments using an indicator-based approach,Barriers,Material & Non-material endowments
#133,Food-energy-water security in sub-Saharan Africa: Quantitative and spatial assessments using an indicator-based approach,Barriers_CritC5,NA
#133,Food-energy-water security in sub-Saharan Africa: Quantitative and spatial assessments using an indicator-based approach,Barriers_CritC5,Social acceptability (#4)
#133,Food-energy-water security in sub-Saharan Africa: Quantitative and spatial assessments using an indicator-based approach,Barriers_CritC5,Alignment with political priorities (#5)
#133,Food-energy-water security in sub-Saharan Africa: Quantitative and spatial assessments using an indicator-based approach,Barriers_CritC5,Equity (#8)
#133,Food-energy-water security in sub-Saharan Africa: Quantitative and spatial assessments using an indicator-based approach,Barriers_CritC5,Transformative change potential (#10)
#133,Food-energy-water security in sub-Saharan Africa: Quantitative and spatial assessments using an indicator-based approach,Barriers_CritC5,Technical feasibility (#7)
#128,Water/climate nexus environmental rural-urban migration and coping strategies,PaperType,Conceptual/theoretical
#128,Water/climate nexus environmental rural-urban migration and coping strategies,PaperType,Empirical
#128,Water/climate nexus environmental rural-urban migration and coping strategies,Region,Southern Asia
#128,Water/climate nexus environmental rural-urban migration and coping strategies,Scale,Subnational >100 km² (watershed)
#128,Water/climate nexus environmental rural-urban migration and coping strategies,Nexus,Climate change
#128,Water/climate nexus environmental rural-urban migration and coping strategies,Nexus,Water
#128,Water/climate nexus environmental rural-urban migration and coping strategies,NChallenge,Values Challenges
#128,Water/climate nexus environmental rural-urban migration and coping strategies,NChallenge,Governance Challenges
#128,Water/climate nexus environmental rural-urban migration and coping strategies,Gov,Community Governance
#128,Water/climate nexus environmental rural-urban migration and coping strategies,Policy,Rights-Based Instruments and Customary Norms
#128,Water/climate nexus environmental rural-urban migration and coping strategies,Policy,Social and Cultural Instruments
#128,Water/climate nexus environmental rural-urban migration and coping strategies,Actors,Civil Society and Community-Based Organisations
#128,Water/climate nexus environmental rural-urban migration and coping strategies,Actors,Knowledge and Educational Communities
#128,Water/climate nexus environmental rural-urban migration and coping strategies,Actors,Local/National Governments and Municipalities
#128,Water/climate nexus environmental rural-urban migration and coping strategies,CrossCut,Equity
#128,Water/climate nexus environmental rural-urban migration and coping strategies,CrossCut,Poverty
#128,Water/climate nexus environmental rural-urban migration and coping strategies,CrossCut,Economy
#128,Water/climate nexus environmental rural-urban migration and coping strategies,CrossCut,Employment
#128,Water/climate nexus environmental rural-urban migration and coping strategies,Scaling,No
#128,Water/climate nexus environmental rural-urban migration and coping strategies,Enablers,Behaviour & Lifestyle
#128,Water/climate nexus environmental rural-urban migration and coping strategies,Enablers_CritC5,Transformative change potential (#10)
#128,Water/climate nexus environmental rural-urban migration and coping strategies,Enablers_CritC5,NA
#128,Water/climate nexus environmental rural-urban migration and coping strategies,Barriers,Policy design & Implementation
#128,Water/climate nexus environmental rural-urban migration and coping strategies,Barriers,Institutional capacity
#128,Water/climate nexus environmental rural-urban migration and coping strategies,Barriers,Behaviour & Lifestyle
#128,Water/climate nexus environmental rural-urban migration and coping strategies,Barriers_CritC5,Social acceptability (#4)
#128,Water/climate nexus environmental rural-urban migration and coping strategies,Barriers_CritC5,NA
#128,Water/climate nexus environmental rural-urban migration and coping strategies,Barriers_CritC5,Transformative change potential (#10)
#125,Designing policy mixes for emerging wicked problems. The case of pharmaceutical residues in freshwaters,PaperType,Conceptual/theoretical
#125,Designing policy mixes for emerging wicked problems. The case of pharmaceutical residues in freshwaters,Region,Western Europe
#125,Designing policy mixes for emerging wicked problems. The case of pharmaceutical residues in freshwaters,Scale,National (whole country)
#125,Designing policy mixes for emerging wicked problems. The case of pharmaceutical residues in freshwaters,Nexus,Biodiversity
#125,Designing policy mixes for emerging wicked problems. The case of pharmaceutical residues in freshwaters,Nexus,Health
#125,Designing policy mixes for emerging wicked problems. The case of pharmaceutical residues in freshwaters,NChallenge,Governance Challenges
#125,Designing policy mixes for emerging wicked problems. The case of pharmaceutical residues in freshwaters,Gov,Hierarchical Governance
#125,Designing policy mixes for emerging wicked problems. The case of pharmaceutical residues in freshwaters,Policy,Legal and Regulatory Instruments
#125,Designing policy mixes for emerging wicked problems. The case of pharmaceutical residues in freshwaters,Policy,Economic and Financial Instruments
#125,Designing policy mixes for emerging wicked problems. The case of pharmaceutical residues in freshwaters,Actors,Private Sector and Business Organisations
#125,Designing policy mixes for emerging wicked problems. The case of pharmaceutical residues in freshwaters,Actors,Civil Society and Community-Based Organisations
#125,Designing policy mixes for emerging wicked problems. The case of pharmaceutical residues in freshwaters,Actors,Knowledge and Educational Communities
#125,Designing policy mixes for emerging wicked problems. The case of pharmaceutical residues in freshwaters,Actors,Civil Society and Community-Based Organisations
#125,Designing policy mixes for emerging wicked problems. The case of pharmaceutical residues in freshwaters,Actors,Global/Regional Institutions and Science-Policy Interfaces
#125,Designing policy mixes for emerging wicked problems. The case of pharmaceutical residues in freshwaters,Actors,Local/National Governments and Municipalities
#125,Designing policy mixes for emerging wicked problems. The case of pharmaceutical residues in freshwaters,CrossCut,NA
#125,Designing policy mixes for emerging wicked problems. The case of pharmaceutical residues in freshwaters,Scaling,No
#125,Designing policy mixes for emerging wicked problems. The case of pharmaceutical residues in freshwaters,Enablers,Policy design & Implementation
#125,Designing policy mixes for emerging wicked problems. The case of pharmaceutical residues in freshwaters,Enablers,Institutional capacity
#125,Designing policy mixes for emerging wicked problems. The case of pharmaceutical residues in freshwaters,Enablers,Finance & Economics
#125,Designing policy mixes for emerging wicked problems. The case of pharmaceutical residues in freshwaters,Enablers,Behaviour & Lifestyle
#125,Designing policy mixes for emerging wicked problems. The case of pharmaceutical residues in freshwaters,Enablers_CritC5,Impacts on each nexus element (#3)
#125,Designing policy mixes for emerging wicked problems. The case of pharmaceutical residues in freshwaters,Enablers_CritC5,NA
#125,Designing policy mixes for emerging wicked problems. The case of pharmaceutical residues in freshwaters,Enablers_CritC5,Transformative change potential (#10)
#125,Designing policy mixes for emerging wicked problems. The case of pharmaceutical residues in freshwaters,Enablers_CritC5,Economic implications (#6)
#125,Designing policy mixes for emerging wicked problems. The case of pharmaceutical residues in freshwaters,Barriers,Institutional capacity
#125,Designing policy mixes for emerging wicked problems. The case of pharmaceutical residues in freshwaters,Barriers,Policy design & Implementation
#125,Designing policy mixes for emerging wicked problems. The case of pharmaceutical residues in freshwaters,Barriers,Finance & Economics
#125,Designing policy mixes for emerging wicked problems. The case of pharmaceutical residues in freshwaters,Barriers_CritC5,NA
#125,Designing policy mixes for emerging wicked problems. The case of pharmaceutical residues in freshwaters,Barriers_CritC5,Geographic scale (#1)
#125,Designing policy mixes for emerging wicked problems. The case of pharmaceutical residues in freshwaters,Barriers_CritC5,Economic implications (#6)
#124,Simulating the economic and environmental effects of integrated policies in energy-carbon-water nexus of China,PaperType,Empirical
#124,Simulating the economic and environmental effects of integrated policies in energy-carbon-water nexus of China,Region,Eastern Asia
#124,Simulating the economic and environmental effects of integrated policies in energy-carbon-water nexus of China,Scale,National (whole country)
#124,Simulating the economic and environmental effects of integrated policies in energy-carbon-water nexus of China,Nexus,Climate change
#124,Simulating the economic and environmental effects of integrated policies in energy-carbon-water nexus of China,Nexus,Water
#124,Simulating the economic and environmental effects of integrated policies in energy-carbon-water nexus of China,NChallenge,Complexity Challenges
#124,Simulating the economic and environmental effects of integrated policies in energy-carbon-water nexus of China,Gov,NA
#124,Simulating the economic and environmental effects of integrated policies in energy-carbon-water nexus of China,Policy,Economic and Financial Instruments
#124,Simulating the economic and environmental effects of integrated policies in energy-carbon-water nexus of China,Actors,NA
#124,Simulating the economic and environmental effects of integrated policies in energy-carbon-water nexus of China,CrossCut,Energy
#124,Simulating the economic and environmental effects of integrated policies in energy-carbon-water nexus of China,Scaling,No
#124,Simulating the economic and environmental effects of integrated policies in energy-carbon-water nexus of China,Enablers,Policy design & Implementation
#124,Simulating the economic and environmental effects of integrated policies in energy-carbon-water nexus of China,Enablers,Finance & Economics
#124,Simulating the economic and environmental effects of integrated policies in energy-carbon-water nexus of China,Enablers,Technology
#124,Simulating the economic and environmental effects of integrated policies in energy-carbon-water nexus of China,Enablers_CritC5,Impacts on each nexus element (#3)
#124,Simulating the economic and environmental effects of integrated policies in energy-carbon-water nexus of China,Enablers_CritC5,NA
#124,Simulating the economic and environmental effects of integrated policies in energy-carbon-water nexus of China,Enablers_CritC5,Technical feasibility (#7)
#124,Simulating the economic and environmental effects of integrated policies in energy-carbon-water nexus of China,Barriers,Policy design & Implementation
#124,Simulating the economic and environmental effects of integrated policies in energy-carbon-water nexus of China,Barriers,Finance & Economics
#124,Simulating the economic and environmental effects of integrated policies in energy-carbon-water nexus of China,Barriers_CritC5,Impacts on each nexus element (#3)
#124,Simulating the economic and environmental effects of integrated policies in energy-carbon-water nexus of China,Barriers_CritC5,NA
#122,"Understanding barriers to collaborative governance for the food-energy-water nexus: The case of Phoenix, Arizona",PaperType,"Social network analysis, participant observation, and interviews"
#122,"Understanding barriers to collaborative governance for the food-energy-water nexus: The case of Phoenix, Arizona",Region,Northern America
#122,"Understanding barriers to collaborative governance for the food-energy-water nexus: The case of Phoenix, Arizona",Scale,Local >1 km² to 100 km² (neighbourhood to municipality)
#122,"Understanding barriers to collaborative governance for the food-energy-water nexus: The case of Phoenix, Arizona",Nexus,Food
#122,"Understanding barriers to collaborative governance for the food-energy-water nexus: The case of Phoenix, Arizona",Nexus,Water
#122,"Understanding barriers to collaborative governance for the food-energy-water nexus: The case of Phoenix, Arizona",NChallenge,NA
#122,"Understanding barriers to collaborative governance for the food-energy-water nexus: The case of Phoenix, Arizona",Gov,Collaborative Governance
#122,"Understanding barriers to collaborative governance for the food-energy-water nexus: The case of Phoenix, Arizona",Policy,Legal and Regulatory Instruments
#122,"Understanding barriers to collaborative governance for the food-energy-water nexus: The case of Phoenix, Arizona",Actors,Private Sector and Business Organisations
#122,"Understanding barriers to collaborative governance for the food-energy-water nexus: The case of Phoenix, Arizona",Actors,Civil Society and Community-Based Organisations
#122,"Understanding barriers to collaborative governance for the food-energy-water nexus: The case of Phoenix, Arizona",Actors,Local/National Governments and Municipalities
#122,"Understanding barriers to collaborative governance for the food-energy-water nexus: The case of Phoenix, Arizona",CrossCut,Energy
#122,"Understanding barriers to collaborative governance for the food-energy-water nexus: The case of Phoenix, Arizona",Scaling,No
#122,"Understanding barriers to collaborative governance for the food-energy-water nexus: The case of Phoenix, Arizona",Enablers,Institutional capacity
#122,"Understanding barriers to collaborative governance for the food-energy-water nexus: The case of Phoenix, Arizona",Enablers,Technology
#122,"Understanding barriers to collaborative governance for the food-energy-water nexus: The case of Phoenix, Arizona",Enablers_CritC5,Equity (#8)
#122,"Understanding barriers to collaborative governance for the food-energy-water nexus: The case of Phoenix, Arizona",Enablers_CritC5,NA
#122,"Understanding barriers to collaborative governance for the food-energy-water nexus: The case of Phoenix, Arizona",Barriers,Equity & Diversity
#122,"Understanding barriers to collaborative governance for the food-energy-water nexus: The case of Phoenix, Arizona",Barriers,Policy design & Implementation
#122,"Understanding barriers to collaborative governance for the food-energy-water nexus: The case of Phoenix, Arizona",Barriers,Institutional capacity
#122,"Understanding barriers to collaborative governance for the food-energy-water nexus: The case of Phoenix, Arizona",Barriers_CritC5,Equity (#8)
#122,"Understanding barriers to collaborative governance for the food-energy-water nexus: The case of Phoenix, Arizona",Barriers_CritC5,Geographic scale (#1)
#122,"Understanding barriers to collaborative governance for the food-energy-water nexus: The case of Phoenix, Arizona",Barriers_CritC5,Temporal scale (#2)
#122,"Understanding barriers to collaborative governance for the food-energy-water nexus: The case of Phoenix, Arizona",Barriers_CritC5,Transformative change potential (#10)
#121,A new way forward for ocean-climate policy as reflected in the UNFCCC Ocean and Climate Change Dialogue submissions,PaperType,"Summary of the Ocean and Climate Change Dialogue, decided at COP25 and launched online in December 2020"
#121,A new way forward for ocean-climate policy as reflected in the UNFCCC Ocean and Climate Change Dialogue submissions,Region,Not applicable (no specific spatial location)
#121,A new way forward for ocean-climate policy as reflected in the UNFCCC Ocean and Climate Change Dialogue submissions,Scale,Not applicable (no specific spatial location)
#121,A new way forward for ocean-climate policy as reflected in the UNFCCC Ocean and Climate Change Dialogue submissions,Nexus,Biodiversity
#121,A new way forward for ocean-climate policy as reflected in the UNFCCC Ocean and Climate Change Dialogue submissions,Nexus,Climate change
#121,A new way forward for ocean-climate policy as reflected in the UNFCCC Ocean and Climate Change Dialogue submissions,NChallenge,Complexity Challenges
#121,A new way forward for ocean-climate policy as reflected in the UNFCCC Ocean and Climate Change Dialogue submissions,Gov,Community Governance
#121,A new way forward for ocean-climate policy as reflected in the UNFCCC Ocean and Climate Change Dialogue submissions,Policy,Legal and Regulatory Instruments
#121,A new way forward for ocean-climate policy as reflected in the UNFCCC Ocean and Climate Change Dialogue submissions,Policy,Rights-Based Instruments and Customary Norms
#121,A new way forward for ocean-climate policy as reflected in the UNFCCC Ocean and Climate Change Dialogue submissions,Actors,Private Sector and Business Organisations
#121,A new way forward for ocean-climate policy as reflected in the UNFCCC Ocean and Climate Change Dialogue submissions,Actors,Civil Society and Community-Based Organisations
#121,A new way forward for ocean-climate policy as reflected in the UNFCCC Ocean and Climate Change Dialogue submissions,Actors,Knowledge and Educational Communities
#121,A new way forward for ocean-climate policy as reflected in the UNFCCC Ocean and Climate Change Dialogue submissions,Actors,IPLCs
#121,A new way forward for ocean-climate policy as reflected in the UNFCCC Ocean and Climate Change Dialogue submissions,Actors,Civil Society and Community-Based Organisations
#121,A new way forward for ocean-climate policy as reflected in the UNFCCC Ocean and Climate Change Dialogue submissions,Actors,Global/Regional Institutions and Science-Policy Interfaces
#121,A new way forward for ocean-climate policy as reflected in the UNFCCC Ocean and Climate Change Dialogue submissions,Actors,Local/National Governments and Municipalities
#121,A new way forward for ocean-climate policy as reflected in the UNFCCC Ocean and Climate Change Dialogue submissions,CrossCut,Equity
#121,A new way forward for ocean-climate policy as reflected in the UNFCCC Ocean and Climate Change Dialogue submissions,CrossCut,Poverty
#121,A new way forward for ocean-climate policy as reflected in the UNFCCC Ocean and Climate Change Dialogue submissions,CrossCut,Employment
#121,A new way forward for ocean-climate policy as reflected in the UNFCCC Ocean and Climate Change Dialogue submissions,CrossCut,ILK
#121,A new way forward for ocean-climate policy as reflected in the UNFCCC Ocean and Climate Change Dialogue submissions,CrossCut,Energy
#121,A new way forward for ocean-climate policy as reflected in the UNFCCC Ocean and Climate Change Dialogue submissions,Scaling,No
#121,A new way forward for ocean-climate policy as reflected in the UNFCCC Ocean and Climate Change Dialogue submissions,Enablers,Policy design & Implementation
#121,A new way forward for ocean-climate policy as reflected in the UNFCCC Ocean and Climate Change Dialogue submissions,Enablers,Institutional capacity
#121,A new way forward for ocean-climate policy as reflected in the UNFCCC Ocean and Climate Change Dialogue submissions,Enablers,Finance & Economics
#121,A new way forward for ocean-climate policy as reflected in the UNFCCC Ocean and Climate Change Dialogue submissions,Enablers,Behaviour & Lifestyle
#121,A new way forward for ocean-climate policy as reflected in the UNFCCC Ocean and Climate Change Dialogue submissions,Enablers,Technology
#121,A new way forward for ocean-climate policy as reflected in the UNFCCC Ocean and Climate Change Dialogue submissions,Enablers,Material & Non-material endowments
#121,A new way forward for ocean-climate policy as reflected in the UNFCCC Ocean and Climate Change Dialogue submissions,Enablers_CritC5,Alignment with political priorities (#5)
#121,A new way forward for ocean-climate policy as reflected in the UNFCCC Ocean and Climate Change Dialogue submissions,Enablers_CritC5,NA
#121,A new way forward for ocean-climate policy as reflected in the UNFCCC Ocean and Climate Change Dialogue submissions,Enablers_CritC5,Equity (#8)
#121,A new way forward for ocean-climate policy as reflected in the UNFCCC Ocean and Climate Change Dialogue submissions,Enablers_CritC5,Transformative change potential (#10)
#121,A new way forward for ocean-climate policy as reflected in the UNFCCC Ocean and Climate Change Dialogue submissions,Enablers_CritC5,Technical feasibility (#7)
#121,A new way forward for ocean-climate policy as reflected in the UNFCCC Ocean and Climate Change Dialogue submissions,Barriers,Policy design & Implementation
#121,A new way forward for ocean-climate policy as reflected in the UNFCCC Ocean and Climate Change Dialogue submissions,Barriers,Institutional capacity
#121,A new way forward for ocean-climate policy as reflected in the UNFCCC Ocean and Climate Change Dialogue submissions,Barriers_CritC5,Impacts on each nexus element (#3)
#121,A new way forward for ocean-climate policy as reflected in the UNFCCC Ocean and Climate Change Dialogue submissions,Barriers_CritC5,NA
#120,Governing complex environmental policy mixes through institutional bricolage: lessons from the water-forestry-energy-climate nexus,PaperType,Something between review and perspective
#120,Governing complex environmental policy mixes through institutional bricolage: lessons from the water-forestry-energy-climate nexus,Region,Not applicable (no specific spatial location)
#120,Governing complex environmental policy mixes through institutional bricolage: lessons from the water-forestry-energy-climate nexus,Scale,Not applicable (no specific spatial location)
#120,Governing complex environmental policy mixes through institutional bricolage: lessons from the water-forestry-energy-climate nexus,Nexus,Biodiversity
#120,Governing complex environmental policy mixes through institutional bricolage: lessons from the water-forestry-energy-climate nexus,Nexus,Climate change
#120,Governing complex environmental policy mixes through institutional bricolage: lessons from the water-forestry-energy-climate nexus,Nexus,Water
#120,Governing complex environmental policy mixes through institutional bricolage: lessons from the water-forestry-energy-climate nexus,NChallenge,Complexity Challenges
#120,Governing complex environmental policy mixes through institutional bricolage: lessons from the water-forestry-energy-climate nexus,NChallenge,Governance Challenges
#120,Governing complex environmental policy mixes through institutional bricolage: lessons from the water-forestry-energy-climate nexus,Gov,NA
#120,Governing complex environmental policy mixes through institutional bricolage: lessons from the water-forestry-energy-climate nexus,Policy,NA
#120,Governing complex environmental policy mixes through institutional bricolage: lessons from the water-forestry-energy-climate nexus,Actors,NA
#120,Governing complex environmental policy mixes through institutional bricolage: lessons from the water-forestry-energy-climate nexus,CrossCut,Energy
#120,Governing complex environmental policy mixes through institutional bricolage: lessons from the water-forestry-energy-climate nexus,Scaling,No
#120,Governing complex environmental policy mixes through institutional bricolage: lessons from the water-forestry-energy-climate nexus,Enablers,Policy design & Implementation
#120,Governing complex environmental policy mixes through institutional bricolage: lessons from the water-forestry-energy-climate nexus,Enablers_CritC5,NA
#120,Governing complex environmental policy mixes through institutional bricolage: lessons from the water-forestry-energy-climate nexus,Barriers,Policy design & Implementation
#120,Governing complex environmental policy mixes through institutional bricolage: lessons from the water-forestry-energy-climate nexus,Barriers,Institutional capacity
#120,Governing complex environmental policy mixes through institutional bricolage: lessons from the water-forestry-energy-climate nexus,Barriers_CritC5,NA
#120,Governing complex environmental policy mixes through institutional bricolage: lessons from the water-forestry-energy-climate nexus,Barriers_CritC5,Geographic scale (#1)
#120,Governing complex environmental policy mixes through institutional bricolage: lessons from the water-forestry-energy-climate nexus,Barriers_CritC5,Transformative change potential (#10)
#110,Operationalizing water-energy-food nexus research for sustainable development in social-ecological systems: an interdisciplinary learning case in Central Asia,PaperType,Empirical
#110,Operationalizing water-energy-food nexus research for sustainable development in social-ecological systems: an interdisciplinary learning case in Central Asia,Region,Central Asia
#110,Operationalizing water-energy-food nexus research for sustainable development in social-ecological systems: an interdisciplinary learning case in Central Asia,Scale,"Regional (multiple countries, whole continents)"
#110,Operationalizing water-energy-food nexus research for sustainable development in social-ecological systems: an interdisciplinary learning case in Central Asia,Nexus,Food
#110,Operationalizing water-energy-food nexus research for sustainable development in social-ecological systems: an interdisciplinary learning case in Central Asia,Nexus,Water
#110,Operationalizing water-energy-food nexus research for sustainable development in social-ecological systems: an interdisciplinary learning case in Central Asia,NChallenge,Complexity Challenges
#110,Operationalizing water-energy-food nexus research for sustainable development in social-ecological systems: an interdisciplinary learning case in Central Asia,NChallenge,Values Challenges
#110,Operationalizing water-energy-food nexus research for sustainable development in social-ecological systems: an interdisciplinary learning case in Central Asia,NChallenge,Governance Challenges
#110,Operationalizing water-energy-food nexus research for sustainable development in social-ecological systems: an interdisciplinary learning case in Central Asia,NChallenge,Scaling Challenges
#110,Operationalizing water-energy-food nexus research for sustainable development in social-ecological systems: an interdisciplinary learning case in Central Asia,Gov,Transboundary Governance
#110,Operationalizing water-energy-food nexus research for sustainable development in social-ecological systems: an interdisciplinary learning case in Central Asia,Policy,NA
#110,Operationalizing water-energy-food nexus research for sustainable development in social-ecological systems: an interdisciplinary learning case in Central Asia,Actors,Financial Institutions
#110,Operationalizing water-energy-food nexus research for sustainable development in social-ecological systems: an interdisciplinary learning case in Central Asia,Actors,Civil Society and Community-Based Organisations
#110,Operationalizing water-energy-food nexus research for sustainable development in social-ecological systems: an interdisciplinary learning case in Central Asia,Actors,Knowledge and Educational Communities
#110,Operationalizing water-energy-food nexus research for sustainable development in social-ecological systems: an interdisciplinary learning case in Central Asia,Actors,Global/Regional Institutions and Science-Policy Interfaces
#110,Operationalizing water-energy-food nexus research for sustainable development in social-ecological systems: an interdisciplinary learning case in Central Asia,Actors,Local/National Governments and Municipalities
#110,Operationalizing water-energy-food nexus research for sustainable development in social-ecological systems: an interdisciplinary learning case in Central Asia,CrossCut,Energy
#110,Operationalizing water-energy-food nexus research for sustainable development in social-ecological systems: an interdisciplinary learning case in Central Asia,Scaling,No
#110,Operationalizing water-energy-food nexus research for sustainable development in social-ecological systems: an interdisciplinary learning case in Central Asia,Enablers,Policy design & Implementation
#110,Operationalizing water-energy-food nexus research for sustainable development in social-ecological systems: an interdisciplinary learning case in Central Asia,Enablers_CritC5,NA
#110,Operationalizing water-energy-food nexus research for sustainable development in social-ecological systems: an interdisciplinary learning case in Central Asia,Barriers,Policy design & Implementation
#110,Operationalizing water-energy-food nexus research for sustainable development in social-ecological systems: an interdisciplinary learning case in Central Asia,Barriers,Institutional capacity
#110,Operationalizing water-energy-food nexus research for sustainable development in social-ecological systems: an interdisciplinary learning case in Central Asia,Barriers,Behaviour & Lifestyle
#110,Operationalizing water-energy-food nexus research for sustainable development in social-ecological systems: an interdisciplinary learning case in Central Asia,Barriers,Material & Non-material endowments
#110,Operationalizing water-energy-food nexus research for sustainable development in social-ecological systems: an interdisciplinary learning case in Central Asia,Barriers_CritC5,Impacts on each nexus element (#3)
#110,Operationalizing water-energy-food nexus research for sustainable development in social-ecological systems: an interdisciplinary learning case in Central Asia,Barriers_CritC5,NA
#110,Operationalizing water-energy-food nexus research for sustainable development in social-ecological systems: an interdisciplinary learning case in Central Asia,Barriers_CritC5,Geographic scale (#1)
#106,Identifying leverage points for shifting Water-Energy-Food nexus cases towards sustainability through the Networks of Action Situations approach combined with systems thinking,PaperType,Perspective
#106,Identifying leverage points for shifting Water-Energy-Food nexus cases towards sustainability through the Networks of Action Situations approach combined with systems thinking,PaperType,Conceptual/theoretical
#106,Identifying leverage points for shifting Water-Energy-Food nexus cases towards sustainability through the Networks of Action Situations approach combined with systems thinking,PaperType,"Discuss the NAS-WEF Nexus in Switzerland, thus is a case study paper."
#106,Identifying leverage points for shifting Water-Energy-Food nexus cases towards sustainability through the Networks of Action Situations approach combined with systems thinking,Region,Southern Europe
#106,Identifying leverage points for shifting Water-Energy-Food nexus cases towards sustainability through the Networks of Action Situations approach combined with systems thinking,Region,Western Europe
#106,Identifying leverage points for shifting Water-Energy-Food nexus cases towards sustainability through the Networks of Action Situations approach combined with systems thinking,Region,Not applicable (no specific spatial location)
#106,Identifying leverage points for shifting Water-Energy-Food nexus cases towards sustainability through the Networks of Action Situations approach combined with systems thinking,Scale,Subnational >100 km² (watershed)
#106,Identifying leverage points for shifting Water-Energy-Food nexus cases towards sustainability through the Networks of Action Situations approach combined with systems thinking,Scale,Not applicable (no specific spatial location)
#106,Identifying leverage points for shifting Water-Energy-Food nexus cases towards sustainability through the Networks of Action Situations approach combined with systems thinking,Nexus,Biodiversity
#106,Identifying leverage points for shifting Water-Energy-Food nexus cases towards sustainability through the Networks of Action Situations approach combined with systems thinking,Nexus,Climate change
#106,Identifying leverage points for shifting Water-Energy-Food nexus cases towards sustainability through the Networks of Action Situations approach combined with systems thinking,Nexus,Food
#106,Identifying leverage points for shifting Water-Energy-Food nexus cases towards sustainability through the Networks of Action Situations approach combined with systems thinking,Nexus,Water
#106,Identifying leverage points for shifting Water-Energy-Food nexus cases towards sustainability through the Networks of Action Situations approach combined with systems thinking,NChallenge,Complexity Challenges
#106,Identifying leverage points for shifting Water-Energy-Food nexus cases towards sustainability through the Networks of Action Situations approach combined with systems thinking,NChallenge,Governance Challenges
#106,Identifying leverage points for shifting Water-Energy-Food nexus cases towards sustainability through the Networks of Action Situations approach combined with systems thinking,Gov,Hierarchical Governance
#106,Identifying leverage points for shifting Water-Energy-Food nexus cases towards sustainability through the Networks of Action Situations approach combined with systems thinking,Policy,Legal and Regulatory Instruments
#106,Identifying leverage points for shifting Water-Energy-Food nexus cases towards sustainability through the Networks of Action Situations approach combined with systems thinking,Policy,Rights-Based Instruments and Customary Norms
#106,Identifying leverage points for shifting Water-Energy-Food nexus cases towards sustainability through the Networks of Action Situations approach combined with systems thinking,Actors,Private Sector and Business Organisations
#106,Identifying leverage points for shifting Water-Energy-Food nexus cases towards sustainability through the Networks of Action Situations approach combined with systems thinking,Actors,Civil Society and Community-Based Organisations
#106,Identifying leverage points for shifting Water-Energy-Food nexus cases towards sustainability through the Networks of Action Situations approach combined with systems thinking,Actors,IPLCs
#106,Identifying leverage points for shifting Water-Energy-Food nexus cases towards sustainability through the Networks of Action Situations approach combined with systems thinking,Actors,Civil Society and Community-Based Organisations
#106,Identifying leverage points for shifting Water-Energy-Food nexus cases towards sustainability through the Networks of Action Situations approach combined with systems thinking,Actors,Global/Regional Institutions and Science-Policy Interfaces
#106,Identifying leverage points for shifting Water-Energy-Food nexus cases towards sustainability through the Networks of Action Situations approach combined with systems thinking,Actors,Local/National Governments and Municipalities
#106,Identifying leverage points for shifting Water-Energy-Food nexus cases towards sustainability through the Networks of Action Situations approach combined with systems thinking,CrossCut,Energy
#106,Identifying leverage points for shifting Water-Energy-Food nexus cases towards sustainability through the Networks of Action Situations approach combined with systems thinking,Scaling,No
#106,Identifying leverage points for shifting Water-Energy-Food nexus cases towards sustainability through the Networks of Action Situations approach combined with systems thinking,Enablers,Institutional capacity
#106,Identifying leverage points for shifting Water-Energy-Food nexus cases towards sustainability through the Networks of Action Situations approach combined with systems thinking,Enablers_CritC5,Equity (#8)
#106,Identifying leverage points for shifting Water-Energy-Food nexus cases towards sustainability through the Networks of Action Situations approach combined with systems thinking,Barriers,Policy design & Implementation
#106,Identifying leverage points for shifting Water-Energy-Food nexus cases towards sustainability through the Networks of Action Situations approach combined with systems thinking,Barriers_CritC5,Impacts on each nexus element (#3)
#105,"A 'Chennai' in Every City of the World: The Lethal Mix of the Water Crisis, Climate Change, and Governance Indifference",PaperType,Review
#105,"A 'Chennai' in Every City of the World: The Lethal Mix of the Water Crisis, Climate Change, and Governance Indifference",Region,Southern Asia
#105,"A 'Chennai' in Every City of the World: The Lethal Mix of the Water Crisis, Climate Change, and Governance Indifference",Scale,National (whole country)
#105,"A 'Chennai' in Every City of the World: The Lethal Mix of the Water Crisis, Climate Change, and Governance Indifference",Nexus,Climate change
#105,"A 'Chennai' in Every City of the World: The Lethal Mix of the Water Crisis, Climate Change, and Governance Indifference",Nexus,Food
#105,"A 'Chennai' in Every City of the World: The Lethal Mix of the Water Crisis, Climate Change, and Governance Indifference",Nexus,Water
#105,"A 'Chennai' in Every City of the World: The Lethal Mix of the Water Crisis, Climate Change, and Governance Indifference",NChallenge,Governance Challenges
#105,"A 'Chennai' in Every City of the World: The Lethal Mix of the Water Crisis, Climate Change, and Governance Indifference",NChallenge,Financing Challenges
#105,"A 'Chennai' in Every City of the World: The Lethal Mix of the Water Crisis, Climate Change, and Governance Indifference",Gov,Hierarchical Governance
#105,"A 'Chennai' in Every City of the World: The Lethal Mix of the Water Crisis, Climate Change, and Governance Indifference",Gov,Network Governance
#105,"A 'Chennai' in Every City of the World: The Lethal Mix of the Water Crisis, Climate Change, and Governance Indifference",Policy,Legal and Regulatory Instruments
#105,"A 'Chennai' in Every City of the World: The Lethal Mix of the Water Crisis, Climate Change, and Governance Indifference",Actors,Private Sector and Business Organisations
#105,"A 'Chennai' in Every City of the World: The Lethal Mix of the Water Crisis, Climate Change, and Governance Indifference",Actors,Civil Society and Community-Based Organisations
#105,"A 'Chennai' in Every City of the World: The Lethal Mix of the Water Crisis, Climate Change, and Governance Indifference",Actors,Civil Society and Community-Based Organisations
#105,"A 'Chennai' in Every City of the World: The Lethal Mix of the Water Crisis, Climate Change, and Governance Indifference",Actors,Local/National Governments and Municipalities
#105,"A 'Chennai' in Every City of the World: The Lethal Mix of the Water Crisis, Climate Change, and Governance Indifference",CrossCut,Equity
#105,"A 'Chennai' in Every City of the World: The Lethal Mix of the Water Crisis, Climate Change, and Governance Indifference",CrossCut,Poverty
#105,"A 'Chennai' in Every City of the World: The Lethal Mix of the Water Crisis, Climate Change, and Governance Indifference",CrossCut,Energy
#105,"A 'Chennai' in Every City of the World: The Lethal Mix of the Water Crisis, Climate Change, and Governance Indifference",CrossCut,Civil Rights
#105,"A 'Chennai' in Every City of the World: The Lethal Mix of the Water Crisis, Climate Change, and Governance Indifference",CrossCut,Politics and Democracy
#105,"A 'Chennai' in Every City of the World: The Lethal Mix of the Water Crisis, Climate Change, and Governance Indifference",CrossCut,Rule of Law
#105,"A 'Chennai' in Every City of the World: The Lethal Mix of the Water Crisis, Climate Change, and Governance Indifference",Scaling,No
#105,"A 'Chennai' in Every City of the World: The Lethal Mix of the Water Crisis, Climate Change, and Governance Indifference",Barriers,Policy design & Implementation
#105,"A 'Chennai' in Every City of the World: The Lethal Mix of the Water Crisis, Climate Change, and Governance Indifference",Barriers,Institutional capacity
#105,"A 'Chennai' in Every City of the World: The Lethal Mix of the Water Crisis, Climate Change, and Governance Indifference",Barriers,Behaviour & Lifestyle
#105,"A 'Chennai' in Every City of the World: The Lethal Mix of the Water Crisis, Climate Change, and Governance Indifference",Barriers,Technology
#105,"A 'Chennai' in Every City of the World: The Lethal Mix of the Water Crisis, Climate Change, and Governance Indifference",Barriers_CritC5,Alignment with political priorities (#5)
#105,"A 'Chennai' in Every City of the World: The Lethal Mix of the Water Crisis, Climate Change, and Governance Indifference",Barriers_CritC5,Equity (#8)
#105,"A 'Chennai' in Every City of the World: The Lethal Mix of the Water Crisis, Climate Change, and Governance Indifference",Barriers_CritC5,Transformative change potential (#10)
#105,"A 'Chennai' in Every City of the World: The Lethal Mix of the Water Crisis, Climate Change, and Governance Indifference",Barriers_CritC5,Technical feasibility (#7)
#101,Analysing complex policy problems: a critical review of the literature,PaperType,Review
#101,Analysing complex policy problems: a critical review of the literature,Region,Not applicable (no specific spatial location)
#101,Analysing complex policy problems: a critical review of the literature,Scale,Not applicable (no specific spatial location)
#101,Analysing complex policy problems: a critical review of the literature,Nexus,Climate change
#101,Analysing complex policy problems: a critical review of the literature,Nexus,Health
#101,Analysing complex policy problems: a critical review of the literature,Nexus,Food
#101,Analysing complex policy problems: a critical review of the literature,NChallenge,Values Challenges
#101,Analysing complex policy problems: a critical review of the literature,NChallenge,Governance Challenges
#101,Analysing complex policy problems: a critical review of the literature,Gov,Hierarchical Governance
#101,Analysing complex policy problems: a critical review of the literature,Gov,Network Governance
#101,Analysing complex policy problems: a critical review of the literature,Gov,Multi-level Governance
#101,Analysing complex policy problems: a critical review of the literature,Policy,NA
#101,Analysing complex policy problems: a critical review of the literature,Actors,NA
#101,Analysing complex policy problems: a critical review of the literature,CrossCut,Energy
#101,Analysing complex policy problems: a critical review of the literature,Scaling,No
#101,Analysing complex policy problems: a critical review of the literature,Barriers,Policy design & Implementation
#101,Analysing complex policy problems: a critical review of the literature,Barriers,Institutional capacity
#101,Analysing complex policy problems: a critical review of the literature,Barriers_CritC5,Alignment with political priorities (#5)
#101,Analysing complex policy problems: a critical review of the literature,Barriers_CritC5,NA
#101,Analysing complex policy problems: a critical review of the literature,Barriers_CritC5,Transformative change potential (#10)
#100,A regional approach to implementing the WEF nexus: a case study of the Southern African Development Community,PaperType,Review
#100,A regional approach to implementing the WEF nexus: a case study of the Southern African Development Community,PaperType,More of a summary of a policy approach
#100,A regional approach to implementing the WEF nexus: a case study of the Southern African Development Community,Region,Sub-Saharan Africa
#100,A regional approach to implementing the WEF nexus: a case study of the Southern African Development Community,Scale,"Regional (multiple countries, whole continents)"
#100,A regional approach to implementing the WEF nexus: a case study of the Southern African Development Community,Nexus,Food
#100,A regional approach to implementing the WEF nexus: a case study of the Southern African Development Community,Nexus,Water
#100,A regional approach to implementing the WEF nexus: a case study of the Southern African Development Community,NChallenge,Governance Challenges
#100,A regional approach to implementing the WEF nexus: a case study of the Southern African Development Community,Gov,Hierarchical Governance
#100,A regional approach to implementing the WEF nexus: a case study of the Southern African Development Community,Policy,Legal and Regulatory Instruments
#100,A regional approach to implementing the WEF nexus: a case study of the Southern African Development Community,Policy,Social and Cultural Instruments
#100,A regional approach to implementing the WEF nexus: a case study of the Southern African Development Community,Actors,Private Sector and Business Organisations
#100,A regional approach to implementing the WEF nexus: a case study of the Southern African Development Community,Actors,Financial Institutions
#100,A regional approach to implementing the WEF nexus: a case study of the Southern African Development Community,Actors,Global/Regional Institutions and Science-Policy Interfaces
#100,A regional approach to implementing the WEF nexus: a case study of the Southern African Development Community,Actors,Local/National Governments and Municipalities
#100,A regional approach to implementing the WEF nexus: a case study of the Southern African Development Community,CrossCut,Energy
#100,A regional approach to implementing the WEF nexus: a case study of the Southern African Development Community,Scaling,No
#100,A regional approach to implementing the WEF nexus: a case study of the Southern African Development Community,Enablers,Finance & Economics
#100,A regional approach to implementing the WEF nexus: a case study of the Southern African Development Community,Enablers,Behaviour & Lifestyle
#100,A regional approach to implementing the WEF nexus: a case study of the Southern African Development Community,Enablers_CritC5,NA
#100,A regional approach to implementing the WEF nexus: a case study of the Southern African Development Community,Enablers_CritC5,Transformative change potential (#10)
#100,A regional approach to implementing the WEF nexus: a case study of the Southern African Development Community,Barriers,Policy design & Implementation
#100,A regional approach to implementing the WEF nexus: a case study of the Southern African Development Community,Barriers,Institutional capacity
#100,A regional approach to implementing the WEF nexus: a case study of the Southern African Development Community,Barriers_CritC5,Geographic scale (#1)
#100,A regional approach to implementing the WEF nexus: a case study of the Southern African Development Community,Barriers_CritC5,Transformative change potential (#10)
#93,How Can We Use the Water Cost Instrument in a Scarcity Scenario for the Power Sector in Brazil?,PaperType,Modelling
#93,How Can We Use the Water Cost Instrument in a Scarcity Scenario for the Power Sector in Brazil?,Region,Latin America and the Caribbean
#93,How Can We Use the Water Cost Instrument in a Scarcity Scenario for the Power Sector in Brazil?,Scale,Subnational >100 km² (watershed)
#93,How Can We Use the Water Cost Instrument in a Scarcity Scenario for the Power Sector in Brazil?,Nexus,Food
#93,How Can We Use the Water Cost Instrument in a Scarcity Scenario for the Power Sector in Brazil?,Nexus,Water
#93,How Can We Use the Water Cost Instrument in a Scarcity Scenario for the Power Sector in Brazil?,NChallenge,Values Challenges
#93,How Can We Use the Water Cost Instrument in a Scarcity Scenario for the Power Sector in Brazil?,NChallenge,Financing Challenges
#93,How Can We Use the Water Cost Instrument in a Scarcity Scenario for the Power Sector in Brazil?,Gov,Market Governance
#93,How Can We Use the Water Cost Instrument in a Scarcity Scenario for the Power Sector in Brazil?,Policy,Economic and Financial Instruments
#93,How Can We Use the Water Cost Instrument in a Scarcity Scenario for the Power Sector in Brazil?,Actors,Private Sector and Business Organisations
#93,How Can We Use the Water Cost Instrument in a Scarcity Scenario for the Power Sector in Brazil?,Actors,Local/National Governments and Municipalities
#93,How Can We Use the Water Cost Instrument in a Scarcity Scenario for the Power Sector in Brazil?,CrossCut,Energy
#93,How Can We Use the Water Cost Instrument in a Scarcity Scenario for the Power Sector in Brazil?,Scaling,No
#89,Sustainability of the Water-Energy-Food Nexus in Caribbean Small Island Developing States,PaperType,Empirical
#89,Sustainability of the Water-Energy-Food Nexus in Caribbean Small Island Developing States,Region,Latin America and the Caribbean
#89,Sustainability of the Water-Energy-Food Nexus in Caribbean Small Island Developing States,Scale,NA
#89,Sustainability of the Water-Energy-Food Nexus in Caribbean Small Island Developing States,Nexus,Food
#89,Sustainability of the Water-Energy-Food Nexus in Caribbean Small Island Developing States,Nexus,Water
#89,Sustainability of the Water-Energy-Food Nexus in Caribbean Small Island Developing States,NChallenge,Complexity Challenges
#89,Sustainability of the Water-Energy-Food Nexus in Caribbean Small Island Developing States,NChallenge,Scaling Challenges
#89,Sustainability of the Water-Energy-Food Nexus in Caribbean Small Island Developing States,Gov,Adaptive Governance
#89,Sustainability of the Water-Energy-Food Nexus in Caribbean Small Island Developing States,Policy,NA
#89,Sustainability of the Water-Energy-Food Nexus in Caribbean Small Island Developing States,Actors,Financial Institutions
#89,Sustainability of the Water-Energy-Food Nexus in Caribbean Small Island Developing States,Actors,Global/Regional Institutions and Science-Policy Interfaces
#89,Sustainability of the Water-Energy-Food Nexus in Caribbean Small Island Developing States,CrossCut,Energy
#89,Sustainability of the Water-Energy-Food Nexus in Caribbean Small Island Developing States,Scaling,No
#89,Sustainability of the Water-Energy-Food Nexus in Caribbean Small Island Developing States,Enablers,Policy design & Implementation
#89,Sustainability of the Water-Energy-Food Nexus in Caribbean Small Island Developing States,Enablers,Institutional capacity
#89,Sustainability of the Water-Energy-Food Nexus in Caribbean Small Island Developing States,Enablers,Finance & Economics
#89,Sustainability of the Water-Energy-Food Nexus in Caribbean Small Island Developing States,Enablers_CritC5,NA
#89,Sustainability of the Water-Energy-Food Nexus in Caribbean Small Island Developing States,Enablers_CritC5,Transformative change potential (#10)
#89,Sustainability of the Water-Energy-Food Nexus in Caribbean Small Island Developing States,Enablers_CritC5,Economic implications (#6)
#89,Sustainability of the Water-Energy-Food Nexus in Caribbean Small Island Developing States,Barriers,Policy design & Implementation
#89,Sustainability of the Water-Energy-Food Nexus in Caribbean Small Island Developing States,Barriers,Institutional capacity
#89,Sustainability of the Water-Energy-Food Nexus in Caribbean Small Island Developing States,Barriers,Finance & Economics
#89,Sustainability of the Water-Energy-Food Nexus in Caribbean Small Island Developing States,Barriers,Technology
#89,Sustainability of the Water-Energy-Food Nexus in Caribbean Small Island Developing States,Barriers_CritC5,NA
#89,Sustainability of the Water-Energy-Food Nexus in Caribbean Small Island Developing States,Barriers_CritC5,Alignment with political priorities (#5)
#89,Sustainability of the Water-Energy-Food Nexus in Caribbean Small Island Developing States,Barriers_CritC5,Alignment with international frameworks (#9)
#89,Sustainability of the Water-Energy-Food Nexus in Caribbean Small Island Developing States,Barriers_CritC5,Transformative change potential (#10)
#89,Sustainability of the Water-Energy-Food Nexus in Caribbean Small Island Developing States,Barriers_CritC5,Economic implications (#6)
#87,Analysing the Water-Energy-Food Nexus From a Polycentric Governance Perspective: Conceptual and Methodological Framework,PaperType,Conceptual/theoretical
#87,Analysing the Water-Energy-Food Nexus From a Polycentric Governance Perspective: Conceptual and Methodological Framework,Region,Not applicable (no specific spatial location)
#87,Analysing the Water-Energy-Food Nexus From a Polycentric Governance Perspective: Conceptual and Methodological Framework,Scale,Not applicable (no specific spatial location)
#87,Analysing the Water-Energy-Food Nexus From a Polycentric Governance Perspective: Conceptual and Methodological Framework,Nexus,Health
#87,Analysing the Water-Energy-Food Nexus From a Polycentric Governance Perspective: Conceptual and Methodological Framework,Nexus,Food
#87,Analysing the Water-Energy-Food Nexus From a Polycentric Governance Perspective: Conceptual and Methodological Framework,Nexus,Water
#87,Analysing the Water-Energy-Food Nexus From a Polycentric Governance Perspective: Conceptual and Methodological Framework,NChallenge,Governance Challenges
#87,Analysing the Water-Energy-Food Nexus From a Polycentric Governance Perspective: Conceptual and Methodological Framework,Gov,NA
#87,Analysing the Water-Energy-Food Nexus From a Polycentric Governance Perspective: Conceptual and Methodological Framework,Policy,Legal and Regulatory Instruments
#87,Analysing the Water-Energy-Food Nexus From a Polycentric Governance Perspective: Conceptual and Methodological Framework,Policy,Economic and Financial Instruments
#87,Analysing the Water-Energy-Food Nexus From a Polycentric Governance Perspective: Conceptual and Methodological Framework,Actors,Private Sector and Business Organisations
#87,Analysing the Water-Energy-Food Nexus From a Polycentric Governance Perspective: Conceptual and Methodological Framework,Actors,Civil Society and Community-Based Organisations
#87,Analysing the Water-Energy-Food Nexus From a Polycentric Governance Perspective: Conceptual and Methodological Framework,Actors,Knowledge and Educational Communities
#87,Analysing the Water-Energy-Food Nexus From a Polycentric Governance Perspective: Conceptual and Methodological Framework,Actors,Global/Regional Institutions and Science-Policy Interfaces
#87,Analysing the Water-Energy-Food Nexus From a Polycentric Governance Perspective: Conceptual and Methodological Framework,Actors,Local/National Governments and Municipalities
#87,Analysing the Water-Energy-Food Nexus From a Polycentric Governance Perspective: Conceptual and Methodological Framework,CrossCut,Equity
#87,Analysing the Water-Energy-Food Nexus From a Polycentric Governance Perspective: Conceptual and Methodological Framework,CrossCut,Economy
#87,Analysing the Water-Energy-Food Nexus From a Polycentric Governance Perspective: Conceptual and Methodological Framework,CrossCut,Energy
#87,Analysing the Water-Energy-Food Nexus From a Polycentric Governance Perspective: Conceptual and Methodological Framework,Scaling,NA
#87,Analysing the Water-Energy-Food Nexus From a Polycentric Governance Perspective: Conceptual and Methodological Framework,Enablers,Policy design & Implementation
#87,Analysing the Water-Energy-Food Nexus From a Polycentric Governance Perspective: Conceptual and Methodological Framework,Enablers_CritC5,Impacts on each nexus element (#3)
#87,Analysing the Water-Energy-Food Nexus From a Polycentric Governance Perspective: Conceptual and Methodological Framework,Enablers_CritC5,NA
#87,Analysing the Water-Energy-Food Nexus From a Polycentric Governance Perspective: Conceptual and Methodological Framework,Enablers_CritC5,Social acceptability (#4)
#87,Analysing the Water-Energy-Food Nexus From a Polycentric Governance Perspective: Conceptual and Methodological Framework,Enablers_CritC5,Alignment with political priorities (#5)
#87,Analysing the Water-Energy-Food Nexus From a Polycentric Governance Perspective: Conceptual and Methodological Framework,Barriers,Policy design & Implementation
#87,Analysing the Water-Energy-Food Nexus From a Polycentric Governance Perspective: Conceptual and Methodological Framework,Barriers,Institutional capacity
#87,Analysing the Water-Energy-Food Nexus From a Polycentric Governance Perspective: Conceptual and Methodological Framework,Barriers,Equity & Diversity
#87,Analysing the Water-Energy-Food Nexus From a Polycentric Governance Perspective: Conceptual and Methodological Framework,Barriers_CritC5,NA
#87,Analysing the Water-Energy-Food Nexus From a Polycentric Governance Perspective: Conceptual and Methodological Framework,Barriers_CritC5,Transformative change potential (#10)
#87,Analysing the Water-Energy-Food Nexus From a Polycentric Governance Perspective: Conceptual and Methodological Framework,Barriers_CritC5,Equity (#8)
#85,Principles of food-energy-water nexus governance,PaperType,Conceptual/theoretical
#85,Principles of food-energy-water nexus governance,Region,Not applicable (no specific spatial location)
#85,Principles of food-energy-water nexus governance,Scale,Not applicable (no specific spatial location)
#85,Principles of food-energy-water nexus governance,Nexus,Food
#85,Principles of food-energy-water nexus governance,Nexus,Water
#85,Principles of food-energy-water nexus governance,NChallenge,Governance Challenges
#85,Principles of food-energy-water nexus governance,Gov,NA
#85,Principles of food-energy-water nexus governance,Policy,NA
#85,Principles of food-energy-water nexus governance,Actors,NA
#85,Principles of food-energy-water nexus governance,CrossCut,Equity
#85,Principles of food-energy-water nexus governance,CrossCut,ILK
#85,Principles of food-energy-water nexus governance,CrossCut,Energy
#85,Principles of food-energy-water nexus governance,Scaling,NA
#84,The need for stewardship of lands exposed by deglaciation from climate change,PaperType,Opinion
#84,The need for stewardship of lands exposed by deglaciation from climate change,Region,NA
#84,The need for stewardship of lands exposed by deglaciation from climate change,Scale,NA
#84,The need for stewardship of lands exposed by deglaciation from climate change,Nexus,Climate change
#84,The need for stewardship of lands exposed by deglaciation from climate change,Nexus,Health
#84,The need for stewardship of lands exposed by deglaciation from climate change,NChallenge,NA
#84,The need for stewardship of lands exposed by deglaciation from climate change,Gov,NA
#84,The need for stewardship of lands exposed by deglaciation from climate change,Policy,NA
#84,The need for stewardship of lands exposed by deglaciation from climate change,Actors,NA
#84,The need for stewardship of lands exposed by deglaciation from climate change,CrossCut,Migration
#84,The need for stewardship of lands exposed by deglaciation from climate change,Scaling,NA
#83,Assessing the Nexus on Local Perspective: A Quali-Quantitative Framework for Water-Energy-Food Security Evaluation in Neglected Territories,PaperType,Empirical
#83,Assessing the Nexus on Local Perspective: A Quali-Quantitative Framework for Water-Energy-Food Security Evaluation in Neglected Territories,Region,Latin America and the Caribbean
#83,Assessing the Nexus on Local Perspective: A Quali-Quantitative Framework for Water-Energy-Food Security Evaluation in Neglected Territories,Scale,Subnational >100 km² (watershed)
#83,Assessing the Nexus on Local Perspective: A Quali-Quantitative Framework for Water-Energy-Food Security Evaluation in Neglected Territories,Nexus,Food
#83,Assessing the Nexus on Local Perspective: A Quali-Quantitative Framework for Water-Energy-Food Security Evaluation in Neglected Territories,Nexus,Water
#83,Assessing the Nexus on Local Perspective: A Quali-Quantitative Framework for Water-Energy-Food Security Evaluation in Neglected Territories,NChallenge,Complexity Challenges
#83,Assessing the Nexus on Local Perspective: A Quali-Quantitative Framework for Water-Energy-Food Security Evaluation in Neglected Territories,Gov,Community Governance
#83,Assessing the Nexus on Local Perspective: A Quali-Quantitative Framework for Water-Energy-Food Security Evaluation in Neglected Territories,Policy,Rights-Based Instruments and Customary Norms
#83,Assessing the Nexus on Local Perspective: A Quali-Quantitative Framework for Water-Energy-Food Security Evaluation in Neglected Territories,Actors,Civil Society and Community-Based Organisations
#83,Assessing the Nexus on Local Perspective: A Quali-Quantitative Framework for Water-Energy-Food Security Evaluation in Neglected Territories,Actors,Local/National Governments and Municipalities
#83,Assessing the Nexus on Local Perspective: A Quali-Quantitative Framework for Water-Energy-Food Security Evaluation in Neglected Territories,CrossCut,Poverty
#83,Assessing the Nexus on Local Perspective: A Quali-Quantitative Framework for Water-Energy-Food Security Evaluation in Neglected Territories,CrossCut,Energy
#83,Assessing the Nexus on Local Perspective: A Quali-Quantitative Framework for Water-Energy-Food Security Evaluation in Neglected Territories,Scaling,No
#83,Assessing the Nexus on Local Perspective: A Quali-Quantitative Framework for Water-Energy-Food Security Evaluation in Neglected Territories,Enablers,Policy design & Implementation
#83,Assessing the Nexus on Local Perspective: A Quali-Quantitative Framework for Water-Energy-Food Security Evaluation in Neglected Territories,Enablers,Institutional capacity
#83,Assessing the Nexus on Local Perspective: A Quali-Quantitative Framework for Water-Energy-Food Security Evaluation in Neglected Territories,Enablers,Behaviour & Lifestyle
#83,Assessing the Nexus on Local Perspective: A Quali-Quantitative Framework for Water-Energy-Food Security Evaluation in Neglected Territories,Enablers_CritC5,NA
#83,Assessing the Nexus on Local Perspective: A Quali-Quantitative Framework for Water-Energy-Food Security Evaluation in Neglected Territories,Enablers_CritC5,Geographic scale (#1)
#83,Assessing the Nexus on Local Perspective: A Quali-Quantitative Framework for Water-Energy-Food Security Evaluation in Neglected Territories,Enablers_CritC5,Temporal scale (#2)
#83,Assessing the Nexus on Local Perspective: A Quali-Quantitative Framework for Water-Energy-Food Security Evaluation in Neglected Territories,Enablers_CritC5,Equity (#8)
#83,Assessing the Nexus on Local Perspective: A Quali-Quantitative Framework for Water-Energy-Food Security Evaluation in Neglected Territories,Enablers_CritC5,Transformative change potential (#10)
#83,Assessing the Nexus on Local Perspective: A Quali-Quantitative Framework for Water-Energy-Food Security Evaluation in Neglected Territories,Barriers,Policy design & Implementation
#83,Assessing the Nexus on Local Perspective: A Quali-Quantitative Framework for Water-Energy-Food Security Evaluation in Neglected Territories,Barriers,Equity & Diversity
#83,Assessing the Nexus on Local Perspective: A Quali-Quantitative Framework for Water-Energy-Food Security Evaluation in Neglected Territories,Barriers,Finance & Economics
#83,Assessing the Nexus on Local Perspective: A Quali-Quantitative Framework for Water-Energy-Food Security Evaluation in Neglected Territories,Barriers,Technology
#83,Assessing the Nexus on Local Perspective: A Quali-Quantitative Framework for Water-Energy-Food Security Evaluation in Neglected Territories,Barriers,Material & Non-material endowments
#83,Assessing the Nexus on Local Perspective: A Quali-Quantitative Framework for Water-Energy-Food Security Evaluation in Neglected Territories,Barriers_CritC5,Impacts on each nexus element (#3)
#83,Assessing the Nexus on Local Perspective: A Quali-Quantitative Framework for Water-Energy-Food Security Evaluation in Neglected Territories,Barriers_CritC5,Equity (#8)
#83,Assessing the Nexus on Local Perspective: A Quali-Quantitative Framework for Water-Energy-Food Security Evaluation in Neglected Territories,Barriers_CritC5,Economic implications (#6)
#83,Assessing the Nexus on Local Perspective: A Quali-Quantitative Framework for Water-Energy-Food Security Evaluation in Neglected Territories,Barriers_CritC5,Technical feasibility (#7)
#83,Assessing the Nexus on Local Perspective: A Quali-Quantitative Framework for Water-Energy-Food Security Evaluation in Neglected Territories,Barriers_CritC5,NA
#78,Integrating Social-Ecological and Political-Ecological Models of Agrobiodiversity With Nutrient Management of Keystone Food Spaces to Support SDG 2,PaperType,Empirical
#78,Integrating Social-Ecological and Political-Ecological Models of Agrobiodiversity With Nutrient Management of Keystone Food Spaces to Support SDG 2,Region,Latin America and the Caribbean
#78,Integrating Social-Ecological and Political-Ecological Models of Agrobiodiversity With Nutrient Management of Keystone Food Spaces to Support SDG 2,Scale,Site <1 km² (field to farm)
#78,Integrating Social-Ecological and Political-Ecological Models of Agrobiodiversity With Nutrient Management of Keystone Food Spaces to Support SDG 2,Nexus,Biodiversity
#78,Integrating Social-Ecological and Political-Ecological Models of Agrobiodiversity With Nutrient Management of Keystone Food Spaces to Support SDG 2,Nexus,Food
#78,Integrating Social-Ecological and Political-Ecological Models of Agrobiodiversity With Nutrient Management of Keystone Food Spaces to Support SDG 2,NChallenge,Complexity Challenges
#78,Integrating Social-Ecological and Political-Ecological Models of Agrobiodiversity With Nutrient Management of Keystone Food Spaces to Support SDG 2,NChallenge,Values Challenges
#78,Integrating Social-Ecological and Political-Ecological Models of Agrobiodiversity With Nutrient Management of Keystone Food Spaces to Support SDG 2,Gov,NA
#78,Integrating Social-Ecological and Political-Ecological Models of Agrobiodiversity With Nutrient Management of Keystone Food Spaces to Support SDG 2,Policy,NA
#78,Integrating Social-Ecological and Political-Ecological Models of Agrobiodiversity With Nutrient Management of Keystone Food Spaces to Support SDG 2,Actors,IPLCs
#78,Integrating Social-Ecological and Political-Ecological Models of Agrobiodiversity With Nutrient Management of Keystone Food Spaces to Support SDG 2,CrossCut,ILK
#78,Integrating Social-Ecological and Political-Ecological Models of Agrobiodiversity With Nutrient Management of Keystone Food Spaces to Support SDG 2,CrossCut,Land
#78,Integrating Social-Ecological and Political-Ecological Models of Agrobiodiversity With Nutrient Management of Keystone Food Spaces to Support SDG 2,Scaling,No
#78,Integrating Social-Ecological and Political-Ecological Models of Agrobiodiversity With Nutrient Management of Keystone Food Spaces to Support SDG 2,Enablers,Policy design & Implementation
#78,Integrating Social-Ecological and Political-Ecological Models of Agrobiodiversity With Nutrient Management of Keystone Food Spaces to Support SDG 2,Enablers,Finance & Economics
#78,Integrating Social-Ecological and Political-Ecological Models of Agrobiodiversity With Nutrient Management of Keystone Food Spaces to Support SDG 2,Enablers,Behaviour & Lifestyle
#78,Integrating Social-Ecological and Political-Ecological Models of Agrobiodiversity With Nutrient Management of Keystone Food Spaces to Support SDG 2,Enablers,Material & Non-material endowments
#78,Integrating Social-Ecological and Political-Ecological Models of Agrobiodiversity With Nutrient Management of Keystone Food Spaces to Support SDG 2,Enablers_CritC5,NA
#78,Integrating Social-Ecological and Political-Ecological Models of Agrobiodiversity With Nutrient Management of Keystone Food Spaces to Support SDG 2,Enablers_CritC5,Transformative change potential (#10)
#72,Water-food-energy nexus for transboundary cooperation in Eastern Africa,PaperType,Modelling
#72,Water-food-energy nexus for transboundary cooperation in Eastern Africa,Region,Sub-Saharan Africa
#72,Water-food-energy nexus for transboundary cooperation in Eastern Africa,Scale,"Regional (multiple countries, whole continents)"
#72,Water-food-energy nexus for transboundary cooperation in Eastern Africa,Nexus,Food
#72,Water-food-energy nexus for transboundary cooperation in Eastern Africa,Nexus,Water
#72,Water-food-energy nexus for transboundary cooperation in Eastern Africa,NChallenge,Governance Challenges
#72,Water-food-energy nexus for transboundary cooperation in Eastern Africa,Gov,NA
#72,Water-food-energy nexus for transboundary cooperation in Eastern Africa,Policy,Legal and Regulatory Instruments
#72,Water-food-energy nexus for transboundary cooperation in Eastern Africa,Actors,Global/Regional Institutions and Science-Policy Interfaces
#72,Water-food-energy nexus for transboundary cooperation in Eastern Africa,Actors,Local/National Governments and Municipalities
#72,Water-food-energy nexus for transboundary cooperation in Eastern Africa,CrossCut,Energy
#72,Water-food-energy nexus for transboundary cooperation in Eastern Africa,Scaling,No
#72,Water-food-energy nexus for transboundary cooperation in Eastern Africa,Enablers,Policy design & Implementation
#72,Water-food-energy nexus for transboundary cooperation in Eastern Africa,Enablers,Institutional capacity
#72,Water-food-energy nexus for transboundary cooperation in Eastern Africa,Enablers,Finance & Economics
#72,Water-food-energy nexus for transboundary cooperation in Eastern Africa,Enablers_CritC5,Alignment with political priorities (#5)
#72,Water-food-energy nexus for transboundary cooperation in Eastern Africa,Enablers_CritC5,Alignment with international frameworks (#9)
#72,Water-food-energy nexus for transboundary cooperation in Eastern Africa,Enablers_CritC5,NA
#72,Water-food-energy nexus for transboundary cooperation in Eastern Africa,Enablers_CritC5,Equity (#8)
#72,Water-food-energy nexus for transboundary cooperation in Eastern Africa,Enablers_CritC5,Transformative change potential (#10)
#72,Water-food-energy nexus for transboundary cooperation in Eastern Africa,Barriers,Policy design & Implementation
#72,Water-food-energy nexus for transboundary cooperation in Eastern Africa,Barriers,Institutional capacity
#72,Water-food-energy nexus for transboundary cooperation in Eastern Africa,Barriers,Finance & Economics
#72,Water-food-energy nexus for transboundary cooperation in Eastern Africa,Barriers_CritC5,Impacts on each nexus element (#3)
#72,Water-food-energy nexus for transboundary cooperation in Eastern Africa,Barriers_CritC5,NA
#72,Water-food-energy nexus for transboundary cooperation in Eastern Africa,Barriers_CritC5,Geographic scale (#1)
#72,Water-food-energy nexus for transboundary cooperation in Eastern Africa,Barriers_CritC5,Temporal scale (#2)
#72,Water-food-energy nexus for transboundary cooperation in Eastern Africa,Barriers_CritC5,Economic implications (#6)
#71,The food water energy nexus in an urban context: Connecting theory and practice for nexus governance,PaperType,Review
#71,The food water energy nexus in an urban context: Connecting theory and practice for nexus governance,PaperType,Conceptual/theoretical
#71,The food water energy nexus in an urban context: Connecting theory and practice for nexus governance,Region,Not applicable (no specific spatial location)
#71,The food water energy nexus in an urban context: Connecting theory and practice for nexus governance,Scale,Not applicable (no specific spatial location)
#71,The food water energy nexus in an urban context: Connecting theory and practice for nexus governance,Nexus,Food
#71,The food water energy nexus in an urban context: Connecting theory and practice for nexus governance,Nexus,Water
#71,The food water energy nexus in an urban context: Connecting theory and practice for nexus governance,NChallenge,Complexity Challenges
#71,The food water energy nexus in an urban context: Connecting theory and practice for nexus governance,NChallenge,Governance Challenges
#71,The food water energy nexus in an urban context: Connecting theory and practice for nexus governance,Gov,Hierarchical Governance
#71,The food water energy nexus in an urban context: Connecting theory and practice for nexus governance,Gov,Market Governance
#71,The food water energy nexus in an urban context: Connecting theory and practice for nexus governance,Policy,Legal and Regulatory Instruments
#71,The food water energy nexus in an urban context: Connecting theory and practice for nexus governance,Actors,Private Sector and Business Organisations
#71,The food water energy nexus in an urban context: Connecting theory and practice for nexus governance,Actors,Financial Institutions
#71,The food water energy nexus in an urban context: Connecting theory and practice for nexus governance,Actors,Civil Society and Community-Based Organisations
#71,The food water energy nexus in an urban context: Connecting theory and practice for nexus governance,Actors,Knowledge and Educational Communities
#71,The food water energy nexus in an urban context: Connecting theory and practice for nexus governance,Actors,Global/Regional Institutions and Science-Policy Interfaces
#71,The food water energy nexus in an urban context: Connecting theory and practice for nexus governance,Actors,Local/National Governments and Municipalities
#71,The food water energy nexus in an urban context: Connecting theory and practice for nexus governance,CrossCut,Energy
#71,The food water energy nexus in an urban context: Connecting theory and practice for nexus governance,Scaling,Yes
#71,The food water energy nexus in an urban context: Connecting theory and practice for nexus governance,Enablers,Policy design & Implementation
#71,The food water energy nexus in an urban context: Connecting theory and practice for nexus governance,Enablers,Institutional capacity
#71,The food water energy nexus in an urban context: Connecting theory and practice for nexus governance,Enablers,Behaviour & Lifestyle
#71,The food water energy nexus in an urban context: Connecting theory and practice for nexus governance,Enablers,Material & Non-material endowments
#71,The food water energy nexus in an urban context: Connecting theory and practice for nexus governance,Enablers_CritC5,Impacts on each nexus element (#3)
#71,The food water energy nexus in an urban context: Connecting theory and practice for nexus governance,Enablers_CritC5,Social acceptability (#4)
#71,The food water energy nexus in an urban context: Connecting theory and practice for nexus governance,Enablers_CritC5,Equity (#8)
#71,The food water energy nexus in an urban context: Connecting theory and practice for nexus governance,Enablers_CritC5,Transformative change potential (#10)
#71,The food water energy nexus in an urban context: Connecting theory and practice for nexus governance,Enablers_CritC5,NA
#71,The food water energy nexus in an urban context: Connecting theory and practice for nexus governance,Barriers,Policy design & Implementation
#71,The food water energy nexus in an urban context: Connecting theory and practice for nexus governance,Barriers,Institutional capacity
#71,The food water energy nexus in an urban context: Connecting theory and practice for nexus governance,Barriers_CritC5,Impacts on each nexus element (#3)
#71,The food water energy nexus in an urban context: Connecting theory and practice for nexus governance,Barriers_CritC5,NA
#71,The food water energy nexus in an urban context: Connecting theory and practice for nexus governance,Barriers_CritC5,Equity (#8)
#71,The food water energy nexus in an urban context: Connecting theory and practice for nexus governance,Barriers_CritC5,Transformative change potential (#10)
#70,A Water-Centric Approach in the Assessment and Governance of the Water-Energy-Climate Change Nexus in South Africa,PaperType,Conceptual/theoretical
#70,A Water-Centric Approach in the Assessment and Governance of the Water-Energy-Climate Change Nexus in South Africa,Region,Sub-Saharan Africa
#70,A Water-Centric Approach in the Assessment and Governance of the Water-Energy-Climate Change Nexus in South Africa,Scale,National (whole country)
#70,A Water-Centric Approach in the Assessment and Governance of the Water-Energy-Climate Change Nexus in South Africa,Nexus,Climate change
#70,A Water-Centric Approach in the Assessment and Governance of the Water-Energy-Climate Change Nexus in South Africa,Nexus,Water
#70,A Water-Centric Approach in the Assessment and Governance of the Water-Energy-Climate Change Nexus in South Africa,NChallenge,Complexity Challenges
#70,A Water-Centric Approach in the Assessment and Governance of the Water-Energy-Climate Change Nexus in South Africa,Gov,NA
#70,A Water-Centric Approach in the Assessment and Governance of the Water-Energy-Climate Change Nexus in South Africa,Policy,NA
#70,A Water-Centric Approach in the Assessment and Governance of the Water-Energy-Climate Change Nexus in South Africa,Actors,NA
#70,A Water-Centric Approach in the Assessment and Governance of the Water-Energy-Climate Change Nexus in South Africa,CrossCut,Energy
#70,A Water-Centric Approach in the Assessment and Governance of the Water-Energy-Climate Change Nexus in South Africa,Scaling,NA
#70,A Water-Centric Approach in the Assessment and Governance of the Water-Energy-Climate Change Nexus in South Africa,Enablers,Policy design & Implementation
#70,A Water-Centric Approach in the Assessment and Governance of the Water-Energy-Climate Change Nexus in South Africa,Enablers,Equity & Diversity
#70,A Water-Centric Approach in the Assessment and Governance of the Water-Energy-Climate Change Nexus in South Africa,Enablers,Institutional capacity
#70,A Water-Centric Approach in the Assessment and Governance of the Water-Energy-Climate Change Nexus in South Africa,Enablers_CritC5,Impacts on each nexus element (#3)
#70,A Water-Centric Approach in the Assessment and Governance of the Water-Energy-Climate Change Nexus in South Africa,Enablers_CritC5,NA
#70,A Water-Centric Approach in the Assessment and Governance of the Water-Energy-Climate Change Nexus in South Africa,Enablers_CritC5,Transformative change potential (#10)
#70,A Water-Centric Approach in the Assessment and Governance of the Water-Energy-Climate Change Nexus in South Africa,Barriers,Policy design & Implementation
#70,A Water-Centric Approach in the Assessment and Governance of the Water-Energy-Climate Change Nexus in South Africa,Barriers,Institutional capacity
#70,A Water-Centric Approach in the Assessment and Governance of the Water-Energy-Climate Change Nexus in South Africa,Barriers_CritC5,Social acceptability (#4)
#70,A Water-Centric Approach in the Assessment and Governance of the Water-Energy-Climate Change Nexus in South Africa,Barriers_CritC5,Alignment with political priorities (#5)
#70,A Water-Centric Approach in the Assessment and Governance of the Water-Energy-Climate Change Nexus in South Africa,Barriers_CritC5,NA
#67,The quest for sustainable forest bioenergy: win-win solutions for climate and biodiversity,PaperType,Review
#67,The quest for sustainable forest bioenergy: win-win solutions for climate and biodiversity,Region,Eastern Europe
#67,The quest for sustainable forest bioenergy: win-win solutions for climate and biodiversity,Region,Northern Europe
#67,The quest for sustainable forest bioenergy: win-win solutions for climate and biodiversity,Region,Southern Europe
#67,The quest for sustainable forest bioenergy: win-win solutions for climate and biodiversity,Region,Western Europe
#67,The quest for sustainable forest bioenergy: win-win solutions for climate and biodiversity,Scale,"Regional (multiple countries, whole continents)"
#67,The quest for sustainable forest bioenergy: win-win solutions for climate and biodiversity,Nexus,Biodiversity
#67,The quest for sustainable forest bioenergy: win-win solutions for climate and biodiversity,Nexus,Climate change
#67,The quest for sustainable forest bioenergy: win-win solutions for climate and biodiversity,NChallenge,Governance Challenges
#67,The quest for sustainable forest bioenergy: win-win solutions for climate and biodiversity,Gov,Network Governance
#67,The quest for sustainable forest bioenergy: win-win solutions for climate and biodiversity,Policy,Legal and Regulatory Instruments
#67,The quest for sustainable forest bioenergy: win-win solutions for climate and biodiversity,Actors,Global/Regional Institutions and Science-Policy Interfaces
#67,The quest for sustainable forest bioenergy: win-win solutions for climate and biodiversity,CrossCut,Economy
#67,The quest for sustainable forest bioenergy: win-win solutions for climate and biodiversity,CrossCut,Energy
#67,The quest for sustainable forest bioenergy: win-win solutions for climate and biodiversity,Scaling,No
#67,The quest for sustainable forest bioenergy: win-win solutions for climate and biodiversity,Enablers,Policy design & Implementation
#67,The quest for sustainable forest bioenergy: win-win solutions for climate and biodiversity,Enablers,Material & Non-material endowments
#67,The quest for sustainable forest bioenergy: win-win solutions for climate and biodiversity,Enablers_CritC5,NA
#67,The quest for sustainable forest bioenergy: win-win solutions for climate and biodiversity,Barriers,Policy design & Implementation
#67,The quest for sustainable forest bioenergy: win-win solutions for climate and biodiversity,Barriers_CritC5,Alignment with political priorities (#5)
#66,"What is climate security? Framing risks around water, food, and migration in the Middle East and North Africa",PaperType,Review
#66,"What is climate security? Framing risks around water, food, and migration in the Middle East and North Africa",Region,Northern Africa
#66,"What is climate security? Framing risks around water, food, and migration in the Middle East and North Africa",Region,Western Asia
#66,"What is climate security? Framing risks around water, food, and migration in the Middle East and North Africa",Scale,Not applicable (no specific spatial location)
#66,"What is climate security? Framing risks around water, food, and migration in the Middle East and North Africa",Nexus,Climate change
#66,"What is climate security? Framing risks around water, food, and migration in the Middle East and North Africa",Nexus,Food
#66,"What is climate security? Framing risks around water, food, and migration in the Middle East and North Africa",Nexus,Water
#66,"What is climate security? Framing risks around water, food, and migration in the Middle East and North Africa",NChallenge,Complexity Challenges
#66,"What is climate security? Framing risks around water, food, and migration in the Middle East and North Africa",NChallenge,Governance Challenges
#66,"What is climate security? Framing risks around water, food, and migration in the Middle East and North Africa",Gov,Hierarchical Governance
#66,"What is climate security? Framing risks around water, food, and migration in the Middle East and North Africa",Policy,NA
#66,"What is climate security? Framing risks around water, food, and migration in the Middle East and North Africa",Actors,Private Sector and Business Organisations
#66,"What is climate security? Framing risks around water, food, and migration in the Middle East and North Africa",Actors,Media and the Arts
#66,"What is climate security? Framing risks around water, food, and migration in the Middle East and North Africa",Actors,Civil Society and Community-Based Organisations
#66,"What is climate security? Framing risks around water, food, and migration in the Middle East and North Africa",Actors,Knowledge and Educational Communities
#66,"What is climate security? Framing risks around water, food, and migration in the Middle East and North Africa",Actors,Local/National Governments and Municipalities
#66,"What is climate security? Framing risks around water, food, and migration in the Middle East and North Africa",CrossCut,Equity
#66,"What is climate security? Framing risks around water, food, and migration in the Middle East and North Africa",CrossCut,Poverty
#66,"What is climate security? Framing risks around water, food, and migration in the Middle East and North Africa",CrossCut,Employment
#66,"What is climate security? Framing risks around water, food, and migration in the Middle East and North Africa",Scaling,No
#66,"What is climate security? Framing risks around water, food, and migration in the Middle East and North Africa",Enablers,Equity & Diversity
#66,"What is climate security? Framing risks around water, food, and migration in the Middle East and North Africa",Enablers,Policy design & Implementation
#66,"What is climate security? Framing risks around water, food, and migration in the Middle East and North Africa",Enablers,Institutional capacity
#66,"What is climate security? Framing risks around water, food, and migration in the Middle East and North Africa",Enablers,Finance & Economics
#66,"What is climate security? Framing risks around water, food, and migration in the Middle East and North Africa",Enablers,Behaviour & Lifestyle
#66,"What is climate security? Framing risks around water, food, and migration in the Middle East and North Africa",Enablers_CritC5,Equity (#8)
#66,"What is climate security? Framing risks around water, food, and migration in the Middle East and North Africa",Enablers_CritC5,Alignment with political priorities (#5)
#66,"What is climate security? Framing risks around water, food, and migration in the Middle East and North Africa",Enablers_CritC5,Alignment with international frameworks (#9)
#66,"What is climate security? Framing risks around water, food, and migration in the Middle East and North Africa",Enablers_CritC5,NA
#66,"What is climate security? Framing risks around water, food, and migration in the Middle East and North Africa",Enablers_CritC5,Geographic scale (#1)
#66,"What is climate security? Framing risks around water, food, and migration in the Middle East and North Africa",Enablers_CritC5,Transformative change potential (#10)
#66,"What is climate security? Framing risks around water, food, and migration in the Middle East and North Africa",Barriers,Institutional capacity
#66,"What is climate security? Framing risks around water, food, and migration in the Middle East and North Africa",Barriers,Behaviour & Lifestyle
#66,"What is climate security? Framing risks around water, food, and migration in the Middle East and North Africa",Barriers,Material & Non-material endowments
#66,"What is climate security? Framing risks around water, food, and migration in the Middle East and North Africa",Barriers_CritC5,Equity (#8)
#66,"What is climate security? Framing risks around water, food, and migration in the Middle East and North Africa",Barriers_CritC5,Transformative change potential (#10)
#66,"What is climate security? Framing risks around water, food, and migration in the Middle East and North Africa",Barriers_CritC5,NA
#65,Ten Years of Research on the Water-Energy-Food Nexus: An Analysis of Topics Evolution,PaperType,Review
#65,Ten Years of Research on the Water-Energy-Food Nexus: An Analysis of Topics Evolution,Region,Not applicable (no specific spatial location)
#65,Ten Years of Research on the Water-Energy-Food Nexus: An Analysis of Topics Evolution,Scale,Not applicable (no specific spatial location)
#65,Ten Years of Research on the Water-Energy-Food Nexus: An Analysis of Topics Evolution,Nexus,Food
#65,Ten Years of Research on the Water-Energy-Food Nexus: An Analysis of Topics Evolution,Nexus,Water
#65,Ten Years of Research on the Water-Energy-Food Nexus: An Analysis of Topics Evolution,NChallenge,Complexity Challenges
#65,Ten Years of Research on the Water-Energy-Food Nexus: An Analysis of Topics Evolution,NChallenge,Governance Challenges
#65,Ten Years of Research on the Water-Energy-Food Nexus: An Analysis of Topics Evolution,Gov,Coordinated Governance
#65,Ten Years of Research on the Water-Energy-Food Nexus: An Analysis of Topics Evolution,Policy,NA
#65,Ten Years of Research on the Water-Energy-Food Nexus: An Analysis of Topics Evolution,Actors,NA
#65,Ten Years of Research on the Water-Energy-Food Nexus: An Analysis of Topics Evolution,CrossCut,Energy
#65,Ten Years of Research on the Water-Energy-Food Nexus: An Analysis of Topics Evolution,Scaling,No
#65,Ten Years of Research on the Water-Energy-Food Nexus: An Analysis of Topics Evolution,Enablers,Equity & Diversity
#65,Ten Years of Research on the Water-Energy-Food Nexus: An Analysis of Topics Evolution,Enablers,Institutional capacity
#65,Ten Years of Research on the Water-Energy-Food Nexus: An Analysis of Topics Evolution,Enablers_CritC5,Equity (#8)
#65,Ten Years of Research on the Water-Energy-Food Nexus: An Analysis of Topics Evolution,Enablers_CritC5,Transformative change potential (#10)
#65,Ten Years of Research on the Water-Energy-Food Nexus: An Analysis of Topics Evolution,Barriers,Policy design & Implementation
#65,Ten Years of Research on the Water-Energy-Food Nexus: An Analysis of Topics Evolution,Barriers_CritC5,Impacts on each nexus element (#3)
#61,"Food, Energy and Water Nexus: An Urban Living Laboratory Development for Sustainable Systems Transition",PaperType,Empirical
#61,"Food, Energy and Water Nexus: An Urban Living Laboratory Development for Sustainable Systems Transition",Region,Not applicable (no specific spatial location)
#61,"Food, Energy and Water Nexus: An Urban Living Laboratory Development for Sustainable Systems Transition",Scale,Not applicable (no specific spatial location)
#61,"Food, Energy and Water Nexus: An Urban Living Laboratory Development for Sustainable Systems Transition",Nexus,Food
#61,"Food, Energy and Water Nexus: An Urban Living Laboratory Development for Sustainable Systems Transition",Nexus,Water
#61,"Food, Energy and Water Nexus: An Urban Living Laboratory Development for Sustainable Systems Transition",NChallenge,Complexity Challenges
#61,"Food, Energy and Water Nexus: An Urban Living Laboratory Development for Sustainable Systems Transition",NChallenge,Values Challenges
#61,"Food, Energy and Water Nexus: An Urban Living Laboratory Development for Sustainable Systems Transition",NChallenge,Governance Challenges
#61,"Food, Energy and Water Nexus: An Urban Living Laboratory Development for Sustainable Systems Transition",NChallenge,Financing Challenges
#61,"Food, Energy and Water Nexus: An Urban Living Laboratory Development for Sustainable Systems Transition",NChallenge,Scaling Challenges
#61,"Food, Energy and Water Nexus: An Urban Living Laboratory Development for Sustainable Systems Transition",Gov,Network Governance
#61,"Food, Energy and Water Nexus: An Urban Living Laboratory Development for Sustainable Systems Transition",Policy,NA
#61,"Food, Energy and Water Nexus: An Urban Living Laboratory Development for Sustainable Systems Transition",Actors,Private Sector and Business Organisations
#61,"Food, Energy and Water Nexus: An Urban Living Laboratory Development for Sustainable Systems Transition",Actors,Local/National Governments and Municipalities
#61,"Food, Energy and Water Nexus: An Urban Living Laboratory Development for Sustainable Systems Transition",CrossCut,Energy
#61,"Food, Energy and Water Nexus: An Urban Living Laboratory Development for Sustainable Systems Transition",Scaling,No
#61,"Food, Energy and Water Nexus: An Urban Living Laboratory Development for Sustainable Systems Transition",Enablers,Policy design & Implementation
#61,"Food, Energy and Water Nexus: An Urban Living Laboratory Development for Sustainable Systems Transition",Enablers,Institutional capacity
#61,"Food, Energy and Water Nexus: An Urban Living Laboratory Development for Sustainable Systems Transition",Enablers_CritC5,Impacts on each nexus element (#3)
#61,"Food, Energy and Water Nexus: An Urban Living Laboratory Development for Sustainable Systems Transition",Enablers_CritC5,NA
#61,"Food, Energy and Water Nexus: An Urban Living Laboratory Development for Sustainable Systems Transition",Enablers_CritC5,Equity (#8)
#61,"Food, Energy and Water Nexus: An Urban Living Laboratory Development for Sustainable Systems Transition",Enablers_CritC5,Transformative change potential (#10)
#60,"Social-ecological connections across land, water, and sea demand a reprioritization of environmental management",PaperType,Perspective
#60,"Social-ecological connections across land, water, and sea demand a reprioritization of environmental management",Region,Australia and New Zealand
#60,"Social-ecological connections across land, water, and sea demand a reprioritization of environmental management",Scale,Local >1 km² to 100 km² (neighbourhood to municipality)
#60,"Social-ecological connections across land, water, and sea demand a reprioritization of environmental management",Scale,"Regional (multiple countries, whole continents)"
#60,"Social-ecological connections across land, water, and sea demand a reprioritization of environmental management",Nexus,Food
#60,"Social-ecological connections across land, water, and sea demand a reprioritization of environmental management",Nexus,Water
#60,"Social-ecological connections across land, water, and sea demand a reprioritization of environmental management",NChallenge,Complexity Challenges
#60,"Social-ecological connections across land, water, and sea demand a reprioritization of environmental management",NChallenge,Values Challenges
#60,"Social-ecological connections across land, water, and sea demand a reprioritization of environmental management",NChallenge,Governance Challenges
#60,"Social-ecological connections across land, water, and sea demand a reprioritization of environmental management",NChallenge,Scaling Challenges
#60,"Social-ecological connections across land, water, and sea demand a reprioritization of environmental management",Gov,Network Governance
#60,"Social-ecological connections across land, water, and sea demand a reprioritization of environmental management",Gov,Community Governance
#60,"Social-ecological connections across land, water, and sea demand a reprioritization of environmental management",Policy,NA
#60,"Social-ecological connections across land, water, and sea demand a reprioritization of environmental management",Actors,Knowledge and Educational Communities
#60,"Social-ecological connections across land, water, and sea demand a reprioritization of environmental management",CrossCut,Education
#60,"Social-ecological connections across land, water, and sea demand a reprioritization of environmental management",Scaling,NA
#60,"Social-ecological connections across land, water, and sea demand a reprioritization of environmental management",Enablers,Policy design & Implementation
#60,"Social-ecological connections across land, water, and sea demand a reprioritization of environmental management",Enablers,Institutional capacity
#60,"Social-ecological connections across land, water, and sea demand a reprioritization of environmental management",Enablers_CritC5,Impacts on each nexus element (#3)
#60,"Social-ecological connections across land, water, and sea demand a reprioritization of environmental management",Enablers_CritC5,NA
#60,"Social-ecological connections across land, water, and sea demand a reprioritization of environmental management",Enablers_CritC5,Transformative change potential (#10)
#60,"Social-ecological connections across land, water, and sea demand a reprioritization of environmental management",Barriers,Institutional capacity
#60,"Social-ecological connections across land, water, and sea demand a reprioritization of environmental management",Barriers,Finance & Economics
#60,"Social-ecological connections across land, water, and sea demand a reprioritization of environmental management",Barriers_CritC5,NA
#60,"Social-ecological connections across land, water, and sea demand a reprioritization of environmental management",Barriers_CritC5,Transformative change potential (#10)
#60,"Social-ecological connections across land, water, and sea demand a reprioritization of environmental management",Barriers_CritC5,Economic implications (#6)
#58,Governing for Transformative Change across the Biodiversity-Climate-Society Nexus,PaperType,Review
#58,Governing for Transformative Change across the Biodiversity-Climate-Society Nexus,PaperType,Perspective
#58,Governing for Transformative Change across the Biodiversity-Climate-Society Nexus,Region,Not applicable (no specific spatial location)
#58,Governing for Transformative Change across the Biodiversity-Climate-Society Nexus,Scale,Not applicable (no specific spatial location)
#58,Governing for Transformative Change across the Biodiversity-Climate-Society Nexus,Nexus,Biodiversity
#58,Governing for Transformative Change across the Biodiversity-Climate-Society Nexus,Nexus,Climate change
#58,Governing for Transformative Change across the Biodiversity-Climate-Society Nexus,Nexus,Health
#58,Governing for Transformative Change across the Biodiversity-Climate-Society Nexus,Nexus,Food
#58,Governing for Transformative Change across the Biodiversity-Climate-Society Nexus,NChallenge,Complexity Challenges
#58,Governing for Transformative Change across the Biodiversity-Climate-Society Nexus,NChallenge,Values Challenges
#58,Governing for Transformative Change across the Biodiversity-Climate-Society Nexus,NChallenge,Governance Challenges
#58,Governing for Transformative Change across the Biodiversity-Climate-Society Nexus,NChallenge,Financing Challenges
#58,Governing for Transformative Change across the Biodiversity-Climate-Society Nexus,Gov,NA
#58,Governing for Transformative Change across the Biodiversity-Climate-Society Nexus,Policy,Rights-Based Instruments and Customary Norms
#58,Governing for Transformative Change across the Biodiversity-Climate-Society Nexus,Policy,Economic and Financial Instruments
#58,Governing for Transformative Change across the Biodiversity-Climate-Society Nexus,Policy,Social and Cultural Instruments
#58,Governing for Transformative Change across the Biodiversity-Climate-Society Nexus,Actors,Financial Institutions
#58,Governing for Transformative Change across the Biodiversity-Climate-Society Nexus,Actors,Civil Society and Community-Based Organisations
#58,Governing for Transformative Change across the Biodiversity-Climate-Society Nexus,Actors,IPLCs
#58,Governing for Transformative Change across the Biodiversity-Climate-Society Nexus,CrossCut,Equity
#58,Governing for Transformative Change across the Biodiversity-Climate-Society Nexus,CrossCut,Poverty
#58,Governing for Transformative Change across the Biodiversity-Climate-Society Nexus,CrossCut,ILK
#58,Governing for Transformative Change across the Biodiversity-Climate-Society Nexus,Scaling,No
#58,Governing for Transformative Change across the Biodiversity-Climate-Society Nexus,Enablers,Policy design & Implementation
#58,Governing for Transformative Change across the Biodiversity-Climate-Society Nexus,Enablers,Institutional capacity
#58,Governing for Transformative Change across the Biodiversity-Climate-Society Nexus,Enablers,Behaviour & Lifestyle
#58,Governing for Transformative Change across the Biodiversity-Climate-Society Nexus,Enablers,Technology
#58,Governing for Transformative Change across the Biodiversity-Climate-Society Nexus,Enablers_CritC5,Alignment with political priorities (#5)
#58,Governing for Transformative Change across the Biodiversity-Climate-Society Nexus,Enablers_CritC5,Geographic scale (#1)
#58,Governing for Transformative Change across the Biodiversity-Climate-Society Nexus,Enablers_CritC5,Temporal scale (#2)
#58,Governing for Transformative Change across the Biodiversity-Climate-Society Nexus,Enablers_CritC5,Equity (#8)
#58,Governing for Transformative Change across the Biodiversity-Climate-Society Nexus,Enablers_CritC5,Transformative change potential (#10)
#58,Governing for Transformative Change across the Biodiversity-Climate-Society Nexus,Enablers_CritC5,NA
#58,Governing for Transformative Change across the Biodiversity-Climate-Society Nexus,Barriers,Policy design & Implementation
#58,Governing for Transformative Change across the Biodiversity-Climate-Society Nexus,Barriers,Institutional capacity
#58,Governing for Transformative Change across the Biodiversity-Climate-Society Nexus,Barriers,Equity & Diversity
#58,Governing for Transformative Change across the Biodiversity-Climate-Society Nexus,Barriers,Finance & Economics
#58,Governing for Transformative Change across the Biodiversity-Climate-Society Nexus,Barriers,Behaviour & Lifestyle
#58,Governing for Transformative Change across the Biodiversity-Climate-Society Nexus,Barriers_CritC5,Impacts on each nexus element (#3)
#58,Governing for Transformative Change across the Biodiversity-Climate-Society Nexus,Barriers_CritC5,NA
#58,Governing for Transformative Change across the Biodiversity-Climate-Society Nexus,Barriers_CritC5,Geographic scale (#1)
#58,Governing for Transformative Change across the Biodiversity-Climate-Society Nexus,Barriers_CritC5,Temporal scale (#2)
#58,Governing for Transformative Change across the Biodiversity-Climate-Society Nexus,Barriers_CritC5,Transformative change potential (#10)
#58,Governing for Transformative Change across the Biodiversity-Climate-Society Nexus,Barriers_CritC5,Equity (#8)
#58,Governing for Transformative Change across the Biodiversity-Climate-Society Nexus,Barriers_CritC5,Economic implications (#6)
#56,Nexus disrupted: Lived realities and the water-energy-food nexus from an infrastructure perspective,PaperType,Perspective
#56,Nexus disrupted: Lived realities and the water-energy-food nexus from an infrastructure perspective,Region,Sub-Saharan Africa
#56,Nexus disrupted: Lived realities and the water-energy-food nexus from an infrastructure perspective,Scale,Local >1 km² to 100 km² (neighbourhood to municipality)
#56,Nexus disrupted: Lived realities and the water-energy-food nexus from an infrastructure perspective,Scale,Subnational >100 km² (watershed)
#56,Nexus disrupted: Lived realities and the water-energy-food nexus from an infrastructure perspective,Nexus,Food
#56,Nexus disrupted: Lived realities and the water-energy-food nexus from an infrastructure perspective,Nexus,Water
#56,Nexus disrupted: Lived realities and the water-energy-food nexus from an infrastructure perspective,NChallenge,Complexity Challenges
#56,Nexus disrupted: Lived realities and the water-energy-food nexus from an infrastructure perspective,Gov,Network Governance
#56,Nexus disrupted: Lived realities and the water-energy-food nexus from an infrastructure perspective,Policy,NA
#56,Nexus disrupted: Lived realities and the water-energy-food nexus from an infrastructure perspective,Actors,Private Sector and Business Organisations
#56,Nexus disrupted: Lived realities and the water-energy-food nexus from an infrastructure perspective,CrossCut,Equity
#56,Nexus disrupted: Lived realities and the water-energy-food nexus from an infrastructure perspective,CrossCut,Energy
#56,Nexus disrupted: Lived realities and the water-energy-food nexus from an infrastructure perspective,CrossCut,Gender
#56,Nexus disrupted: Lived realities and the water-energy-food nexus from an infrastructure perspective,Scaling,No
#56,Nexus disrupted: Lived realities and the water-energy-food nexus from an infrastructure perspective,Barriers,Institutional capacity
#56,Nexus disrupted: Lived realities and the water-energy-food nexus from an infrastructure perspective,Barriers,Finance & Economics
#56,Nexus disrupted: Lived realities and the water-energy-food nexus from an infrastructure perspective,Barriers,Technology
#56,Nexus disrupted: Lived realities and the water-energy-food nexus from an infrastructure perspective,Barriers,Material & Non-material endowments
#56,Nexus disrupted: Lived realities and the water-energy-food nexus from an infrastructure perspective,Barriers_CritC5,Equity (#8)
#56,Nexus disrupted: Lived realities and the water-energy-food nexus from an infrastructure perspective,Barriers_CritC5,Transformative change potential (#10)
#56,Nexus disrupted: Lived realities and the water-energy-food nexus from an infrastructure perspective,Barriers_CritC5,NA
#56,Nexus disrupted: Lived realities and the water-energy-food nexus from an infrastructure perspective,Barriers_CritC5,Technical feasibility (#7)
#53,A Systematic Literature Review of Water-Migration-Gender Nexus Toward Integrated Governance Strategies for (Non) Migrants,PaperType,Review
#53,A Systematic Literature Review of Water-Migration-Gender Nexus Toward Integrated Governance Strategies for (Non) Migrants,Region,Not applicable (no specific spatial location)
#53,A Systematic Literature Review of Water-Migration-Gender Nexus Toward Integrated Governance Strategies for (Non) Migrants,Scale,Not applicable (no specific spatial location)
#53,A Systematic Literature Review of Water-Migration-Gender Nexus Toward Integrated Governance Strategies for (Non) Migrants,Nexus,Climate change
#53,A Systematic Literature Review of Water-Migration-Gender Nexus Toward Integrated Governance Strategies for (Non) Migrants,Nexus,Water
#53,A Systematic Literature Review of Water-Migration-Gender Nexus Toward Integrated Governance Strategies for (Non) Migrants,NChallenge,Complexity Challenges
#53,A Systematic Literature Review of Water-Migration-Gender Nexus Toward Integrated Governance Strategies for (Non) Migrants,NChallenge,Governance Challenges
#53,A Systematic Literature Review of Water-Migration-Gender Nexus Toward Integrated Governance Strategies for (Non) Migrants,Gov,Hierarchical Governance
#53,A Systematic Literature Review of Water-Migration-Gender Nexus Toward Integrated Governance Strategies for (Non) Migrants,Policy,Legal and Regulatory Instruments
#53,A Systematic Literature Review of Water-Migration-Gender Nexus Toward Integrated Governance Strategies for (Non) Migrants,Policy,Rights-Based Instruments and Customary Norms
#53,A Systematic Literature Review of Water-Migration-Gender Nexus Toward Integrated Governance Strategies for (Non) Migrants,Policy,Economic and Financial Instruments
#53,A Systematic Literature Review of Water-Migration-Gender Nexus Toward Integrated Governance Strategies for (Non) Migrants,Policy,Social and Cultural Instruments
#53,A Systematic Literature Review of Water-Migration-Gender Nexus Toward Integrated Governance Strategies for (Non) Migrants,Actors,Civil Society and Community-Based Organisations
#53,A Systematic Literature Review of Water-Migration-Gender Nexus Toward Integrated Governance Strategies for (Non) Migrants,Actors,Global/Regional Institutions and Science-Policy Interfaces
#53,A Systematic Literature Review of Water-Migration-Gender Nexus Toward Integrated Governance Strategies for (Non) Migrants,Actors,Global/Regional Institutions and Science-Policy Interfaces
#53,A Systematic Literature Review of Water-Migration-Gender Nexus Toward Integrated Governance Strategies for (Non) Migrants,Actors,Local/National Governments and Municipalities
#53,A Systematic Literature Review of Water-Migration-Gender Nexus Toward Integrated Governance Strategies for (Non) Migrants,CrossCut,Migration
#53,A Systematic Literature Review of Water-Migration-Gender Nexus Toward Integrated Governance Strategies for (Non) Migrants,CrossCut,Gender
#53,A Systematic Literature Review of Water-Migration-Gender Nexus Toward Integrated Governance Strategies for (Non) Migrants,Scaling,No
#53,A Systematic Literature Review of Water-Migration-Gender Nexus Toward Integrated Governance Strategies for (Non) Migrants,Enablers,Policy design & Implementation
#53,A Systematic Literature Review of Water-Migration-Gender Nexus Toward Integrated Governance Strategies for (Non) Migrants,Enablers,Institutional capacity
#53,A Systematic Literature Review of Water-Migration-Gender Nexus Toward Integrated Governance Strategies for (Non) Migrants,Enablers,Finance & Economics
#53,A Systematic Literature Review of Water-Migration-Gender Nexus Toward Integrated Governance Strategies for (Non) Migrants,Enablers,Behaviour & Lifestyle
#53,A Systematic Literature Review of Water-Migration-Gender Nexus Toward Integrated Governance Strategies for (Non) Migrants,Enablers,Technology
#53,A Systematic Literature Review of Water-Migration-Gender Nexus Toward Integrated Governance Strategies for (Non) Migrants,Enablers_CritC5,NA
#53,A Systematic Literature Review of Water-Migration-Gender Nexus Toward Integrated Governance Strategies for (Non) Migrants,Enablers_CritC5,Alignment with political priorities (#5)
#53,A Systematic Literature Review of Water-Migration-Gender Nexus Toward Integrated Governance Strategies for (Non) Migrants,Enablers_CritC5,Equity (#8)
#53,A Systematic Literature Review of Water-Migration-Gender Nexus Toward Integrated Governance Strategies for (Non) Migrants,Enablers_CritC5,Transformative change potential (#10)
#53,A Systematic Literature Review of Water-Migration-Gender Nexus Toward Integrated Governance Strategies for (Non) Migrants,Barriers,Policy design & Implementation
#53,A Systematic Literature Review of Water-Migration-Gender Nexus Toward Integrated Governance Strategies for (Non) Migrants,Barriers,Institutional capacity
#53,A Systematic Literature Review of Water-Migration-Gender Nexus Toward Integrated Governance Strategies for (Non) Migrants,Barriers,Finance & Economics
#53,A Systematic Literature Review of Water-Migration-Gender Nexus Toward Integrated Governance Strategies for (Non) Migrants,Barriers,Material & Non-material endowments
#53,A Systematic Literature Review of Water-Migration-Gender Nexus Toward Integrated Governance Strategies for (Non) Migrants,Barriers_CritC5,Social acceptability (#4)
#53,A Systematic Literature Review of Water-Migration-Gender Nexus Toward Integrated Governance Strategies for (Non) Migrants,Barriers_CritC5,NA
#53,A Systematic Literature Review of Water-Migration-Gender Nexus Toward Integrated Governance Strategies for (Non) Migrants,Barriers_CritC5,Transformative change potential (#10)
#53,A Systematic Literature Review of Water-Migration-Gender Nexus Toward Integrated Governance Strategies for (Non) Migrants,Barriers_CritC5,Economic implications (#6)
#48,A Societal Metabolism Approach to Effectively Analyze the Water–Energy–Food Nexus in an Agricultural Transboundary River Basin,PaperType,Conceptual/theoretical
#48,A Societal Metabolism Approach to Effectively Analyze the Water–Energy–Food Nexus in an Agricultural Transboundary River Basin,Region,Western Asia
#48,A Societal Metabolism Approach to Effectively Analyze the Water–Energy–Food Nexus in an Agricultural Transboundary River Basin,Scale,National (whole country)
#48,A Societal Metabolism Approach to Effectively Analyze the Water–Energy–Food Nexus in an Agricultural Transboundary River Basin,Nexus,Food
#48,A Societal Metabolism Approach to Effectively Analyze the Water–Energy–Food Nexus in an Agricultural Transboundary River Basin,Nexus,Water
#48,A Societal Metabolism Approach to Effectively Analyze the Water–Energy–Food Nexus in an Agricultural Transboundary River Basin,NChallenge,Complexity Challenges
#48,A Societal Metabolism Approach to Effectively Analyze the Water–Energy–Food Nexus in an Agricultural Transboundary River Basin,NChallenge,Values Challenges
#48,A Societal Metabolism Approach to Effectively Analyze the Water–Energy–Food Nexus in an Agricultural Transboundary River Basin,NChallenge,Governance Challenges
#48,A Societal Metabolism Approach to Effectively Analyze the Water–Energy–Food Nexus in an Agricultural Transboundary River Basin,NChallenge,Scaling Challenges
#48,A Societal Metabolism Approach to Effectively Analyze the Water–Energy–Food Nexus in an Agricultural Transboundary River Basin,Gov,Network Governance
#48,A Societal Metabolism Approach to Effectively Analyze the Water–Energy–Food Nexus in an Agricultural Transboundary River Basin,Policy,Economic and Financial Instruments
#48,A Societal Metabolism Approach to Effectively Analyze the Water–Energy–Food Nexus in an Agricultural Transboundary River Basin,Actors,Local/National Governments and Municipalities
#48,A Societal Metabolism Approach to Effectively Analyze the Water–Energy–Food Nexus in an Agricultural Transboundary River Basin,CrossCut,Poverty
#48,A Societal Metabolism Approach to Effectively Analyze the Water–Energy–Food Nexus in an Agricultural Transboundary River Basin,Scaling,No
#21,Global adaptation readiness and income mitigate sectoral climate change vulnerabilities,PaperType,Conceptual/theoretical
#21,Global adaptation readiness and income mitigate sectoral climate change vulnerabilities,PaperType,Empirical
#21,Global adaptation readiness and income mitigate sectoral climate change vulnerabilities,Region,Not applicable (no specific spatial location)
#21,Global adaptation readiness and income mitigate sectoral climate change vulnerabilities,Scale,Multi-regional (multiple continents/geographic regions)
#21,Global adaptation readiness and income mitigate sectoral climate change vulnerabilities,Nexus,Biodiversity
#21,Global adaptation readiness and income mitigate sectoral climate change vulnerabilities,Nexus,Climate change
#21,Global adaptation readiness and income mitigate sectoral climate change vulnerabilities,Nexus,Health
#21,Global adaptation readiness and income mitigate sectoral climate change vulnerabilities,Nexus,Food
#21,Global adaptation readiness and income mitigate sectoral climate change vulnerabilities,Nexus,Water
#21,Global adaptation readiness and income mitigate sectoral climate change vulnerabilities,NChallenge,Values Challenges
#21,Global adaptation readiness and income mitigate sectoral climate change vulnerabilities,NChallenge,Governance Challenges
#21,Global adaptation readiness and income mitigate sectoral climate change vulnerabilities,Gov,NA
#21,Global adaptation readiness and income mitigate sectoral climate change vulnerabilities,Policy,NA
#21,Global adaptation readiness and income mitigate sectoral climate change vulnerabilities,Actors,Private Sector and Business Organisations
#21,Global adaptation readiness and income mitigate sectoral climate change vulnerabilities,Actors,Financial Institutions
#21,Global adaptation readiness and income mitigate sectoral climate change vulnerabilities,Actors,Global/Regional Institutions and Science-Policy Interfaces
#21,Global adaptation readiness and income mitigate sectoral climate change vulnerabilities,Actors,Local/National Governments and Municipalities
#21,Global adaptation readiness and income mitigate sectoral climate change vulnerabilities,CrossCut,NA
#21,Global adaptation readiness and income mitigate sectoral climate change vulnerabilities,Scaling,No
#21,Global adaptation readiness and income mitigate sectoral climate change vulnerabilities,Barriers,Policy design & Implementation
#21,Global adaptation readiness and income mitigate sectoral climate change vulnerabilities,Barriers_CritC5,Impacts on each nexus element (#3)
#15,Integrated Water Resources Management Based on Water Governance and Water-food-energy Nexus through System Dynamics and Social Network Analyzing Approaches,PaperType,Empirical
#15,Integrated Water Resources Management Based on Water Governance and Water-food-energy Nexus through System Dynamics and Social Network Analyzing Approaches,Region,South-eastern Asia
#15,Integrated Water Resources Management Based on Water Governance and Water-food-energy Nexus through System Dynamics and Social Network Analyzing Approaches,Scale,Subnational >100 km² (watershed)
#15,Integrated Water Resources Management Based on Water Governance and Water-food-energy Nexus through System Dynamics and Social Network Analyzing Approaches,Nexus,Food
#15,Integrated Water Resources Management Based on Water Governance and Water-food-energy Nexus through System Dynamics and Social Network Analyzing Approaches,Nexus,Water
#15,Integrated Water Resources Management Based on Water Governance and Water-food-energy Nexus through System Dynamics and Social Network Analyzing Approaches,NChallenge,Complexity Challenges
#15,Integrated Water Resources Management Based on Water Governance and Water-food-energy Nexus through System Dynamics and Social Network Analyzing Approaches,NChallenge,Governance Challenges
#15,Integrated Water Resources Management Based on Water Governance and Water-food-energy Nexus through System Dynamics and Social Network Analyzing Approaches,Gov,Integrative Governance
#15,Integrated Water Resources Management Based on Water Governance and Water-food-energy Nexus through System Dynamics and Social Network Analyzing Approaches,Policy,NA
#15,Integrated Water Resources Management Based on Water Governance and Water-food-energy Nexus through System Dynamics and Social Network Analyzing Approaches,Actors,Private Sector and Business Organisations
#15,Integrated Water Resources Management Based on Water Governance and Water-food-energy Nexus through System Dynamics and Social Network Analyzing Approaches,Actors,IPLCs
#15,Integrated Water Resources Management Based on Water Governance and Water-food-energy Nexus through System Dynamics and Social Network Analyzing Approaches,Actors,Civil Society and Community-Based Organisations
#15,Integrated Water Resources Management Based on Water Governance and Water-food-energy Nexus through System Dynamics and Social Network Analyzing Approaches,Actors,Local/National Governments and Municipalities
#15,Integrated Water Resources Management Based on Water Governance and Water-food-energy Nexus through System Dynamics and Social Network Analyzing Approaches,CrossCut,Equity
#15,Integrated Water Resources Management Based on Water Governance and Water-food-energy Nexus through System Dynamics and Social Network Analyzing Approaches,CrossCut,Energy
#15,Integrated Water Resources Management Based on Water Governance and Water-food-energy Nexus through System Dynamics and Social Network Analyzing Approaches,Scaling,No
#15,Integrated Water Resources Management Based on Water Governance and Water-food-energy Nexus through System Dynamics and Social Network Analyzing Approaches,Enablers,Policy design & Implementation
#15,Integrated Water Resources Management Based on Water Governance and Water-food-energy Nexus through System Dynamics and Social Network Analyzing Approaches,Enablers,Institutional capacity
#15,Integrated Water Resources Management Based on Water Governance and Water-food-energy Nexus through System Dynamics and Social Network Analyzing Approaches,Enablers_CritC5,Impacts on each nexus element (#3)
#15,Integrated Water Resources Management Based on Water Governance and Water-food-energy Nexus through System Dynamics and Social Network Analyzing Approaches,Enablers_CritC5,Equity (#8)
#15,Integrated Water Resources Management Based on Water Governance and Water-food-energy Nexus through System Dynamics and Social Network Analyzing Approaches,Barriers,Policy design & Implementation
#15,Integrated Water Resources Management Based on Water Governance and Water-food-energy Nexus through System Dynamics and Social Network Analyzing Approaches,Barriers,Institutional capacity
#15,Integrated Water Resources Management Based on Water Governance and Water-food-energy Nexus through System Dynamics and Social Network Analyzing Approaches,Barriers_CritC5,Impacts on each nexus element (#3)
#15,Integrated Water Resources Management Based on Water Governance and Water-food-energy Nexus through System Dynamics and Social Network Analyzing Approaches,Barriers_CritC5,Social acceptability (#4)
#15,Integrated Water Resources Management Based on Water Governance and Water-food-energy Nexus through System Dynamics and Social Network Analyzing Approaches,Barriers_CritC5,Alignment with political priorities (#5)
#15,Integrated Water Resources Management Based on Water Governance and Water-food-energy Nexus through System Dynamics and Social Network Analyzing Approaches,Barriers_CritC5,Equity (#8)
#15,Integrated Water Resources Management Based on Water Governance and Water-food-energy Nexus through System Dynamics and Social Network Analyzing Approaches,Barriers_CritC5,Transformative change potential (#10)
#14,Co-Benefits Through Coordination of Climate Action and Peacebuilding: A System Dynamics Model,PaperType,Review
#14,Co-Benefits Through Coordination of Climate Action and Peacebuilding: A System Dynamics Model,PaperType,Modelling
#14,Co-Benefits Through Coordination of Climate Action and Peacebuilding: A System Dynamics Model,Region,Not applicable (no specific spatial location)
#14,Co-Benefits Through Coordination of Climate Action and Peacebuilding: A System Dynamics Model,Scale,Not applicable (no specific spatial location)
#14,Co-Benefits Through Coordination of Climate Action and Peacebuilding: A System Dynamics Model,Nexus,Biodiversity
#14,Co-Benefits Through Coordination of Climate Action and Peacebuilding: A System Dynamics Model,Nexus,Climate change
#14,Co-Benefits Through Coordination of Climate Action and Peacebuilding: A System Dynamics Model,Nexus,Food
#14,Co-Benefits Through Coordination of Climate Action and Peacebuilding: A System Dynamics Model,Nexus,Water
#14,Co-Benefits Through Coordination of Climate Action and Peacebuilding: A System Dynamics Model,NChallenge,Governance Challenges
#14,Co-Benefits Through Coordination of Climate Action and Peacebuilding: A System Dynamics Model,Gov,Network Governance
#14,Co-Benefits Through Coordination of Climate Action and Peacebuilding: A System Dynamics Model,Policy,NA
#14,Co-Benefits Through Coordination of Climate Action and Peacebuilding: A System Dynamics Model,Actors,Knowledge and Educational Communities
#14,Co-Benefits Through Coordination of Climate Action and Peacebuilding: A System Dynamics Model,Actors,Global/Regional Institutions and Science-Policy Interfaces
#14,Co-Benefits Through Coordination of Climate Action and Peacebuilding: A System Dynamics Model,Actors,Local/National Governments and Municipalities
#14,Co-Benefits Through Coordination of Climate Action and Peacebuilding: A System Dynamics Model,CrossCut,Social Cohesion
#14,Co-Benefits Through Coordination of Climate Action and Peacebuilding: A System Dynamics Model,CrossCut,Livelihoods
#14,Co-Benefits Through Coordination of Climate Action and Peacebuilding: A System Dynamics Model,Scaling,No
#14,Co-Benefits Through Coordination of Climate Action and Peacebuilding: A System Dynamics Model,Barriers,Finance & Economics
#14,Co-Benefits Through Coordination of Climate Action and Peacebuilding: A System Dynamics Model,Barriers,Material & Non-material endowments
#14,Co-Benefits Through Coordination of Climate Action and Peacebuilding: A System Dynamics Model,Barriers_CritC5,NA
#12,Towards planetary nexus governance in the Anthropocene: An earth system law perspective,PaperType,Special Issue Article
#12,Towards planetary nexus governance in the Anthropocene: An earth system law perspective,Region,Not applicable (no specific spatial location)
#12,Towards planetary nexus governance in the Anthropocene: An earth system law perspective,Scale,Not applicable (no specific spatial location)
#12,Towards planetary nexus governance in the Anthropocene: An earth system law perspective,Nexus,Biodiversity
#12,Towards planetary nexus governance in the Anthropocene: An earth system law perspective,Nexus,Climate change
#12,Towards planetary nexus governance in the Anthropocene: An earth system law perspective,Nexus,Health
#12,Towards planetary nexus governance in the Anthropocene: An earth system law perspective,Nexus,Food
#12,Towards planetary nexus governance in the Anthropocene: An earth system law perspective,Nexus,Water
#12,Towards planetary nexus governance in the Anthropocene: An earth system law perspective,NChallenge,Governance Challenges
#12,Towards planetary nexus governance in the Anthropocene: An earth system law perspective,NChallenge,Scaling Challenges
#12,Towards planetary nexus governance in the Anthropocene: An earth system law perspective,Gov,Polycentric Governance
#12,Towards planetary nexus governance in the Anthropocene: An earth system law perspective,Policy,Legal and Regulatory Instruments
#12,Towards planetary nexus governance in the Anthropocene: An earth system law perspective,Actors,Civil Society and Community-Based Organisations
#12,Towards planetary nexus governance in the Anthropocene: An earth system law perspective,Actors,Local/National Governments and Municipalities
#12,Towards planetary nexus governance in the Anthropocene: An earth system law perspective,CrossCut,Equity
#12,Towards planetary nexus governance in the Anthropocene: An earth system law perspective,CrossCut,Energy
#12,Towards planetary nexus governance in the Anthropocene: An earth system law perspective,Scaling,Yes
#12,Towards planetary nexus governance in the Anthropocene: An earth system law perspective,Enablers,Policy design & Implementation
#12,Towards planetary nexus governance in the Anthropocene: An earth system law perspective,Enablers,Institutional capacity
#12,Towards planetary nexus governance in the Anthropocene: An earth system law perspective,Enablers_CritC5,Impacts on each nexus element (#3)
#12,Towards planetary nexus governance in the Anthropocene: An earth system law perspective,Enablers_CritC5,NA
#12,Towards planetary nexus governance in the Anthropocene: An earth system law perspective,Enablers_CritC5,Transformative change potential (#10)
#12,Towards planetary nexus governance in the Anthropocene: An earth system law perspective,Barriers,Institutional capacity
#12,Towards planetary nexus governance in the Anthropocene: An earth system law perspective,Barriers,Policy design & Implementation
#12,Towards planetary nexus governance in the Anthropocene: An earth system law perspective,Barriers,Finance & Economics
#12,Towards planetary nexus governance in the Anthropocene: An earth system law perspective,Barriers_CritC5,NA
#12,Towards planetary nexus governance in the Anthropocene: An earth system law perspective,Barriers_CritC5,Geographic scale (#1)
#12,Towards planetary nexus governance in the Anthropocene: An earth system law perspective,Barriers_CritC5,Temporal scale (#2)
#12,Towards planetary nexus governance in the Anthropocene: An earth system law perspective,Barriers_CritC5,Transformative change potential (#10)
#12,Towards planetary nexus governance in the Anthropocene: An earth system law perspective,Barriers_CritC5,Economic implications (#6)
#11,Appraising the Water-Energy-Food Nexus From a Sustainable Development Perspective: A Maturing Paradigm?,PaperType,Review
#11,Appraising the Water-Energy-Food Nexus From a Sustainable Development Perspective: A Maturing Paradigm?,Region,Northern Africa
#11,Appraising the Water-Energy-Food Nexus From a Sustainable Development Perspective: A Maturing Paradigm?,Region,Sub-Saharan Africa
#11,Appraising the Water-Energy-Food Nexus From a Sustainable Development Perspective: A Maturing Paradigm?,Region,Latin America and the Caribbean
#11,Appraising the Water-Energy-Food Nexus From a Sustainable Development Perspective: A Maturing Paradigm?,Region,Northern America
#11,Appraising the Water-Energy-Food Nexus From a Sustainable Development Perspective: A Maturing Paradigm?,Region,Central Asia
#11,Appraising the Water-Energy-Food Nexus From a Sustainable Development Perspective: A Maturing Paradigm?,Region,Eastern Asia
#11,Appraising the Water-Energy-Food Nexus From a Sustainable Development Perspective: A Maturing Paradigm?,Region,South-eastern Asia
#11,Appraising the Water-Energy-Food Nexus From a Sustainable Development Perspective: A Maturing Paradigm?,Region,Southern Asia
#11,Appraising the Water-Energy-Food Nexus From a Sustainable Development Perspective: A Maturing Paradigm?,Region,Western Asia
#11,Appraising the Water-Energy-Food Nexus From a Sustainable Development Perspective: A Maturing Paradigm?,Region,Melanesia
#11,Appraising the Water-Energy-Food Nexus From a Sustainable Development Perspective: A Maturing Paradigm?,Region,Micronesia
#11,Appraising the Water-Energy-Food Nexus From a Sustainable Development Perspective: A Maturing Paradigm?,Region,Polynesia
#11,Appraising the Water-Energy-Food Nexus From a Sustainable Development Perspective: A Maturing Paradigm?,Scale,Multi-regional (multiple continents/geographic regions)
#11,Appraising the Water-Energy-Food Nexus From a Sustainable Development Perspective: A Maturing Paradigm?,Nexus,Biodiversity
#11,Appraising the Water-Energy-Food Nexus From a Sustainable Development Perspective: A Maturing Paradigm?,Nexus,Climate change
#11,Appraising the Water-Energy-Food Nexus From a Sustainable Development Perspective: A Maturing Paradigm?,Nexus,Health
#11,Appraising the Water-Energy-Food Nexus From a Sustainable Development Perspective: A Maturing Paradigm?,Nexus,Food
#11,Appraising the Water-Energy-Food Nexus From a Sustainable Development Perspective: A Maturing Paradigm?,Nexus,Water
#11,Appraising the Water-Energy-Food Nexus From a Sustainable Development Perspective: A Maturing Paradigm?,NChallenge,Complexity Challenges
#11,Appraising the Water-Energy-Food Nexus From a Sustainable Development Perspective: A Maturing Paradigm?,NChallenge,Values Challenges
#11,Appraising the Water-Energy-Food Nexus From a Sustainable Development Perspective: A Maturing Paradigm?,NChallenge,Governance Challenges
#11,Appraising the Water-Energy-Food Nexus From a Sustainable Development Perspective: A Maturing Paradigm?,NChallenge,Financing Challenges
#11,Appraising the Water-Energy-Food Nexus From a Sustainable Development Perspective: A Maturing Paradigm?,NChallenge,Scaling Challenges
#11,Appraising the Water-Energy-Food Nexus From a Sustainable Development Perspective: A Maturing Paradigm?,Gov,NA
#11,Appraising the Water-Energy-Food Nexus From a Sustainable Development Perspective: A Maturing Paradigm?,Policy,Legal and Regulatory Instruments
#11,Appraising the Water-Energy-Food Nexus From a Sustainable Development Perspective: A Maturing Paradigm?,Policy,Economic and Financial Instruments
#11,Appraising the Water-Energy-Food Nexus From a Sustainable Development Perspective: A Maturing Paradigm?,Actors,Private Sector and Business Organisations
#11,Appraising the Water-Energy-Food Nexus From a Sustainable Development Perspective: A Maturing Paradigm?,Actors,Financial Institutions
#11,Appraising the Water-Energy-Food Nexus From a Sustainable Development Perspective: A Maturing Paradigm?,Actors,Civil Society and Community-Based Organisations
#11,Appraising the Water-Energy-Food Nexus From a Sustainable Development Perspective: A Maturing Paradigm?,Actors,Knowledge and Educational Communities
#11,Appraising the Water-Energy-Food Nexus From a Sustainable Development Perspective: A Maturing Paradigm?,Actors,IPLCs
#11,Appraising the Water-Energy-Food Nexus From a Sustainable Development Perspective: A Maturing Paradigm?,Actors,Local/National Governments and Municipalities
#11,Appraising the Water-Energy-Food Nexus From a Sustainable Development Perspective: A Maturing Paradigm?,CrossCut,Equity
#11,Appraising the Water-Energy-Food Nexus From a Sustainable Development Perspective: A Maturing Paradigm?,CrossCut,Poverty
#11,Appraising the Water-Energy-Food Nexus From a Sustainable Development Perspective: A Maturing Paradigm?,CrossCut,Economy
#11,Appraising the Water-Energy-Food Nexus From a Sustainable Development Perspective: A Maturing Paradigm?,CrossCut,Employment
#11,Appraising the Water-Energy-Food Nexus From a Sustainable Development Perspective: A Maturing Paradigm?,CrossCut,ILK
#11,Appraising the Water-Energy-Food Nexus From a Sustainable Development Perspective: A Maturing Paradigm?,CrossCut,Education
#11,Appraising the Water-Energy-Food Nexus From a Sustainable Development Perspective: A Maturing Paradigm?,CrossCut,Energy
#11,Appraising the Water-Energy-Food Nexus From a Sustainable Development Perspective: A Maturing Paradigm?,Scaling,NA
#11,Appraising the Water-Energy-Food Nexus From a Sustainable Development Perspective: A Maturing Paradigm?,Enablers,Equity & Diversity
#11,Appraising the Water-Energy-Food Nexus From a Sustainable Development Perspective: A Maturing Paradigm?,Enablers,Policy design & Implementation
#11,Appraising the Water-Energy-Food Nexus From a Sustainable Development Perspective: A Maturing Paradigm?,Enablers,Institutional capacity
#11,Appraising the Water-Energy-Food Nexus From a Sustainable Development Perspective: A Maturing Paradigm?,Enablers,Finance & Economics
#11,Appraising the Water-Energy-Food Nexus From a Sustainable Development Perspective: A Maturing Paradigm?,Enablers,Behaviour & Lifestyle
#11,Appraising the Water-Energy-Food Nexus From a Sustainable Development Perspective: A Maturing Paradigm?,Enablers_CritC5,Equity (#8)
#11,Appraising the Water-Energy-Food Nexus From a Sustainable Development Perspective: A Maturing Paradigm?,Enablers_CritC5,Social acceptability (#4)
#11,Appraising the Water-Energy-Food Nexus From a Sustainable Development Perspective: A Maturing Paradigm?,Enablers_CritC5,Alignment with political priorities (#5)
#11,Appraising the Water-Energy-Food Nexus From a Sustainable Development Perspective: A Maturing Paradigm?,Enablers_CritC5,Geographic scale (#1)
#11,Appraising the Water-Energy-Food Nexus From a Sustainable Development Perspective: A Maturing Paradigm?,Enablers_CritC5,Transformative change potential (#10)
#11,Appraising the Water-Energy-Food Nexus From a Sustainable Development Perspective: A Maturing Paradigm?,Enablers_CritC5,Economic implications (#6)
#11,Appraising the Water-Energy-Food Nexus From a Sustainable Development Perspective: A Maturing Paradigm?,Enablers_CritC5,NA
#11,Appraising the Water-Energy-Food Nexus From a Sustainable Development Perspective: A Maturing Paradigm?,Barriers,Institutional capacity
#11,Appraising the Water-Energy-Food Nexus From a Sustainable Development Perspective: A Maturing Paradigm?,Barriers,Policy design & Implementation
#11,Appraising the Water-Energy-Food Nexus From a Sustainable Development Perspective: A Maturing Paradigm?,Barriers,Finance & Economics
#11,Appraising the Water-Energy-Food Nexus From a Sustainable Development Perspective: A Maturing Paradigm?,Barriers_CritC5,NA
#11,Appraising the Water-Energy-Food Nexus From a Sustainable Development Perspective: A Maturing Paradigm?,Barriers_CritC5,Temporal scale (#2)
#11,Appraising the Water-Energy-Food Nexus From a Sustainable Development Perspective: A Maturing Paradigm?,Barriers_CritC5,Transformative change potential (#10)
#11,Appraising the Water-Energy-Food Nexus From a Sustainable Development Perspective: A Maturing Paradigm?,Barriers_CritC5,Economic implications (#6)
#11,Appraising the Water-Energy-Food Nexus From a Sustainable Development Perspective: A Maturing Paradigm?,Barriers_CritC5,Equity (#8)
#8,Partnerships and Network Governance for Urban Food-Energy-Water (FEW) Nexus,PaperType,Perspective
#8,Partnerships and Network Governance for Urban Food-Energy-Water (FEW) Nexus,PaperType,Cases
#8,Partnerships and Network Governance for Urban Food-Energy-Water (FEW) Nexus,Region,Northern America
#8,Partnerships and Network Governance for Urban Food-Energy-Water (FEW) Nexus,Region,Not applicable (no specific spatial location)
#8,Partnerships and Network Governance for Urban Food-Energy-Water (FEW) Nexus,Scale,Subnational >100 km² (watershed)
#8,Partnerships and Network Governance for Urban Food-Energy-Water (FEW) Nexus,Scale,Not applicable (no specific spatial location)
#8,Partnerships and Network Governance for Urban Food-Energy-Water (FEW) Nexus,Nexus,Food
#8,Partnerships and Network Governance for Urban Food-Energy-Water (FEW) Nexus,Nexus,Water
#8,Partnerships and Network Governance for Urban Food-Energy-Water (FEW) Nexus,NChallenge,Governance Challenges
#8,Partnerships and Network Governance for Urban Food-Energy-Water (FEW) Nexus,Gov,Network Governance
#8,Partnerships and Network Governance for Urban Food-Energy-Water (FEW) Nexus,Policy,Legal and Regulatory Instruments
#8,Partnerships and Network Governance for Urban Food-Energy-Water (FEW) Nexus,Actors,Private Sector and Business Organisations
#8,Partnerships and Network Governance for Urban Food-Energy-Water (FEW) Nexus,Actors,Civil Society and Community-Based Organisations
#8,Partnerships and Network Governance for Urban Food-Energy-Water (FEW) Nexus,Actors,Civil Society and Community-Based Organisations
#8,Partnerships and Network Governance for Urban Food-Energy-Water (FEW) Nexus,Actors,Local/National Governments and Municipalities
#8,Partnerships and Network Governance for Urban Food-Energy-Water (FEW) Nexus,CrossCut,Equity
#8,Partnerships and Network Governance for Urban Food-Energy-Water (FEW) Nexus,CrossCut,Energy
#8,Partnerships and Network Governance for Urban Food-Energy-Water (FEW) Nexus,Scaling,No
#8,Partnerships and Network Governance for Urban Food-Energy-Water (FEW) Nexus,Enablers,Policy design & Implementation
#8,Partnerships and Network Governance for Urban Food-Energy-Water (FEW) Nexus,Enablers,Institutional capacity
#8,Partnerships and Network Governance for Urban Food-Energy-Water (FEW) Nexus,Enablers_CritC5,Impacts on each nexus element (#3)
#8,Partnerships and Network Governance for Urban Food-Energy-Water (FEW) Nexus,Enablers_CritC5,Equity (#8)
#8,Partnerships and Network Governance for Urban Food-Energy-Water (FEW) Nexus,Barriers,Finance & Economics
#8,Partnerships and Network Governance for Urban Food-Energy-Water (FEW) Nexus,Barriers_CritC5,Transformative change potential (#10)
#6,Navigating the nexus: The role of intermediaries in charting a new frontier of policy integration for agrifood and energy systems transformation,PaperType,Review
#6,Navigating the nexus: The role of intermediaries in charting a new frontier of policy integration for agrifood and energy systems transformation,PaperType,Empirical
#6,Navigating the nexus: The role of intermediaries in charting a new frontier of policy integration for agrifood and energy systems transformation,Region,Northern Europe
#6,Navigating the nexus: The role of intermediaries in charting a new frontier of policy integration for agrifood and energy systems transformation,Scale,Subnational >100 km² (watershed)
#6,Navigating the nexus: The role of intermediaries in charting a new frontier of policy integration for agrifood and energy systems transformation,Nexus,Food
#6,Navigating the nexus: The role of intermediaries in charting a new frontier of policy integration for agrifood and energy systems transformation,Nexus,Water
#6,Navigating the nexus: The role of intermediaries in charting a new frontier of policy integration for agrifood and energy systems transformation,NChallenge,Complexity Challenges
#6,Navigating the nexus: The role of intermediaries in charting a new frontier of policy integration for agrifood and energy systems transformation,NChallenge,Governance Challenges
#6,Navigating the nexus: The role of intermediaries in charting a new frontier of policy integration for agrifood and energy systems transformation,Gov,Hierarchical Governance
#6,Navigating the nexus: The role of intermediaries in charting a new frontier of policy integration for agrifood and energy systems transformation,Gov,Network Governance
#6,Navigating the nexus: The role of intermediaries in charting a new frontier of policy integration for agrifood and energy systems transformation,Policy,Legal and Regulatory Instruments
#6,Navigating the nexus: The role of intermediaries in charting a new frontier of policy integration for agrifood and energy systems transformation,Policy,Economic and Financial Instruments
#6,Navigating the nexus: The role of intermediaries in charting a new frontier of policy integration for agrifood and energy systems transformation,Actors,Private Sector and Business Organisations
#6,Navigating the nexus: The role of intermediaries in charting a new frontier of policy integration for agrifood and energy systems transformation,Actors,Media and the Arts
#6,Navigating the nexus: The role of intermediaries in charting a new frontier of policy integration for agrifood and energy systems transformation,Actors,Civil Society and Community-Based Organisations
#6,Navigating the nexus: The role of intermediaries in charting a new frontier of policy integration for agrifood and energy systems transformation,Actors,Knowledge and Educational Communities
#6,Navigating the nexus: The role of intermediaries in charting a new frontier of policy integration for agrifood and energy systems transformation,Actors,Local/National Governments and Municipalities
#6,Navigating the nexus: The role of intermediaries in charting a new frontier of policy integration for agrifood and energy systems transformation,CrossCut,Energy
#6,Navigating the nexus: The role of intermediaries in charting a new frontier of policy integration for agrifood and energy systems transformation,CrossCut,Politics and Democracy
#6,Navigating the nexus: The role of intermediaries in charting a new frontier of policy integration for agrifood and energy systems transformation,Scaling,No
#6,Navigating the nexus: The role of intermediaries in charting a new frontier of policy integration for agrifood and energy systems transformation,Enablers,Policy design & Implementation
#6,Navigating the nexus: The role of intermediaries in charting a new frontier of policy integration for agrifood and energy systems transformation,Enablers,Institutional capacity
#6,Navigating the nexus: The role of intermediaries in charting a new frontier of policy integration for agrifood and energy systems transformation,Enablers,Finance & Economics
#6,Navigating the nexus: The role of intermediaries in charting a new frontier of policy integration for agrifood and energy systems transformation,Enablers,Behaviour & Lifestyle
#6,Navigating the nexus: The role of intermediaries in charting a new frontier of policy integration for agrifood and energy systems transformation,Enablers,Technology
#6,Navigating the nexus: The role of intermediaries in charting a new frontier of policy integration for agrifood and energy systems transformation,Enablers,Material & Non-material endowments
#6,Navigating the nexus: The role of intermediaries in charting a new frontier of policy integration for agrifood and energy systems transformation,Enablers_CritC5,Impacts on each nexus element (#3)
#6,Navigating the nexus: The role of intermediaries in charting a new frontier of policy integration for agrifood and energy systems transformation,Enablers_CritC5,Social acceptability (#4)
#6,Navigating the nexus: The role of intermediaries in charting a new frontier of policy integration for agrifood and energy systems transformation,Enablers_CritC5,Alignment with political priorities (#5)
#6,Navigating the nexus: The role of intermediaries in charting a new frontier of policy integration for agrifood and energy systems transformation,Enablers_CritC5,Equity (#8)
#6,Navigating the nexus: The role of intermediaries in charting a new frontier of policy integration for agrifood and energy systems transformation,Enablers_CritC5,Transformative change potential (#10)
#6,Navigating the nexus: The role of intermediaries in charting a new frontier of policy integration for agrifood and energy systems transformation,Enablers_CritC5,NA
#6,Navigating the nexus: The role of intermediaries in charting a new frontier of policy integration for agrifood and energy systems transformation,Enablers_CritC5,Technical feasibility (#7)
#6,Navigating the nexus: The role of intermediaries in charting a new frontier of policy integration for agrifood and energy systems transformation,Barriers,Finance & Economics
#6,Navigating the nexus: The role of intermediaries in charting a new frontier of policy integration for agrifood and energy systems transformation,Barriers,Behaviour & Lifestyle
#6,Navigating the nexus: The role of intermediaries in charting a new frontier of policy integration for agrifood and energy systems transformation,Barriers_CritC5,NA
#1,Key axes of global progress towards the Sustainable Development Goals,PaperType,Empirical
#1,Key axes of global progress towards the Sustainable Development Goals,Region,Not applicable (no specific spatial location)
#1,Key axes of global progress towards the Sustainable Development Goals,Scale,Not applicable (no specific spatial location)
#1,Key axes of global progress towards the Sustainable Development Goals,Nexus,Biodiversity
#1,Key axes of global progress towards the Sustainable Development Goals,Nexus,Food
#1,Key axes of global progress towards the Sustainable Development Goals,Nexus,Water
#1,Key axes of global progress towards the Sustainable Development Goals,NChallenge,Complexity Challenges
#1,Key axes of global progress towards the Sustainable Development Goals,Gov,NA
#1,Key axes of global progress towards the Sustainable Development Goals,Policy,NA
#1,Key axes of global progress towards the Sustainable Development Goals,Actors,NA
#1,Key axes of global progress towards the Sustainable Development Goals,CrossCut,Energy
#1,Key axes of global progress towards the Sustainable Development Goals,Scaling,No
