Title,Authors,Abstract,Published Year,Published Month,Journal,Volume,Issue,Pages,Accession Number,DOI,Ref,Covidence #,Study,Notes,Tags
Key axes of global progress towards the Sustainable Development Goals,"Yin, C.; Zhao, W.; Fu, B.; Meadows, M.E.; Pereira, P.","Identifying the principal dimensions of Sustainable Development Goals (SDGs) is key to measuring the extent to which SDGs are addressing the broader aim of agenda 2030. However, the key axes of global SDG progress over the past two decades remain largely unknown. This study aimed to identify the major axes of global SDG progress and analyze the variation of SDG axes along with their spatial-temporal patterns and in relation to economic status. Principal Component Analysis was used to identify major axes of the SDGs that comprise basic-needs, governance, and higher-needs bundles. The results show that three key axes, viz. resources and ecosystems, the living environment, and well-being and equality, underpin the basic-needs, governance, and higher-needs SDGs respectively. Spatially, highest PC scores for basic-needs are clustered in high income countries, governance PC scores are globally polarized, while the results suggest that higher-needs PC scores are progressing only at a sluggish pace in most countries. In terms of temporal trends, progress has relied heavily on the contribution of basic-needs and governance SDGs. The SDG axes differ by country income levels, although the goals that contribute most to major axes in high-income countries also contribute most to global axes. The identified key axes of SDG progress highlight the necessity to promote the nexus of sustainable food-water-land, resilient cities, health, and equality to implement the SDGs more holistically. The study assists in the identification of appropriate research priorities and in developing more effective transformation strategies towards delivering the SDGs by 2030. © 2022 Elsevier Ltd",2023,,J. Clean. Prod.,385,,,,10.1016/j.jclepro.2022.135767,,#1,Yin 2023,"",""
Navigating the nexus: The role of intermediaries in charting a new frontier of policy integration for agrifood and energy systems transformation,"Ptak, E.N.; Graversgaard, M.; Dalgaard, T.","The effects of climate change are instigating a discourse shift towards net-zero emissions agriculture. However, a sectoral silo paradigm of policy design is incompatible with a systems approach to address complex global environmental challenges. This study introduces a social cartography approach that amalgamates network theory with a nexus perspective to identify social relation changes in the making. The study examines the role of an advisor-led initiative promoting the discourse of climate-smart farming in Scotland and identifies the impacts upon farmer knowledge networks. The social cartography comprises of a survey, farm meeting observations, and social network analysis of the agriculture, climate change, and energy (ACE) policyscape. As a visualization method, the social cartography provides a conceptual compass to navigate social relation changes of farmer knowledge networks amidst discursive transition. The results demonstrate that the advisor-led initiative acts an intermediary of discursive transition by introducing new knowledge frames and practices of farming that facilitate network shifts. However, voluntary measures fall short of instigating cross-sectoral interplay to actualize transformation towards systems integration. Furthermore, the study presents policy design elements to chart a new frontier of integrated agrifood and energy systems governance in Scotland. © 2022 The Authors",2023,,Environ. Sci. Policy,139,,92-103,,10.1016/j.envsci.2022.10.019,,#6,Ptak 2023,"",""
Partnerships and Network Governance for Urban Food-Energy-Water (FEW) Nexus,"Kapucu, N.; Beaudet, S.; Chang, N.-B.; Qiu, J.; Peng, Z.-R.","Few studies have examined the critical role of policy and network governance mechanism in addressing sustainability and FEW nexuses. This study aims to examine the efforts in meeting the UN Sustainable Development Goals (SDGs) at the urban environment. More specifically, the study seeks to examine how growing demands on the food-energy-water (FEW) nexuses can be met through partnerships in dense urban areas as population growth and human migration continue to accelerate in metropolitan areas worldwide. The goal of the article is to address the role of multi-stakeholder partnership in the successful implementation of FEW nexus projects. The study highlights how FEW nexus projects can improve urban sustainability and equity with the aid of stakeholder involvement. The study contributes how FEW nexus projects can improve urban sustainability with stakeholder engagement with varying degrees of partnerships with public, private, and nonprofit sector organizations in both policy and governance. © 2021 Taylor & Francis Group, LLC.",2023,,Int. J. Public Adm.,46,1,18-31,,10.1080/01900692.2021.1967981,,#8,Kapucu 2023,"",""
Appraising the Water-Energy-Food Nexus From a Sustainable Development Perspective: A Maturing Paradigm?,"Hejnowicz, A.P.; Thorn, J.P.R.; Giraudo, M.E.; Sallach, J.B.; Hartley, S.E.; Grugel, J.; Pueppke, S.G.; Emberson, L.","The water-energy-food (WEF) nexus is a prominent approach for addressing today's sustainable development challenges. In our critical appraisal of the WEF, covering different approaches, drivers, enablers, and applications, we emphasize the situation across the Global South (Africa, Asia, Latin America and the Caribbean). Here, WEF research covers at least 23 focal domains. We find that the nexus is still a maturing paradigm primarily rooted in a physical and natural sciences framing, which is itself embedded in a neoliberal securities narrative. While providing insights and tools to address the systemic interdependencies between resource sectors whose exploitation, degradation, and sub-optimal management contribute to (un)sustainable development, there is still insufficient engagement with social, political, and economic dimensions. Progress related to climate, urbanization, and resource consumption is encouraging, but while governance and finance are central enablers of current and future nexus systems, gaps remain in relation to implementation and operationalization. Harnessing the nexus for sustainable development across the Global South means recognizing that it is more than a biophysical system, but also a multi-scale complex of people, institutions, and infrastructure, affected by history and context. Addressing this complexity requires alternative and possibly challenging perspectives to counter dominant narratives, and manage problems associated with policy integration, trade-offs, and winners and losers. We outline 10 emergent research areas that we think can contribute to this endeavor and enable the nexus to be a stronger policy force. © 2022 The Authors. Earth's Future published by Wiley Periodicals LLC on behalf of American Geophysical Union.",2022,,Earth's Futur.,10,12,,,10.1029/2021EF002622,,#11,Hejnowicz 2022,"",""
Towards planetary nexus governance in the Anthropocene: An earth system law perspective,"Kotzé, L.J.; Kim, R.E.","Nexus governance recognises that sustainability concerns such as water, energy, and food security are interlinked and provides an alternative to fragmented governance. Although it has been applied mostly in the domestic context, the need for nexus governance is also apparent at a planetary scale, as highlighted by interacting planetary boundaries, global telecoupling, and global tipping cascades. However, international environmental law is unable to facilitate what we call ‘planetary nexus governance’. This is mainly because international environmental law lacks an ecological Grundnorm and because its primary rules of conduct remain fragmented in the absence of effective secondary rules on how primary rules should relate to each other. Recognising this challenge, scholars have recently proposed earth system law as a new framework to rethink, in an integrated way, law in an Anthropocene context. Building on this framework, we suggest that international environmental law should adopt a unifying Grundnorm such as planetary integrity. We also suggest that international institutional law, as a body of secondary rules, has an important role to play in facilitating planetary nexus governance by bringing together fragmented bodies of international law. We briefly discuss ways in which international environmental law could reorientate itself to better facilitate planetary nexus governance. © 2022 The Authors. Global Policy published by Durham University and John Wiley & Sons Ltd.",2022,,Global Policy,13,S3,86-97,,10.1111/1758-5899.13149,,#12,Kotzé 2022,"",""
Co-Benefits Through Coordination of Climate Action and Peacebuilding: A System Dynamics Model,"Morales-Muñoz, H.; Bailey, A.; Löhr, K.; Caroli, G.; Villarino, M.E.J.; LoboGuerrero, A.M.; Bonatti, M.; Siebert, S.; Castro-Nuñez, A.","Climate disasters affect human security and development, moreso in fragile and conflict-affected contexts where population’ capacities to cope with climate change are compromised. Responses to such crises lie at the nexus of humanitarian assistance, development, and peacebuilding. Yet, there are still too few integrated programmatic responses coordinating peacebuilding and climate actions to ensure a progressive human development. This research develops a multi-scalar model to help actors identify thematic areas to inform synergistic efforts and programs at different scales to better coordinate their actions. Findings suggest that climate action and peacebuilding sectors can coordinate actions around climate and conflict risk assessments, the management of land and water resources, ecosystem restoration, nature-based climate adaptation, climate and conflict smart agriculture, natural resources governance, and sustainable market development. These collaborative efforts have the potential to generate co-benefits, such as increased social cohesion and livelihood creation. © The Author(s) 2022.",2022,,J. Peacebuild. Dev.,17,3,304-323,,10.1177/15423166221132149,,#14,Morales-Muñoz 2022,"",""
Integrated Water Resources Management Based on Water Governance and Water-food-energy Nexus through System Dynamics and Social Network Analyzing Approaches,"Samadi-Foroushani, M.; Keyhanpour, M.J.; Musavi-Jahromi, S.H.; Ebrahimi, H.","The significance of integrated water resources management (IWRM) is well known, while its practical implementation methods are yet to be recognized fully. The issue of recognizing and implementing an Integrated Water Resources Management based on Water Governance policies in Iran is assessed. The integrated water resources management policies, based on the simulation of the system dynamic model of sustainable water resources management, are applied to accomplish this task. The water-food-energy Nexus is of concern in this study. The obtained results indicate a 16% increase in irrigation efficiency, a 10% improvement in cultivation patterns, a 6% decrease in agricultural production loss, a 5% decrease in food product loss, and a 5% increase in annual agricultural performance. The structure of the power distribution network among legal water governance institutions in Iran is evaluated to assess the proper implementation of strategies through the social network analyzing approach. The capacities for developing participatory governance, including the Ministry of Agriculture Jihad's legal power expansion, strengthening the academic and knowledge-based enterprises' cooperation, and improving the private sector, stance, and NOGs’ supervision at state and local levels. Applying this integrated approach to modeling this dynamic integrated system is the objective. The innovation of this study is the adoption of system approaches in decision making policies extracted from dynamic integration of WFE in the water collaborative governance to achieve cohesive water management. © 2022, The Author(s), under exclusive licence to Springer Nature B.V.",2022,,Water Resour. Manage.,36,15,6093-6113,,10.1007/s11269-022-03343-6,,#15,Samadi-Foroushani 2022,"",""
Global adaptation readiness and income mitigate sectoral climate change vulnerabilities,"Sarkodie, S.A.; Ahmed, M.Y.; Owusu, P.A.","Climate change has become a global burden, requiring strong institutional quality and willingness to mitigate future impacts. Though emissions are transboundary and have the tendency of spreading from high emitting countries to low emitting countries, regional exposure, sensitivity, and adaptation readiness determine the extent of climate effects. The existing literature focuses on immediate drivers and damages of emission effects, failing to account for underlying mechanisms occurring via the nexus between emission levels, economic, social, and governance adaptation readiness. Here, this study broadens the scope of previous attempts and simultaneously examines climate change vulnerability across sectors including ecosystem services, food, health, human habitat, infrastructure, and water. We use the Romano–Wolf technique to test multiple hypotheses and present the spatial–temporal severity of climate vulnerability and readiness to combat climate change and its impacts. Besides, we assess the long-term impact of climate change readiness and income expansion on sectoral-climate vulnerabilities. We find that high-income economies with high social, governance, and economic readiness have low climate vulnerability whereas developing economies with low income have high climate change exposure and sensitivity. Our empirical evidence could be used to prioritize limited resources in addressing and managing adaptive actions of extreme climate change vulnerabilities. © 2022, The Author(s).",2022,,Hum. Soc. Sci. Comm,9,1,,,10.1057/s41599-022-01130-7,,#21,Sarkodie 2022,"",""
A Societal Metabolism Approach to Effectively Analyze the Water–Energy–Food Nexus in an Agricultural Transboundary River Basin,"Taghdisian, A.; Bukkens, S.G.F.; Giampietro, M.","We implemented the semantically open conceptual framework ‘Multi-Scale Integrated Analysis of Societal and Ecosystem Metabolism’ (MuSIASEM) to deal with nexus challenges in agricultural production systems in transboundary river basins, using the Iranian Aras River Basin as a case study. The performance of the agricultural sector was characterized for relevant typologies of crop production using metabolic profiles, i.e., inputs and outputs per ton of crop produced, per hectare of land use, and per hour of labor. This analysis was contextualized across hierarchical levels of analysis, including the agronomic context at the regional level (rainfed versus irrigated cultivation), the socio-economic and political context at the national level (food sovereignty; urbanization), and the hydro-ecological context of the larger transboundary river basin (water constraints, GHG emissions). We found that the simultaneous use of two different interrelated logics of aggregation—the productivity of land and labor (relevant for the agronomic and socio-economic dimension) and the density of flows under different land uses (relevant for the hydrological and ecological dimension)—allowed for the identification of trade-offs in policy deliberations. In the case of Iran, it showed that striving for strategic autonomy will exacerbate the current water crisis; with the current cropping patterns, agronomic improvements will not suffice to avert a water crisis. It was concluded that the proposed approach fills an important gap in nexus research, but to effectively guide nexus governance in the region, a co-production of the analysis with social actors as well as more complete data sets at the river basin level would be essential. © 2022 by the authors.",2022,,Sustainability,14,15,,,10.3390/su14159110,,#48,Taghdisian 2022,"",""
A Systematic Literature Review of Water-Migration-Gender Nexus Toward Integrated Governance Strategies for (Non) Migrants,"Irbık, D.E.","Water access and environmental migration are crucial global development issues to be examined from an interdisciplinary perspective. Although climate change and water-related dimensions of migration have been widely studied, a gendered lens on this topic is scarce in the current academic literature. To address this gap, I use insights from feminist political ecology and a water-migration-gender nexus to analyze the gender aspects in women's experiences, challenges, and opportunities due to climate change and water stressors. After conducting a systematic literature review, 67 articles were appraised for quality and included in the synthesis to review existing policies. In the discussion section, based on these existing policies, I propose integrated governance strategies that could synergically mitigate water-related problems and (non) migration challenges with a neglected gender focus so that women and girls can prepare to be more resilient to the social, economic, and environmental changes in everyday life. This paper engages with vulnerability, tolerance, and adaptation of women and girls to socio-ecological changes around the water discourse, and it proposes a conceptual framework for the integrated governance strategies to understand better the connection between water-related security risks and development problems resulting from climate change, (non) migration, and gender. Copyright © 2022 Irbık.",2022,,Front. Water.,4,,,,10.3389/frwa.2022.921459,,#53,Irbık 2022,"",""
Nexus disrupted: Lived realities and the water-energy-food nexus from an infrastructure perspective,"Bruns, A.; Meisch, S.; Ahmed, A.; Meissner, R.; Romero-Lankao, P.","In recent years, the water-energy-food nexus gained traction in science and policy debates to address the relationships between water, energy and food sectors. Inspired by Political Ecology thinking, we advocate for a nexus understanding that acknowledges the political nature of the concept and points to lived and experienced nexus realities. We draw on literature from heterogeneous infrastructures, giving attention to the socio-material entanglements that configure a nexus dynamically over time and space. We substantiate our conceptual arguments based on three different cases from Sub-Saharan Africa, that reveal the ways in which people access, maintain or disrupt infrastructure that links water, energy, and food systems. This may occur through practice forms of tinkering or improvisation of infrastructural components, intermediate (decentralised) technologies, through theft, or through some form of self-empowerment. Methodologically, the role of practices is emphasized as they help to understand Nexus heterogeneity and disparate forms of agency to (re-)configure a nexus. The findings demonstrate that the nexus is not just there but is constantly in-the-making. Practices stabilise, build, or alter differentiated nexus configurations within uneven nexus in/securities. Moreover, this article disrupts a “one-size-fits-all” nexus concept by offering a nuanced understanding of nexus realities that are more complex, heterogeneous, and plural than commonly described. Our analysis shows that re-thinking the nexus by focusing on people and practices draws the attention towards agency and change – and thus enables to identify leverage themes rendering a more just nexus. © 2022 The Authors",2022,,Geoforum,133,,79-88,,10.1016/j.geoforum.2022.05.007,,#56,Bruns 2022,"",""
Governing for Transformative Change across the Biodiversity-Climate-Society Nexus,"Pascual, U.; McElwee, P.D.; Diamond, S.E.; Ngo, H.T.; Bai, X.; Cheung, W.W.L.; Lim, M.; Steiner, N.; Agard, J.; Donatti, C.I.; Duarte, C.M.; Leemans, R.; Managi, S.; Pires, A.P.F.; Reyes-García, V.; Trisos, C.; Scholes, R.J.; Pörtner, H.-O.","Transformative governance is key to addressing the global environmental crisis. We explore how transformative governance of complex biodiversity-climate-society interactions can be achieved, drawing on the first joint report between the Intergovernmental Panel on Climate Change and the Intergovernmental Science-Policy Platform on Biodiversity and Ecosystem Services to reflect on the current opportunities, barriers, and challenges for transformative governance. We identify principles for transformative governance under a biodiversity-climate-society nexus frame using four case studies: forest ecosystems, marine ecosystems, urban environments, and the Arctic. The principles are focused on creating conditions to build multifunctional interventions, integration, and innovation across scales; coalitions of support; equitable approaches; and positive social tipping dynamics. We posit that building on such transformative governance principles is not only possible but essential to effectively keep climate change within the desired 1.5 degrees Celsius global mean temperature increase, halt the ongoing accelerated decline of global biodiversity, and promote human well-being. © 2022 The Author(s) 2022.",2022,,BioScience,72,7,684-704,,10.1093/biosci/biac031,,#58,Pascual 2022,"",""
"Social-ecological connections across land, water, and sea demand a reprioritization of environmental management","Gladstone-Gallagher, R.V.; Tylianakis, J.M.; Yletyinen, J.; Dakos, V.; Douglas, E.J.; Greenhalgh, S.; Hewitt, J.E.; Hikuroa, D.; Lade, S.J.; Heron, R.L.; Norkko, A.; Perry, G.L.W.; Pilditch, C.A.; Schiel, D.; Siwicka, E.; Warburton, H.; Thrush, S.F.","Despite many sectors of society striving for sustainability in environmental management, humans often fail to identify and act on the connections and processes responsible for social-ecological tipping points. Part of the problem is the fracturing of environmental management and social-ecological research into ecosystem domains (land, freshwater, and sea), each with different scales and resolution of data acquisition and distinct management approaches. We present a perspective on the social-ecological connections across ecosystem domains that emphasize the need for management reprioritization to effectively connect these domains.We identify critical nexus points related to the drivers of tipping points, scales of governance, and the spatial and temporal dimensions of social-ecological processes.We combine real-world examples and a simple dynamic model to illustrate the implications of slow management responses to environmental impacts that traverse ecosystem domains. We end with guidance on management and research opportunities that arise from this cross-domain lens to foster greater opportunity to achieve environmental and sustainability goals. © 2022 Georg Thieme Verlag. All rights reserved.",2022,,Elementa,10,1,,,10.1525/elementa.2021.00075,,#60,Gladstone-Gallagher 2022,"",""
"Food, Energy and Water Nexus: An Urban Living Laboratory Development for Sustainable Systems Transition","Soares Dal Poz, M.E.; de Arruda Ignácio, P.S.; Azevedo, A.; Francisco, E.C.; Piolli, A.L.; Gheorghiu da Silva, G.; Pereira Ribeiro, T.","From a climate change perspective, the governance of natural common-pool resources—the commons—is a key point in the challenge of transitioning to sustainability. This paper presents the main strategic advances of the São Paulo Urban Living Laboratory (ULL) regarding Food, Energy and Water (FEW Nexus) analysis and modelling at the border of a high biodiverse forest in a peri-urban region in southeast Brazil. It is a replicable and scalable method concerning FEW governance. The FEW Nexus is an analytical guide to actions that will enable a colossal set of innovative processes that the transition to sustainability presupposes. Sustainable governance of the FEW dimensions, seen as an innovation-based process, is approached by a decision making tool to understand the past and future dynamics of the system. The governance framework is based on a multi-criteria and multi-attribute set of sustainability-relevant factors used as indicators to model complex system dynamics (SD) and the stakeholders’ future expectations through a Delphi approach. Based on the three main dimensions of the Ecosystem Services Approach—Physical and Material Conditions, Attributes of Communities, and Rules-in-Use—the tool comprises thirteen specific sustainability indicators such as water and carbon footprints, land use social development, payment for ecosystem services, and land use gain indices. Its development was designed to generate a long-term network of socioenvironmental stakeholders’ decision making processes and collective learning about a higher level of sustainable systems. System Dynamics modelling demonstrates the associations between sustainability indicators and the impacts of payment for ecosystem services on the land use social development index, or on the trophic state index. The Delphi foresight approach, using the Promethee-Gaia method, allows us to understand the positions of multiple agents regarding the transition process. In this context, decision making tools can be very useful and effective in answering the “how to” questions of ULLs and paving the way for transition, providing collective planning and decision support frameworks for sustainability transition management. © 2022 by the authors. Licensee MDPI, Basel, Switzerland.",2022,,Sustainability,14,12,,,10.3390/su14127163,,#61,SoaresDalPoz 2022,"",""
Ten Years of Research on the Water-Energy-Food Nexus: An Analysis of Topics Evolution,"Lazaro, L.L.B.; Bellezoni, R.A.; Puppim de Oliveira, J.A.; Jacobi, P.R.; Giatti, L.L.","This study explores how the concept and research on the water-energy-food (WEF) nexus has evolved over time. The research uncovers the key terms underpinning the phenomenon, maps the interlinkages between WEF nexus topics, and provides an overview of the evolution of the concept of WEF nexus. We analyzed published academic literature from the Scopus database and performed both qualitative and quantitative analyses using Natural Language Processing method. The findings suggest that the nexus approach is increasingly evolving into an integrative concept, and has been incorporating new topics over time, resulting in different methods for WEF nexus research, with a focus on interdisciplinary and inter-sectoral analyses. Through the five periods outlined, we have identified the nexus approach debate focused on the following predominant topics: i) Trend 1 (2012–2016) debates on WEF nexus for water management and natural resource security, ii) Trend 2 (2017–2018) linkages between the nexus, the sustainable development goals and green economy, iii) Trend 3 (2019) WEF nexus governance and policy integration, iv) Trend 4 (2020) application of the nexus concept on different scales, including regions, countries, watersheds, urban areas as well as other components coupled to the WEF nexus, and, v) Trend 5 (2021) climate change and urban nexus challenges. Copyright © 2022 Lazaro, Bellezoni, Puppim de Oliveira, Jacobi and Giatti.",2022,,Front. Water.,4,,,,10.3389/frwa.2022.859891,,#65,Lazaro 2022,"",""
"What is climate security? Framing risks around water, food, and migration in the Middle East and North Africa","Daoudy, M.; Sowers, J.; Weinthal, E.","From academics to practitioners, many voices have amplified an increasingly popular narrative posing a climate–conflict–migration nexus. This essay reviews the literature on climate security, exploring the human security impacts of climate change in the Middle East and North Africa (MENA) with particular attention to the scholarly literature on vulnerability and adaptation. It also examines the policy implications of discourses that frame water, food, and climate-induced migration as security threats. This review highlights how incorporating human security perspectives from the fields of development and environmental justice into security studies more adequately illuminates complex issues of “climate security.” Drawing on the human security perspective, this review uses empirical material from the MENA to illustrate the enhanced analytical utility of moving beyond state-based framings of climate security to include communal and individual well-being. These alternative understandings of climate security offer promising venues for assessing differential vulnerability and adaptive capacities in the MENA region. This article is categorized under: Human Water > Water as Imagined and Represented Human Water > Water Governance. © 2022 Wiley Periodicals LLC.",2022,,Wiley Interdiscip. Rev.: Water,9,3,,,10.1002/wat2.1582,,#66,Daoudy 2022,"",""
The quest for sustainable forest bioenergy: win-win solutions for climate and biodiversity,"Giuntoli, J.; Barredo, J.I.; Avitabile, V.; Camia, A.; Cazzaniga, N.E.; Grassi, G.; Jasinevičius, G.; Jonsson, R.; Marelli, L.; Robert, N.; Agostini, A.; Mubareka, S.","The debate on forest bioenergy sustainability has been so far dominated by assessments made through the carbon emissions lens. The biodiversity perspective has been largely missing. The European Green Deal's ambitious targets have brought biodiversity and ecosystem condition restoration and conservation to the core of the EU's legislative portfolios. An opportunity to revisit some important governing texts with a biodiversity lens has therefore presented itself. In this study, we review the impacts on biodiversity and carbon emissions of specific bioenergy pathways that may be used to supply additional forest-based energy. We then synthesize our findings in a nexus matrix, plotting the pathways along a gradient of benefits through to detriments on the two dimensions to highlight win-win and lose-lose options. We found that some pathways do mitigate carbon emissions in the short-term while not deteriorating ecosystem condition. These include collecting fine woody debris within limits of locally established thresholds. We highlight the pathways that do little to mitigate carbon emissions and that are detrimental to ecosystems as well. These include removal of coarse woody debris and low stumps or the conversion of semi-natural, primary and old-growth forests to plantation forests with the purpose to produce bioenergy. We conclude that in the currently polarised debate an approach which unambiguously eliminates negative options is more fruitful than trying to find agreement on best options. Consequently, we present several governance measures that could limit the uptake of clearly undesirable pathways within Europe and we show that some lose-lose pathways are still considered “sustainable” within the European Green Deal. © 2022",2022,,Renewable Sustainable Energy Rev,159,,,,10.1016/j.rser.2022.112180,,#67,Giuntoli 2022,"",""
A Water-Centric Approach in the Assessment and Governance of the Water-Energy-Climate Change Nexus in South Africa,"Mathetsa, S.M.; Simatele, M.D.; Rampedi, I.T.","Water and energy interdependency, in the context of climate change, threatens security of these resources. Anecdotal evidence suggests that risks associated with the “Water-Energy-Climate Change” (WECC) nexus will affect all subsectors of the economy. Yet the WECC nexus has not received commensurate attention in research and policy. Some countries have begun identifying avenues to understand and forestall WECC impacts, but less so in developing countries. This has compromised the adaptive capacity and resilience of developing countries' economies to WECC impacts. This paper analyses existing literature, historical and contemporary secondary data on climate change, water and energy interdependency in South Africa. It outlines the interlinkages and implications of these three components on each other, particularly within the discourse of sustainable water resource management. The paper recommends water-centric approaches to improve evidence-based institutional and policy frameworks to address the myriad challenges of this nexus in a holistic and integrated manner. Copyright © 2022 Mathetsa, Simatele and Rampedi.",2022,,Front. Sustain. food Syst.,6,,,,10.3389/fsufs.2022.691704,,#70,Mathetsa 2022,"",""
The food water energy nexus in an urban context: Connecting theory and practice for nexus governance,"Tye, M.R.; Wilhelmi, O.V.; Pierce, A.L.; Sharma, S.; Nichersu, I.; Wróblewski, M.; Goszczyński, W.; Wendel, J.; Laborgne, P.; Heyder, M.","The growing body of literature on the Food-Water-Energy (FWE) nexus during the last decade covers a variety of disciplinary perspectives and spatial scales. However, to date the urban FWE nexus has received less attention. In this paper, we review the FWE nexus literature with the focus on urban scale and identify gaps in the scholarly knowledge base with regard to practical applications for the FWE nexus governance in cities. Our findings suggest that there is still a mismatch between theoretical nexus governance and community perceptions. Successful governance is an iterative process, necessitating stakeholder input, reflection and response. While research developing the body of urban FWE governance knowledge has increased rapidly, reflection on those results to unpack the nexus complexity and support different governance actors is still limited. We discuss an approach for making the FWE nexus connections more visible and practical by focusing on the urban governance actors and illustrating the intersecting interests and concerns of different actors within the food, water, and energy systems. Mapping the urban governance actors to the sub-elements of the FWE systems highlights common connections and overlapping interests, paving the road toward more integrated governance and participatory solutions. Identifying the tangible and intangible connections among governance actors also helps to reduce the ambiguity of the FWE nexus, and facilitates multi-stakeholder knowledge, data or resources sharing. The resultant approach aims to disaggregate the complexity of the FWE nexus and make its governance more attainable in cities. © 2022 The Authors",2022,,Earth. Syst. Gov.,12,,,,10.1016/j.esg.2022.100143,,#71,Tye 2022,"",""
Water-food-energy nexus for transboundary cooperation in Eastern Africa,"Elsayed, H.; Djordjevic, S.; Savic, D.; Tsoukalas, I.; Makropoulos, C.","Establishing cooperation in transboundary rivers is challenging especially with the weak or non-existent river basin institutions. A nexus-based approach is developed to explore cooperation opportunities in transboundary river basins while considering system operation and coordination under uncertain hydrologic river regimes. The proposed approach is applied to the Nile river basin with a special focus on the Grand Ethiopian Renaissance Dam (GERD), assuming two possible governance positions: with or without cooperation. A cooperation mechanism is developed to allocate additional releases from the GERD when necessary, while a unilateral position assumes that the GERD is operated to maximize hydropower generation regardless of downstream users’ needs. The GERD operation modes were analysed considering operation of downstream reservoirs and varying demands in Egypt. Results show that average basin-wide hydropower generation is likely to increase by about 547 GWh/year (1%) if cooperation is adopted when compared to the unilateral position. In Sudan, hydropower generation and water supply are expected to enhance in the unilateral position and would improve further with cooperation. Furthermore, elevated low flows by the GERD are likely to improve the WFE nexus outcomes in Egypt under full cooperation governance scenario with a small reduction in GERD hydropower generation (2,000 GWh/year (19%)). © 2022 The Authors",2022,,Water Supply,22,4,3567-3587,,10.2166/ws.2022.001,,#72,Elsayed 2022,"",""
Integrating Social-Ecological and Political-Ecological Models of Agrobiodiversity With Nutrient Management of Keystone Food Spaces to Support SDG 2,"Zimmerer, K.S.; Jones, A.D.; de Haan, S.; Creed-Kanashiro, H.; Tubbeh, R.M.; Hultquist, C.; Tello Villavicencio, M.N.; Plasencia Amaya, F.; Nguyen, K.T.","Agrobiodiversity—the biodiversity of food, agriculture, and land use—is essential to U.N. Sustainable Development Goal 2 by providing crucial food and nutritional quality of diets combined with strengthening agroecological sustainability. Focusing on the agrobiodiversity nexus to SDG 2, the current study utilized the interdisciplinary Agrobiodiversity Knowledge Framework (AKF), household-level surveys, and biodiversity sampling of crop fields and home gardens in a case study in Huánuco, Peru, in 2017. Statistical measures estimated agrobiodiversity of crop fields (n = 268 households) and home gardens (n=159 households) based on species richness (3.7 and 10.2 species/household, in fields and gardens, respectively) and evenness (Shannon diversity index; 0.70 and 1.83 in fields and gardens, respectively). Robust results of Poisson and OLS regression models identified several AKF-guided determinants of agrobiodiversity. Estimated species richness and evenness were significantly associated with 12 social-ecological and political-ecological factors from the four AKF thematic axes: farm characteristics and agroecology; diets and nutrition; markets, governance and sociocultural practices; and global change. This study's AKF approach, agrobiodiversity modeling, agroecological characterization, and field-based case study advanced a series of useful research insights, comparisons, and conceptual innovations to address SDG 2. Characterization of nutrient management through soil- and plant-focused cultural practices and livelihood roles distinguished the “keystone agrobiodiversity-and-food space” of multi-species maize fields (maizales) identified in AKF regression and characterization results. This key space furnished crucial food-nutrition and agroecological benefits that can be expanded by overcoming identified barriers. AKF-guided models incorporating key agrobiodiversity-and-food spaces and ecological nutrient management are needed to strengthen SDG 2 strategies. Copyright © 2022 Zimmerer, Jones, de Haan, Creed-Kanashiro, Tubbeh, Hultquist, Tello Villavicencio, Plasencia Amaya and Nguyen.",2022,,Front. Sustain. food Syst.,6,,,,10.3389/fsufs.2022.734943,,#78,Zimmerer 2022,"",""
Assessing the Nexus on Local Perspective: A Quali-Quantitative Framework for Water-Energy-Food Security Evaluation in Neglected Territories,"de Souza, R.C.S.; Turetta, A.P.D.; Bonatti, M.; Sieber, S.","There is limited focus on the water-energy-food (WEF) nexus approach at the local scale, particularly considering the social contexts of neglected territories. To contribute to this debate, we propose a framework to address this topic in an area in Angra dos Reis, Rio de Janeiro State, Brazil, as a case study. A survey was conducted regarding residents’ perceptions, choices, practices and access to water, energy, and food. The interviews highlighted important topics on the WEF nexus. As a result, a set of 12 indicators with data available on official datasets was proposed, reflecting residents’ perceptions of WEF safety. For each indicator, thresholds were established based mainly on the goals defined by Brazilian policies across different spheres—federal, state, or municipal. Thus, each indicator is multi-scale and integrative, since it comprises a local perspective (from the interview results), an official perspective (from the official databases), and a threshold. The results showed problems with energy and water supply, and the presence of home cropping, contrasting with residents who do not have access to basic food and experience extreme poverty. All these elements drew attention to the possibility of applying the WEF nexus approach, searching for feasible solutions which can support better decisions and governance in neglected territories. © 2022 by the authors. Licensee MDPI, Basel, Switzerland.",2022,,Water,14,5,,,10.3390/w14050731,,#83,deSouza 2022,"",""
The need for stewardship of lands exposed by deglaciation from climate change,"Zimmer, A.; Beach, T.; Klein, J.A.; Recharte Bullard, J.","Alpine glaciers worldwide will lose most of their volume by the end of the 21st century, placing alpine ecosystems and human populations at risk. The new lands that emerge from retreating glaciers provide a host of challenges for ecological and human adaptation to climate change. In these novel proglacial landscapes, ecological succession and natural hazards interplay with local agriculture, hydroelectric production, mining activities, and tourism. Research has emphasized the importance of understanding adaptation around socio-environmental systems, but regional and global management efforts that support local initiatives and connect novel proglacial landscapes to ecological, social, and cultural conservation opportunities are rare and nascent. The characteristics of these emerging lands reflect the nexus of alpine ecosystems with socio-political histories. Often overlooked in glacial-influenced systems are the interdependencies, feedbacks, and tradeoffs between these biophysical systems and local populations. There is no coordinated strategy to manage and anticipate these shifting dynamics, while affirming local practices and contexts. There is an opportunity to initiate a new conversation and co-create a governance structure around these novel landscapes and develop a new framework suitable to the Anthropocene era. This article first synthesizes the rapid socio-environmental changes that are occurring in proglacial landscapes. Second, we consider the need for integrating “bottom-up” with “top-down” approaches for the sustainable management of proglacial landscapes. Finally, we propose establishing a transdisciplinary initiative with policy-related goals to further dialogues around the governance and sustainable management of proglacial landscapes. We call for increased cooperation between actors, sectors, and regions, favoring multiscale and integrated approaches. This article is categorized under: Climate, Ecology, and Conservation > Conservation Strategies. © 2021 Wiley Periodicals LLC.",2022,,Wiley Interdiscip Rev. Clim. Change,13,2,,,10.1002/wcc.753,,#84,Zimmer 2022,"Helena Alves do Prado (2023-09-06 07:19:29)(Included): Despite having extracted some data, I don't believe the article aligns with the envisioned nexus definition, as it mostly focuses on migration resulting from changes in natural environments and does not address the key elements of nexus assessment; ",""
Principles of food-energy-water nexus governance,"Yuan, M.-H.; Lo, S.-L.","The food-energy-water nexus is a relatively new emerging field that strives to work at the urban and rural level for integrated governance of resources. The field has received widespread interest over the past decade due to its ability to harness a triple-win situation by simultaneously meeting sustainable natural resource governance goals. Most attention has been directed at achieving cross-sectoral benefits that could be addressed with nexus components through an interdisciplinary approach. This research brings together these relatively isolated debates under the common heading of nexus governance. Three special focuses on assessment, awareness, and accessibility are developed. The assessment describes nexus governance that enhances integrated assessment in the cross-scale and cross-sectoral coherence. The awareness addresses nexus governance that seeks to co-design and co-deliver the solutions to stakeholders. The accessibility reveals nexus governance works as a cohesive system of principles. The framework of food-energy-water nexus governance is based on a cohesive set of nine principles, including: connectivity, innovation, equitability, participation, coordination, sharing, legitimacy, empowerment, and strategy. The nine principals are analyzed with respect to their usefulness in nexus governance, taking sample cases in Taiwan as examples. The results show that effective nexus governance requires a combination of integration options. © 2021 Elsevier Ltd",2022,,Renewable Sustainable Energy Rev,155,,,,10.1016/j.rser.2021.111937,,#85,Yuan 2022,"",""
Analysing the Water-Energy-Food Nexus From a Polycentric Governance Perspective: Conceptual and Methodological Framework,"Srigiri, S.R.; Dombrowsky, I.","The Water-Energy-Food Nexus has emerged over the past decade as a useful concept to reduce trade-offs and increase synergies in promoting goals of water, energy and food securities. While WEF scholarship substantiates the biophysical interlinkages and calls for increased and effective coordination across sectors and levels, knowledge on conditions for effective coordination is still lacking. Analysing WEF nexus governance from a polycentricity perspective may contribute to better understanding coordination. In this paper, we propose a conceptual framework for analysing WEF nexus governance based on the Institutional Analysis and Development (IAD) framework and the concept of Networks of Adjacent Action Situations (NAAS). The interdependence among transactions for pursuing WEF securities by actors in different action situations generates the need for coordination for changing or sustaining institutions, policy goals and policy instruments that guide actions leading to sustainable outcomes. Coordination is attained through arrangements based on cooperation, coercion or competition. Coordination in complex social-ecological systems is unlikely to be achieved by a single governance mode but rather by synergistic combinations of governance modes. Particular coordination arrangements that emerge in a context depend on the distribution of authority, information and resources within and across interlinked decision-making centres. Further, integrating the political ecology based conceptualisations of power into the analytical framework extends the governance analysis to include the influence of power relations on coordination. Methodological innovation in delineating action situations and identifying the unit of analysis as well as integrating different sources and types of data is required to operationalise the conceptual framework. Copyright © 2022 Srigiri and Dombrowsky.",2022,,Front. Environ. Sci.,10,,,,10.3389/fenvs.2022.725116,,#87,Srigiri 2022,"",""
Sustainability of the Water-Energy-Food Nexus in Caribbean Small Island Developing States,"Winters, Z.S.; Crisman, T.L.; Dumke, D.T.","The sustainability of small island developing states (SIDS) of the Caribbean is fragile because of island size and topography, limited resources, population growth, natural disasters, and climate change. Current and projected sustainability in 2050 were assessed within the framework of the water–energy–food (WEF) nexus for 10 of 16 SIDS with the best databases. Values for each WEF sector below either Falkenmark indicators or regional averages were considered unsustainable (failing) for that sector. Overall, SIDS were considered unsustainable if they failed at least two of three sectors. Projected water sustainability for 2050 was based on population growth and climate change effects on precipitation and per capita water availability. All SIDS failed the food sector, and four failed the energy sector. Water was considered the ultimate control for long-term sustainability. Five SIDS currently fail the water sector, but all but the largest two SIDS are likely to fail this sector by 2050. The role of poor governance and associated lack of long-term planning for population growth, disasters, and climate change, adaptative management strategies, infrastructure investment with an emphasis on nature-based solutions, decentralized energy grids emphasizing renewable energy, and local food production are clearly impediments for reaching sustainability goals for Caribbean SIDS. © 2022 by the authors. Licensee MDPI, Basel, Switzerland.",2022,,Water,14,3,,,10.3390/w14030322,,#89,Winters 2022,"",""
How Can We Use the Water Cost Instrument in a Scarcity Scenario for the Power Sector in Brazil?,"Castro, T.; Vasquez-Arroyo, E.; Angelkorte, G.; Kelman, R.; Leitão, S.","Brazil has nearly a fifth of the world’s water reserves; however, water is not evenly distributed. The Northern region holds more than 80% of all water amounts; also, the country has semi-arid areas, like the Northeastern region, which suffers from repeated multiannual droughts. Energy, land, and water are key elements to society’s well-being and are intricately linked to all other sectors within an economy. The decision to use a specific technology for energy production is often based on the lowest cost, without considering important aspects such as water cost and availability, the non-energy water demands, and the aquatic ecosystems. The importance of strengthening Brazilian water governance is one of the main suggestions for a permanent scarcity crisis. Thus, water cost mechanisms were evaluated as governance instruments to face water crises in semi-arid Brazilian rivers. It is shown how a water value for the thermal power sector can vary in scarcity period to avoid its dispute to other users. For the São Francisco basin (case study), the dispute for water essentially takes place between power generation and crop production. Results show the different applications of the water valuation method and in which situations it is most financially indicated to use water to produce electricity or food. © 2022, The Author(s), under exclusive license to Springer Nature Switzerland AG.",2022,,Adv. Sci. Tech. Inno.,,,27-30,,10.1007/978-3-031-00808-5_7,,#93,Castro 2022,Brooke Williams (2023-05-06 13:13:01)(Screen):  power generation and crop production are mentioned in addition to water; ,""
A regional approach to implementing the WEF nexus: a case study of the Southern African Development Community,"Kabeya, P.K.; Mndzebele, D.; Ntlamelle, M.; Samikwa, D.; Simalabwi, A.; Takawira, A.; Jembere, K.; Kumbirai, S.","The Southern African Development Community (SADC) is a regional economic community comprising 16 Member States: Angola, Botswana, Comoros, Democratic Republic of Congo, Eswatini, Lesotho, Madagascar, Malawi, Mauritius, Mozambique, Namibia, Seychelles, South Africa, Tanzania, Zambia, and Zimbabwe. Historically, SADC has always aligned its policies and strategies with the Global South group of emerging economies. The SADC has adopted the water, energy, and food (WEF) nexus approach as a means to address key regional challenges related to (1) achieving WEF security, (2) sustainable development and job creation, and (3) sustainable natural resources management. This chapter will discuss how the SADC region has adopted the WEF nexus approach and applied it to develop a regional conceptual framework with specific focus to (1) guide the application of the WEF Nexus Governance Framework in Member States and (2) develop a tool for prioritizing regional projects based on the WEF nexus. Key lessons from how SADC has adopted and implemented the WEF nexus will also be shared in this chapter for transposing in similar contexts in the Global South. © 2022 Elsevier Inc. All rights reserved.",2022,,Water - Energy - Food Nexus Narratives and Resource Securities: A Global South Perspective,,,145-167,,10.1016/B978-0-323-91223-5.00017-4,,#100,Kabeya 2022,"",""
Analysing complex policy problems: a critical review of the literature,"Milhorance, C.; Bursztyn, M.; Sabourin, E.","The governance of complex policy issues such as food security, climate change, global health, and migration often calls for integrative approaches, as progressing in one goal may result in either synergies or tradeoffs in others. A large body of literature has addressed concerns regarding the multiple combinations of policy instruments, cross-sectoral interfaces and conflicts, governance involving a growing number of stakeholders, governance levels, and policy goals. This study presents a cross-cutting literature review of the different concepts developed to address these challenges, along with their origins, thematic focus, theoretical approaches, and recent developments, aiming to identify their points of contact and to critically analyse their strengths and research gaps. The results are expected to support the academic debate and provide a heuristic outline for research while calling for further theorisation and the development of assessment methods and case studies beyond the traditional geographic focus. © 2022 Inderscience Enterprises Ltd.",2022,,Int. J. Public Policy,16,2-4,126-150,,10.1504/IJPP.2022.10049345,,#101,Milhorance 2022,"",""
"A 'Chennai' in Every City of the World: The Lethal Mix of the Water Crisis, Climate Change, and Governance Indifference","Sebastian, T.","The prevailing water crisis and problem of climate change demand a review of the developmental activities conducted by State of Tamil Nadu. While ascertaining a system to address the crisis can be daunting, integrated approaches, such as those that use technology, are fundamental to identifying and evaluating options for sustainable solutions. This paper explores the water-climate nexus through the case study of Chennai, the capital city of the state of Tamil Nadu in India. Climate change has influenced the behaviour and patterns of floods, brought about incessant rain and led to a shift in the monsoons. In addition, changes to the climate have resulted in a shortage of drinking water in Chennai. There is a concomitant problem of a large and increasing population. These elements warrant a discourse on law, humans and technology. In Chennai, the indifference and denial of political leaders have resulted in failure, and unsustainable measures to address the water crisis have been implemented. The intervention of the Supreme Court of India relating to a mechanism to deal with a water-sharing arrangement between the states of Tamil Nadu and Karnataka in the last few decades has been unsuccessful. None of the proposed solutions were based on incorporating technology, which is a major oversight. The resultant consequences of water use and the complex mix of social factors surrounding the vulnerable population are addressed in this paper. The effect of the water crisis on women and the agricultural workforce is illustrated to argue for greater and more imaginative governmental intervention. The paper concludes with a discussion of the need for a holistic approach to climate change and the ongoing water crisis that invites better interventions, particularly in terms of technology, to address the crisis and avoid a situation in which groundwater will be critically degraded by 2030. © The Author/s 2022",2022,,Law. Tech. Hum.,4,1,79-101,,10.5204/lthj.2165,,#105,Sebastian 2022,"",""
Identifying leverage points for shifting Water-Energy-Food nexus cases towards sustainability through the Networks of Action Situations approach combined with systems thinking,"Kellner, E.","In the twenty-first century, the world´s demand for natural resources is more pressing and deeply interconnected than ever before. The Water-Energy-Food (WEF) nexus has gained growing interest as a promising concept for complex resource management challenges. However, knowledge about the root causes of cross-sectoral coordination problems and how they can be shifted towards sustainability is still lacking. This paper fills this gap by conceptualising a WEF nexus case with the Networks of Action Situations approach combined with systems thinking. This approach allows a deep analysis of the root causes of coordination gaps, facilitates a joint understanding of the system dynamics to identify leverage points for shifting the WEF nexus towards sustainability, and to envision the impact of potential interventions on the network of action situations and their outcome. The value and the reciprocal benefits of the combined approach introduced are illustrated for a case in Switzerland, Europe. The results show a coordination gap between the different sectors and that not all sectors were considered equally. This leads to a prioritization of energy production over water-bound biodiversity and food production. The root causes for this outcome are a focus to mitigate climate change and awareness of biodiversity but much less awareness of the impacts of climate change on Swiss water bodies. The study identifies five deep leverage points for interventions, which are expected to ensure a shared systemic problem understanding and more balanced coordination between different sectors resulting in the sustainable and equitable provision and utilization of WEF resources. © 2022, The Author(s).",2022,,Sustainability Sci.,,,,,10.1007/s11625-022-01170-7,,#106,Kellner 2022,"",""
Operationalizing water-energy-food nexus research for sustainable development in social-ecological systems: an interdisciplinary learning case in Central Asia,"Hamidov, A.; Daedlow, K.; Webber, H.; Hussein, H.; Abdurahmanov, I.; Dolidudko, A.; Seerat, A.Y.; Solieva, U.; Woldeyohanes, T.; Helming, K.","In social-ecological systems, natural resource management can be characterized by trade-offs across sectors and sustainability targets. The water-energy-food (WEF) nexus concept makes explicit various trade-offs in order to maximize synergies of interventions. However, there are few successful examples of its operationalization in research settings. Here, we explore in a learning setting if sustainability impact assessment (SIA) protocols can be a useful process to be used to adopt a systemic, interdisciplinary perspective to operationalize WEF nexus in research for sustainable development. The process and method adopted of SIA protocol, evaluated for five exemplary WEF nexus cases in Central Asia during a week-long international workshop, adequately addressed the complexity of WEF interrelationships and associated sustainability issues, and facilitated a comparative case study analysis across scales. Results within this process highlight that water governance was critical for large-scale transboundary WEF nexus management, while land and soil management were decisive for minimizing trade-offs at local levels. Issues of interdisciplinarity, complexity, uncertainty, and reflection on impacts were adequately addressed, but challenges remain in the consideration of ethics and the design of transparent, multi-actor cooperation. Most importantly, this exercise showed that employment of the process of SIA protocol supported disciplinary experts to work across disciplines and take a systemic approach for analyzing WEF nexus. © 2022 by the author(s).",2022,,Ecol. Soc.,27,1,,,10.5751/ES-12891-270112,,#110,Hamidov 2022,"",""
Governing complex environmental policy mixes through institutional bricolage: lessons from the water-forestry-energy-climate nexus,"Leong, C.; Howlett, M.; Lai, T.","Policy mixes come in many shapes and sizes. This poses many challenges to policy design, especially when mixes extend across sectors and have multiple levels. This is the case with the Water-Forest-Energy-Climate (WFEC) nexus, a complex policy mix that involves not only significant cross-sectoral linkages and the potential complementarities and conflicts which are examined in other articles in this special issue, but also deals with sectors which involve significant national and trans-national elements. This complex multi-sector, multi-level policy assemblage also lacks the cohesion provided by a treaty-based international regime which allows multi-level co-ordination and integration of policy designs in areas such as trade or finance. In such policy non-regime or weak regime complexes, regional agreements and the negotiated nature of interactions within such agreements (which we see as a form of ‘policy bricolage’) are critical but overlooked factors affecting policy success. © 2021 Informa UK Limited, trading as Taylor & Francis Group.",2022,,J. Environ. Policy Plann.,24,5,540-552,,10.1080/1523908X.2021.2015684,,#120,Leong 2022,"Aliny Pires (2023-03-20 19:01:44)(Screen): I would say it is a very good reference for our chapter and maybe a interesting concept to be adopted, but let's check the main text.; ",""
A new way forward for ocean-climate policy as reflected in the UNFCCC Ocean and Climate Change Dialogue submissions,"Dobush, B.-J.; Gallo, N.D.; Guerra, M.; Guilloux, B.; Holland, E.; Seabrook, S.; Levin, L.A.","The ocean plays a central role in climate change mitigation and adaptation. However, climate and ocean policies have been historically siloed. After decades of slow convergence, the Ocean and Climate Change Dialogue, decided at COP25 and launched online in December 2020, was the first forum for Parties and non-Party stakeholders to the UNFCCC to give their perspectives on how the climate regime should address ocean-related mitigation and adaptation. The Ocean Dialogue was informed by 47 prior open submissions provided by a broad swath of actors from across the UN system and from civil society, including traditional and youth voices. Our analysis of the submissions demonstrates a political evolution towards the nexus among climate, ocean, and biodiversity regimes. The submissions uniformly acknowledge that ocean and climate systems are inextricably linked, and that consideration of ocean-based action will strengthen climate action and vice versa. Salient themes of the submissions include changing ocean impacts, carbon sinks and blue carbon opportunities, and the need for ecosystem resilience, biodiversity management and improved understanding of normative and institutional frameworks. There is a strong call to recognize the interconnectedness of the biophysical world. Similar themes emerged during the actual Ocean Dialogue and the subsequent informal meeting on next steps. The main message conveyed is the dire necessity to implement strong stewardship and good governance of the blue planet in a disrupted climate using cooperative and concrete actions. This analysis highlights the need for a continued transdisciplinary international dialogue on the ocean and climate change which elevates the ocean-climate-biodiversity nexus via collaborative science, finance, and policy. Key policy insights: Ocean and marine ecosystem impacts of climate change were widely acknowledged, and referenced by ninety-one percent of submissions. After decades of slow integration of ocean into climate policy, the Ocean Dialogue submissions acknowledge that climate policy must address linkages with the ocean and its biodiversity. Concerns include changing ocean impacts, carbon sinks and blue carbon opportunities, and the need for ecosystem resilience, biodiversity management and increased institutional interactions. Continuation of this Dialogue, with strengthened collaboration between States and non-state actors, may give rise to multilateral and multilevel decision-making toward sustainable climate, ocean and biodiversity action. © 2021 The Author(s). Published by Informa UK Limited, trading as Taylor & Francis Group.",2022,,Clim. Policy,22,2,254-271,,10.1080/14693062.2021.1990004,,#121,Dobush 2022,"",""
"Understanding barriers to collaborative governance for the food-energy-water nexus: The case of Phoenix, Arizona","Jones, J.L.; White, D.D.","Food-energy-water (FEW) nexus governance includes the communication and collaboration among multi-level stakeholders across sectoral boundaries of the resources for decision-making. It can increase resource security and decrease unintended consequences, as compared to single-sector governance approaches. Despite these benefits, in practice, many decisions continue to be made separately from one another without cross-sector collaboration. This research integrates the theory of collaborative governance with the concept of the FEW nexus to identify and understand the barriers to this collaboration and to provide recommendations for increased collaborative FEW nexus governance. Focusing on the Phoenix, Arizona metropolitan area, a water-scarce region with a growing population, we conduct a comprehensive case study with social network analysis, participant observation, and interviews. We present the results of our analysis in three sections. First, we identify the key barriers to collaborative FEW nexus governance within four identified themes: structural asymmetries, process asymmetries, communication and coordination, and external influences. Second, we unpack how stakeholders in our study case experience these barriers. Finally, from our case study, we provide recommendations for overcoming barriers and implementing collaborative FEW nexus governance in practice, such as building trust and finding mutual benefit. We conclude that “sector mismatch,” similar to scale mismatch, is the main cause of the identified barriers and that approaches to collaborative FEW nexus governance must address this mismatch for successful engagement. © 2021 Elsevier Ltd",2022,,Environ. Sci. Policy,127,,111-119,,10.1016/j.envsci.2021.10.025,,#122,Jones 2022,"",""
Simulating the economic and environmental effects of integrated policies in energy-carbon-water nexus of China,"Zhao, Y.; Shi, Q.; li, H.; Qian, Z.; Zheng, L.; Wang, S.; He, Y.","This study aims to simulate the economic and environmental effects of energy-carbon-water (ECW) policies in China. The main novelty works are to clarify the theoretical ECW nexus mechanism at macro-economic level and develop the ECW-CGE policy assessment model with ECW policy modules integrated. Using this model, isolated and integrated ECW policy scenarios are designed and simulated in 2050. Policy effectiveness and co-effects are further discussed. The main findings are: (1) For economic effects, GDP losses grow from 0.31 % in water policy scenario W1 to 1.51 % in integrated policy scenario ECW2. Energy and carbon emission policies cause greater outputs losses in energy and carbon intensive sectors, while water policy impacts stronger on agricultural and service sectors. (2) For environmental effects, integrated policy scenarios reduce the most of ECW, and isolated ones mainly affect their targeted ECW elements. (3) For policy effectiveness, isolated policy scenarios have greater individual effectiveness, integrated ones could balance overall ECW management. (4) Synergy and trade-off effects exist in all scenarios. Governance cooperation and differentiated sectoral policies are needed to realize sustainable development in ECW system. The main findings could inspire ECW management policy makings both for China and countries with similar environmental constraints. © 2021 Elsevier Ltd",2022,,Energy,238,,,,10.1016/j.energy.2021.121783,,#124,Zhao 2022,"",""
Designing policy mixes for emerging wicked problems. The case of pharmaceutical residues in freshwaters,"Kirschke, S.; Kosow, H.","Wicked problems continuously emerge in the field of environmental governance. Characterized by goal conflicts, complexity, and uncertainty, wicked problems typically call for participatory policy designs. However, the effects of participation are widely unclear, given the indefinite nature of solutions to wicked problems. This research sheds light on this debate by developing and applying a systematic structural approach to assess policy mixes for emerging wicked problems. Based on a review of literature in the field of public policy and environmental governance, we identify eight assessment criteria matching three dimensions of wicked problems: coherence, consistency, congruence to address conflicts; comprehensiveness and diversity to address complexity; and adaptability, reversibility, and robustness to address informational uncertainty. The concept is demonstrated taking as an example two recently proposed policy mixes to address pharmaceutical freshwater pollution in Germany. This concept demonstration suggests that policy mixes resulting from desk research and participatory processes differ in the way they address wicked problems. These results contribute to systematically assess the role of participation in designing policy mixes for emerging wicked policy problems and open up for more advanced discussions on the role of structural approaches in public policy analyses. © 2021 Informa UK Limited, trading as Taylor & Francis Group.",2022,,J. Environ. Policy Plann.,24,5,486-497,,10.1080/1523908X.2021.1960808,,#125,Kirschke 2022,Aliny Pires (2023-05-07 13:18:53)(Screen): biodiversity and health; ,""
Water/climate nexus environmental rural-urban migration and coping strategies,"Mianabadi, A.; Davary, K.; Kolahi, M.; Fisher, J.","Rural-urban migration is a challenging issue for communities, and is influenced by interactions between numerous push and pull factors. To better understand the interacting drivers of rural-urban migration, the study investigates the factors which influence migration from rural areas in Sistan to Mashhad city in Iran. The investigation was conducted using questionnaires and deep interviews. The results show that the main reason for migration from Sistan to Mashhad is environmental degradation including drought and water scarcity, followed by economic and government operational plans for supporting rural people. However, some people stay in Sistan in spite of the current unpleasant environmental and economic conditions. The results demonstrated cultural and social factors as the main motivations for people remaining in villages. Since the factors could be more challenging under future global warming, adaptive participatory governance is needed to link civil society, authorities, scientists, and the land to develop nature-based and rural-urban migration solutions. © 2021 Newcastle University.",2022,,J. Environ. Plann. Manage.,65,5,852-876,,10.1080/09640568.2021.1915259,,#128,Mianabadi 2022,Aliny Pires (2023-03-20 19:06:15)(Screen): Discuss social aspects of nexus implementation...; ,""
Food-energy-water security in sub-Saharan Africa: Quantitative and spatial assessments using an indicator-based approach,"Nkiaka, E.; Okpara, U.T.; Okumah, M.","The challenge of achieving food, energy and water (FEW) security is greatest in sub-Saharan Africa (SSA) where millions of people lack access to electricity, reliable drinking water and one in four people are undernourished. To develop targeted policies, it is necessary to identify at-risk countries and the spatial patterns of FEW insecurity in the region. However, country and sub-regional level assessments of FEW security have received scant attention. In this study, we carried out quantitative and spatial assessments of FEW security in SSA using the Pardee Rand FEW Index. Results show that 41 countries in SSA are FEW insecure, with Burundi being the most affected country while the West African sub-region seems to have many FEW insecure countries. Spatial analysis of FEW security reveals the presence of spatial patterns in the distribution of FEW insecurity in SSA suggesting that a sub-regional approach may be used to tackle this challenge. However, literature review shows that this has to be approached with caution given that different contextual factors such as socio-economic and governance conditions may influence FEW security within countries. Our analyses imply that any policy response designed to enhance FEW security needs to address both socio-economic, governance and other contextual factors within countries. © 2021 Elsevier B.V.",2021,,Environ. Dev.,40,,,,10.1016/j.envdev.2021.100655,,#133,Nkiaka 2021,"",""
Groundwater-sourced irrigation and agro-power subsidies: Boon or bane for small/marginal farmers in India?,"Chaudhuri, S.; Parakh, D.; Roy, M.; Kaur, H.","Growing inequity in access to sustainable irrigation supply services, groundwater and electricity in particular, has become core agendas in many recent global development dialogues on account of food/nutritional security, ensuring on-farm livelihood opportunities, rural poverty alleviation and development. Herein, we aim to present a nation-wide appraisal of eco-environmental and socioeconomic ramifications of subsidizing farm-power services in India, to highlight future requirements to conserve groundwater reserves so as to ensure sustainable irrigation supply services. We adopted a mixed method approach, coupling secondary data analysis (obtained from various governmental archives), with a systematic review of relevant global literature. For the latter, we adopted a multi-stage PRISMA method (Preferred Reporting Items for Systematic Reviews and Meta-Analyses) to summarize observations from post-2000 literature. Our results indicate that, over the years, groundwater has emerged as the mainstay of the irrigation sector in India (via millions of tube/bore wells), replacing surface-water systems (canals). However, unsustainable groundwater drafting has led to (i) significant groundwater drawdowns in most Indian states; (ii) exacerbated greenhouse gas emissions; and (iii) caused extensive soil-water salinization, which impede sustainable agrarian/rural development on long-run. Current literature, however, suggests that, unsustainable groundwater drafting is indulged at policy level only by (i) relaxed groundwater tariffing scheme, and (ii) lucrative agro-power subsidies – collectively which offer the farmers free reign to draft groundwater at will. We reflect on the rise of groundwater market, leading to disproportionate access to groundwater for irrigation, and tragedy of the less-endowed sections of the famring communities. We urge the concerned authorities to devise and implement strategic institutional reforms to bolster the agro-power subsidy delivery mechanisms, and reflect on opportunities of nationwide adoption of feeder channel segregation (FCS) and initiate minimum energy support (MES) schemes. The idea is to make the agro-energy sector more efficient (based on notions of equity, fairness and transparency for all to access the benefits. In the final section we urge the authorities to adopt a systems' thinking approach to identify the key barriers to on-ground implementation of FCS and MES; introduce smart metering system, and above all, incorporate the water-food-energy nexus application in mainstream decision making for irrigation services. The idea is to identify/develop means of resource co-management, identify synergies and trade-off, within a unified framework of irrigation systems’ governance that balances resources supply and demand, without endangering the ecosystem services. We also outline potential research directions; emphasize on need of targeted, process-level investigations with increased case studies, and urge the authorities for improved data dissemination and accessibility. © 2021 Elsevier B.V.",2021,,Groundw. Sustain. Dev,15,,,,10.1016/j.gsd.2021.100690,,#135,Chaudhuri 2021,"",""
Policy and governance dynamics in the water-energy-food-land nexus of biofuels: Proposing a qualitative analysis model,"Lazaro, L.L.B.; Giatti, L.L.; Bermann, C.; Giarolla, A.; Ometto, J.","The production of biofuels is inextricably linked with the water-energy-food-land (WEFL) nexus. Understanding these linkages is necessary to formulate effective policies that can influence positive outcomes and contribute to the realization of long-term economic, environmental, and social goals. The use of biofuels can help achieve the United Nation's Sustainable Development Goals (SDGs) and implement the Paris Agreement on climate change. However, the biofuels sector must account for its interdependencies and trade-offs with other sectors. In this study, we formulate a qualitative analytical model that goes beyond the three water-energy-food nexus components by incorporating other elements, such as policy, innovation, governance, and labor to examine their effect as influencing factors and to understand how synergies, trade-offs, and long-overlooked interlinkages between sectors and among existing policies and institutions can become visible. This qualitative model was applied to the case of ethanol in Brazil, for which a large corpus was constructed from the scientific literature, documents and sustainability reports from sugarcane ethanol companies. We used a supervised latent Dirichlet allocation (sLDA) algorithm along with co-occurrence and network analyses. The results demonstrate this approach can be used to evaluate the interfaces between science, policy, and businesses within the WEFL-biofuels nexus. This is done by identifying how best to integrate the development of policies, governance, and stakeholder actions to support cost-effective decisions for optimal resource management and regulatory processes while enabling better integration of scientific insight and policy-making. We also identified how these four influencing factors are of vital importance within the nexus and, if properly addressed, can contribute to more holistic nexus thinking management. © 2021 Elsevier Ltd",2021,,Renewable Sustainable Energy Rev,149,,,,10.1016/j.rser.2021.111384,,#144,Lazaro 2021,"",""
Urban water-energy-food-climate nexus in integrated wastewater and reuse systems: Cyber-physical framework and innovations,"Radini, S.; Marinelli, E.; Akyol, Ç.; Eusebi, A.L.; Vasilaki, V.; Mancini, A.; Frontoni, E.; Bischetti, G.B.; Gandolfi, C.; Katsou, E.; Fatone, F.","Wastewater treatment is one of the major carriers of the water-energy-food-climate (WEFC) nexus, and although the relationship between water and energy is well recognized, there is still a lack of adequate analysis of the cyber-physical framework to address and assess urban and peri-urban WEFC nexus in an integrated approach. In this review paper, we deeply analyze and summarize the modelling tools and data that are currently used to quantify the nexus in wastewater treatment. Currently, comprehensive models and tools are missing that consider the interconnections amongst catchment, sewer network, wastewater treatment plant (WWTP), river and climatic system in a holistic approach and define relevant monitoring requirements and trustable information provision. Cyber-physical systems provide a technological ground for an efficient management of such integrated systems. The nexus approach in precision irrigation and smart agriculture is further discussed in the paper, highlighting the issue of water reuse and the engagement of different levels of stakeholders. Digital solutions and serious games addressing the nexus in urban and peri-urban water management are also presented to facilitate innovative practice aspects and to foster public involvement. Adaptable digital solutions can help to understand stakeholders’ perception of water quality and its governance and to improve levels of awareness and collaboration between utilities, authorities, farmers and citizens. Finally, recommendations on the added value of currently used models, tools and possible digital solutions are given to WWTP and reclamation managers and/or operators to bring the WEFC nexus approach on the operative environment. © 2021 Elsevier Ltd",2021,,Appl. Energy,298,,,,10.1016/j.apenergy.2021.117268,,#147,Radini 2021,"",""
Participatory Water-Food-Energy Nexus Approach for Evaluation and Design of Groundwater Governance,"Ghafoori-Kharanagh, S.; Banihabib, M.E.; Javadi, S.; Randhir, T.O.","Improving the groundwater governance structure can help reduce groundwater decline and improve the state of an aquifer. This study develops an approach to modify groundwater governance based on a participatory, water-food-energy (WFE) nexus. Given the need for the participation of actors in the decision-making for the WFE nexus, we identified and selected some powerful nexus actors. Using the actor’s viewpoints, factors that led to excessive withdrawal of groundwater resources in each sector were identified as governance challenges. Using the DPSIR (Driving Force-Pressure-State-Impact-Response) approach, the actors assessed the cause-and-effect relationships of the groundwater governance challenges and proposed modification in the groundwater governance. Thirteen groundwater governance scenarios were defined. Then, the impact of scenarios on WFE sectors was evaluated by the participation of nexus actors and the nexus assessment ranking of the scenarios. The results show that, out of the 13 groundwater governance scenarios, only seven scenarios had positive effects in all three sectors (WFE). The scenario of developing and enforcing region-specific cropping patterns and value-chain management has the highest rank. This paper highlights the need for the participation of actors in decision-making and the use of WFE nexus in modifying the groundwater governance system. © 2021, The Author(s), under exclusive licence to Springer Nature B.V.",2021,,Water Resour. Manage.,35,11,3481-3495,,10.1007/s11269-021-02894-4,,#151,Ghafoori-Kharanagh 2021,"",""
Empowering blue economy: From underrated ecosystem to sustainable industry,"Choudhary, P.; G, V.S.; Khade, M.; Savant, S.; Musale, A.; G, R.K.K.; Chelliah, M.S.; Dasgupta, S.","With increasing demand for resources to achieve global food-water-energy nexus and rapid decline in land-based sources, oceans represent both solution and boost to sustainable environment and economy. In addition to fundamental part of earth's ecosystem for uncatalogued diversity of life, oceans are undervalued economy powerhouse with gross marine product value. With sustainable management of existing assets including shipping, transportation, manufacturing, fisheries, tourism and exploration of new business like marine biotechnology and renewable energy, the ocean or blue economy has potential to fulfill sustainable development goals (SDG). In spite of recognition of blue economy as a new economic frontier, investments by existing industries and emergence of new ones are limited and less known, hence require more in depth attention and scientific understanding. In the present study, authors present a systematic comparative assessment of blue economy sectors with distinct challenges and strategies to be further explored and implemented for industrial deployment. The conceptualization of integrated routes of bio(economy) by the current study can act as gateway for key stakeholders, i.e. governance, bluepreneurs (scientists and industries) to prioritize technologies for sustainable applications of marine resources. © 2021 Elsevier Ltd",2021,,J. Environ. Manage.,291,,,,10.1016/j.jenvman.2021.112697,,#153,Choudhary 2021,"",""
Water-energy-food nexus approach at the core of businesses – How businesses in the bioenergy sector in Brazil are responding to integrated challenges?,"Benites Lazaro, L.L.; Giatti, L.L.; Puppim de Oliveira, J.A.","The management of water-energy-food nexus lies at the heart of the nexus approach, addressing the trade-offs and externalities across these three components while focusing on system efficiency instead of isolated sectoral productivity. This latter approach posits that there is no possible isolated efficiency and that decision-making based on classic management theories needs to change. This study examines whether the nexus approach is embedded into business sustainable initiatives, and suggests ways to improve the judicious use of water, soil/land, energy, and healthy food production. We use the latent Dirichlet allocation method to analyze the sustainability reports of Brazil's largest bioenergy companies and documents from the Brazilian Sugarcane Industry Association from 2007 to 2020 in order to understand the response of these companies to nexus integration challenges. Despite efforts by bioenergy firms to minimize the impacts of their production processes, our results show that the nexus thinking is overlooked in many aspects, such as food security, water scarcity and working conditions. Furthermore, policies and decisions that appear to incentivize sustainability in one sector, such as energy, may lead to unintended oversights in others. Management could be improved by implementing nexus thinking that considers integrated governance between the different sectors involved in the production of bioenergy. © 2021 Elsevier Ltd",2021,,J. Clean. Prod.,303,,,,10.1016/j.jclepro.2021.127102,,#161,BenitesLazaro 2021,Jonathan Rhodes (2023-05-01 08:08:35)(Screen): Information on enablers and barriers; ,""
Nexus between water security framework and public health: A comprehensive scientific review,"Paudel, S.; Kumar, P.; Dasgupta, R.; Johnson, B.A.; Avtar, R.; Shaw, R.; Mishra, B.K.; Kanbara, S.","Water scarcity, together with the projected impacts of water stress worldwide, has led to a rapid increase in research on measuring water security. However, water security has been conceptualized under different perspectives, including various aspects and dimensions. Since public health is also an integral part of water security, it is necessary to understand how health has been incorporated as a dimension in the existing water security frameworks. While supply–demand and governance narratives dominated several popular water security frameworks, studies that are specifically designed for public health purposes are generally lacking. This research aims to address this gap, firstly by assessing the multiple thematic dimensions of water security frameworks in scientific disclosure; and secondly by looking into the public health dimensions and evaluating their importance and integration in the existing water security frameworks. For this, a systematic review of the Scopus database was undertaken using Preferred Reporting Items for Systematic Reviews and Meta-Analyses (PRISMA) guidelines. A detailed review analysis of 77 relevant papers was performed. The result shows that 11 distinct dimensions have been used to design the existing water security framework. Although public health aspects were mentioned in 51% of the papers, direct health impacts were considered only by 18%, and indirect health impacts or mediators were considered by 33% of the papers. Among direct health impacts, diarrhea is the most prevalent one considered for developing a water security framework. Among different indirect or mediating factors, poor accessibility and availability of water resources in terms of time and distance is a big determinant for causing mental illnesses, such as stress or anxiety, which are being considered when framing water security framework, particularly in developing nations. Water quantity is more of a common issue for both developed and developing countries, water quality and mismanagement of water supply-related infrastructure is the main concern for developing nations, which proved to be the biggest hurdle for achieving water security. It is also necessary to consider how people treat and consume the water available to them. The result of this study sheds light on existing gaps for different water security frameworks and provides policy-relevant guidelines for its betterment. Also, it stressed that a more wide and holistic approach must be considered when framing a water security framework to result in sustainable water management and human well-being. © 2021 by the authors. Licensee MDPI, Basel, Switzerland.",2021,,Water,13,10,,,10.3390/w13101365,,#171,Paudel 2021,"",""
Assessing progress towards sustainable development goals through nexus planning,"Mabhaudhi, T.; Nhamo, L.; Chibarabada, T.P.; Mabaya, G.; Mpandeli, S.; Liphadzi, S.; Senzanje, A.; Naidoo, D.; Modi, A.T.; Chivenge, P.P.","Sustainable Development Goals (SDGs) acknowledge the inter-linkages between human wellbeing, economic prosperity, and a healthy environment and, hence, are associated with a wide range of topical issues that include the securities of water, energy and food resources, poverty eradication, economic development, climate change, health, among others. As SDGs are assessed through targets to be achieved by 2030 and monitored through measurable indicators, this study applied the nexus planning model to monitor and evaluate progress towards SDGs using South Africa as a case study. The study highlighted pathways to ensure socio-ecological sustainability and environmental health by establishing the connectivity between SDGs and nexus approaches. The linkages between SDGs and nexus planning facilitated the sustainable management of resources in an integrated manner. They addressed the cross-sectoral synergies, value-addition, and trade-offs within interlinked sectors. The connectedness of current challenges facing humankind (climate change, rapid urbanisation, migration, and the emergence of novel infectious diseases) require transformative approaches that address these cross-cutting challenges holistically. Managing the intricate relationships between distinct but interconnected sectors through nexus planning has provided decision support tools to formulate coherent strategies that drive resilience and sustainability. The established linkages between nexus planning and SDGs have strengthened cross-sectoral collaboration and unpacked measures for cooperative governance and management through evidence-based interven-tions. As food production, water provision, and energy accessibility are the major socio-economic and environmental issues currently attracting global attention; the methodology promotes attaining sustainability by 2030. © 2021 by the authors. Licensee MDPI, Basel, Switzerland.",2021,,Water,13,9,,,10.3390/w13091321,,#173,Mabhaudhi 2021,"",""
Shifting from Production-Based to Consumption-Based Nexus Governance: Evidence from an Input–Output Analysis of the Local Water-Energy-Food Nexus,"Huang, D.; Shen, Z.; Sun, C.; Li, G.","The nexus approach is a promising method used to address issues regarding environmental dilemmas. However, effective consumption-based and production-based nexus governance strategies are not well understood. Using data envelopment analysis and China’s provincial data for 2017, this study analysed the input–output efficiency of the water-energy-food nexus by considering production-based intensity, consumption-based intensity, and the quantity index system. The results show that policies involving consumption-based intensity metrics can be more efficient, and the efficiency of both production-based intensity (0.482) and consumption-based intensity (0.682) are much higher than the efficiency of the quantity (0.378) index system. The results also indicate that province-specific consumption-based governance strategies are crucial for 30 provinces in China. Finally, three policy directions for nexus governance in China are proposed, namely, shifting policy attention from production-based governance to consumption-based governance, focusing intensity metrics on scale efficiency and aiming quantity metrics on pure technical efficiency, and localizing province-specific management strategies. This paper compares consumption-based and production-based nexus approaches, and the results indicate that a call for consumption-based approaches in future nexus modelling and governance is appropriate. This paper also has implications for China’s nexus governance. © 2021, The Author(s), under exclusive licence to Springer Nature B.V.",2021,,Water Resour. Manage.,35,6,1673-1688,,10.1007/s11269-021-02797-4,,#178,Huang 2021,"",""
Policy Entrepreneurs in Public Administration: A Social Network Analysis,"Petridou, E.; Becker, P.; Sparf, J.","This article examines the role of policy entrepreneurs in promoting change in flood risk mitigation at the local level in Sweden through a comparative study of two Swedish municipalities with different approaches to flood risk governance; as a technical issue or a social issue. The municipality in which flood risk mitigation is addressed as a social issue exhibits a larger size of the network mitigating flood risk, more diverse actors involved, and a more central location of the politicians and senior management. Moreover, the analysis points to the salience of a bureaucratic policy entrepreneur in promoting this shift toward addressing it as a social issue, and shows how they use relational strategies to frame the issue as relating to climate change action. The article operationalizes sociability and credibility, two of the attributes of policy entrepreneurs, and thus, contributes to the theoretical and methodological discussion of policy entrepreneurs in general, and as they pertain to environmental policy in particular. Related Articles: David, Charles-Philippe. 2015. “Policy Entrepreneurs and the Reorientation of National Security Policy under the G. W. Bush Administration (2001-04).” Politics & Policy 43 (1): 163-195. https://doi.org/10.1111/polp.12106. Shock, David R. 2013. “The Significance of Opposition Entrepreneurs on Local Sales Tax Referendum Outcomes.” Politics & Policy 41 (4): 588-614. https://doi.org/10.1111/polp.12028. Sidha, Zedekia, Patrick Asingo, and Justine Magutu. 2021. “Street-Level Bureaucrats as Policy Entrepreneurs: The Nexus between Timing of Traffic Enforcement Activities and Road Safety Policy Outcomes.” Politics & Policy Early View. https://doi.org/10.1111/polp.12386. © 2021 The Authors. Politics & Policy published by Wiley Periodicals LLC on behalf of Policy Studies Organization",2021,,Polit. Policy,49,2,414-445,,10.1111/polp.12400,,#180,Petridou 2021,"",""
"Aquaculture-capture fisheries nexus under Covid-19: impacts, diversity, and social-ecological resilience","Manlosa, A.O.; Hornidge, A.-K.; Schlüter, A.","The Covid-19 pandemic is a global shock that is significantly affecting coastal social-ecological systems (SES) in different parts of the world. Its widespread impacts have unravelled vulnerabilities in many aspects of society, including food systems. Our study investigated the impacts of a lockdown associated with the pandemic in the province of Bulacan, in the region of Central Luzon, Philippines, where aquaculture and capture fisheries are important and interconnected sectors. In particular, we focused on impacts related to production and market. We considered people’s coping strategies and the factors that enabled such strategies. Our investigation adopted a case study approach and drew on qualitative data analysed through thematic analysis. The findings revealed differentiated mechanisms through which aquaculture and capture fisheries production were impacted. Both were strongly affected by market disruptions but through slightly different ways. In effect, the lockdown provided the impetus for the uptake and spreading of practices that were previously peripheral, particularly in relation to market exchanges. The study also identified a variety of coping strategies, as well as the importance of social support in the form of food aid, financial assistance, and institutional livelihood assistance. Finally, it discusses the importance of diversity in food sources, the role of local food systems, and governance implications for foregrounding social-ecological resilience in short-term response and long-term recovery. © 2021, The Author(s).",2021,,Marit. Stud.,20,1,75-85,,10.1007/s40152-021-00213-6,,#186,Manlosa 2021,"",""
Scale-related governance challenges in the water–energy–food nexus: toward a diagnostic approach,"Pahl-Wostl, C.; Gorris, P.; Jager, N.; Koch, L.; Lebel, L.; Stein, C.; Venghaus, S.; Withanachchi, S.","The notion of a water–energy–food (WEF) nexus was introduced to encourage a more holistic perspective on the sustainable development of natural resources. Most attention has been directed at identifying potential synergies and trade-offs among sectors that could be addressed with improved technologies and management. The governance of the WEF nexus more broadly has received comparatively little attention, and the importance of scale in space and time has been largely ignored. Inspired by scholarship on multi-level governance in individual sectors, this paper identifies four scale-related governance challenges in the WEF nexus, namely: (1) scalar fit, which arises when planning and operating procedures work at different levels along the scales of space and time in different sectors; (2) scalar strategies, wherever the levels at which actors have influence and in which action takes place are contested and negotiated; (3) institutional interplay, where rules and norms in different sectors influence each other at different levels; (4) scalar uncertainty, arising out of the complexity of multi-level and multi-scale interactions. The relevance of these four challenges is illustrated with case studies from developed and developing countries. These examples show the importance of considering multiple levels and scales when assessing the likely effectiveness of WEF nexus governance mechanisms or proposals. The cases underline the need to pay close attention to issues of power, contestation, and negotiation, in addition to the analysis of institutional design. Thus, this paper recommends that nexus governance efforts and proposals be scrutinized for scale assumptions. The four identified challenges offer a suitable starting point for diagnosis. © 2020, The Author(s).",2021,,Sustainability Sci.,16,2,615-629,,10.1007/s11625-020-00888-6,,#188,Pahl-Wostl 2021,"",""
Reflections on farmers’ social networks: a means for sustainable agricultural development?,"Chaudhuri, S.; Roy, M.; McDonald, L.M.; Emendack, Y.","Sustainable agrarian development has emerged as a key agenda in many recent global development dialogues, owing to its intimate links with rural development. Agrarian development paradigms, however, mostly root for technocratic solutions (agro-systems’ modernization), overlooking the social dimension (social networking/learning) of agricultural innovation. In view of the above, this reflective article summarizes existing worldviews on the role of farmers’ social networking/learning on agrarian development, with special emphasis on India. Cyclic interactions between water (irrigation), food (agriculture) and energy have led to dire socioenvironmental crises (e.g., groundwater depletion, energy shortage, irrigation systems’ failures, food insecurity, livelihood loss, etc.) in India that demands focused policy interventions. Under the circumstances, participatory action via farmers’ social networks provides an effective tool to harnesses resilience. With illustrative examples from India and the world, the study demonstrates that social learning is key to adoption of new paradigms (new technology/crop/cropping methods, etc.). Dissemination of new knowledge/idea is fundamentally keyed to extent of farmer-to-farmer interaction (friendship-/peer-advising network). In the process, the study highlights key barriers to establish functional networks among farming communities. Particular emphasis is laid upon the Water Users’ Association in India, to enumerate growing concerns around farmers’ involvement in Participatory Irrigation Management schemes. Pitfalls in existing network literature are highlighted, ranging from sampling issues to unaccounted effects of “unobservable” variables. The final section attempts to outline certain strategic interventions that might be pursued at the policy level to harness social capital. Overall, the study was a plea to the concerned authorities, research bodies and stakeholders in India, to forge substantive collaborations for new knowledge creation in the theory and practice of social networking/learning and identify contextualized means to integrate them in the development matrix. © 2020, Springer Nature B.V.",2021,,Environ. Dev. Sustainability,23,3,2973-3008,,10.1007/s10668-020-00762-6,,#191,Chaudhuri 2021,"",""
"Water-energy-food nexus: Critical review, practical applications, and prospects for future research","Purwanto, A.; Sušnik, J.; Suryadi, F.X.; de Fraiture, C.","This paper presents knowledge gaps and critiques on the water–energy–food (WEF) nexus that have emerged since the concept of the WEF nexus was proposed by the World Economic Forum and the Bonn 2011 Conference. Furthermore, this study analyses current innovations on the WEF nexus concept, applications, and impacts during the period of 2012–2020. This begins by reviewing ten WEF nexus frameworks developed by international organizations and researchers. On this basis, several gaps and omissions in nexus frameworks are obvious in almost all developed frameworks. Studies that start to address some of these gaps are analysed, but they are relatively few and do not address all gaps. Several proposed improvements to nexus frameworks are identified to narrow the gaps and put the concept into practical implementation in WEF resources management and governance. Four principles and the perspective of “from local to global” for future WEF nexus framework development and analysis are suggested to ensure that the security of water, energy, and food resources can be achieved sustainably in local communities. This will improve the impact of national and global ambitions on WEF security. © 2021 by the authors. Licensee MDPI, Basel, Switzerland.",2021,,Sustainability,13,4,1-18,,10.3390/su13041919,,#193,Purwanto 2021,Aliny Pires (2023-03-20 20:52:06)(Screen): Important because it brings some information about scaling solutions in WEF.; ,""
A review of the water-energy-food nexus research in Africa,"Botai, J.O.; Botai, C.M.; Ncongwane, K.P.; Mpandeli, S.; Nhamo, L.; Masinde, M.; Adeola, A.M.; Mengistu, M.G.; Tazvinga, H.; Murambadoro, M.D.; Lottering, S.; Motochi, I.; Hayombe, P.; Zwane, N.N.; Wamiti, E.K.; Mabhaudhi, T.","Notwithstanding the dispersed nature of the water, energy and food (WEF) nexus scholarship in the African continent, its strategic importance to the African agenda has gained widespread attention in research and planning circles. In this regard, the bibliometric science mapping and content analysis of the WEF nexus scientific publication trends, the conceptual, intellectual and social structures, as well as the inherent paradigmatic shifts in the WEF nexus body of knowledge in the African continent have been undertaken, using the nexus body of literature accessed from the Web of Science and Scopus core collection databases. The review results confirmed that, whilst the WEF nexus scholarship has expanded since 2013, there is also evidence of growth in the conceptual, intellectual and social structures of the WEF nexus in the African continent. These shifts have resulted in the emergence of hot topics (subfields) including modelling and optimization, climate variability and change, environmental ecosystem services sustainability, and sustainable development and livelihoods. The review further determined that these structures have evolved along two main perspectives of WEF nexus research development, i.e., the interdisciplinary and transdisciplinary domains. In support of the interpretation of the visual analytics of the intellectual structure and changing patterns of the WEF nexus research, the shifts in positivist, interpretivist and pragmatic paradigmatic perspectives (these are underpinned by the ontology, epistemology, and methodology and methods) are considered when explaining WEF nexus research shifts: (a) From the unconnected silo paradigms that focus on water, energy and food (security concerns) to interconnected (and sometimes interdependent or nested) linkages or systems incorporating environmental, social-economic and political drivers (also viewed as subfields) in a bid to holistically support the Sustainable Development Goals (SDGs) across the African continent; and (b) in the evaluation of the WEF nexus scholarship based on novel analytical approaches. We contend that whilst the theories of science change underpin this apparent expansion, the macro-economic theory will find use in explaining how the WEF nexus research agenda is negotiated and the Integrative Environmental Governance (IEG) is the duly suited governance theory to bridge the inherent disconnect between WEF nexus output and governance processes uncovered in the literature. Overall, operational challenges and opportunities of the WEF nexus abound, transitioning the WEF nexus research to practice in Africa, motivating the need to take advantage of the scholar-practitioner research underpinnings, as contemplated in the transdisciplinary research approach, which is characterised by the dual quest for new knowledge and considerations of use. Yet, there is need for more coordinated and collaborative research to achieve impact and transition from WEF nexus thinking to WEF nexus practice. © 2021 by the authors. Licensee MDPI, Basel, Switzerland.",2021,,Sustainability,13,4,1-26,,10.3390/su13041762,,#194,Botai 2021,"",""
Measuring urban food-energy-water nexus sustainability: Finding solutions for cities,"Yuan, M.-H.; Chiueh, P.-T.; Lo, S.-L.","A city is the place where food, energy, and water consumption happen. This consumption leads to challenges and has a strong impact on natural sources. Although researchers broadly agree on the importance of incorporating the concept of the food, energy, and water nexus into policy strategies and decision-making, the assessment system for how governance methods can improve the provision of these three essential services is relatively blank. To clarify the policy mechanisms and heterogeneity of sustainability issues related to the food, energy and water nexus at the city level, this study develops an indicator system to guide the implementations and optimize urban sustainability. A qualitative approach is employed to form the priority strategies in in four selected cities: Amsterdam, Eindhoven, Taipei, and Tainan. The results show that renewable energy plays an essential role in the food-energy-water nexus. In addition, we also observed that future work should focus on technological innovation. These observations imply that the unique combination of influence factors in food-energy-water sustainability offers a comprehensive outlook of the broad and complex challenges that a city faces due to resource limitations, which can help inform future governance practices. Finally, some policy recommendations are made for highlighting and the activities needed to work. The results of the present evaluation could be used as a tool to strengthen food-energy-water management in the future. They can guide managers to develop possible solutions that ensure resources are applied successfully according to the visions of multiple perspectives and help the relevant ministries to improve future consultation plans. © 2020",2021,,Sci. Total Environ.,752,,,,10.1016/j.scitotenv.2020.141954,,#196,Yuan 2021,"",""
Achieving water security in Nepal through unravelling the water-energy-agriculture nexus,"Nepal, S.; Neupane, N.; Belbase, D.; Pandey, V.P.; Mukherji, A.","This article investigates water security in Nepal from the perspective of the water-energy-agriculture (food) nexus, focusing on pathways to water security that originate in actions and policies related to other sectors. It identifies promoting development of Nepal’s hydropower potential to provide energy for pumping as way to improve water security in agriculture. Renewable groundwater reserves of 1.4 billion cubic meters (BCM), from an estimated available balance of 6.9 BCM, could be pumped to irrigate 613,000 ha of rainfed agricultural land in the Terai plains, with a potential direct economic gain of USD 1.1 billion annually and associated benefits including promotion of energy-based industry, food security and local employment. Governance also plays an important role in addressing water security. We conclude that a nexus-based approach is required for effective water management and governance. © 2019 The Author(s). Published by Informa UK Limited, trading as Taylor & Francis Group.",2021,,Int. J. Water Resour. Dev.,37,1,67-93,,10.1080/07900627.2019.1694867,,#197,Nepal 2021,"",""
A Regional Model of Climate Change and Human Migration,"Naugle, A.B.; Backus, G.A.; Tidwell, V.C.; Kistin-Keller, E.; Villa, D.L.","As climate change and human migration accelerate globally, decision-makers are seeking tools that can deepen their understanding of the complex nexus between climate change and human migration. These tools can help to identify populations under pressure to migrate, and to explore proactive policy options and adaptive measures. Given the complexity of factors influencing migration, this article presents a system dynamics-based model that couples migration decision making and behavior with the interacting dynamics of economy, labor, population, violence, governance, water, food, and disease. The regional model is applied here to the test case of migration within and beyond Mali. The study explores potential systems impacts of a range of proactive policy solutions and shows that improving the effectiveness of governance and increasing foreign aid to urban areas have the highest potential of those investigated to reduce the necessity to migrate in the face of climate change. © 2022 by IGI Global. All rights reserved.",2021,,Research Anthology on Environmental and Societal Impacts of Climate Change,1,,449-471,,10.4018/978-1-6684-3686-8.ch023,,#198,Naugle 2021,"",""
A review of water-forest-energy-food security nexus data and assessment of studies in East Africa,"Okumu, B.; Kehbila, A.G.; Osano, P.","The increasing scarcity of environmental resources and competition among forest, water, food and energy coupled with the ever-growing population and climate change pose a serious threat to natural ecosystems. In an effort to provide an integrated approach towards forest conservation as well as energy, water and food security within the broader context of climate change and variability, this study sought to undertake a literature and data review to provide a critical analysis and synthesis of the baseline and trends of the forest- water-food- energy security nexus in East Africa. The study adopted a nexus-based performance index approach to evaluate the multi-directional impacts of forest, food, water and energy resource use and conservation. The study revealed an urgent need of a holistic approach to harness the forest-water-food-energy security nexus for the realization of the sustainable development goals. It also stresses the need for emphasis on improving food and energy availability, access to water, electricity and clean fuels, and water sustainability. The study also revealed that the region is suffering from water scarcity due to the low level of utilization of available fresh water resources for irrigated agriculture. This is further compounded by inadequate distributions of rainfall and the changing climatic impacts on the hydrological regimes in the region, thus necessitating improvements in water governance. The region was also found to be severely food insecure and a net importer of food due to the low level of utilization of available fresh water resources for irrigated agriculture and inadequate water governance. Overall, the study revealed the high interdependence, synergies and tradeoffs between the components that were considered separately hence the need for consideration of nexus approach as a priority. Policy recommendations are also highlighted to address the challenges hindering sustainable forest, water, food, and energy development and management in the region. © 2021 The Author(s)",2021,,Curr. Res. Environ. Sustain.,3,,,,10.1016/j.crsust.2021.100045,,#200,Okumu 2021,Aliny Pires (2023-03-20 21:05:57)(Screen): It describes more the situation than propose response options...; ,""
"Narrating the impacts of climate change for urban health governance in Guangzhou, China","Liu, J.","Global anthropogenic climate change imposes high risks on environmental sustainability and public health. The paper starts by illustrating the climate change impacts on health in Guangzhou, a rapidly expanding urban hub in China. Next, this paper investigates the institutional narratives of the climate-health nexus in Guangzhou by analysing relevant policies and work plans. Finally, the paper identifies knowledge gaps to which the paper proposes ways to improve urban health governance. The methodology includes a literature review on the health impacts of climate change, in-depth interviews with the environment and health policymakers in Guangzhou, and a policy archive review. Despite the scientific evidence of positive linkages between climate change impacts on health in Guangzhou, institutional narratives and policy responses on this linkage appear to be lacking, insufficient, or delayed. The outcomes of our narrative analysis point to the possibility that this could be due to the top-down tradition of urban governance, a lack of effective interdepartmental and cross-sectoral collaboration mechanisms, and the overall lack of institutional support for implementing the ‘Health in All Policies’ framework. The paper suggests health policymaking in Guangzhou to narrate climate change impacts more openly, scientifically to the public, and to address urgent health risks more systematically. © 2020 Informa UK Limited, trading as Taylor & Francis Group.",2021,,Cities Health,5,3,240-255,,10.1080/23748834.2019.1701945,,#204,Liu 2021,"",""
Sdg implementation through technology? Governing food-water-technology nexus challenges in urban agriculture,"Schwindenhammer, S.; Gonglach, D.","The 2030 Agenda for Sustainable Development emphasizes the importance of technology as a pillar for the implementation of the Sustainable Development Goals (SDGs). Technology innovation promises benefits especially for the implementation of SDG 2 to end hunger, achieve food security and improved nutrition, and promote sustainable agriculture. Contributing to current debates on SDG implementation, technology innovation, and cross-sectoral governance, we argue that technology innovation carries both the potential to contribute to global goal implementation and the risk of posing new governance challenges. Applying a food-water-technology nexus (FWTN) perspective, we conduct a case study on an emerging technology in urban agricultural production in Germany. The technology connects the wastewater treatment system and the agricultural production system and projects the transformation of a conventional sewage treatment plant into a ‘NEWtrient®-Center,’ which draws the essential resources for urban hydroponic plant cultivation from municipal wastewater. Building on qualitative and participatory research methods, the study provides deeper insights into the governance implications of FWTN issues stemming from the emerging technology. The analysis shows that this technology has the potential to facilitate SDG implementation, but simultaneously fuels new sector interlinkages between water and food and policy demands that substantiate the need for more integrated policymaking to ensure the smart use of technology to reach the SDGs. © 2021 by the authors; licensee Cogitatio (Lisbon, Portugal).",2021,,Polit. Gov.,9,1,176-186,,10.17645/pag.v9i1.3590,,#217,Schwindenhammer 2021,"",""
Energy and Environmental Security Nexus in Pakistan,"Hassan, M.; Khan, M.I.; Mumtaz, M.W.; Mukhtar, H.","Energy security has evinced a prime role in shaping prospects of economic and social development with its intrinsic relationship with environmental security due to convergence of energy generation and distribution with so many factors like global governance, economic development, affordability, equitable and sustainable energy transitions, environmental protection, environmental politics, water security, air pollution, climate change, conflicts, and environment-induced migrations. Pakistan has energy requirements of more than 75 million tons of oil equivalent (MTOE) in 2019 which is experiencing exponential increase due to growing population and changing lifestyle. The country is currently relying on thermal energy and imported fossil fuels to meet energy requirements. The share of coal in primary energy has been increased in recent years. The construction and operational phase of energy projects have significant threats to environmental security due to soil erosion and compaction, chemical spills and debris disposal, air emissions, noise and wildfire. It also shapes the terrain by damaging vegetation cover, terrestrial ecosystems and wetlands. The impacts further include dislocation of species, disturbance in migratory corridors and changes in breeding areas of wildlife. These projects also affect the water quality and modify drainage patterns causing aesthetic disruption and changes. Archeologically and culturally important sites are also being disturbed on the pretext of improving socio-economic conditions. Furthermore, climate change is reshaping the nexus of energy with environmental security in Pakistan. Resultantly, there may be a paradigm shift due to energy insecurity, geopolitical conflicts in the region, consumer’s access to affordable energy, environmental injustice and insecurity. Pakistan already lacks renewable energy but inefficient use, line losses, energy-inefficient infrastructure and technologies challenge the government to meet the targets of Sustainable Development Goals (SDG 7), pillar 4 (Water, energy and food security) of the Pakistan Vision 2025. Hence, Pakistan has to establish a good framework of governance for thermal power sector, upgrade its existing energy infrastructure, diversify energy recourses, introduce energy-efficient technologies, develop minimum standards for power generation, explore renewable and competitive energy market, identify low carbon power generation methods, subsidize alternative and renewable energy (ARE) technologies, balance energy mix, improve fuel efficiency, manage energy demand, invest on research and development, aware the people and regulate consumer’s behavior and practices to achieve optimum energy security and environmental security. © 2021, Springer Nature Switzerland AG.",2021,,Adv. Sci. Tech. Sec. Appl.,,,147-172,,10.1007/978-3-030-63654-8_6,,#218,Hassan 2021,"",""
Making sustainability plans more equitable: an analysis of 50 U.S. Cities,"Hess, D.J.; McKane, R.G.","Government plans and initiatives for the 50 largest U.S. cities were examined for connections between social equity and sustainability. Six sectors that are associated with sustainability (defined as the sector’s potential to reduce greenhouse-gas emissions) were included: buildings, electricity, food, greenspace, pollution and air quality, and transportation. The study identified 261 plans and initiatives in the 50 cities during the 2010–2020 period that had connections between social equity and sustainability. Results indicate that cities still have many opportunities to improve plans and initiatives when undertaking revisions. To that end, 21 types of goals and initiatives are identified from the data set to show a composite picture of how cities can integrate social equity with sustainability in this area. Of the 21 types, only 7 appeared in more than 50% of the cities. The study also provides an analysis of opportunities for robust engagement, implementation, equity tracking, and connections of goals across sectors. An additional analysis shows that cities with greater attention to the sustainability-equity nexus tend to lean toward the center-left Democratic Party, to have higher education and income, and to have sustainability offices. © 2021 The Author(s). Published by Informa UK Limited, trading as Taylor & Francis Group.",2021,,Local Environ.,26,4,461-476,,10.1080/13549839.2021.1892047,,#219,Hess 2021,"",""
The conceptual basis of water-energy-food nexus governance: systematic literature review using network and discourse analysis,"Urbinatti, A.M.; Benites-Lazaro, L.L.; Carvalho, C.M.D.; Giatti, L.L.","In the last decade, the debate on the governance of water, energy, and food (WEF) has intensified, spurring the emergence of the term “nexus governance.” In general, the reduction of trade-offs and construction of synergies between WEF have been placed on the scientific, political, and economic agenda. However, although increasingly used, it is difficult to find a clear meaning and definition of what the term represents. Based on a systematic literature review (SLR), using text-mining and machine learning algorithms, this article investigates what are the conceptual basis of the nexus governance debate, and attempts to clarify the main themes, networks, and gaps within this literature. The analysis is based on quantitative and qualitative methods, combining social network analysis (SNA) and discourse analysis (DA). The results highlighted that twenty-four governance-related concepts support this literature, breaking down into eight groups: water and basin governance; environmental and systems governance; risk and resource security governance; economic governance; global governance; urban governance; integrative and cooperative governance; and “epistemic” and transdisciplinary governance. © 2020 The Author(s). Published by Informa UK Limited, trading as Taylor & Francis Group.",2020,,J. Integr. Environ. Sci.,17,2,21-43,,10.1080/1943815X.2020.1749086,,#222,Urbinatti 2020,"",""
Network governance for collective action in implementing united nations sustainable development goals,"Kapucu, N.; Beaudet, S.","As the number of complex transnational problems have continued to grow, so too has the desire to combat them through global partnerships and collective action. In response, the United Nations (U.N.) and member states created the Sustainable Development Goals (SDGs) in 2015. This study provides a background on international organizations and efforts in collectively moving towards sustainable development goals. It examines the SDGs (specific emphasis on Food–Energy–Water (FEW) Nexus) and means of governance and implementation at the global level. It also seeks to describe and visualize partnerships and collective action using network analysis tools and techniques. The network visualization demonstrates the organizations working together and towards the SDGs, which provides the type of structure and key actors and arrangements for implementation at the global stage. © 2020 by the authors. Licensee MDPI, Basel, Switzerland.",2020,,Adm. Sci.,10,4,,,10.3390/admsci10040100,,#226,Kapucu 2020,"",""
"Foundations for convergence: Sub-national collaboration at the nexus of disaster risk reduction, climate change adaptation, and land restoration under multi-level governance in Kenya","Smucker, T.A.; Oulu, M.; Nijbroek, R.","This research paper examines multi-level governance structures and practices in Kenya as they relate to three interdependent agendas: climate change adaptation (CCA), disaster risk reduction (DRR), and land restoration (LR). We examine the governance landscape at county level and evaluate bridges and barriers to integration that are mediated by linkages across scales within Kenya's multi-level governance system. Based on analysis of qualitative data collected through key informant interviews and workshop discussions in three counties, we argue that subnational governance in Kenya has achieved elements of convergence among CCA, DRR, and LR. We refer to the interconnections among these three agendas and the synergies that can be realized through greater integration among them as the CDR nexus. The analysis indicates a highly decentralized stakeholder landscape, with a diverse mix ofnational, county, and civil society organizations providing leadership and funding that drives emergent CDR priorities. Convergence has been enabled by informal working platforms for inter-sectoral collaboration that have brought together national government, county government and civil society organizations, rather than through formal mechanisms of policy integration established in law. Maintaining integrative CDR practices while progressing on national priorities and commitments related to climate change adaptation, disaster risk reduction, and land restoration is a fundamental governance challenge for the next decade. © 2020 Elsevier Ltd",2020,,Int. J. Disaster Risk Reduct.,51,,,,10.1016/j.ijdrr.2020.101834,,#227,Smucker 2020,"",""
Gender Specific Differences of Smallholder Farm Households Perspective of Food-Energy-Land Nexus Frameworks in Ethiopia,"Villamor, G.B.; Guta, D.D.; Mirzabaev, A.","The water-energy-food security nexus concept is a widely recognized analytical approach to achieve sustainable development goals. However, to date, related thinking has mostly been applied at higher scales in a top-down manner, while bottom-up and local scale applications remain limited. This includes the gender dimension of the nexus, which is one of the sustainable development goals. Narrowing this gap, this paper describes and assesses the food-energy-land nexus from a smallholder farm household perspective in the context of rural Ethiopia through a gender-specific lens. To explore the differences between men and women perspective of the nexus, we adopted the Actors, Resources, Dynamics, and Interactions (ARDI) to co-develop a mental model of the nexus concept combined with statistical analysis. Using this approach, we examined the key direct actors and the linkages between major resources including the processes that affect the management by gender. The results indicate that there are four aspects that differentiate male and female perspectives with respect to the water-energy-food nexus. These differences include (1) access to external actors, (2) perceptions of target resources, (3) gender specific productive roles, and (4) decision making with respect to target resource management and utilization, which may affect the dynamics and governance of the water-energy-food nexus. With regards to factors associated with time spent for collecting water and fuel and crop production vary according to gender type. Overlooking these differences could make the nexus approach unrealistic to achieve gender equity while further aggrevating the already burdening roles of women including children within households. © Copyright © 2020 Villamor, Guta and Mirzabaev.",2020,,Front. Sustain. food Syst.,4,,,,10.3389/fsufs.2020.491725,,#240,Villamor 2020,Aliny Pires (2023-05-02 06:34:53)(Screen): Gender as a cross-cutting issue; ,""
Sustainability considerations in water-energy-food nexus research in irrigated agriculture,"Hamidov, A.; Helming, K.","Irrigated agriculture is essential to satisfying the globally increasing demand for food and bio-based products. Yet, in water scarce regions, water-use for irrigation aggravates the competition for the use of water for other purposes, such as energy production, drinking water and sanitation. Solutions for sustainable food production through irrigated agriculture require a systemic approach to assess benefits and trade-offs across sectors. Here, the water-energy-food (WEF) nexus has become an important concept in natural resource management. It has been conceptualized to analyze linkages and trade-offs between the three sectors, across temporal and spatial scales. However, the concept has so far mainly been conceptual, with little empirical evidence or proof of concept in real world cases. The objective of this paper was to take stock of the rapidly advancing literature on the WEF nexus in irrigated agriculture, and to analyze how the concept was actually implemented in research studies, and how the nexus between water, food and energy was actually dealt with. The study period ranges from 2011 to 2019, and includes 194 articles. Results showed that the WEF nexus is indeed very relevant in irrigated agriculture, and the respective literature makes up one third of all WEF nexus papers. Modeling and empirical research have caught up with conceptual synthesis studies during the last four years, thereby indicating that the WEF nexus concept is indeed increasingly operationalized. However, most studies addressed the WEF nexus from a perspective of either socioeconomic, technological or environmental categories, and they place one of the dimensions of water, food or energy into the foreground. To address sustainable development, there is a need to fully integrate across research disciplines and thematic dimensions. Such studies are only starting to emerge. These findings are an important evidence-base for future WEF nexus research on irrigated agriculture, in support of sustainable solutions for water scarce regions, especially in settings undergoing transformations. © 2020 by the authors.",2020,,Sustainability,12,15,,,10.3390/SU12156274,,#245,Hamidov 2020,"Aliny Pires (2023-03-20 19:48:50)(Screen): Interesting because it highlights the importance of nexus in a specific context... Water seems to be the entry point or out point in this case, but it is the ""main dimension""; ",""
Confronting governance challenges of the resource nexus through reflexivity: A cross-case comparison of biofuels policies in Germany and Brazil,"Takaes Santos, I.","Resource nexus research gained ground in the last decade prompted by crises of food and water supply throughout the world. In parallel, bioenergy emerged as an important renewable source worldwide, though it entails a large spectrum of externalities and feedback effects, involving key resources, such as water, land, and biodiversity. Making sense of the complex interactions and measuring all these impacts translates into significant challenges for developing and implementing policies based on a nexus perspective, especially amid divergent interests and normative views. This paper brings an empirical contribution by exploring how reflexive governance concepts can help to understand nexus implementation challenges, and possibly overcome them, based on biofuels policies in Brazil and Germany as case studies. It shows that nexus issues play out differently in each country and discusses how the idea of reflexivity could help to address them, supported by deliberation to reflect upon risks usually assigned to large-scale biomass use and, ultimately, about the underlying assumptions of cause-effect relationships. The cases comparison suggests that cognitive and normative aspects that influenced broader deliberation on biofuels will remain relevant for the deployment of biomass as part of negative emissions strategies in the future. Therefore, it reinforces the need to consider such aspects in nexus research and to expand the debate about the role of bioenergy beyond transformations in the energy sector. © 2020 Elsevier Ltd",2020,,Energy Res. Soc. Sci.,65,,,,10.1016/j.erss.2020.101464,,#254,TakaesSantos 2020,"",""
"The global governance of water, energy, and food nexus: allocation and access for competing demands","Sharma, P.; Kumar, S.N.","Globally, 3 billion people are without access to modern fuels or technologies for cooking/heating, 900 million people lack access to safe water, 2.6 billion lack improved sanitation, 2 billion people lack food security intermittently, and more than 820 million people are chronically hungry due to extreme poverty. This paper on the allocation of and access to water, energy and food (WEF) nexus rests on the ‘Rawlsian’ conception of distributive justice to human security and the competing demands for WEF. Based on a review of papers on access and allocation published from 2008 through 2020, this paper finds that ‘policy coordination’ among all the actors (at all levels in general and local levels in particular) governing the water–energy–food nexus is the key to promoting equitable allocation of and access to WEF. Only legitimate governance with robust legal structures in place can provide for the equitable allocation in the WEF nexus. Effective stakeholder participation in governance of the nexus is necessary and ensured when power asymmetries, interdependencies and rights are accounted for in principles of procedural justice. Moreover, to ensure access to people in the WEF nexus, the distribution of the three goods and related rights must be delivered as a ‘triplet’. This will promote the goal to mitigate trade-offs and promote synergies among the resources as well as conserve the environment within the context of the Sustainable Development Goals. © 2020, Springer Nature B.V.",2020,,Int. Envir. Agreem. Polit. Law Econ.,20,2,377-391,,10.1007/s10784-020-09488-2,,#256,Sharma 2020,"",""
Nexus thinking in business: Analysing corporate responses to interconnected global sustainability challenges,"Dahlmann, F.; Bullock, G.","Nexus thinking represents a novel approach to managing sustainability challenges, but little is known about how and to what extent it is being employed by companies. By examining documents from 14 companies identified as “comprehensive-disclosers,” this paper reveals important insights into corporate responses to multiple, interconnected sustainability issues or “nexus challenges”. Using qualitative content analysis of companies’ responses to the CDP (formerly, Carbon Disclosure Project) climate change, water, forests and supply chain surveys as well as their sustainability reports, we find that while companies largely continue with silo-based approaches to addressing sustainable development challenges, some are beginning to employ more integrated approaches suggestive of embryonic “nexus thinking.” Our research provides the first empirical evidence of its kind and contributes to broader debates on the utility of the nexus concept in corporate environmental governance and policymaking. © 2020 Elsevier Ltd",2020,,Environ. Sci. Policy,107,,90-98,,10.1016/j.envsci.2020.02.022,,#261,Dahlmann 2020,"Aliny Pires (2023-03-20 18:10:47)(Screen): Applying the nexus concept in the business sector, may be interesting!; ",""
Cities and the Anthropocene: Urban governance for the new era of regenerative cities,"Thomson, G.; Newman, P.","The emerging ‘grand challenges’ of climate change, resource scarcity and population growth present a risk nexus to cities in the Anthropocene. This article discusses the potential that rapid urbanisation presents to help mitigate these risks through large-scale transitions if future urban development is delivered using evidence-based policies that promote regenerative urban outcomes (e.g. decarbonising energy, recycling water and waste, generating local food, integrating biodiversity). Observations from an Australian case study are used to describe urban governance approaches capable of supporting regenerative urbanism. The regenerative urbanism concept is associated with macro-scale urban and transport planning that shapes different urban fabrics (walking, transit, automobile), as the underlying infrastructure of each fabric exhibits a different performance, with automobile fabric being the least regenerative. Supporting urban systems based upon regenerative design principles at different scales (macro, meso and micro) can deliver deep and dramatic outcomes for not just reducing the impact of the grand challenges but turning them into regenerative change. In combination, these approaches form the cornerstone of regenerative cities that can address the grand challenges of the Anthropocene, while simultaneously improving livability and urban productivity to foster human flourishing. © Urban Studies Journal Limited 2018.",2020,,Urban Stud.,57,7,1502-1519,,10.1177/0042098018779769,,#263,Thomson 2020,"",""
The role of communication in managing complex water-energy-food governance systems,"Greer, R.A.; Hannibal, B.; Portney, K.","Managers of federal, state, local, and nonprofit organizations around the world are faced with the complex task of managing interconnected systems of scarce resources. One key example of this has been the recent research on the connections between water, energy, and food/agriculture, and the problem of managing these resources to be sustainable and reduce the likelihood of resource depletion. While engineering research has focused on achieving greater efficiencies in resource management, less attention has been given to issues of governance within the fragmented, decentralized, and polycentric systems that are responsible for resource delivery. The central question animating this paper is whether resource management decisions in water, energy, and food are siloed, and what theoretical frameworks can be leveraged to develop strategies to break down existing silos. Results from a survey of water agencies suggests that there is little communication between the water, energy, and food policy areas. If achieving greater nexus requires increased communication and repeated interactions, there is significant work to be done to re-think how policy and management are organized and conducted. © 2020 by the authors.",2020,,Water,12,4,,,10.3390/W12041183,,#266,Greer 2020,"",""
Overcoming climate change adaptation barriers: A study on food–energy–water impacts of the average American diet by demographic group,"Bozeman, J.F.; Bozeman, R.; Theis, T.L.","Effectively adapting to climate change involves overcoming social and ecological system barriers. The present study uses a three-phase adaptation framework to propose adaptation strategies aimed at overcoming socioecological barriers of the food–energy–water (FEW) nexus. Cradle-to-farm-gate land, greenhouse gas (GHG), and water impacts—that derive from food consumption in the United States—are analyzed and differentiated by major demographic groups (Black, Latinx, and White). Results indicate that the White demographic yields the highest per capita GHG (680 kg of CO2 eq⋅year−1) and water impacts (328,600 L⋅year−1) from food consumption, whereas the Black demographic yields the highest per capita land impacts (1,770 m2⋅year−1) from food consumption. Our findings suggest that obtaining data with the intention of building consensus across sociodemographic lines overcomes barriers in the understanding phase, leading to increased social receptivity for many planning and managing phase processes. Specifically, we find that identifying and developing leaders who possess the cognitive and interpersonal capacity to manage many variables and stakeholders is key to assessing and selecting adaptation options in the planning phase. We also propose using government programming to encourage environmentally friendly food purchasing behavior. Then, we discuss how our proposals could be used in adaptation feasibility and evaluation activities in the managing phase. In all, these findings facilitate the development of improved climate change adaptation and policy by satisfying the understanding phase of the climate change adaptation framework, establishing a cross-disciplinary methodological approach to addressing socioecological problems, and providing useful FEW impact data for FEW nexus and climate change researchers. © 2019 by Yale University",2020,,J. Ind. Ecol.,24,2,383-399,,10.1111/jiec.12859,,#268,Bozeman 2020,"",""
Mainstreaming the Water-Energy-Food Nexus through nationally determined contributions (NDCs): the case of Brazil,"Paim, M.-A.; Salas, P.; Lindner, S.; Pollitt, H.; Mercure, J.-F.; Edwards, N.R.; Viñuales, J.E.","The Water-Energy-Food Nexus approach to the governance of natural resources seeks to identify and address the synergies and trade-offs amongst traditionally separated sectors, to capture significant feedbacks that have so far remained insufficiently understood and regulated. One key specificity of the Nexus approach is the need for intersectoral, cross-scale and stakeholder integration, which is particularly challenging due to the lack of policy coordination prevailing in many countries. Yet, some emerging integrated policy processes, such as those aimed at implementing nationally determined contributions (NDCs) under the 2015 Paris Agreement, may offer a sufficient level of integration to mainstream the Nexus approach. This article focuses on the potential of such NDC processes in Brazil. NDC processes in China, the European Union, India and Mexico are used as indicators associated with higher or lower degrees of integration for a more specific analysis of the case of Brazil. The article concludes that the barriers to sectoral integration raised by the dominant position of the agricultural sector in Brazil as regards, among other things, environmental legislation, are unlikely to be overcome by internal action. This represents a threat to achieving the target of zero deforestation in Brazil, considering the cropland-livestock forestry feedbacks involved in the growing demand for agricultural commodities from China. NDCs already provide space for international cooperation, which could be further developed to include measures for linking demand for agricultural commodities from the EU and China, and massive land-use change and deforestation in Brazil. Key policy insights The NDCs from India, China, EU, Mexico and Brazil recognize, to varying extents, the Nexus approach in their climate policies, particularly the link with water uses in agriculture. The NDCs from EU, Mexico and Brazil include some elaborated Nexus issues related to indirect land use-forestry-agriculture. Sectoral integration could be progressively strengthened under the Nexus approach as part of the five-yearly updates of the NDCs. The NDCs from Brazil and China could provide a policy window to integrate indirect land use-forestry-agriculture collaborative measures, for the purposes of tackling the deforestation trade-off resulting from Brazilian exports of soybeans to China. © 2019, © 2019 The Author(s). Published by Informa UK Limited, trading as Taylor & Francis Group.",2020,,Clim. Policy,20,2,163-178,,10.1080/14693062.2019.1696736,,#277,Paim 2020,"",""
A bibliometric analysis of food-energy-water nexus literature,"Opejin, A.K.; Aggarwal, R.M.; White, D.D.; Jones, J.L.; Maciejewski, R.; Mascaro, G.; Sarjoughian, H.S.","Rapid growth in the food-energy-water (FEW) nexus literature calls for an assessment of the trajectory and impacts of this scholarship to identify key themes and future research directions. In this paper, we report on a bibliometric analysis of this literature that focuses on (1) examining publication trends and geographic focus of research, (2) identifying research hotspots and emerging themes, (3) assessing the integrated nature of research, and (4) reflecting on major developments and ways forward. We used Elsevier's SCOPUS database to search for publications from January 2011 to May 2018 on the FEW nexus, and analyzed the final sample of 257 publications using BibExcel and Vosviewer software tools. The analysis showed steady growth in publications since 2011 with a sharp upturn in 2015 and 2016, coinciding with major funding calls. Thematic analysis of abstracts revealed a strong focus on quantitative resource interlinkages with limited attention to qualitative institutional capacities and intersectoral governance challenges. Term co-occurrence network map showed the term ""investment"" connected with a large number of frequently cited terms, while the term ""governance"" demonstrated much weaker links. We reflect on how these findings may help us better understand and address the enduring challenge of transitioning from nexus thinking to action. © 2020 by the authors.",2020,,Sustainability,12,3,,,10.3390/su12031112,,#278,Opejin 2020,"",""
An MCDM-based social network analysis of water governance to determine actors’ power in water-food-energy nexus,"Ghafoori Kharanagh, S.; Banihabib, M.E.; Javadi, S.","A major water governance concern is how to coordinate the complex relationships of the water, food, and energy sectors and the resulting economic, social, and environmental consequences. Focusing on the challenges in one sector (e.g. water shortage in the water sector) and making decisions without considering other sectors will not solve these problems; rather, it will create a new problem (the decline of food production) in the food sectors. The nexus approach is a novel method to represent the interrelated challenges of the water, food, and energy sectors by considering the sectors’ policies to achieve sustainable development. The present study analyzes the social network of nexus actors in the Yazd-Ardakan aquifer, Yazd province, Iran. For this purpose, 54 partners in the nexus network were first identified in various public, private, semi-private and non-governmental organizations. Three types of interactions (knowledge and information exchange, budget transfer, and collaboration) were analyzed among the actors. The actor-network was, then, assessed at the levels of the entire network and individual actors. Then, a coherence analysis was performed by the density index at the entire network level, and the power analysis was carried out using in-degree, out-degree, betweenness, closeness, and eigenvector centrality indices at the individual actor level. Social network analysis criteria were, then, incorporated with the multi-criteria decision-making model ELECTRE I to select the key and powerful actors in the nexus network. Next, the powerful actors were identified and introduced with respect to 15 criteria employed in the social network analysis. According to the results, the power structure in the nexus network of the research area is not at equilibrium. Most of the power lies with the public sector. The water, food, and energy sectors act alone and they do not exploit their maximum organizational capacities to establish relationships with one another. © 2019 Elsevier B.V.",2020,,J. Hydrol.,581,,,,10.1016/j.jhydrol.2019.124382,,#280,GhafooriKharanagh 2020,"",""
The water–energy–food nexus: bridging the science–policy divide,"van Gevelt, T.","Although our technical understanding of water–energy–food (WEF) nexus dynamics continues to improve, this knowledge has not yet been translated into effective and implementable policy. My review of the literature suggests that key to bridging the science–policy divide is introducing a political dimension into our understanding of the WEF nexus. By applying insights from the broader area of environmental governance to real-world WEF nexus examples, we see that navigating WEF nexus trade-offs and ensuring the sustainable management of our resources is a ‘wicked’ problem necessarily solved through the political process. By moving beyond an apolitical and positivist conceptualisation of the WEF nexus, we can devise innovative solutions that leverage the contributions of robust science to better manage our WEF resources. © 2019 Elsevier B.V.",2020,,Curr. Opin. Environ. Sci. Health,13,,6-10,,10.1016/j.coesh.2019.09.008,,#281,vanGevelt 2020,"",""
Grounding nexus governance: De-nexused developments in nepal,"Gyawali, D.; Allouche, J.","There appears to be little agreement on the precise meaning of the nexus, whether it only complements existing environmental governance approaches or how it can be enhanced in national contexts. Technical solutions for improving coherence and governance within the nexus may have unintended and negative impacts in other policy areas, such as poverty alleviation. The nexus is yet to be extensively grounded, into national policies and practices, and broad-based local demand for nexus-framed policies is currently limited. Through a mini-case study in Nepal, this article seeks to analyse what is the local understanding and practice around the relationship between food, energy and water to inform nexus thinking and practice. These mini-case studies will inform us on the interaction between formal and informal institutional arrangement and how these interactions form the basis of a nexus system. © Springer Nature Switzerland AG 2020.",2020,,Adv. Sci. Tech. Inno.,,,63-65,,10.1007/978-3-030-13068-8_15,,#287,Gyawali 2020,"",""
Unravelling the Food-Health Nexus to Build Healthier Food Systems,"Yambi, O.; Rocha, C.; Jacobs, N.","The urgent call to transform global food systems is well founded on the need to reduce the effects of food systems on human health, environment, peoples' rights, and creation of a just society. Unhealthy diets contribute significantly to the global disease burden and pose huge risks to morbidity and mortality. Efforts to transform diets are highly dependent on transformation of the food system. All countries are now affected by the various forms of malnutrition - undernutrition, overweight and obesity, micronutrient deficiencies - with progress often too slow and in some cases going into reverse. Concomitantly, the number of food insecure is increasing, and the prevalence of non-communicable disease is high. IPES-Food, in collaboration with the Global Alliance for the Future of Food, undertook a review of the scientific evidence covering a whole range of global health impacts associated with food systems. The review examined how food and farming systems affect human health, explored why the negative impacts are systematically reproduced and why we fail to prioritize them politically, and how we can build healthier food systems for all. Five categories of health impacts were examined: (i) occupational hazards; (ii) environmental contamination; (iii) contaminated, unsafe, and altered foods; (iv) unhealthy dietary patterns, and (v) food insecurity. The study confirmed that food systems affect health through multiple, interconnected pathways, generating severe human and economic costs. It also highlighted how prevailing power relations in the food system help to shape and sometimes obscure our understanding of the impacts. Five leverage points for building healthier food systems are recommended: (i) promotion of food systems thinking; (ii) reasserting scientific integrity and research as a public good; (iii) bringing the alternatives to light; (iv) adopting the precautionary principle, and (v) building integrated food policies under participatory governance. © 2020 S. Karger AG, Basel. Copyright: All rights reserved.",2020,,World Rev. Nutr. Diet.,121,,1-8,,10.1159/000507497,,#290,Yambi 2020,"",""
Food security and land use change under conditions of climate variability: Synthesis and uniting perspectives,"Squires, V.R.; Gaur, M.K.","This concluding chapter is an attempt to provide a synthesis of the multiple issues around food security under conditions of climate variability. It takes account of the various interacting factors that impinge on nutrition, health, security, and well-being of people across the globe. Specific case studies zero-in on problems and consider prospects for improving outcomes (situation betterment) for those involved. The policy framework and the enabling environment receive attention as do the practical ‘grassroots’ measures that have been put in place in Africa, Asia (India, Bangladesh, Indonesia, China) the Middle East and elsewhere. © Springer Nature Switzerland AG 2020.",2020,,Food Security and Land Use Change under Conditions of Climatic Variability: A Multidimensional Perspective,,,331-345,,10.1007/978-3-030-36762-6_17,,#292,Squires 2020,"",""
"Sanctuary in the City? Climate Change and Internally Displaced Persons in Harare, Zimbabwe","Tanyanyiwa, V.I.","Environmental migration is a multi-causal phenomenon occurring both regionally and internationally, yet one in which environmental drivers play a significant and increasingly determinative role. There has always been a fundamental interdependency between migration and the environment, but the reality of climate change adds new complexity to this nexus. Both gradual environmental change and slow- or sudden onset natural disasters influence population migration patterns. Natural disasters may be atmospheric or hydrological in nature, such as tropical storms or floods, with secondary impacts such as landslides. Some of the latter may be exacerbated by climate change. This study sought to explain how climate change has affected the welfare of the internally displaced populations in Mukuvisi Woodlands, Harare, as well as assessed the measures that have been put in place by both local and central government in integrating internally displaced populations. The study used an exploratory design focusing on key consultations and deliberations with different stakeholders. Purposive sampling was used to identify respondents who are known experts in the field. Respondent driven sampling was used initially to identify respondents who in turn provided referrals to a set number of other potentially informative respondents. The approach was used to select 20 respondents. Internal displacement is a significant consequence of global climate change processes of both a rapid and slow-onset nature, but there is a need for better understanding and research of these processes as well as the impacts and scale of displacement related to climate change. The relationship between environmental and climate change and migration is often complicated by the multifaceted associations with other factors, such as population growth, poverty, governance, human security and conflict. The complexities of the migration-environment nexus call for a comprehensive approach in policy, practice and research. © 2020, Springer Nature Switzerland AG.",2020,,Climate Change Manag.,,,659-678,,10.1007/978-3-030-37425-9_33,,#294,Tanyanyiwa 2020,"",""
Towards a low-carbon economy: A nexus-oriented policy coherence analysis in Greece,"Papadopoulou, C.-A.; Papadopoulou, M.P.; Laspidou, C.; Munaretto, S.; Brouwer, F.","The sustainable management of natural resources under climate change conditions is a critical research issue. Among the many approaches emerged in recent times, the so-called 'nexus approach' is gaining traction in academic and policy circles. The nexus approach presupposes the analysis of bio-physical, socio-economic and policy interlinkages among sectors (e.g., water, energy, food) for the identification of integrated solutions and the support of policy decisions. Ultimately, the nexus approach aims to identify synergies and trade-offs among the nexus dimensions. Concerning policy, the nexus approach focuses on policy coherence, i.e., the systematic identification and management of trade-offs and synergies between policies across sectors. This paper investigates the coherence between policies on the water-land-energy-food-climate nexus in Greece. The systematic analysis of policy documents led to the elicitation of nexus-related policy objectives and instruments. Then, the coherence among objectives and between objectives and instruments was assessed using the methodology proposed by Nilsson et al. A stakeholder (trans-disciplinary) orientation was adopted and the need to incorporate stakeholders' recommendations as to policy coherence assessment was highlighted. Overall, the findings revealed that climate and food/agricultural policies represent critical future priorities in Greece by stimulating progress in other nexus-related policies (energy, water, land policies) and being positively influenced by them. © 2020 by the authors.",2020,,Sustainability,12,1,,,10.3390/SU12010373,,#296,Papadopoulou 2020,"Aliny Pires (2023-03-20 18:54:11)(Screen): It seems to provide a good example of nexus approach in Greece, suggesting that some dimensions can be more ""transformative"" than others...; ",""
Water insecurity and urban poverty in the Global South: Implications for health and human biology,"Adams, E.A.; Stoler, J.; Adams, Y.","Objectives: Over half of the world's population (4 billion people) experience severe water scarcity at least one month per year, while half a billion people experience severe water scarcity throughout the year. Despite progress from national and global interventions, a staggering proportion of the Global South remains water insecure. Rapid urban growth and associated demographic changes, climate change, and governance failure have also fostered the growth and expansion of urban informal settlements and slums where widespread poverty and environmental hazards exacerbate the impact of water insecurity on health. This article reflects on the interactions between water insecurity and urban poverty in the Global South across four categories of health outcomes: gastrointestinal diseases, mosquito-borne diseases, injuries, and mental illness. These examples highlight the mechanisms through which urban poverty exacerbates the adverse health effects of water insecurity. Methods: The four selected health outcomes were chosen a priori to represent two communicable conditions with well-developed literatures, and two noncommunicable conditions with newer literatures that have emerged over the last decade. We conducted a narrative literature review of scholarly and gray literature appearing between January 2000 and April 2019 using several online scholarly databases. Results: Gastrointestinal diseases, mosquito-borne diseases, injuries, and mental illness all exemplified the relationship between water insecurity and urban poverty through human biological pathways. For each of the four health categories, we identified frontiers for human biology research contributions to the water-poverty-health nexus. Conclusions: We discuss our findings in the context of three crosscutting themes that merit innovative research approaches: stressor interactions and trade-offs, exposure thresholds, and intervention efficacy. We reiterate that the global burden of disease associated with water insecurity cannot be addressed in isolation from efforts to alleviate extreme poverty. © 2019 Wiley Periodicals, Inc.",2020,,Am. J. Human Biol.,32,1,,,10.1002/ajhb.23368,,#300,Adams 2020,"",""
Sustainable development and the water-energy-food nexus: Legal challenges and emerging solutions,"Olawuyi, D.","Traditionally water, energy and food (WEF) resources are governed in many countries by separate sets of laws, rules and institutions. However, recent studies have increasingly underlined the WEF nexus approach as a framework for coherent, holistic and integrated implementation of the Sustainable Development Goals (SDGs) to address fragmentations and ensure cleaner and efficient production methods in each sector. This article examines the legal and governance aspects of integrating and implementing the WEF nexus in practice. Various legal and institutional challenges that arise with a nexus approach, such as incompatibility of WEF nexus aims, limited rule linkages, institutional limitations and resource constraints are examined in order to identify the ways in which an integrative legal framework on WEF can help close these gaps. The study suggests that enhanced levels of legislation and rule linkage; elaboration of common and shared principles by institutional actors in WEF domains; as well knowledge, expertise and information sharing on WEF-related decision making are significant steps towards advancing systemic and integrated governance of WEF resources. © 2019 Elsevier Ltd",2020,,Environ. Sci. Policy,103,,1-9,,10.1016/j.envsci.2019.10.009,,#301,Olawuyi 2020,"",""
"Strengthen the European collaborative environmental research to meet European policy goals for achieving a sustainable, non-toxic environment","Brack, W.; Ait-Aissa, S.; Backhaus, T.; Birk, S.; Barceló, D.; Burgess, R.; Cousins, I.; Dulio, V.; Escher, B.I.; Focks, A.; van Gils, J.; Ginebreda, A.; Hering, D.; Hewitt, L.M.; Hilscherová, K.; Hollender, J.; Hollert, H.; Köck, M.; Kortenkamp, A.; de Alda, M.L.; Müller, C.; Posthuma, L.; Schüürmann, G.; Schymanski, E.; Segner, H.; Sleeuwaert, F.; Slobodnik, J.; Teodorovic, I.; Umbuzeiro, G.; Voulvoulis, N.; van Wezel, A.; Altenburger, R.","To meet the United Nations (UN) sustainable development goals and the European Union (EU) strategy for a non-toxic environment, water resources and ecosystems management require cost-efficient solutions for prevailing complex contamination and multiple stressor exposures. For the protection of water resources under global change conditions, specific research needs for prediction, monitoring, assessment and abatement of multiple stressors emerge with respect to maintaining human needs, biodiversity, and ecosystem services. Collaborative European research seems an ideal instrument to mobilize the required transdisciplinary scientific support and tackle the large-scale dimension and develop options required for implementation of European policies. Calls for research on minimizing society’s chemical footprints in the water–food–energy–security nexus are required. European research should be complemented with targeted national scientific funding to address specific transformation pathways and support the evaluation, demonstration and implementation of novel approaches on regional scales. The foreseeable pressure developments due to demographic, economic and climate changes require solution-oriented thinking, focusing on the assessment of sustainable abatement options and transformation pathways rather than on status evaluation. Stakeholder involvement is a key success factor in collaborative projects as it allows capturing added value, to address other levels of complexity, and find smarter solutions by synthesizing scientific evidence, integrating governance issues, and addressing transition pathways. This increases the chances of closing the value chain by implementing novel solutions. For the water quality topic, the interacting European collaborative projects SOLUTIONS, MARS and GLOBAQUA and the NORMAN network provide best practice examples for successful applied collaborative research including multi-stakeholder involvement. They provided innovative conceptual, modelling and instrumental options for future monitoring and management of chemical mixtures and multiple stressors in European water resources. Advancement of EU water framework directive-related policies has therefore become an option. © 2019, The Author(s).",2019,,Env. Sci. Eur.,31,1,,,10.1186/s12302-019-0232-y,,#306,Brack 2019,"",""
Water diplomacy and nexus governance in a transboundary context: In the search for complementarities,"Salmoral, G.; Schaap, N.C.E.; Walschebauer, J.; Alhajaj, A.","Growing evidence within nexus research has highlighted the importance for sustainable governance of considering the interdependencies between water, energy, food and the environment, whereas water diplomacy has provided the necessary tools to address water conflicts of a transboundary nature. This paper therefore identifies and evaluates unrealised complementarities between nexus governance and water diplomacy, and discusses the benefits of integrating both for improved transboundary basin management. Two case studies - a wastewater treatment plant within the Jordan's nexus vision and a research project into management of the transboundary Zambezi River Basin - illustrate the identified complementarities and their contribution towards collaborative transboundary natural resources management. On one hand, the consideration of synergies and trade-offs between water, energy and food systems and beyond the river basin scale within nexus governance engages a larger diversity of stakeholders and can help realise more balanced agreements between sectors and hence complement water diplomacy goals. The enriched negotiations arising from a nexus approach can facilitate benefits-sharing in water diplomacy due to the broader exchange of experiences across several natural resources systems. Likewise, international nexus development projects involving a diverse range of sectors and stakeholders can ultimately facilitate peace building through inter-state cooperation and reduce the focus on disputed natural resources. On the other hand, water diplomacy provides tools to address complexity and capture political contexts that overcome the traditional technical and ‘most-rational-solution’ methods. With the application of joint fact finding, value creation and collaborative adaptive management, the added value includes the generation of a shared understanding that embeds politics in decision-making and promotes mutual gains. Further collaboration and on-the-ground experiences between researchers, policy makers and the private sector are needed, to acknowledge and act upon the complementarities of nexus governance and water diplomacy, with the final outcome of promoting cooperation in the management of transboundary resources. © 2019 The Authors",2019,,Sci. Total Environ.,690,,85-96,,10.1016/j.scitotenv.2019.06.513,,#313,Salmoral 2019,Aliny Pires (2023-03-20 18:36:02)(Screen): It can be interesting to give us a good example of water as an entry point to the nexus approach.; ,""
Synergies within the water-energy-food nexus to support the integrated urban resources governance,"Li, G.; Wang, Y.; Li, Y.","Rapid urbanization poses great challenges to water-energy-food nexus (WEF-Nexus) system, calling for integrative resources governance to improve the synergies between subsystems that constitute the Nexus. This paper explores the synergies within the WEF-Nexus in Shenzhen city while using the synergetic model. We first identify the order parameters and their causal paths in three subsystems and set several eigenvectors under each parameter. Secondly, a synergetic model is developed to calculate the synergy degree among parameters, and the synergetic networks are then further constructed. Centrality analysis on the synergetic networks reveals that the centralities of food subsystem perform the highest level while the water subsystem at the lowest level. Finally, we put forward some policy implications for cross-sectoral resources governance by embedding the synergy degree into causal paths. The results show that the synergies of the Nexus system in Shenzhen can be maximized by stabilizing water supply, coordinating the energy imports and exports, and reducing the crops sown areas. © 2019 by the authors.",2019,,Water,11,11,,,10.3390/w11112365,,#315,Li 2019,"",""
Controversial Connections: The water-energy-food nexus in the Blue Nile basin of Ethiopia,"Müller-Mahn, D.; Gebreyes, M.","The article takes hydro-development schemes in the Upper Blue Nile Basin of Ethiopia as an example to discuss the suitability and shortcomings of nexus approaches for the analysis of complex socio-ecological transformations. Based on critical theoretical debates and extensive field research in Ethiopia, the paper broadens the nexus perspective by integrating the three analytical dimensions of time, space, and power. The empirical material comes from a case study of the Fincha-Amerti-Neshe scheme that was implemented in three consecutive stages over almost half a century, combining dams, hydro-power plants, large-scale sugar cane plantations, and a factory for sugar production. The empirical findings follow the historical stages of the scheme and their physical outcomes, which affected much more than just water, energy, and food. The paper explores socio-ecological transformations along the analytical dimensions of time, scale, and power. First, it views time and temporality as essential aspects of change and calls for a more systematic recognition of the historical context out of which development trajectories and current nexus situations have emerged. Second, it takes a cross-scalar perspective to explain how local land use is influenced by regional and global drivers. And third, it emphasizes the importance of asymmetric power structures to explain the dynamics of hydro-developments and their social consequences. In conclusion, the paper calls for a ""nexus-plus"" perspective that is more sensitive to the historical and cross-scalar embeddedness of hydro-development, and which enables more inclusive and fair governance of scarce resources. © 2019 by the authors.",2019,,Land,8,9,,,10.3390/land8090135,,#327,Müller-Mahn 2019,"",""
Prominent Influence of Socioeconomic and Governance Factors on the Food-Energy-Water Nexus in sub-Saharan Africa,"Ding, K.J.; Gunda, T.; Hornberger, G.M.","Food, energy, and water (FEW) are primary resources required for human populations and ecosystems. Availability of the raw resources is essential, but equally important are the services that deliver resources to human populations, such as adequate access to safe drinking water, electricity, and sufficient food. Any failures in either resource availability or FEW resources-related services will have an impact on human health. The ability of countries to intervene and overcome the challenges in the FEW domain depends on governance, education, and economic capacities. We distinguish between FEW resources, FEW services, and FEW health outcomes to develop an analysis framework for evaluating interrelationships among these critical resources. The framework is applied using a data-driven approach for sub-Saharan African countries, a region with notable FEW insecurity challenges. The data-driven approach using a cross-validated stepwise regression analysis indicates that limited governance and socioeconomic capacity in sub-Saharan African countries, rather than lack of the primary resources, more significantly impact access to FEW services and associated health outcomes. The proposed framework helps develop a cohesive approach for evaluating FEW metrics and could be applied to other regions of the world to continue improving our understanding of the FEW nexus. © 2019. The Authors.",2019,,Earth's Futur.,7,9,1071-1087,,10.1029/2019EF001184,,#328,Ding 2019,"",""
Small-scale irrigation scheme governance - poverty nexus: evidence from Ethiopia,"Adela, F.A.; Aurbacher, J.; Abebe, G.K.","Irrigated agriculture has been popularized as a key factor to improve crop yields and enhance food security in Africa. However, empirical findings are mixed. This study analyzes determinants of small-scale irrigation adoption and the impact this may have on food security in Ethiopia, where agricultural land is extremely fragmented and densely populated. Data were collected from 240 farmers, and the findings from the survey were triangulated with focus group discussions and key informant interviews. First, the Foster-Greer-Thorbecke indices indicated high poverty levels among farmers without access to irrigation. Second, accounting for a self-selection bias by using the endogenous switching regression (ESR) model, scheme governance, perceived water scarcity, and access to information were found to have significant effects on the adoption of irrigation schemes. Model estimates further indicated that access to small-scale irrigation resulted in better living conditions for both current users and non-users when compared to their counterfactual situations. Farm income of the user households would decrease by 42% (birr 151,419 or US$ 5,500 per ha) had they not used irrigation. Similarly, farm income of the non-users would increase by 149% had they used irrigation. Per adult equivalent consumption expenditure has also shown a decrease of 35% for irrigation users and an increase of 40% for non-users compared to their respective counterfactual situations. We conclude that much of the perceived water scarcity level is attributed to existing governance regimes more than the physical scarcity of water. The study draws several implications for household food security and local-based water use policies. © 2019, International Society for Plant Pathology and Springer Nature B.V.",2019,,Food Secur.,11,4,897-913,,10.1007/s12571-019-00953-8,,#334,Adela 2019,"",""
Payment for ecosystem services and the water-energy-food nexus: Securing resource flows for the affluent?,"Rodríguez-de-Francisco, J.C.; Duarte-Abadía, B.; Boelens, R.","Payment for Ecosystem Services (PES) is not only a prominent, globally promoted policy to foster nature conservation, but also increasingly propagated as an innovative and self-sustaining governance instrument to support poverty alleviation and to guarantee water, food, and energy securities. In this paper, we evaluate a PES scheme from a multi-scalar and political-ecology perspective in order to reveal different power dynamics across the Water-Energy-Food (WEF) Nexus perspective. For this purpose, we analyze the PES scheme implemented in the Hidrosogamoso hydropower project in Colombia. The paper shows that actors' strongly divergent economic and political power is determinant in defining how and for whom the Nexus-related water, food, and energy securities are materialized. In this case, the PES scheme and its scalar politics, as fostered by the private/public hydropower alliance, are instrumental to guaranteeing water security for the hydropower scheme, which is a crucial building-block of Colombia's energy security discourse. For this, the water and food securities of the adjacent, less powerful communities are sacrificed. Examining the on-the-ground politics of WEF Nexus is key to understanding their impact on equitable and sustainable governance of water, energy, and food in the everyday lives of millions of resource users. We conclude that politicizing the Nexus can help to trace both the flows of resources and the flows of power. © 2019 by the authors.",2019,,Water,11,6,,,10.3390/w11061143,,#348,Rodríguez-de-Francisco 2019,"",""
"Integrated natural resource management as pathway to poverty reduction: Innovating practices, institutions and policies","van Noordwijk, M.","Poverty has many faces and poverty reduction many pathways in different contexts. Lack of food and income interact with lack of access to water, energy, protection from floods, voice, rights and recognition. Among the pathways by which agricultural research can increase rural prosperity, integrated natural resource management deals with a complex nexus of issues, with tradeoffs among issues that are in various stages of denial, recognition, analysis, innovation, scenario synthesis and creation of platforms for (policy) change. Rather than on a portfolio of externally developed ‘solutions’ ready for adoption and use, the concept of sustainable development may primarily hinge on the strengths and weaknesses of local communities to observe, analyse, innovate, connect, organize collective action and become part of wider coalitions. ‘Boundary work’ supporting such efforts can help resolve issues in a polycentric governance context, especially where incomplete understanding and knowledge prevent potential win-win alternatives to current lose-lose conflicts to emerge. Integrated research-development approaches deal with context (‘theory of place’) and options (‘theory of change’) in multiple ways that vary from selecting sites for studying pre-defined issues to starting from whatever issue deserves prominence in a given location of interest. A knowledge-to-action linkage typology recognizes three situations of increasing complexity. In Type I more knowledge can directly lead to action by a single decision maker; in Type II more knowledge can inform tradeoff decisions, while in Type III negotiation support of multiple knowledge + multiple decision maker settings deals with a higher level of complexity. Current impact quantification can deal with the first, is challenged in the second and inadequate in the third case, dealing with complex social-ecological systems. Impact-oriented funding may focus on Type I and miss the opportunities for the larger ultimate impact of Type II and III involvements. © 2017 The Author",2019,,Agric. Syst.,172,,60-71,,10.1016/j.agsy.2017.10.008,,#352,vanNoordwijk 2019,"",""
"Network governance and the Urban Nexus of water, energy, and food: Lessons from Amsterdam","Covarrubias, M.; Spaargaren, G.; Boas, I.","Background: Silo-thinking stands for one-dimensional and sectorial policy and decision-making in which natural resources managers do not reflect on interrelations between different sectors involved in the management of resources. Nexus-thinking stands out as a way of breaking down silos by identifying and understanding the interconnectedness of multiple resource flows within a determined spatial and temporal context, as in our case study of the flows of water, energy, and food (WEF) in the city of Amsterdam. To further the conceptualization and analysis of the Urban Nexus, this research introduces the theoretical perspective of networks and flows as developed in sociology by Manuel Castells. It offers a set of concepts to analyze how networks of WEF integrate or fail to do so, what the main actors are in connecting and configuring WEF networks, and how they interact. Method: We analyze how the structure and function and power dynamics of networks play out in the WEF Nexus. We use the city of Amsterdam as a case study because this city offers examples of how networks of provisioning are being integrated in innovate ways. Results: Amsterdam managed to realize a certain level of nexus dynamics in its existing WEF networks. The nexus in Amsterdam so far has materialized at a start-up or experimental level which proved feasible for trying out innovative approaches towards sustainability in interconnected flows of WEF. Conclusions: However, the studied projects still have to find their way in terms of becoming more prevailing modes for organizing water, energy, and food provisioning in the future. © 2019 The Author(s).",2019,,Energy Sustainability Soc.,9,1,,,10.1186/s13705-019-0196-1,,#353,Covarrubias 2019,"",""
Learning from integrated management approaches to implement the Nexus,"Roidt, M.; Avellán, T.","In the 1990s, the emergence of Integrated Management Approaches to water, land and waste established a widely accepted understanding on integration of environmental systems. Nexus Approaches try to often build on these. This paper assesses i) the intended goals and features of three Integrated Management Approaches (Integrated Natural Resources Management - INRM, Integrated Water Resources Management - IWRM and Integrated Solid Waste Management - ISWM) and two Nexus Approaches (Water-Energy-Food (WEF) Nexus and Water-Soil-Waste (WSW) Nexus), and ii) how target systems and their integration are viewed in each of the Integrated Management Approaches. From this we assess commonalities and some lessons-learned for the Nexus. The method is based on a systematic literature review and a document analysis. From 1652 articles 52 peer reviewed papers were analysed. The results show that in terms of goals the Nexus Approaches are very similar to Integrated Management Approaches with the addition of clearly wanting to address governance and policy aspects e.g. in the WEF Nexus. Nexus Approaches try to move away from a single-resource centric view (e.g. WSW Nexus) and intend to go beyond resources towards sectors (e.g. WEF Nexus). It cannot be confirmed, that integration is clearly addressed in the analysed Integrated Management Approaches and what integration means is hardly defined. To provide some clarity for Nexus Approaches we propose a concept to describe integration by using “categories of integration” and the term “aspect” which includes systems, subsystems and other aspects alike. © 2019 Elsevier Ltd",2019,,J. Environ. Manage.,237,,609-616,,10.1016/j.jenvman.2019.02.106,,#354,Roidt 2019,"",""
"Cleaning the air, protecting the climate: Policy, legal and institutional nexus to reduce black carbon emissions in China","Yamineva, Y.; Liu, Z.","There are significant co-benefits to reducing black carbon emissions for air quality, human health and the climate; yet the pollutant has not yet received sufficient policy attention in China. Overall, realizing co-benefits is complicated by the fact that climate and air quality policy goals have been pursued separately from each other. In this article, we explore the current policy and legal status of black carbon emissions across the domains of air pollution prevention and control, and climate change with a view to identify synergies and opportunities for an integrated approach. We suggest three ways to strengthen the policy, legal and institutional nexus of air pollution and climate change to reduce black carbon emissions in China: improving scientific knowledge and the science-policy interface, increasing policy and legal connections between air quality and climate portfolios, and enhancing institutional linkages. For instance, we argue that more interdisciplinary cooperation and improvements to the black carbon inventory as well as a closer science-policy relationship are necessary. From a legal and policy angle, we identify clear openings through which to integrate reduction of black carbon emissions into the air pollution prevention and control agenda. Institutionally, the recent government reform brings air quality and climate portfolios under the supervision of the same ministry but their integration is still to be ensured. In addition, vertical linkages between different levels of environmental governance – central, provincial and municipal – need to be addressed. © 2019 The Authors",2019,,Environ. Sci. Policy,95,,1-10,,10.1016/j.envsci.2019.01.016,,#356,Yamineva 2019,"",""
System complexity and policy integration challenges: The Brazilian Energy- Water-Food Nexus,"Mercure, J.-F.; Paim, M.A.; Bocquillon, P.; Lindner, S.; Salas, P.; Martinelli, P.; Berchin, I.I.; de Andrade Guerra, J.B.S.O.; Derani, C.; de Albuquerque Junior, C.L.; Ribeiro, J.M.P.; Knobloch, F.; Pollitt, H.; Edwards, N.R.; Holden, P.B.; Foley, A.; Schaphoff, S.; Faraco, R.A.; Vinuales, J.E.","The Energy-Water-Food Nexus is one of the most complex sustainability challenges faced by the world. This is particularly true in Brazil, where insufficiently understood interactions within the Nexus are contributing to large-scale deforestation and land-use change, water and energy scarcity, and increased vulnerability to climate change. The reason is a combination of global environmental change and global economic change, putting unprecedented pressures on the Brazilian environment and ecosystems. In this paper, we identify and discuss the main Nexus challenges faced by Brazil across sectors (e.g. energy, agriculture, water) and scales (e.g. federal, state, municipal). We use four case studies to explore all nodes of the Nexus. For each, we analyse data from economic and biophysical modelling sources in combination with an overview of the legislative and policy landscape, in order to identify governance shortcomings in the context of growing challenges. We analyse the complex interdependence of developments at the global and local (Brazilian) levels, highlighting the impact of global environmental and economic change on Brazil and, conversely, that of developments in Brazil for other countries and the world. We conclude that there is a need to adjust the scientific approach to these challenges as an enabling condition for stronger science-policy bridges for sustainability policy-making. © 2019 The Author(s)",2019,,Renewable Sustainable Energy Rev,105,,230-243,,10.1016/j.rser.2019.01.045,,#357,Mercure 2019,"Aliny Pires (2023-03-20 18:18:58)(Screen): Very interesting to have a deeper look at the main text because it can provide a good case study of Brazil, and it can discuss some response options related to knowledge/science.; ",""
Risk Inequality and the Food-Energy-Water (FEW) Nexus: A Study of 43 City Adaptation Plans,"Romero-Lankao, P.; Gnatz, D.","Goals aimed at adapting to climate change in sustainable and just ways are embedded in global agreements such as the Sustainable Development Goals and the New Urban Agenda. However, largely unexamined, are the ways that narrative understandings conveyed in adaptation plans consider and attempt to address inequality in climate risk to urban populations and FEW-systems. In this paper, we examine whether and how adaptation plans from C40 member cities address inequality in risk, by planning actions to reduce hazard exposure or tackling the drivers of social vulnerability. C40 is a network of 94 of the world's cities fostering policies to address climate change. We apply a mixed methods approach, including a discourse analysis and meta-analysis of adaptation plans. The discourse analysis helps to unpack framings of urban equity issues as they relate to policy actions, and the meta-analysis seeks to quantitatively investigate patterns of framing and policy across adaptation plans. Our findings suggest that FEW-nexus thinking is not yet embedded in narrative understandings of risk and planned adaptation actions, within the adaptation plans we studied. In the city adaptation plans we analyzed, we found multiple frames coexisting behind the broader adaptation visions (e.g., risk and resilience). Rather than converging, issues, and principles such as those of equality, coexist with economic issues in an imbalance of incongruent political movements and priorities. Techno-infrastructural and economic investments and concerns tend to take precedence over concerns and interests for inequality in climate risks. We discuss some of the institutional factors explaining this. Knowledge integration, for instance, is constrained by the existence of a plurality of sectors, levels of government, power, values, and ways of understanding and managing climate risk. We also suggest that the relatively low importance of equality considerations in the adaptation plans will likely limit the capacity of cities to support broader goals such as those of the New Urban Agenda and the Sustainable Development Goals. © Copyright © 2019 Romero-Lankao and Gnatz.",2019,,Front. sociol.,4,,,,10.3389/fsoc.2019.00031,,#358,Romero-Lankao 2019,"",""
Power dynamics and integration in the water-energy-food nexus: Learning lessons for transdisciplinary research in Cambodia,"Bréthaut, C.; Gallagher, L.; Dalton, J.; Allouche, J.","For nexus approaches to be successful in their analysis and influence, integration dynamics must be understood in the context of larger power dynamics. Current analysis barely take this dimension into account. In this article, we aim to delimit and understand the power-related enabling conditions for integration processes in a situation of water, food and energy conflicts in Cambodia. To do so, we reflect on our experiences and outcomes in a knowledge co-production approach for identifying nexus indicators in a WWF Conservation Mekong Flooded Forest Landscape. We conduct an analysis of stakeholder and partner qualitative interview data collected within the LIVES (Linked Indicators for Vital Ecosystem Services) project to explore three examples how we engaged with power dynamics in the course of the research. By doing so, this article provides first (1) learning on existing challenges regarding integration in the nexus, then (2) it analyses effects of coproduction processes when considering power dynamics in the nexus both in terms of stalemate and enabling conditions for reinforced integration. Finally (3), this article analyses the role that plays structure and agency in such integration processes. © 2019 Elsevier Ltd",2019,,Environ. Sci. Policy,94,,153-162,,10.1016/j.envsci.2019.01.010,,#361,Bréthaut 2019,Jonathan Rhodes (2023-05-02 15:13:13)(Screen): Assesses cross cutting issues - power dynamics; ,""
The biodiversity of food and agriculture (Agrobiodiversity) in the anthropocene: Research advances and conceptual framework,"Zimmerer, K.S.; de Haan, S.; Jones, A.D.; Creed-Kanashiro, H.; Tello, M.; Carrasco, M.; Meza, K.; Plasencia Amaya, F.; Cruz-Garcia, G.S.; Tubbeh, R.; Jiménez Olivencia, Y.","Multiple knowledge systems are crucial to understand human-environment interactions of the biodiversity of agriculture and food systems (agrobiodiversity). This article synthesizes these knowledge systems to formulate the novel Agrobiodiversity Knowledge Framework comprised of four themes: (1) ecology and evolution; (2) governance; (3) food, nutrition, and health; and (4) global environmental and socioeconomic changes. Resulting characterization of these knowledge themes, joined with cross-theme integration, demonstrate advances of agrobiodiversity research, management, and policy amid the accelerated global environmental and socioeconomic transformations of the Anthropocene. Framework results guide the presentation of new data from the Agrobiodiversity, Food, and Nutrition project (AFN) in Peru. These results integrate an emphasis on factors of global change, including climate change. The combination of the new knowledge framework and project results is utilized to point toward future directions for research, policy, and management. The Agrobiodiversity Knowledge Framework is essential to address the transformative planetary challenges of the Anthropocene that include sustainable development with nutritional security, biodiversity conservation, social justice, climate change, and nutrient pollution. Strengthening the focus on and analysis of the complex human-environment interactions of biodiversity in agriculture and food is vital as a nexus of science, scholarship, management, and policy in the era of Earth systems dominated by human activity. © 2019 Elsevier Ltd",2019,,Anthropocene,25,,,,10.1016/j.ancene.2019.100192,,#366,Zimmerer 2019,"",""
Developing interpretive structural modeling based on factor analysis for the water-energy-food nexus conundrum,"Li, G.; Huang, D.; Sun, C.; Li, Y.","Factor identification and analysis are effective ways to explain and quantify complex relationships in the water-energy-food nexus (WEF-nexus). It has been acknowledged that factors in the WEF-nexus vary by time, level and location, but the hierarchy between factors has been largely ignored. Taking advantage of the interpretive structural modeling (ISM) method, this paper presents an identification and analysis on the interwoven factors in an urban WEF-nexus in Beijing. As a result, 87 representative factors have been identified and classified, with a hierarchy structure established by ISM. Based on the relative importance of given factors, factor hierarchy structure shows that the energy system in the core nexus is the essential system and is critical to promoting the WEF-nexus in Beijing; factors from peripheral nexuses – such as population and vehicle volume – also have a significant influence on nexus governance. Furthermore, integrated policies from subsystems within the core nexus or between the core and peripheral nexuses are critical to secure WEF in Beijing. Factor analysis suggests that the portrayed nexus structure could provide valuable references for further quantification and decision making. © 2018 Elsevier B.V.",2019,,Sci. Total Environ.,651,,309-322,,10.1016/j.scitotenv.2018.09.188,,#371,Li 2019,"",""
Exploring sustainable land use in forested tropical social-ecological systems: A case-study in the Wet Tropics,"Gonzalez-Redin, J.; Gordon, I.J.; Hill, R.; Polhill, J.G.; Dawson, T.P.","Tropical countries lie at the nexus of three pressing issues for global sustainability: agricultural production, climate change mitigation and biodiversity conservation. The forces that drive forest protection do not necessarily oppose those that drive forest clearance for development. This decoupling, enhanced by the stronger economic forces compared to conservation, is detrimental for the social-ecological sustainability of forested tropical landscapes. This paper presents an integrated, and spatially-explicit, Agent-Based Model that examines the future impacts of land-use change scenarios on the sustainability of the Wet Tropics region of tropical Queensland, Australia. In particular, the model integrates Bayesian Belief Networks, Geographical Information Systems, empirical data and expert knowledge, under a land-sharing/land-sparing analysis, to study the impact of different landscape configurations on trade-offs and synergies among biodiversity and two ecosystem services (sugarcane production and carbon sequestration). Contrary to most tropical regions, model simulations show that Business As Usual is helping to reconcile these contrasting goals in the forested landscape of the Wet Tropics. The paper analyses which combination of governance and socio-economic factors is causing these positive results. This is an outstanding achievement for a tropical region, considering that most tropical areas are characterized for having stronger economic-land clearing forces compared to conservation forces, which reduce important ecosystem services for human wellbeing and the health of ecosystems. © 2018 Elsevier Ltd",2019,,J. Environ. Manage.,231,,940-952,,10.1016/j.jenvman.2018.10.079,,#377,Gonzalez-Redin 2019,"",""
Governance of the water-energy-food security nexus: A multi-level coordination challenge,"Pahl-Wostl, C.","The Water-Energy-Food (WEF) nexus is increasingly perceived as promising approach to overcome governance failures in dealing with complex and interconnected resource management challenges. Are such expectations warranted and what is required to mobilize the transformative potential inherent in this approach? The paper addresses these questions and argues in favour of developing a nexus paradigm which guides processes of purposeful design and of self-organization of nexus governance systems. Such a paradigm could be anchored in addressing water, energy and food security from a nexus perspective if such a security concept is appropriately defined and operationalized. To develop the argument, governance challenges arising from the different logics of the concepts of water, energy and food security are addressed with a definition for WEF security from a nexus perspective. An analytical framework using a network and ecosystem services perspective is introduced. The power of the approach introduced is illustrated for a typical case to identify coordination failures and persistent sustainability problems but as well leverage points for transformative change. The paper concludes by elaborating on the transformative potential of the SDGs and on the role of a WEF nexus approach in realizing such a potential. © 2017 Elsevier Ltd",2019,,Environ. Sci. Policy,92,,356-367,,10.1016/j.envsci.2017.07.017,,#378,Pahl-Wostl 2019,Jonathan Rhodes (2023-05-01 08:09:54)(Screen): Useful information on nexus governance challenges; ,""
The Water-Energy-Food Nexus,"Andrews-Speed, P.; Zhang, S.","Energy interacts with other resources and factors, often with negative consequences in the form of either resource waste or environmental damage. In other words, clean energy is not just about energy itself but also about the interactions of the energy supply chain with other resources. This chapter sets energy in the wider context of the resource nexus, especially the water-energy-food (WEF) nexus. It examines two specific challenges relating to the WEF nexus in China: the water-energy nexus, looking at water use for energy and energy use for water, and the role of synthetic nitrogenous fertiliser in the WEF nexus. Constraints to improved governance of the nexus include poor coordination, weak incentives, the role of pricing and subsidies, and the nature of property rights. © 2019, The Author(s).",2019,,Palgrave. Ser. Asia. Pac. Stud.,,,215-243,,10.1007/978-981-13-3492-4_9,,#382,Andrews-Speed 2019,"",""
International law and marine ecosystem governance: The climate change nexus,"Phillips, F.-K.; Koutouki, K.",,2019,,Climate Change and Ocean Gov.: Politics and Policy for Threatened Seas,,,307-324,,10.1017/9781108502238.019,,#385,Phillips 2019,"",""
Relational equity management in water-energy-food nexus governance the case of the aral sea basin restoration programmes,"Tankibayeva, A.; Adibayeva, A.","This chapter investigates the water-energy-food nexus governance in the Aral Sea – a saline lake in Central Asia on the border of two independent states – Kazakhstan and Uzbekistan. Over a few decades, beginning in the 1970s, the sea’s continued desiccation has led to soil salinisation resulting in desertification of the sea basin, salt storms and loss of biodiversity, as well as to significant deterioration of the socio-economic situation in the Aral Sea region. The chapter identifies the priority areas for the Aral Sea Basin Programmes aimed at improving the situation with water and its uses, agriculture and energy generation and consumption. It analyses the projects involving local, regional, national and international bodies, as well as private and public entities, and delineates how the water, food and energy interdependencies in the Aral Sea Basin have negatively affected livelihoods in the local area. The chapter further shows progression in the application of relational equity to the nexus governance in the Aral Sea area during the implementation of three programmes. It argues that relational equity management sets a framework that permits better and faster achievement of the nexus governance goals. © 2020 selection and editorial matter, Anastasia Koulouri and Nikolai Mouraviev; individual chapters, the contributors.",2019,,Policy and Gov. in the Water-Energy-Food Nexus: A Relational Equity Approach,,,95-119,,10.4324/9780429427718-7,,#394,Tankibayeva 2019,Helena Alves do Prado (2023-10-29 10:15:25)(Included): I cannot access this document. Download is pending; Jonathan Rhodes (2023-05-02 09:25:53)(Screen): Cross cutting issues addressed - equity; ,""
"Integrated irrigation and agriculture planning in punjab: Toward a multiscale, multisector framework","Shahid, A.; Siddiqi, A.; Wescoat, J.L., Jr.","Faced with rapid resource depletion, degradation, and shortages in the Indus River Basin in Punjab, Pakistan, the provincial government of Punjab identified “integrated water resources management” as the guiding paradigm for achieving efficient, equitable, and environmentally sustainable use of natural resources in the province. However, no clear roadmap for how multisectoral, “integrated” resource management and governance can be operationalized exists. The larger challenge involves growing municipal, industrial, and environmental demands for water, the rapidly growing need for food in the populous province, and the expanding requirements for energy. This chapter focuses on the most obvious but elusive challenge of integrating irrigation and agriculture in Punjab and explores the essential nexus of water and food. It uses a combination of historical, institutional, and statistical analyses to investigate how integrated food and water planning can be achieved in Punjab. The historical analysis traces how the idea of integration in irrigated agriculture evolved in Pakistan’s colonial history and within the province of Punjab after independence. It reveals that both the Irrigation Department and the Agriculture Department have highlighted the need for vertical and horizontal integration within and between the departments throughout their existence. The institutional analysis explores how planning is currently done within and across the provincial departments of agriculture and irrigation. Finally, the chapter briefly demonstrates the statistical challenges of and opportunities for integrating irrigation and agricultural data, which are recorded in different spatial units but which can still have a measure of integration in integrated farm-level data analysis. Finally, this chapter uses the idea of boundary spanning to strengthen the meso-scale capacity for integrated irrigation agriculture planning in Punjab. © 2019 Elsevier Inc. All rights reserved.",2019,,Indus River Basin: Water Security and Sustainability,,,389-415,,10.1016/B978-0-12-812782-7.00018-7,,#400,Shahid 2019,"",""
Assessing Action Situation Networks: A Configurational Perspective on Water and Energy Governance in Irrigation Systems,"Kimmich, C.; Tomas, S.V.","The action situation is a core component of actor-centered institutional analysis of natural resource governance. Institutional analysis frameworks have been extended to observe multiple situations structured into networks. If further operationalized, this extension can improve policy diagnosis of human-environmental interactions. This paper proposes two complementary ways to move in that direction. First, we propose the use of qualitative configurational analysis and game theory to study the interactions between situations and assess the contribution of each to a desired outcome. Second, we draw on centrality measures to assess the benefits and risks of implementing policies that aim to change the equilibria in action situations. Both analytical strategies are applied to two cases involving irrigation and energy governance. In the Spanish case, centrality of the water allocation situation justifies a configuration of drought measures that also tackle cooperation in monitoring and infrastructure maintenance. In the Indian case, groundwater governance and adequate infrastructure capacity provision are necessary preconditions to enable coordinated technology adoption, which facilitates incentives for regulated irrigation. In both the cases, some action situations' positive outcomes are necessary in every configuration to guarantee optimal equilibria in the network. In the context of energy-fed irrigation systems, the proposed analytical strategies permit integrating interactions between water use, energy use and food production decisions in policy diagnoses. The analysis can be extended to identify archetypes, network closure, as well as structural and functional connectivity of networks in social-ecological systems. © 2019 World Scientific Publishing Company.",2019,,Water Econ. Policy,5,1,,,10.1142/S2382624X18500054,,#403,Kimmich 2019,"",""
The development of the water-energy-food nexus as a framework for achieving resource security: A review,"Simpson, G.B.; Jewitt, G.P.W.","This paper presents a study of the evolution of the water-energy-food (WEF) nexus since its rise to prominence in policy and development discourses in 2011. Drawing from an extensive review of published literature, the paper presents various interpretations of the concept while also considering the novelty of the WEF nexus. The challenge of integrating and optimising the components of this multi-centric nexus is examined, with four case studies being presented. Various criticisms levelled at the WEF nexus, such as the neglect of livelihoods and the environment in assessments, are noted, together with governance considerations associated with this framework. Finally, the potential of the WEF nexus to contribute to the achievement of the Sustainable Development Goals is reviewed. © 2019 Simpson and Jewitt.",2019,,Front. Environ. Sci.,7,FEB,,,10.3389/fenvs.2019.00008,,#409,Simpson 2019,"Aliny Pires (2023-03-20 20:36:29)(Screen): Relation with the 2030 Agenda, it could be interesting!; ",""
Ecosystem services and multifunctional agriculture: Unravelling informal stakeholders' perceptions and water governance in three European irrigation systems,"Ricart, S.; Kirk, N.; Ribas, A.","Multifunctional agriculture (MFA) and ecosystem services (ES) are two important concepts in the ongoing debate on sustainable resource use. The aim of the paper is to test the ES and MFA nexus by analyzing the perception and predefined attitudes of key stakeholders in three Southern European irrigation systems. Data were collected through semistructured interviews, and the interview transcripts were codified using the Atlas.ti © qualitative analysis software. Our results illustrate that perceptions of ES go beyond those included in literature, and this provides valuable information about how key stakeholders interact with the environment in MFA systems. Second, most key stakeholders claim to be moving from anthropocentric agriculture to ecocentric rural development in order to ensure the sustainability of agricultural activity and to preserve common pool resources. Finally, the results show that bottom-up tools could identify the nexus between ES and MFA. Given our results, we provide a series of recommendations to managers be able to (a) improve comprehension of environmental services and functions, (b) enhance water user experiences and interests, and (c) encourage pro-environmental attitudes and behaviors in farmers. The paper also provides the research community with a codifying process they can use to define and improve informal and indirect references to MFA and ES standards. © 2018 John Wiley & Sons, Ltd and ERP Environment",2019,,Environ. Policy Gov.,29,1,23-34,,10.1002/eet.1831,,#416,Ricart 2019,"",""
Governing the water-energy-food nexus related to hydropower on shared rivers-the role of regional organizations,"Dombrowsky, I.; Hensengerth, O.","An evolving literature on the Water-Energy-Food (WEF) nexus argues that there is a need to better understand the conditions under which nexus coordination may occur. A case in point are hydropower investments on shared rivers which might impact the provision of energy, water and food security across borders. In international basins, governing the WEF nexus impacts of hydropower relies on voluntary negotiations between the respective countries involved. It has been argued that such negotiations may be facilitated by regional organizations, such as international river basin organizations (IRBOs), but this claim has hardly been investigated systematically. Drawing on regime theory in international relations and the literature on benefit sharing, this paper asks what role regional organizations may play in governing hydropower-related WEF nexus impacts. It compares three cases of hydropower planning on shared rivers. The Rusumo Falls and the Ruzizi III hydropower projects (HPPs) are joint investments in Africa's Great Lakes region facilitated by an IRBO and a regional energy organization, respectively. On the Mekong, Laos is constructing the Xayaburi dam despite reservations by the Mekong River Commission and downstream riparians. The paper finds IRBOs and regional energy organizations may play a role in facilitating cross-border nexus governance by supporting benefit-sharing arrangements and by fostering the application of environmental and social safeguards and international law principles. However, it also shows that the influence of regional organizations varies, and how successfully they support nexus governance also depends on whether the HPP is planned unilaterally or jointly; the availability and consensus on data on nexus impacts; and the presence or absence of donors and private sector capital and investors. © 2018 Dombrowsky and Hensengerth.",2018,,Front. Environ. Sci.,6,DEC,,,10.3389/fenvs.2018.00153,,#418,Dombrowsky 2018,"",""
"Analysis of the nexus between population, water resources and Global Food Security highlights significance of governance and research investments and policy priorities","Yunusa, I.A.M.; Zerihun, A.; Gibberd, M.R.","BACKGROUND: Analyses of sensitivity of Global Food Security (FS) score to a key set of supply or demand factors often suggest population and water supply as being the most critical and on which policies tend to focus. To explore other policy options, we characterized the nexus between GFS and a set of supply or demand factors including population, agricultural and industrial water uses, agricultural publications (as a surrogate for investment in agricultural research and development (R&D)) and corruption perception index (CPI), to reveal opportunities for attaining enduring GFS. RESULTS: We found that despite being the primary driver of demand for food, population showed no significant correlation with FS scores. Similarly, agricultural water use was poorly correlated with GFS scores, except in countries where evaporation exceeds precipitation and irrigation is significant. However, FS had a strong positive association with industrial water use as a surrogate for overall industrialization. Recent expansions in cultivated land area failed to yield concomitant improvements in FS score since such expansions have been mostly into marginal lands with low productivity and thus barely compensated for lands retired from cropping in several developed economies. However, FS was positively associated with agricultural R&D investments, as it was with the CPI scores. The apparent and relative strengths of these drivers on FS outcome amongst countries were in the order: industrial water-use ≈ publication rate ≈ corruption perception ≫ agricultural water use > population. CONCLUSIONS: We suggest that to enshrine enduring food security, policies should prioritize (1) increased R&D investments that address farmer needs and (2) governance mechanisms that promote accountability in both research and production value chains. © 2018 Society of Chemical Industry. © 2018 Society of Chemical Industry",2018,,J. Sci. Food Agric.,98,15,5764-5775,,10.1002/jsfa.9126,,#423,Yunusa 2018,"",""
Integrated governance for the food–energy–water nexus – The scope of action for institutional change,"Märker, C.; Venghaus, S.; Hake, J.-F.","Despite a major, policy-driven increase in research on the food–energy–water (FEW) nexus in recent years, research addressing the required changes in policy structures and processes for an effective, integrated governance of FEW nexus resources is still in its infancy. This paper adapts the Institutional Analysis and Development Framework to the requirements and challenges of FEW nexus governance and sets a special focus on action situations, actors, and institutions. The analysis thus contributes to the debate about the practicality and benefits of a comprehensive FEW nexus policy approach. Two different conceptual FEW nexus frameworks are developed, which span the spectrum of possible integration options. The first one describes a holistic integration framework that defines the FEW nexus as a single, fully integrated system. The second one represents vertical policy integration and is largely based on existing structures and a reframing of the present institutional setting. After their theoretical derivation, the two hypothetical frameworks are analyzed with respect to their strengths and weaknesses in governing the FEW nexus using two sample cases of integrated FEW nexus governance in Germany. The results show that effective FEW nexus governance requires a combination of both integration options. © 2018",2018,,Renewable Sustainable Energy Rev,97,,290-300,,10.1016/j.rser.2018.08.020,,#424,Märker 2018,"",""
"Framing and integration in the global forest, agriculture and climate change nexus","Soto Golcher, C.; Visseren-Hamakers, I.J.","This article contributes to the debate on Integrative Governance by studying integration in the global forest–agriculture–climate change nexus. Since the 1990s, the role of the land-use sector, in particular forests and agriculture, has become increasingly prominent in climate change debates due to its vulnerability and its contribution to global greenhouse gas emissions. Addressing agriculture, climate change and forest policies in an integrated way could therefore create important synergies and reduce trade-offs. This article aims to analyse the extent of integration in current global governance in the nexus of agriculture, forests and climate change, and to explain this extent of integration. Based on the analysis of secondary data, participation in key events and semi-structured interviews, this article concludes that efforts to enhance integration have taken different forms for the different pairs of domains (climate change–agriculture, agriculture–forest, forest–climate change) as well as for the nexus of the three. Integration has been mainly enhanced through soft law, programmes and integrative approaches (e.g. landscape approach, climate smart agriculture, agroforestry). The analysis also shows that the extent of integration among the governance systems has differed. Interplay management efforts on forests and climate change have been relatively successful. Agriculture and forest, and agriculture and climate have low and modest levels of integration respectively, except adaptation in agriculture, which enjoys higher integration levels. Differences in integration can be explained by the medium to high degrees of legalization and the (in)compatibility of the dominant frames present in the different governance systems. Furthermore, our results show that integration in a governance system with a high degree of legalisation, and dominated by one regime, as is the case in climate change, presents important challenges. In such cases, integration might have greater potential outside the intergovernmental regime through soft law approaches. © The Author(s) 2018.",2018,,Environ. Plann. C Pol. and Space,36,8,1415-1436,,10.1177/2399654418788566,,#426,SotoGolcher 2018,"",""
Towards a relational understanding of the water-energy-food nexus: an analysis of embeddedness and governance in the Upper Blue Nile region of Ethiopia,"Stein, C.; Pahl-Wostl, C.; Barron, J.","Given the need for transformative changes towards more sustainable, integrated management of water, energy and food systems, the water-energy-food nexus concept seems highly relevant. However, while intuitively compelling, the nexus has also been criticized for abstracting and thereby dis-embedding the collaboration processes through which further integration could be achieved. There is a lack of empirical analysis and context-sensitive understanding, of the opportunities and constraints of, collaboration and cross-sector coordination, as faced by actors governing interconnected water, energy and food systems. In this paper we analyse how actors involved in the governance of water, energy and food systems are embedded in social networks, and discuss how that embeddedness shapes collaboration and coordination processes that are relevant for addressing interconnected sustainability challenges. Drawing on the notion of problemsheds, we delineate an analytical space that captures the interactions between water, energy and food systems and the actors influencing them in the Upper Blue Nile of Ethiopia. Our empirical data suggest that the claim that actors from different sectors are disconnected from each other is overly simplistic. The ways in which actors are embedded in hierarchical structures may help to explain why coordination challenges persist, despite the presence of cross-sectoral linkages among them. © 2018 Elsevier Ltd",2018,,Environ. Sci. Policy,90,,173-182,,10.1016/j.envsci.2018.01.018,,#428,Stein 2018,Aliny Pires (2023-03-20 20:01:57)(Screen): VERY INTERESTING to identify the potential the role of actors in  nexus governance; ,""
Globalization and the water-energy-food nexus – Using the global production networks approach to analyze society-environment relations,"Franz, M.; Schlitz, N.; Schumacher, K.P.","The interrelation of the water-energy-food nexus and processes of globalization has to be understood thoroughly in order to address socio-economic inequalities and environmental change. However, unravelling the complexities of the water-energy-food nexus in the context of globalization poses conceptual and empirical difficulties. Economic globalization, e.g. through transnational trade and foreign direct investment, results in a global conjunction of actors, interests and impacts, strongly affecting patterns of resource extraction and environmental degradation, and local capabilities for its governance. In environmental economic geography, the global value chain and global production networks approaches have proved useful for the analysis of interrelations between governance structures, value, institutional contexts, and modes of resource consumption. In this paper, we discuss the potential of the global production networks approach to analyze society-environment relations in the context of the water-energy-food nexus and processes of globalization. To make our argument, we will use the case of manure and digestate, which results from meat and bioenergy production in the Oldenburger Münsterland, the center of livestock farming in Germany. The region is Germany's best developed agribusiness cluster, which is integrated into a transnational network of animal producers, feedstuff producers and meat processors. And it is also home to many biogas plants and several market leaders in bioenergy technology, strongly related to the livestock husbandry business. The case is an example of the three-way-mutual interactions among food, energy and water. The analysis will combine the perspective of the water-energy-food nexus with the analytical categories of the global production networks approach to provide a nuanced understanding of the socio-environmental implications of the global integration of a regional agri-food production cluster. © 2017 Elsevier Ltd",2018,,Environ. Sci. Policy,90,,201-212,,10.1016/j.envsci.2017.12.004,,#429,Franz 2018,"",""
"Seeing land deals through the lens of the ‘land–water nexus’: the case of biofuel production in Piura, Peru","Tejada, L.; Rist, S.","This contribution examines two large-scale land acquisitions on Peru’s northern coast, using a ‘land–water nexus’ approach. The establishment of large sugarcane monocultures resulted in a massive transfer of land and water rights from smallholders to biofuel companies. Using Ribot and Peluso’s theory of access, we demonstrate that this transfer of rights was enabled by the convergence of neoliberal land and water reforms and the presence of the two investors. This constellation (1) altered smallholders’ bundles of rights; and (2) created sharp imbalances that radically changed access to land and water, not only through changing bundles of rights, but also, and maybe more significantly, through widening the gaps between smallholders’ and biofuel companies’ bundles of powers. Using Hall et al.’s powers of exclusion approach, we identify the processes both underpinning and resulting out of the changing access relations analyzed in this study. Changes to Peru’s water governance may accentuate power asymmetries between investors and smallholders, constraining locals’ access to increasingly scarce water. © 2017, © 2017 Informa UK Limited, trading as Taylor & Francis Group.",2018,,J. Peasant Stud.,45,7,1247-1271,,10.1080/03066150.2016.1259220,,#431,Tejada 2018,"",""
"Interdependencies and Risk to People and Critical Food, Energy, and Water Systems: 2013 Flood, Boulder, Colorado, USA","Romero-Lankao, P.; Norton, R.","This paper examines the interdependencies mediating the cascading negative consequences triggered by the September 2013 flood, in Boulder, Colorado, USA. By illustrating the risks to people and critical food-energy-water systems of a low probability, high-impact event, we draw lessons on what is likely to occur in the future. Other scholars have modeled the influence of interdependent infrastructures on cascading effects. But this is one of the first studies integrating stakeholders' understanding of the influence of interdependent actions, institutions, and infrastructures. These interdependencies create the conditions for vulnerability, which is a product of multiscale and dynamic sociodemographic, economic, technologic, environmental, and governance interactions. Political histories and historical decisions on where and how to design infrastructure exert a deep influence on short- and long-term capacity to manage risk. Boulder's high socio-institutional and learning capacity, while key, is not enough to influence integrative, transformative changes. Contrary to current approaches to nexus thinking, the regimes in which emergency and recovery actions are embedded are dynamically stable, thus imposing a logic for incremental change along established pathways of understanding and action. Our study offers some lessons on the challenges of bringing together diverse sectoral and jurisdictional sectors during and after an extreme event. ©2018. The Authors.",2018,,Earth's Futur.,6,11,1616-1629,,10.1029/2018EF000984,,#432,Romero-Lankao 2018,"",""
"What is driving the water-energy-food nexus? Discourses, knowledge, and politics of an emerging resource governance concept","Wiegleb, V.; Bruns, A.","In the context of accelerated global socio-environmental change, the Water-Energy-Food Nexus has received increasing attention within science and international politics by promoting integrated resource governance. This study explores the scientific nexus debates from a discourse analytical perspective to reveal knowledge and power relations as well as geographical settings of nexus research. We also investigate approaches to socio-nature relations that influence nexus research and subsequent political implications. Our findings suggest that the leading nexus discourse is dominated by natural scientific perspectives and a neo-Malthusian framing of environmental challenges. Accordingly, the promoted cross-sectoral nexus approach to resource governance emphasizes efficiency, security, future sustainability, and poverty reduction. Water, energy, and food are conceived as global trade goods that require close monitoring, management and control, to be achieved via quantitative assessments and technological interventions. Within the less visible discourse, social scientific perspectives engage with the social, political, and normative elements of the Water-Energy-Food Nexus. These perspectives criticize the dominant nexus representation for its managerial, neoliberal, and utilitarian approach to resource governance. The managerial framing is critiqued for masking power relations and social inequalities, while alternative framings acknowledge the political nature of resource governance and socio-nature relations. The spatial dimensions of the nexus debate are also discussed. Notably, the nexus is largely shaped by western knowledge, yet applied mainly in specific regions of the Global South. In order for the nexus to achieve integrative solutions for sustainability, the debate needs to overcome its current discursive and spatial separations. To this end, we need to engage more closely with alternative nexus discourses, embrace epistemic pluralism and encourage multi-perspective debates about the socio-nature relations we actually intend to promote. © 2018 Wiegleb and Bruns.",2018,,Front. Environ. Sci.,6,OCT,,,10.3389/fenvs.2018.00128,,#435,Wiegleb 2018,Aliny Pires (2023-03-20 19:10:08)(Screen): I think the manuscript can be an important reference to discuss aspectos of nexus implementation across scales and sectors.; ,""
China's environment on a metacoupled planet,"Liu, J.; Viña, A.; Yang, W.; Li, S.; Xu, W.; Zheng, H.","China has emerged as a global economic powerhouse after four decades of unprecedented growth. Such growth has generated many environmental challenges with enormous ecological, socioeconomic, and health consequences in China and beyond. Although the overall quality of air and water is starting to improve, both are still below national and international standards. Water shortages are widespread. Biodiversity continues to decline. China is the world's top CO 2 emitter, although per capita emissions are much lower than those of developed counties. On the positive side, large national conservation programs have been implemented, including the Natural Forest Conservation Program, the Grain-to-Green Program, Ecosystem Functional Conservation Areas, and Ecological Protection Redlines. More than 2,750 nature reserves have been established and a new national park system is being constructed. Some endangered and threatened species, such as the giant panda, are showing signs of recovery, and forest cover and some ecosystem services have increased. These mixed environmental outcomes result from human-nature interactions within China as well as between China and adjacent and distant countries. These include increasing rapid economic growth, resource consumption, land use change, trade and investment, and conservation and development policies. We suggest systems approaches such as nexus approaches and flow-centered governance to help China achieve ecological civilization and become an environmental leader on a metacoupled planet. © 2018 by Annual Reviews. All rights reserved.",2018,,Annu. Rev. Environ. Resour.,43,,1-34,,10.1146/annurev-environ-102017-030040,,#437,Liu 2018,"",""
Climate change and the water–energy–food nexus: insights from policy and practice in Tanzania,"Pardoe, J.; Conway, D.; Namaganda, E.; Vincent, K.; Dougill, A.J.; Kashaigili, J.J.","The threat of climate change is emerging at a time of rapid growth for many economies in sub-Saharan Africa (SSA). Dominant narratives comprising ambitious development plans are common and often based around sectors with strong inter-dependencies that are highly exposed to climate variability. Using document analysis and key informant interviews, this article examines how climate change is addressed in policy, how it is being mainstreamed into water, energy and agriculture sector policies and the extent to which cross-sectoral linkages enable coordinated action. These questions are addressed through a case study of Tanzania, highlighting broader lessons for other developing countries, particularly those in SSA facing similar challenges. The article finds that, while the agriculture and water sectors are increasingly integrating climate change into policies and plans in Tanzania, practical coordination on adaptation remains relatively superficial. Publication of the Tanzania National Adaptation Plan of Action (NAPA) in 2007 marked a step change in the integration of climate change in sectoral policies and plans; however, it may have reinforced a sectoral approach to climate change. Examining the policies for coherence highlights overlaps and complementarities which lend themselves to a coordinated approach. Institutional constraints (particularly structures and resources) restrict opportunities for inter-sectoral action and thus collaboration is confined to ad hoc projects with mixed success to date. The results highlight the need for institutional frameworks that recognize and address these constraints to enable development goals to be pursued in a more sustainable and climate-resilient manner. KEY POLICY INSIGHTS The NAPA has been successful at encouraging climate change mainstreaming into sectoral policies in Tanzania; however, the cross-sectoral collaboration crucial to implementing adaptation strategies remains limited due to institutional challenges such as power imbalances, budget constraints and an ingrained sectoral approach. Collaboration between nexus sectors in Tanzania is largely through ad hoc projects with limited progress on establishing deeper connections to enable collaboration as a process. Regular cross-sectoral planning meetings and consistent annual budgets could provide a platform to enhance cross-sectoral coordination. Plans to develop hydropower and agriculture are prevalent across sub-Saharan Africa. Insights from Tanzania highlight the importance of institutional and policy frameworks that enable cross-sectoral coordination. © 2017, © 2017 The Author(s). Published by Informa UK Limited, trading as Taylor & Francis Group.",2018,,Clim. Policy,18,7,863-877,,10.1080/14693062.2017.1386082,,#446,Pardoe 2018,"",""
"Institutional arrangements for beneficial regional cooperation on water, energy and food priority issues in the Eastern Nile Basin","Al-Saidi, M.; Hefny, A.","Research on water cooperation in the Eastern Nile Basin has focused on expanding policy and diplomacy tools for a better allocation of transboundary water resources confined to the river. Regional cooperation on water and related sectors such as energy and land expands the bargaining and areas for mutual gain, and thus enhances cooperation perspectives. This paper looks at the contribution and the potential benefits of a regional cooperation approach to addressing the underlying challenges of water diplomacy, such as complexity and distrust. It also promotes the understanding of river basins as a “resource basin” of integrated and linked resource-use issues, not always related to the river flow. The paper provides an analysis of priority issues for water–energy–food nexus in regional cooperation in the Eastern Nile Basin. This basin represents an illustrative case for regional cooperation and increased integration due to multiple comparative advantages inherent in the uneven endowments of water, energy and arable land resources, and to varying levels of economic and technological advancement among the three riparian countries: Egypt, Sudan and Ethiopia. The paper also analyzes institutional arrangements on a regional scale, and elaborates on the inherent trade-offs associated with them. © 2018 Elsevier B.V.",2018,,J. Hydrol.,562,,821-831,,10.1016/j.jhydrol.2018.05.009,,#453,Al-Saidi 2018,Aliny Pires (2023-03-20 18:22:25)(Screen): It seems not related to response option but it can have some interesting aspects to the whole discusssion (nexus implementation in Africa).; ,""
"Comparison between seasonal pumped-storage and conventional reservoir dams from the water, energy and land nexus perspective","Hunt, J.D.; Byers, E.; Riahi, K.; Langan, S.","Renewable sources of energy are providing an increasing share of the electricity generation mix, but their intermittency drives a need for energy storage. At the same time, water resources are increasingly scarce due to changes in demand, such as from population growth, supply side pressures such as climate change and governance challenges relating to poor management. Large storage reservoirs are used for water management and for energy storage. However, some existing and proposed hydropower reservoirs require vast areas of land and have considerable social and environmental impacts. Growing concerns on water and energy storage from a water-energy-land nexus approach motivated this study. Our objective is to compare how energy and water storage services, such as hydropower generation, electricity grid and water management, are provided with Seasonal Pumped-Storage (SPS) and Conventional Reservoir Dams (CRD) plants. Our case study region is Brazil, a country with extensive hydropower capacity and development plans, for which we compare the cost, land requirement and social impacts between CRD and potential SPS plants. Whilst seasonal pumped-storage have higher capital costs than conventional reservoir dams, given the much lower land requirements and evaporative losses, they are a valuable water and energy storage alternative especially in locations with plain topography and high evaporation. Results show that if Sobradinho CRD was built today it would result in a $USD 1.46 billion loss, on the other hand, Muquém SPS plant would result in a $USD 0.67b revenue. © 2018 Elsevier Ltd",2018,,Energy Convers. Manage.,166,,385-401,,10.1016/j.enconman.2018.04.044,,#456,Hunt 2018,"",""
Governing food and agriculture in a warming world,"Newell, P.; Taylor, O.; Touni, C.","Understanding how, why, and whether the trade-offs and tensions around simultaneous implementation of the Sustainable Development Goals are resolved both sustainably and equitably requires an appreciation of power relations across multiple scales of governance. We explore the politics and political economy of how the nexus around food, energy, and water is being governed through initiatives to promote climate-smart agriculture (CSA) as it moves from the global to the local. We combine an analysis of how these interrelationships are being governed (and ungoverned) by key global institutions with reflection on the consequences of this for developing countries that are being targeted by CSA initiatives. In particular, we look at Kenya as a country heavily dependent on agriculture, but also subject to some of the worst effects of climate change and which has been a focus for a range of bilateral and multilateral donors with their preferred visions of CSA. We draw on strands of literature in global environmental politics, political ecology, and the political economy of development to make sense of the power dynamics that characterize the multiscalar politics of how CSA is translated, domesticated, and operationalized in practice. © 2018 by the Massachusetts Institute of Technology.",2018,,Global Environ. Polit.,18,2,53-71,,10.1162/glep_a_00456,,#460,Newell 2018,"",""
From state to system: Financialization and the water-energy-food-climate nexus,"Schmidt, J.J.; Matthews, N.","The water-energy-food-climate nexus has risen rapidly in global water governance over the past decade. This article examines the role of global financial networks in articulating the nexus and in connecting it to sustainability programs. It provides new insights into critical engagements with the nexus that, to date, have focused predominantly on water security and governance. The article examines how global financial networks conceptualized and concretized the nexus towards two ends: First, the nexus was used to effect the transition from state-oriented development models to financialized approaches of water development and sustainability. Here, the nexus was formulated in critique of, and as a solution to, the previously dominant approach to water development: integrated water resources management (IWRM). Second, the nexus was deployed to connect water, energy, food, and climate to the global economy in terms of complex systems. The identification of risks to the resilience of environmental and economic systems provided a new form of integration across the supply chains affected by the governance and security of water, energy, food, and climate. In both cases, the nexus mobilizes technologies of global finance, such as credit-risk ratings, to construct and defend new strategies for governing water security and to enable sub-sovereign actors, such as municipalities, to be incorporated into the global economy. The paper concludes that alignments of the nexus with sustainability programs, and the Sustainable Development Goals, must be reconsidered in view of the constraints posed by financial orientations towards the risks and resilience of economic and environmental systems. © 2018 Elsevier Ltd",2018,,Geoforum,91,,151-159,,10.1016/j.geoforum.2018.03.001,,#461,Schmidt 2018,"",""
In search of a (WEF) nexus approach,"Harwood, S.A.","The water, food and energy (WEF) nexus is viewed as a fresh way of thinking about related issues. This has resulted in calls for a WEF nexus approach which is systemic, can handle its associated complexity, ambiguity and vagueness, as well as the multiple stakeholders, each with their respective viewpoint, and the implied governance implications. In response, the Cybernetic Methodology, a Problem Structuring Method, is offered as an approach to frame these issues. This permits the concept of WEF nexus to be examined and associated governance issues to be modelled, acknowledging the multi-level nature of governance, in particular, the need for co-ordination. This is illustrated drawing upon examples from the Mekong River Basin. It is concluded that this approach not only offers the capability of handing the situation relating to WEF nexus, but that its emphasis upon action and closure enhances collaborative engagement by its disparate participants. © 2018",2018,,Environ. Sci. Policy,83,,79-85,,10.1016/j.envsci.2018.01.020,,#462,Harwood 2018,"",""
Governance of water-energy-food nexus: A social network analysis approach to understanding agency behaviour,"Kurian, M.; Portney, K.E.; Rappold, G.; Hannibal, B.; Gebrechorkos, S.H.","Research seeks to treat each resource embedded in the nexus as connected to the other resources. This approach is unique from other natural resource research agendas where the primary focus is on system efficiencies or examinations of a single resource. The nexus by emphasizing trade-offs places a premium on coordination. From a governance perspective coordination is not limited to decisions involving finances and allocation of trained human resources among different agencies orga nized both vertically and horizontally within a multi-level governance framework. Coordination could also be extended to include uses of data between public agencies, private sector and individuals. Due to nexus interconnectivity, we suggest here that social network analysis (SNA) is an appropriate tool that can divulge and highlight the relational complexities that exist within the nexus and among stakeholders that work with the singular elements of the nexus. We suggest that in the cases of organi sations with a high institutional capacity by means of expertise, resources, and other assets, the Water-Energy-Food (WEF) network will be highly connected between resource areas in the overall network. Two network tie characteristics-density and centrality-are particularly important to understand a critical mass of interests within a multi-level governance framework. The paper concludes by arguing for the organi sation of data covering different dimensions of the Water-Energy-Food nexus through the mechanism of an observatory that could potentially improve our understanding of thresholds of environmental resource use and the incentives required for public agencies to act in support of sustainable development. © United Nations University Institute for Integrated Management of Material Fluxes and of Resources (UNU-FLORES) 2018. All rights are reserved.",2018,,"Manag. Water, Soil and Waste Res. to Achiev. Sustain. Dev. Goals: Monit. and Implement. of Integr. Res. Manag.",,,125-147,,10.1007/978-3-319-75163-4_6,,#465,Kurian 2018,"",""
Games for aiding stakeholder deliberation on nexus policy issues,"Mochizuki, J.; Magnuszewski, P.; Linnerooth-Bayer, J.","Games can provide an effective and replicable space in which stakehold ers learn skills necessary for deliberative and pluralist policymaking. These skills are especially important for ""nexus"" policy issues that are typically characterised by mul tiple, competing problem frames involving overlapping networks of stakeholders. In this position paper, we describe three serious games that serve as a space for players (stakeholders) and researchers to jointly explore alternative solutions to complex resource management issues: The Water-Food-Energy Nexus Game (Nexus Game); the Narubu Game of Many Voices (Narubu Game); and the Forest Governance Game (Forest Game). The games contain instructive and reflexive mechanisms that prompt players to self-discover common challenges associated with complex nexus issues, including conflicting institutional mandates, social dilemmas, contending world views, and plural interpretations of science. © United Nations University Institute for Integrated Management of Material Fluxes and of Resources (UNU-FLORES) 2018. All rights are reserved.",2018,,"Manag. Water, Soil and Waste Res. to Achiev. Sustain. Dev. Goals: Monit. and Implement. of Integr. Res. Manag.",,,93-124,,10.1007/978-3-319-75163-4_5,,#466,Mochizuki 2018,"",""
"System Properties Determine Food Security and Biodiversity Outcomes at Landscape Scale: A Case Study from West Flores, Indonesia","Collier, N.F.; Sayer, J.; Boedhihartono, A.K.; Hanspach, J.; Abson, D.; Fischer, J.","The food-biodiversity nexus is a concept that defines and characterizes the complex interactions between agricultural systems and biodiversity conservation. Here we use a social-ecological systems approach that combines fuzzy cognitive mapping and graph theoretic analyses to uncover system properties that determine food security and biodiversity outcomes at a landscape scale. We studied a rice-based agricultural landscape system situated in Mbeliling district of West Flores, Indonesia. A graphical representation of the Mbeliling district food-biodiversity nexus was created by local experts. The representation revealed system properties that help reconcile the trade-offs between food security and biodiversity conservation. The graph represented a diverse set of food security and biodiversity nodes, and showed that there is not a simple dichotomy between ‘production and protection’. The analysis captured greater complexity than popular academic concepts such as land sparing–land sharing or sustainable intensification. Three major themes emerged from the graph. We found distinct clusters of factors influencing biodiversity and food security. We named these sources of influence (1) Modernisation and sustainable farming; (2) Knowledge and management; and (3) Governance and processes. Component 2 was the most representative of emergent system properties that contribute positively to managing a sustainable food-biodiversity nexus in the Mbeliling landscape. The key determinants of outcomes were: improving agronomic practices, diversifying production, maintaining forest cover and connectivity, and using knowledge and natural resource management processes to mitigate the main drivers of change. Our approach highlights the complexities in the food-biodiversity nexus, and could have wide application in other locations. © 2018 by the authors. Licensee MDPI, Basel, Switzerland.",2018,,Land,7,1,,,10.3390/land7010039,,#470,Collier 2018,"",""
Considering Resources Beyond Water: Irrigation and Drainage Management in the Context of the Water–Energy–Food Nexus,"Avellán, T.; Ardakanian, R.; Perret, S.R.; Ragab, R.; Vlotman, W.; Zainal, H.; Im, S.; Gany, H.A.","While the world is facing unprecedented transitions and threats we need to deeply rethink the relationships between water and energy use, food production, and ecosystem protection. This includes the development and deployment of ambitious, out-of-the-box solutions towards sustainable development. This paper is based upon recent discussions before and during the 2nd World Irrigation Forum in Chiang Mai, Thailand. This paper takes stock of current knowledge and analyses the most recent trends in water, irrigation and the environment. It discusses the requirements for strategic approaches and the contributions of irrigation and drainage to Sustainable Development Goals. Firstly, we concentrated on renewed and more balanced relationships between water, energy, food and ecosystems in the context of irrigation and drainage management. Secondly, we assessed the positive and negative impact of agricultural water use in order to demonstrate and improve its performance. Given exacerbated competition and water resource scarcity, a better understanding of the positive effects and valuable ecosystem services provided by irrigation and drainage systems could pave the way to maximizing benefits and safeguarding the environment. Lastly, we tried to address the role of stakeholders in irrigation governance. This includes active contribution to policy-making and planning, incentives, and most importantly, capacity development. Copyright © 2017 John Wiley & Sons, Ltd. Copyright © 2017 John Wiley & Sons, Ltd.",2018,,Irrig. Drain.,67,1,12-21,,10.1002/ird.2154,,#475,Avellán 2018,"",""
The multipurpose water uses of hydropower reservoirs: The SHARE concept ,"Branche, E.","The production and use of energy and the capture and use of water are vital to the economy and the health and welfare of all nations, and the wise stewardship of these resources is essential to the protection of the environment. A framework was led by EDF to address the multipurpose water uses of hydropower reservoirs issue. This innovative approach with all stakeholders addresses the following issues: (i) How to minimize contradictions/competition among multipurpose water uses of hydropower reservoirs; and (ii) How to set an appropriate governance to allow coordinated/ integrated water uses management (in terms of strategy, planning, decision-making and operation). This process was conducted under a participative multi-stakeholder approach with Governments, Banks, NGOs, international organisations, hydropower utilities, and other sectors. Multipurpose hydropower reservoirs are designed and/or operated to provide services beyond electricity generation, such as water supply, flood and drought management, irrigation, navigation, fisheries, environmental services and recreational activities, etc. While these objectives (renewable and power services, water quantity management, ecosystem services, economic growth and local livelihoods) can conflict at times, they are also often complementary. Although there are no universal solutions, there are principles that can be shared and adapted to local contexts. Indeed the development and/or operation of such multipurpose hydropower reservoirs to reach sustainable water management should rely on the following principles: Shared vision, Shared resource, Shared responsibilities, Shared rights and risks, Shared costs and benefits. These principles and acknowledgement of joint sharing among all the stakeholders are essential to successful development and management of multipurpose hydropower reservoirs, and should frame all phases from early stage to operation. The SHARE concept also gives guidance. Based on 12 worldwide case studies of multipurpose hydropower reservoirs, the SHARE concept was developed and proposed as a solution to address this issue. A special focus will be presented on the Durance-Verdon Rivers in France. © 2018 ICOLD/CIGB, Paris, France.",2018,,Int. Congr. Large Dams,,,134-150,,,,#488,Branche 2018,Aliny Pires (2023-05-07 13:14:41)(Screen): I don't think we can use this paper in our review but it seems interesting to contribute to nexus governance; ,""
"Applying the water-energy-food nexus to farm profitability in the middle breede catchment, South Africa","Seeliger, L.; De Clercq, W.P.; Hoffmann, W.; Cullis, J.D.S.; Horn, A.M.; De Witt, M.","The water-energy-food nexus has emerged as a useful concept to understand the multiple interdependencies that exist between the water, energy and food sectors. The nexus is an ambitious attempt to work across disciplines and scales to understand the workings of these complex systems. It is, however, criticised for being more of a general framework than a practical methodology because of the vast amount of data it would need to make real-life contributions to sustainable development. We show how the nexus approach, when used within a farm budget model, can transform the problem focus in water governance. By changing the relationship among water, energy and food production of a farm, profitability is significantly changed. The water-energy-food nexus debate is discussed within the context of the South African water sector, particularly the Breede River Catchment. Working from within the farm budget model, we demonstrate the impact of moving from an irrigation canal system that requires electricity for pumping, to a gravity-fed piped irrigation system in the Middle Breede River. The finding is that the water-energy-food nexus has the potential to unlock groundbreaking solutions to complex problems in agricultural water management when used in appropriate modelling systems. Significance: • The water-energy-food nexus approach can lead to an entirely new framing of water governance problems and therefore solutions to these problems. • The water-energy-food nexus when used in farm budget models can identify ways of altering farm profitability. • By addressing the energy cost of farming through an irrigation pipeline system in parts of the Breede Catchment Area, farm profitability could significantly increase. • A gravity-fed closed pipeline system in parts of the Breede River can improve water availability and reduce farm and management costs. © 2018. The Author(s).",2018,,S. Afr. J. Sci.,114,11-12,,,10.17159/sajs.2018/5062,,#491,Seeliger 2018,"Aliny Pires (2023-03-20 19:32:38)(Screen): It sounds interesting, using nexus concept in a specific context and water as an entry point.; ",""
"Cities and “budget-based” management of the energy-water-climate nexus: Case studies in transportation policy, infrastructure systems, and urban utility risk management","Sperling, J.B.; Ramaswami, A.","This article reviews city case studies to inform a framework for developing urban infrastructure design standards and policy instruments that together aim to pursue energy efficiency and greenhouse gas mitigation through city carbon budgets and water use efficiency and climate risk adaptation through city water budgets. This article also proposes combining carbon and water budgeting at the city-scale for achieving successful coupled city carbon and water budget (CCCWB) programs. Under a CCCWB program, key actors including local governments, infrastructure designers/operators, and households would be assigned a GHG emissions and water “budget” and be required by state or federal levels to keep within this budget through the use of flexibility mechanisms, incentive programs, and sanctions. Multiple incentives and cross-scale governance arrangements would be tied to energy-water systems integration, resource-efficient transportation and infrastructure development, and effective monitoring and management of energy use, emissions, climate risks to, and security of energy-water-transport-food and other critical systems. As a first step to promote strategies for CCCWB development, we systematically review approaches of and shortcomings to existing budget-based programs in the UK and US, and suggest improvements in three areas: measurement, modeling effectiveness of interventions for staying within a budget, and governance. To date, the majority of climate action or sustainability plans by cities, while mentioning climate impacts as a premise for the plan, do not address these impacts in the plan. They focus primarily on GHG mitigation while ignoring resource depletion challenges and energy-climate-water linkages, whereby water supplies can begin to limit energy production and energy shifts to mitigate climate change can limit water availability. Coupled carbon-water budget plans, programs, and policies—described in this study- may address these concerns as well as the emerging trends that will exacerbate these problems—e.g., including population growth, climatic changes, and emerging policy choices that are not coordinated. Cities and “Budget-Based” Management of the Energy-Water-Climate Nexus: Case Studies to Inform Strategy for Integrated Performance- and Incentive-Based Design and Policy Instruments. © 2017 American Institute of Chemical Engineers Environ Prog, 37: 91–107, 2018. © 2017 American Institute of Chemical Engineers Environ Prog.",2018,,Environ Prog Sustainable Energy,37,1,91-107,,10.1002/ep.12765,,#498,Sperling 2018,"",""
Women's agency in water governance: Lessons from the water and health nexus in Armenia and Ukraine,"Bouman-Dentener, A.M.","Water security is a global challenge and a collective responsibility for all humanity. The way in which people are affected by or impact on water availability, quality and management is quite heterogeneous; and it has a distinct gender dimension. Social relations between women and men result in gendered roles that vary between social strata, cultures, ethnicities and generations. In traditional societies women are often the water seekers and carriers, while their involvement in decision-making is limited. This article focuses on women's agency for sustainable use and management of water resources. It provides examples from Armenia and Ukraine demonstrating women's civil society contributions to the development and implementation of the Protocol on Water and Health. It shows how women's meaningful participation has made a difference, and sheds light on the preconditions for meaningful involvement of women's civil society in processes of water cooperation and participatory water governance.",2017,,Sustentabilidade Debate,8,3,64-74,,10.18472/SustDeb.v8n3.2017.26587,,#501,Bouman-Dentener 2017,"",""
Rethinking water governance: Moving beyond water-centric perspectives in a connected and changing world,"de Loë, R.C.; Patterson, J.J.","From the “water-centric” perspective that is common within the world’s large and diverse water community, water is of central importance, and improving water governance is self-evidently essential. Some water problems can be addressed using water centric approaches such as watershed management. Unfortunately, evidence is mounting that suggests that many other water problems cannot because their causes and drivers, at scales from local to global, are partly or wholly external to those traditionally considered within the water sector. Water governance in these cases needs to better account for a range of external connections that strongly influence water-related outcomes of concern and contribute to governance failures. These connections frequently manifest through external actors, drivers, and institutions. We address this issue by critically reflecting on the limitations of water-centric perspectives; surveying the water governance literature to identify external connections that can influence water governance; examining the extent to which four major approaches address actors, drivers, and institutions that connect water governance to other sectors and decision making situations (Integrated Water Resources Management, water security, water-energy-food nexus, water resilience); and considering key conceptual and practical challenges of moving beyond water-centric approaches where this is warranted. Building on emerging thinking within the water community, we propose that key open questions requiring urgent attention relate to reconciling water-centric and non-water centric approaches, thinking critically about boundary judgments, and re-thinking conceptual and practical approaches to water governance to better account for external connections. The article contributes to emerging conversations about the future of water governance in an increasingly complex, connected and rapidly changing world. © 2017, University of New Mexico. All rights reserved.",2017,,Nat. Resour. J.,57,1,75-99,,,,#504,deLoë 2017,Aliny Pires (2023-03-20 19:42:40)(Screen): Focused on water but trying to establish important connections in the nexus perspective...; ,""
The water-energy-food nexus: An integration agenda and implications for urban governance,"Artioli, F.; Acuto, M.; McArthur, J.","The water-energy-food nexus has achieved considerable prominence across academic research and policy sectors. The nexus sets an imperative for integrated management and policymaking, centring on the potential trade-offs and complementarities between interdependent water, energy and food systems. Applications of the nexus focus largely on technical or managerial solutions and calls to acknowledge the political dimension of nexus interdependencies have implications for governance at the urban scale. This paper aims to ‘urbanise' the nexus agenda and consider the implications of policy integration for urban governance. This examines the nexus in the context of current approaches to urban governance and power relations shaping the provision of water, energy and food in urban areas. Urban infrastructure networks underpin these resource systems and related management systems, although their management tends to operate in silos, with little joint decision-making and planning. Three hypotheses about the interplay between integrative policy framings and urban governance are explored to reconcile integrative policy framings at the urban scale: the appropriation of the nexus narrative by urban governments; re-establishment of political power through integrated management, and implementation of the nexus through smart city approaches. These hypotheses progress the political dimension of the nexus debate and reflect on the role of urban governance in addressing global challenges. © 2017 Elsevier Ltd",2017,,Polit. Geogr.,61,,215-223,,10.1016/j.polgeo.2017.08.009,,#508,Artioli 2017,"",""
Examining the food–energy–water and conflict nexus,"Abbott, M.; Bazilian, M.; Egel, D.; Willis, H.H.","There is growing evidence of a strong linkage or ‘nexus’ between conflict — both domestic and international — and food, energy, and water (FEW) resources and services. This article demonstrates a positive, significant correlation between two measures, FEW security and political stability, and reviews the evidence for how each of these three types of resource insecurities affects political and social stability. We describe what is known about the FEW-conflict nexus itself, note that remaining knowledge gaps include evidence on developing governance structures and preparing for climate change, and examine the types of policies that countries and international donors might take to help mitigate the role that FEW can play in affecting stability. © 2017 Elsevier Ltd",2017,,Curr. Opin. Chem. Eng.,18,,55-60,,10.1016/j.coche.2017.10.002,,#510,Abbott 2017,"",""
Opportunities for knowledge co-production across the energy-food-water nexus: Making interdisciplinary approaches work for better climate decision making,"Howarth, C.; Monasterolo, I.","The relationship between the energy-food-water nexus and the climate is non-linear, multi-sectoral and time sensitive, incorporating aspects of complexity and risk in climate related decision-making. Current methods of analysis were not built to represent such a complex system and are insufficiently equipped to capture and understand positive and negative externalities generated by the interactions among different stakeholders involved in the energy-food-water nexus. Potential amplification effects, time delays and path dependency of climate policies are also inadequately represented. This paper seeks to explore how knowledge co-production can help identify opportunities for building more effective, sustainable, inclusive and legitimate decision making processes on climate change. This would enable more resilient responses to climate risks impacting the nexus while increasing transparency, communication and trust among key actors. We do so by proposing the operationalization of an interdisciplinary approach of analysis applying the novel methodology developed in Howarth and Monasterolo (2016). Through a bottom-up, participative approach, we present results of five themed workshops organized in the UK (focusing on: shocks and hazards, infrastructure, local economy, governance and governments, finance and insurance) featuring 78 stakeholders from academia, government and industry. We present participant's perceptions of opportunities that can emerge from climate and weather shocks across the energy-food-water nexus. We explore opportunities offered by the development and deployment of a transdisciplinary approach of analysis within the nexus boundaries and we analyse their implications. Our analysis contributes to the current debate on how to shape global and local responses to climate change by reflecting on lessons learnt and best practice from cross-stakeholder and cross-sectorial engagement. In so doing, it helps inform a new generation of complex systems models to analyse climate change impact on the food-water-energy nexus © 2017 The Authors",2017,,Environ. Sci. Policy,75,,103-110,,10.1016/j.envsci.2017.05.019,,#517,Howarth 2017,"",""
Closing the governance gaps in the water-energy-food nexus: Insights from integrative governance,"Weitz, N.; Strambo, C.; Kemp-Benedict, E.; Nilsson, M.","The water-energy-food nexus has become a popular concept in environmental change research and policy debates. Proponents suggest that a nexus approach promotes policy coherence through identifying optimal policy mixes and governance arrangements across the water, energy and food sectors. Although the nexus literature identifies some barriers to achieving coherence it does not clearly explain why the barriers are present, what influences them, and how they can be acted upon. These gaps disconnect the nexus literature from the governance processes it ultimately seeks to influence. This paper examines how the integrative environmental governance literature can help to close these gaps. It extracts insights from seven streams of research literature and discusses their relevance for the nexus literature. We argue that connecting the nexus to decision-making processes requires: i) rethinking the boundaries of nexus analysis vis-à-vis other sectors and levels; ii) elaboration of shared principles that can guide decision-making towards policy coherence − or an appropriate form of fragmentation − in different contexts; iii) viewing policy coherence as a continuous process of changing values and perception rather than as an outcome. © 2017 The Authors",2017,,Global Environ. Change,45,,165-173,,10.1016/j.gloenvcha.2017.06.006,,#520,Weitz 2017,"",""
"Regulating the water-energy-food nexus: Interdependencies, transaction costs and procedural justice","Larcom, S.; van Gevelt, T.","There have been calls for an overhaul of regulatory and governance frameworks to incorporate the implications of the water-energy-food nexus. We map one small component of the regulatory space of the nexus and highlight its immense complexity. We draw on insights from the economics and socio-legal literatures to show that a decentralised approach to regulation based upon procedural justice can enable the trade-offs of the nexus to be considered and addressed. We use a nexus case study of micro hydro-electricity generation in Dartmoor National Park in England to show that when we take into account interactions between state and non-state regulation, the economic concepts of interdependencies and transaction costs, and a recognition that regulation of the nexus is a process involving decisions of procedural justice, some existing regulatory frameworks are already well-equipped to deal with the implications of nexus analysis. © 2017 The Authors",2017,,Environ. Sci. Policy,72,,55-64,,10.1016/j.envsci.2017.03.003,,#523,Larcom 2017,"",""
"Unfolding livelihood aspects of the Water–Energy–Food Nexus in the Dampalit Watershed, Philippines","Spiegelberg, M.; Baltazar, D.E.; Sarigumba, M.P.E.; Orencio, P.M.; Hoshino, S.; Hashimoto, S.; Taniguchi, M.; Endo, A.","Study region This study explores the connectivity of upland farmers and downstream fishers through interlinkages of water, energy and food within the Dampalit sub-watershed of Laguna Lake, Philippines. Study focus The aim of the study is to yield policy relevant results to improve the status of the water resources and food products and to reduce possible user conflicts. Surveying 176 households mainly in the mid- and downstream areas elements and interlinkages of the local Water-Energy-Food Nexus (WEF-Nexus) were identified by the five capitals of the sustainable livelihood approach through a socio-ecological network analysis. New hydrological insights for the region Besides the innovative methodology, this research adds to the underserved local perspective in the WEF-Nexus research. The survey shows different livelihood profiles for the two groups and a lack of direct social links between them in the WEF-Nexus context. Also indirect links through consumption of the other group's food products could not be identified. However, a large fraction of the population share the use of char coal for cooking, the Makiling groundwater for drinking and various household purposes and the Central Market in Los Banos for their food supply. © 2015 The Authors",2017,,J. Hydrol. Reg. Stud.,11,,53-68,,10.1016/j.ejrh.2015.10.009,,#524,Spiegelberg 2017,Aliny Pires (2023-05-02 06:22:54)(Screen): I would say yes but I think the manuscript contribution is more related to identify the role of actors more than a full perspective of governance. ; ,""
The intersection of food security and biodiversity conservation: a review,"Glamann, J.; Hanspach, J.; Abson, D.J.; Collier, N.; Fischer, J.","Food security and biodiversity conservation are key challenges of the twenty-first century. While traditionally these two challenges were addressed separately, recently, papers have begun to specifically address the nexus of food security and biodiversity conservation. We conducted a structured literature review of 91 papers addressing this nexus. To ascertain how a given paper approached the topic, we assessed to what extent it covered 68 potentially relevant issues. The resulting dataset was analyzed using cluster analysis. Two main branches of literature, containing a total of six clusters of papers, were identified. The “biophysical-technical” branch (clusters: “sustainable intensification” and “production focus”) was dominated by the natural sciences, focused strongly on the production aspect of food security, and sought general solutions. In contrast, the “social-political” branch (clusters: “social-ecological development”; “empowerment for food security”; “agroecology and food sovereignty”; and “social-ecological systems”) often drew on the social sciences and emphasized social relations and governance, alongside broader considerations of sustainability and human well-being. While the biophysical-technical branch was often global in focus, much of the social-political branch focused on specific localities. Two clusters of papers, one from each branch, stood out as being particularly broad in scope—namely the clusters on “sustainable intensification” and “agroecology and food sovereignty.” Despite major differences in their conceptual basis, we argue that exchange between these two research clusters could be particularly helpful in generating insights on the food–biodiversity nexus that are both generally applicable and sufficiently nuanced to capture key system-specific variables. © 2015, Springer-Verlag Berlin Heidelberg.",2017,,Reg. Environ. Change,17,5,1303-1313,,10.1007/s10113-015-0873-3,,#525,Glamann 2017,Aliny Pires (2023-03-20 19:21:41)(Screen): For the food-biodiversity interlinkages it seems to be a good review.; ,""
"Living with insecurity: Food security, resilience, and the world food programme (WFP)","O’Connor, D.; Boyle, P.; Ilcan, S.; Oliver, M.","As the world’s largest humanitarian organization fighting hunger, and primary expositor of food insecurity in sub-Saharan Africa, the World Food Programme’s (WFP) activities offer a unique opportunity to examine the contemporary food-security nexus. In this article, we examine the ‘turn’ toward resilience in the practices and policies of the WFP. Our analysis emphasizes that resilience is one of a family of security strategies through which the WFP seeks to govern food security. As such, it is impossible to claim, as some have, that resilience is displacing security as the dominant logic for governing insecurity. Nevertheless, resilience is a cornerstone of the WFPs’ current activities. Whereas more familiar strategies of security attempt to pre-empt or contain disruptive events-in the context of food crises-resilience is a style of thinking that assumes the inevitability of unpredictable, high-impact events and aims to foster the capability for systems and people to adapt, absorb, and bounce back from their effects. Resilience, while championed as part of an overall solution to a range of ills afflicting human populations today, aims only to equip people and populations with the capacity to live with the instabilities of a neoliberal food system without questioning, destabilizing, or resisting the very sources of socio-economic and political instability. © The Author(s) 2016.",2017,,Global Soc. Policy,17,1,3-20,,10.1177/1468018116658776,,#528,O’Connor 2017,"",""
"The water-energy-food nexus: Trade-offs, thresholds and transdisciplinary approaches to sustainable development","Kurian, M.",Global challenges have exacerbated a search for solutions to poverty and environmental degradation. Integration it was argued would help address the twin challenge. Integrated Water Resources Management (IWRM) was supposed to be that magic bullet and was embraced by scientists because of the clinical efficiency with which it argued for integrated analysis of sectors and resources and of systems and scale conditions. This paper argues that effective implementation of the Water-Energy-Food (WEF) Nexus can be supported by robust science. The corollary that robust science automatically leads to effective implementation is not always known to be true. The nexus approach sheds light on the challenges of implementation by introducing concepts of trade-offs and thresholds and consequently emphasizes the importance of transdisciplinary approaches to sustainable development. This paper reviews the results of recent research to offer tentative answers to the following questions: (a) Why is the governance dimension important to undertake an integrated analysis of water-energy-food challenges? (b) What does the nexus approach connote in normative and institutional terms? (c) What does implementation mean in nexus terms? (d) How can we establish if the nexus approach is an improvement over business as usual? and (e) What tools are available that would enable translation of results of scientific research to create an evidence base that would enable decision makers to act in support of sustainable development? © 2016 Elsevier Ltd,2017,,Environ. Sci. Policy,68,,97-106,,10.1016/j.envsci.2016.11.006,,#534,Kurian 2017,"",""
Urban Nexus: An Integrated Approach for the Implementation of the Sustainable Development Goals,"Storey, D.; Santucci, L.; Sinha, B.","Asia’s urbanization is unprecedented and this rapid transformation is having a profound impact on the region’s key natural resources, such as water, energy, and food/land. Urban nexus, an integrated framework focusing on the dynamic interaction of these three key sectors, addresses the gaps in linear resource use patterns and builds on the three pillars of sustainability. It aims to integrate systems, underpinned by policy coherence and collaborative governance, while redefining spatial relationships of cities with their surrounding areas and resources. Such an integrated approach to resource management can also play a key role in the implementation of the newly adopted sustainable development goals (SDGs), reducing potential trade-offs and strengthening synergies across goals and targets. A review of experiences in the region, and in particular three case studies (Nashik, Da Nang, and Shenzhen) highlight the enabling factors, mechanisms, and policies required to facilitate the adoption of an urban nexus approach. © 2017 the American Geophysical Union. All rights reserved.",2017,,Water-Energy-Food Nexus: Principles and Practices,,,43-54,,10.1002/9781119243175.ch5,,#536,Storey 2017,"",""
Entangled systems at the energy-water-food nexus: Challenges and opportunities,"Nyangon, J.; Alabbas, N.; Agbemabiese, L.","This chapter assesses energy, water, and food resource systems based on their inter- and intra-sectoral imperatives of large scale development investments at the institutional level (including private and public activities) and how to achieve security of resource supplies. It identifies key interrelated processes, practices, and factors that underpin integrated resource management (IRM) and their attendant benefits. Applying the E4 framework concerned with energy, economy, environment, and equity to identify the main threats to these systems, the chapter evaluates their institutional, political, economic, cultural and behavioral components, and characterizes the forces that drive each of them at different governance scales. The chapter is guided by political economy, economic, and sociological theories that suggest that institutional structures affect economic factors and processes (i.e. production, distribution, and consumption processes). A case study of energy, water, and food (EWF) conflicting sectoral imperatives in Delaware is discussed in detail to better understand how these policy and institutional processes occur, which forms they take, and in which ways they define the quality and quantity of EWF resource systems in the State. In order to verify these parameters, the analysis considered the advantages of a sectorally balanced, E4 framework, in particular to evaluate the valency and magnitude of cross-sectoral connections, balance competing needs, and identify policy options that address various trade-offs. © 2018 by IGI Global. All rights reserved.",2017,,Hydrology and Water Resource Management: Breakthroughs in Research and Practice,,,1-22,,10.4018/978-1-5225-3427-3.ch001,,#544,Nyangon 2017,"",""
Water markets and the food–energy–water nexus in Australia,"Valli, M.; Girard, A.M.","The Australian Water market is widely recognised as a successful model for resource governance. Decades of policy reform established privately owned and tradable water rights, which enables movement of water resources between users according to the logic of the marketplace, while capping water extractions at an environmentally sustainable level. This chapter examines the complexity of trading behaviour in the southern Murray Darling Basin and how these flows reconfigure the relationship between food, water, and energy. We argue that water market activity is shaped by socio-cultural, political, and historical contexts, which continuously obstruct market efficiency. With other countries considering a similar water management framework, a detailed and grounded understand of water trading is needed to moderate theoretical expectations about the social, environmental, and economic outcomes of a market system. © 2018 selection and editorial matter, Laura M. Pereira, Caitlin A. McElroy, Alexandra Littaye and Alexandra M. Girard; individual chapters, the contributors.",2017,,"Food, Energy and Water Sustainability: Emergent Gov. Strategies",,,111-132,,10.4324/9781315696522,,#550,Valli 2017,"",""
The health impacts of climate-related migration,"Schwerdtle, P.; Bowen, K.; McMichael, C.","Background: Changes in climate, in conjunction with other drivers of mobility, shape human migration. While there is an increasing focus on the adaptive potential of migration, the health impacts of climate-related migration, including planned relocation and forced displacement, have not been thoroughly examined. The Intergovernmental Panel on Climate Change stated that migration is currently, and will increasingly be, influenced by environmental degradation and climate change, and that it needs to be addressed in a focused and coordinated manner. Discussion: This paper examines the links between climate change, migration, and health, considering diverse migration responses, including immobility, forced displacement and planned migration, as well as the associated health risks and opportunities in different contexts. Using case studies, the paper illustrates strategies to reduce the health risks associated with climate change-related migration. Conclusion: While there is an increasing body of research examining the climate change-migration nexus, a dual approach is now required. This approach must include debate and further research regarding the health consequences and responses associated with climate migration as well as immediate strengthening of health systems to make them both climate resilient and migrant inclusive. © The Author(s). 2018.",2017,,BMC Med.,16,1,,,10.1186/s12916-017-0981-7,,#554,Schwerdtle 2017,"",""
Climate change and water science policy in management,"Badran, A.","Water sustains life, the environment and development. Human rights to water, as water is becoming a commodity threatens the poor. Global water crisis in term of quantity and quality is a man-made disaster linked to environmental imbalance and degradation of the life-support ecosystem. It is a crisis of water management, fragmented institutions, inadequate policies and legal systems, lack of political will, and a widening gap between science and policy making at the national, regional and global levels. Already one third of the world population is living in water-scarce or water-short areas. Climate change will accelerate the figure to one-half. 12% of the world’s population uses 85% of its fresh water. And water supply resources are being stretched to their limits. By 2050 an additional three billion people will be born mostly in countries already suffering from water shortage. According to the IPCC-Nov 2014 report, the world’s electricity must be produced from zero carbon sources by 2050; otherwise, our planet faces irreversible damage. The report says renewables have to grow from 30% share of the power sector to 80%. And all fossil fuel generation without carbon capture and storage (CCS) has to be phased out by 2100. Global warming is unequivocally linked to human interference in the ecosystem, causing glaciers to melt on the polar ice caps resulting in the rise of sea level flooding of agricultural coastal areas. The Nile delta, which is the food basket of Egypt housing 46 million people, may disappear. Coastal fresh water aquifers may be flooded by seeping seawater threatening food security of many large regions of the world. With the advent of climate change, most of water stressed areas particularly in arid and semi-arid zones (Middle East and MENA regions) will face a rainfall decline of 20% and a temperature rise of 2-3 °C that would result in large losses of water resources, basic food, basic needs, and increased poverty. Water science is a “must” in developing a unique water management scheme. It contributes to well-defined policies for efficiency, sound strategy and sustainable plans of action. There is unlimited potential with what science can do on our planet, where salt water and fresh water comprise 97.5% and 2.5% of planet waters, respectively. With 70% of waters tied in polar caps, only 30% is left in rivers, lakes and ground waters to humanity. Food production accounts for 70% of water used in the world. Through the efficient use of water by renewables for desalination, recycling water for agriculture, using new cultivars under stress of low level of waters and brackish waters and genomes resistant to pests and droughts etc., have to intrigue scientists in our part of the world to find a lasting solution to the challenging problem. Fundamental change in water policies and engaging science to develop a unique water management scheme is imperative. Currently, water policies are divorced from sound science. Demands should be managed by a new culture of efficiency, cutting losses, and protecting water from overuse and pollution. There is no doubt that the Climate change and Water - Energy - Food security Nexus in the Arab Middle East, is becoming more complex due to rapid population growth and growing demands by industrial and agricultural developments. Therefore, science becomes crucial in providing the basis for sound governance and a holistic approach enlightened policy linked to energy and water management for sound food security. The potential of what modern science R&D can do is without limits. © Springer International Publishing AG 2017.",2017,,"Water, Energy and Food Sustainability in the Middle East: The Sustainability Triangle",,,3-19,,10.1007/978-3-319-48920-9_1,,#556,Badran 2017,"",""
The land-water-food nexus: Expanding the social-ecological system framework to link land and water governance,"Klümper, F.; Theesfeld, I.","To date, the land-water-food nexus has been primarily addressed from an ecological, hydrological or agronomic angle, with limited response to the governance interface between the input resources. Likewise, in widely used heuristic frameworks, such as the social-ecological system (SES) framework, governance interactions between resources are not sufficiently addressed. We address this gap empirically, using the case of Tajikistan, based on a farm household survey analysis of 306 farmers. The results indicate that land system variables contribute to the willingness to cooperate in irrigation management. Specifically, formal land tenure has a positive effect on farmers paying for water as well as on the likelihood of their investing time and effort in irrigation infrastructure, which is decisive for Tajikistan's food and fiber production. Irrigation system variables show that, e.g., being an upstream user increases the likelihood to contribute to labor maintenance efforts. We further discuss how decisions with respect to the land sector could be designed in the future to facilitate cooperation in other resource sectors. Further, we conclude from a conceptual perspective that the SES framework integrating a nexus perspective can be adapted: either (1) by adding a second-tier ""governance nexus"" variable inside the governance variable of an irrigation system; or (2) by adding a land resource unit and system outside the irrigation system. © 2017 by the authors.",2017,,Resources,6,3,,,10.3390/resources6030028,,#558,Klümper 2017,"",""
Land-Water-Security Nexus: Changing Geopolitics in the Nile Basin Cooperative Framework Agreement,"Olanya, D.R.","This article extends the debate on the shift in water security governance in the Nile Basin countries. Water as an object of analysis was previously embedded in a depoliticized governance framework now faces politicization in the context of food, energy and climate change. In considering land-water-security nexus, population and climate variations drive Middle East and North Africa (mena) policies for the return of the state primacy in water governance. As Egypt and Sudan maintain their dynamics of hegemony in Nile Basin countries, Gulf States however are deploying proxy water diplomacy through investment in agricultural farmlands in Nile Basin countries. Increasing number of actors alter water access and security across formal and informal domains. The Nile Basin Cooperative Agreement (cfa) remains contested between upstream and downstream riparian states as being uncoordinated water management and development policies. Incorporating market and local users beyond the state gets politicized in securing water security. In view of this, this article hence suggests that power relations are not static, but subject to the changing circumstances. Egypt's water security would be more sustainable when it engages cfa countries in a joint coordination and development projects. © 2017 by Koninklijke Brill NV, Leiden, The Netherlands.",2017,,Middle East. Law Governance,9,1,71-87,,10.1163/18763375-00901006,,#559,Olanya 2017,"",""
"Towards understanding the integrative approach of the water, energy and food nexus","Al-Saidi, M.; Elagib, N.A.","The water, energy and food nexus (WEF nexus) is currently quite popular in environmental management. The concept found a fertile ground in science and policymaking, but there is no consistent view on the meaning of integration within the nexus. Here, a wealth of publications is reviewed in an endeavour to: (1) reveal the lines of justification for the need of the WEF nexus debate and (2) identify the range of tools for analysing the interdependent resource issues of the nexus using an integrated framework of science and policy. There are three drivers behind the emergence of the nexus thinking. These are a) increasing resource interlinks due to growing scarcities, b) recent resource supply crises, and c) failures of sector-driven management strategies. Evaluation of the WEF nexus integrative debate can be carried out using four key criteria, namely ability to change current policy debates, issue and thinking novelty, practicability and measurability, and clearness and implementation roadmap. It is clear that, although the nexus has been quite successful in changing policy debates, issue prioritization is missing and seems to be left to specific case studies and policymakers' choices. There is a high need for ‘incorporation’ and ‘cross-linking’ of issues between the three resources. In this regard, nexus governance is the missing link in the nexus debate. © 2016 Elsevier B.V.",2017,,Sci. Total Environ.,574,,1131-1139,,10.1016/j.scitotenv.2016.09.046,,#560,Al-Saidi 2017,"",""
Rethinking the water-food-energy-climate security nexus,"Matthew, R.","Over the past decade, a powerful narrative linking fundamental environmental elements including water, energy, climate and food together into a ""nexus"" has been crafted by leaders from academia, business and government. This chapter examines the kinship with biology and ecology that the new nexus thinking evokes, and evaluates two influential accounts of the nexus, both of which endorse the transformative potential of the private sector, but differ on the importance they attach to justice and poverty alleviation. The chapter concludes by arguing that if we want to take the idea of a nexus seriously, if we want it to be more than a metaphor for sustainability, then in addition to identifying and assessing the fundamental differences in emphasis and ambition that characterize competing renderings of the nexus, we need also to ask what types of knowledge are proposed in each case as critical to successful governance. © 2017 by World Scientific Publishing Co. Pte. Ltd. All rights reserved.",2016,,World Sci. Ref. on Nat. Resour. and Environ. Policy in the Era of Glob. Change,2,,261-277,,10.1142/9747,,#561,Matthew 2016,"",""
Conclusion: Rethinking the water-food-energy-climate security nexus,"Matthew, R.; Goodrich, K.A.; Harron, C.; Maharramli, B.; Nizkorodov, E.","In the conclusion to this volume, we try to characterize the worldview that has emerged from this work, and distill its unifying messages. We argue that the Anthropocene may be conceived as an age of generalized upheaval. Human behavior has affected the planet's climate system, altered biogeochemical processes, reduced biodiversity, modified global hydrology, and changed land cover at an unprecedented pace. Closely linked to this is the rapid loss of social stability and clarity of purpose that characterized much of the 20th century. Prominent elements of contemporary social upheaval include rapid urbanization, the unprecedented volume of sudden human displacements, disruptions to public health caused by factors such as the migration of tropical disease, the deepening of inequality around the world, high speed technology innovation and diffusion, the rapid erosion of the built environment, political gridlock, and new threats at every level of security - human, national and existential. Generalized turbulence suggests the need for a new approach to governance, one that focuses on reconciling systems rather than mainly measuring and reporting simple metrics, such as crime and literacy rates. © 2017 by World Scientific Publishing Co. Pte. Ltd. All rights reserved.",2016,,World Sci. Ref. on Nat. Resour. and Environ. Policy in the Era of Glob. Change,2,,483-491,,10.1142/9747,,#562,Matthew 2016,"",""
Entangled systems at the energy-water-food nexus: Challenges and opportunities,"Nyangon, J.; Alabbas, N.; Agbemabiese, L.","This chapter assesses energy, water, and food resource systems based on their inter- and intra-sectoral imperatives of large scale development investments at the institutional level (including private and public activities) and how to achieve security of resource supplies. It identifies key interrelated processes, practices, and factors that underpin integrated resource management (IRM) and their attendant benefits. Applying the E4 framework concerned with energy, economy, environment, and equity to identify the main threats to these systems, the chapter evaluates their institutional, political, economic, cultural and behavioral components, and characterizes the forces that drive each of them at different governance scales. The chapter is guided by political economy, economic, and sociological theories that suggest that institutional structures affect economic factors and processes (i.e. production, distribution, and consumption processes). A case study of energy, water, and food (EWF) conflicting sectoral imperatives in Delaware is discussed in detail to better understand how these policy and institutional processes occur, which forms they take, and in which ways they define the quality and quantity of EWF resource systems in the State. In order to verify these parameters, the analysis considered the advantages of a sectorally balanced, E4 framework, in particular to evaluate the valency and magnitude of cross-sectoral connections, balance competing needs, and identify policy options that address various trade-offs. © 2017 by IGI Global. All rights reserved.",2016,,"Reconsidering the Impact of Clim. Chang. on Glob. Water Supply, Use, and Manag.",,,144-165,,10.4018/978-1-5225-1046-8.ch009,,#563,Nyangon 2016,Helena Alves do Prado (2023-10-29 04:30:31)(Included): I cannot access this document. Download is pending; ,""
On the sustainability of inland fisheries: Finding a future for the forgotten,"Cooke, S.J.; Allison, E.H.; Beard, T.D., Jr.; Arlinghaus, R.; Arthington, A.H.; Bartley, D.M.; Cowx, I.G.; Fuentevilla, C.; Leonard, N.J.; Lorenzen, K.; Lynch, A.J.; Nguyen, V.M.; Youn, S.-J.; Taylor, W.W.; Welcomme, R.L.","At present, inland fisheries are not often a national or regional governance priority and as a result, inland capture fisheries are undervalued and largely overlooked. As such they are threatened in both developing and developed countries. Indeed, due to lack of reliable data, inland fisheries have never been part of any high profile global fisheries assessment and are notably absent from the Sustainable Development Goals. The general public and policy makers are largely ignorant of the plight of freshwater ecosystems and the fish they support, as well as the ecosystem services generated by inland fisheries. This ignorance is particularly salient given that the current emphasis on the food-water-energy nexus often fails to include the important role that inland fish and fisheries play in food security and supporting livelihoods in low-income food deficit countries. Developing countries in Africa and Asia produce about 11 million tonnes of inland fish annually, 90 % of the global total. The role of inland fisheries goes beyond just kilocalories; fish provide important micronutrients and essentially fatty acids. In some regions, inland recreational fisheries are important, generating much wealth and supporting livelihoods. The following three key recommendations are necessary for action if inland fisheries are to become a part of the food-water-energy discussion: invest in improved valuation and assessment methods, build better methods to effectively govern inland fisheries (requires capacity building and incentives), and develop approaches to managing waters across sectors and scales. Moreover, if inland fisheries are recognized as important to food security, livelihoods, and human well-being, they can be more easily incorporated in regional, national, and global policies and agreements on water issues. Through these approaches, inland fisheries can be better evaluated and be more fully recognized in broader water resource and aquatic ecosystem planning and decision-making frameworks, enhancing their value and sustainability for the future. © 2016, Royal Swedish Academy of Sciences.",2016,,Ambio,45,7,753-764,,10.1007/s13280-016-0787-4,,#565,Cooke 2016,"",""
"The politics of water payments and stakeholder participation in the Limpopo River Basin, Mozambique","Alba, R.; Bolding, A.; Ducrot, R.","Drawing from the experience of the Limpopo River Basin in Mozambique, the paper analyses the articulation of a water rights framework in the context of decentralised river basin governance and IWRM-inspired reforms. The nexus between financial autonomy, service provision, stakeholder participation and the resultant allocation of water within the river basin is explored by scrutinising the newly instituted system of water permits and payments. Three cases are examined: (1) parastatal agencies managing large perimeters of irrigated land; (2) large-scale commercial companies irrigating land; and (3) so-called focal points representing groups of smallholder irrigators. The three presented cases show that structural challenges, local geographies and power relations shape the final outcome of water reforms in relation to decentralised river basin management, stakeholders' participation and accountability. Rather than improving accountability to users and securing the financial basis for sustainable infrastructure operation and maintenance, the permit system in place reinforces existing inequalities.",2016,,Water Altern.,9,3,569-587,,,,#568,Alba 2016,Brooke Williams (2023-05-06 12:54:21)(Screen): Payments might contribute to human wellbeing/health? Will include on this basis. ; ,""
Ethiopia’s challenge to Egyptian hegemony in the Nile River Basin: The case of the grand Ethiopian renaissance dam,"Nasr, H.; Neef, A.","Home to more than 160 million people, the Nile River Basin has become one of the hotspots of the global quest for food,water and energy security. Moving closer to its completion, the Grand Ethiopian Renaissance Dam (GERD) highlights the interplay between the food, water, and energy sectors and their implications on geopolitical power relations in the region. Despite Ethiopia having the highest volumetric contribution to the Nile river flow, Egypt has maintained hydro-hegemony over the basin for several decades on the basis of historical claims and colonial agreements. Egypt has stated that its volumetric share of the Nile’s water is not sufficient to sustain its growing population, declaring water availability a matter of national security. However, for Ethiopia, the GERD represents a crucial moment in its development agenda, acting as both a counterhegemonic power play, as well as a means to improving the hydropower capacity of the country, and ensuring future food security. This paper explores the various hegemonic and counter-hegemonic strategies employed by Egypt and Ethiopia respectively, highlighting the various ways in which food, water, and energy concerns are intrinsic components of the asymmetric power configurations of the Nile River Basin. By navigating the debate surrounding the GERD, this paper highlights the necessity of incorporating the food, water, and energy nexus into studies of hydro-hegemony and counter-hegemony. This allows the future policy direction for nexus management and governance in the Nile River Basin tomove beyond benefit sharing, instead steering towards power sharing. © 2016 Taylor & Francis Group, LLC.",2016,,Geopolit.,21,4,969-989,,10.1080/14650045.2016.1209740,,#569,Nasr 2016,"",""
A conceptual framework for analyzing deltas as coupled social–ecological systems: an example from the Amazon River Delta,"Brondizio, E.S.; Vogt, N.D.; Mansur, A.V.; Anthony, E.J.; Costa, S.; Hetrick, S.","At the nexus of watersheds, land, coastal areas, oceans, and human settlements, river delta regions pose specific challenges to environmental governance and sustainability. Using the Amazon Estuary-Delta region (AD) as our focus, we reflect on the challenges created by the high degree of functional interdependencies shaping social–ecological dynamics of delta regions. The article introduces the initial design of a conceptual framework to analyze delta regions as coupled social–ecological systems (SES). The first part of the framework is used to define a delta SES according to a problem and/or collective action dilemma. Five components can be used to define a delta SES: social–economic systems, governance systems, ecosystems-resource systems, topographic-hydrological systems, and oceanic-climate systems. These components are used in association with six types of telecoupling conditions: socio-demographic, economic, governance, ecological, material, and climatic-hydrological. The second part of the framework presents a strategy for the analysis of collective action problems in delta regions, from sub-delta/local to delta to basin levels. This framework is intended to support both case studies and comparative analysis. The article provides illustrative applications of the framework to the AD. First, we apply the framework to define and characterize the AD as coupled SES. We then utilize the framework to diagnose an example of collective action problem related to the impacts of urban growth, and urban and industrial pollution on small-scale fishing resources. We argue that the functional interdependencies characteristic of delta regions require new approaches to understand, diagnose, and evaluate the current and future impacts of social–ecological changes and potential solutions to the sustainability dilemmas of delta regions. © 2016, Springer Japan.",2016,,Sustainability Sci.,11,4,591-609,,10.1007/s11625-016-0368-2,,#573,Brondizio 2016,"",""
Understanding barriers to decision making in the UK energy-food-water nexus: The added value of interdisciplinary approaches,"Howarth, C.; Monasterolo, I.","The nexus represents a multi-dimensional means of scientific enquiry which seeks to describe the complex and non-linear interactions between water, energy, food, with the climate, and further understand wider implications for society. These resources are fundamental for human life but are negatively affected by shocks such as climate change and characterize some of the main challenges for global sustainable development. Given the multidimensional and complex nature of the nexus, a transdisciplinary approach to knowledge development through co-production is needed to timely and effectively inform the decision making processes to build societal resilience to these shocks going beyond the sectorality of current research practice. The paper presents findings from five themed workshops (shocks and hazards, infrastructure, local economy, governance and governments, finance and insurance) with 80 stakeholders from academia, government and industry in the UK to explore the impact of climate and weather shocks across the energy-food-water nexus and barriers to related responses. The research identified key stakeholders' concerns, opportunities and barriers to better inform decision making centred on four themes: communication and collaboration, decision making processes, social and cultural dimensions, and the nature of responses to nexus shocks. We discuss implications of these barriers and how addressing these can better facilitate constructive dialogue and more efficient decision-making in response to nexus shocks. © 2016 The Authors.",2016,,Environ. Sci. Policy,61,,53-60,,10.1016/j.envsci.2016.03.014,,#574,Howarth 2016,"",""
Cross-sectoral strategies in global sustainability governance: towards a nexus approach,"Boas, I.; Biermann, F.; Kanie, N.","The recent shift from the Millennium Development Goals to the much broader Sustainable Development Goals has given further impetus to the debate on the nexus between the multiple sectors of policy-making that the Goals are to cover. The key message in this debate is that different domains—for instance, water, energy and food—are interconnected and can thus not be effectively resolved unless they are addressed as being fully interrelated and interdependent. Yet while this overall narrative is forcefully supported in the new UN 2030 Agenda for Sustainable Development and the 17 Sustainable Development Goals that are the main part of this agenda, many Goals still remain sectoral in their basic outlook. This now requires, we argue, a new focus in both policy and research on the nexus between different Sustainable Development Goals, especially with a view to reforms in the overall institutional setting that is required to sufficiently support such a nexus approach. This article thus examines the nexus approach in the context of the Sustainable Development Goals and identifies multiple avenues for its institutionalisation in global governance. © 2016, The Author(s).",2016,,Int. Envir. Agreem. Polit. Law Econ.,16,3,449-464,,10.1007/s10784-016-9321-1,,#576,Boas 2016,"",""
"Pacific connections for health, ecosystems and society: New approaches to the land-water-health nexus","Parkes, M.W.","Renewed effort to understand the social-ecological context of health is drawing attention to the dynamics of land and water resources and their combined influence on the determinants of health. A new area of research, education and policy is emerging that focuses on the landwaterhealth nexus: this orientation is applicable from small wetlands through to large-scale watersheds or river basins, and draws attention to the benefits of combined land and water governance, as well as the interrelated implications for health, ecological and societal concerns. Informed by research precedents, imperatives and collaborations emerging in Canada and parts of Oceania, this review profiles three integrative, applied approaches that are bringing attention to the importance the landwaterhealth nexus within the Pacific Basin: wetlands and watersheds as intersectoral settings to address landwaterhealth dynamics; tools to integrate health, ecological and societal dynamics at the land-water-health nexus; and indigenous leadership that is linking health and wellbeing with land and water governance. Emphasis is given to key characteristics of a new generation of inquiry and action at the land-water-health nexus, as well as capacitybuilding, practice and policy opportunities to address converging environmental, social and health objectives linked to the management and governance of land and water resources.",2016,,Rev. Environ. Health,31,1,125-130,,10.1515/reveh-2015-0064,,#581,Parkes 2016,"",""
Forest-food nexus: A topical opportunity for human well-being and silviculture,"Corona, P.; Cutini, A.; Chiavetta, U.; Paoletti, E.","As population will reach over 9 billion by 2050, interest in the forest-food nexus is rising. Forests play an important role in food production and nutrition. Forests can provide nutritionally-balanced diets, woodfuel for cooking and a broad set of ecosystem services. A large body of evidence recommends multi-functional and integrated landscape approaches to reimagine forestry and agriculture systems. Here, after an in-depth commented discussion of the literature produced in the last decade about the role for forests with respect to the food security global emergency, we summarize the state of the art in Italy as a country-case-study. This commentary aims to increase awareness about the potential of silviculture in Italy for combining ecological resilience with economic resilience, and for reasonably increasing non-wood products supply by means of a sustainable intensification of forest management at national level. Chain-supply fragmentation, landowner inertia, and lack of governance and cooperation may hamper an effective exploitation of non-wood products. The strategies to guarantee an effective supply of non-wood products require appropriate business skills and the presence of a structured business service. A transparent market is also essential; therefore, the introduction of standards (e.g. grading rules and forest certification schemes) is important since they can add value to products and services, and emphasize the importance and complexity of the forest sector. However, the implementation of sustainable forest management for an effective supply of non-wood products is affected by the availability of appropriate planning tools, and the public officers need a new mindset to stimulate and support the business capacity of forest owners.",2016,,Ann. Silvic. Res.,40,1,1-10,,10.12899/ASR-1181,,#592,Corona 2016,"",""
"China's water security: Current status, emerging challenges and future prospects","Jiang, Y.","China has been facing increasingly severe water scarcity that seriously threatens the socio-economic development and its sustainability of this country. This paper is intended to analyze and assess the water security of China. It first attempts to characterize the current status of water security within a risk-based, integrated framework that encompasses five key aspects critical to water sustainability, including water availability, water use patterns, wastewater generation and pollution control, water institutions and management, and health of aquatic systems and societal vulnerability. Based on the above assessment, the paper then analyzes emerging challenges for water security brought by climate change, population growth and rapid urbanization, and the water-food-energy nexus. In the end, the paper discusses China's future prospects on water security, including current achievements, government actions and policy initiatives, and recommendations for management improvement aimed at increasing water security. © 2015 Elsevier Ltd.",2015,,Environ. Sci. Policy,54,,106-125,,10.1016/j.envsci.2015.06.006,,#605,Jiang 2015,"Aliny Pires (2023-03-20 19:53:31)(Screen): I would not say it is providing response options perspectives, but by trying to understand water security it provide some discussion in the nexus perspectives.; ",""
Governance of transitions towards sustainable development – the water–energy–food nexus in Cyprus,"Halbe, J.; Pahl-Wostl, C.; A. Lange, M.; Velonis, C.","This paper presents a methodological framework to analyse sustainability innovations in the water–energy–food nexus and strategies for governing transition processes towards their widespread implementation. An application to a case study in Cyprus shows the interrelations of several sustainability innovations in the water, energy and food sectors, and specific learning requirements that need to be addressed to achieve a transition towards sustainable development. The framework helps to explore systematically responsibilities of different stakeholders for the implementation of innovations and thereby provides critical information for reflexive governance processes. © 2015 International Water Resources Association.",2015,,Water Int.,40,5-6,877-894,,10.1080/02508060.2015.1070328,,#609,Halbe 2015,"",""
Sustainable development and integrated water resources management,"Tejada-Guibert, J.A.; Setegn, S.G.; Stoa, R.B.","Sustainable development integrates economic development, social development, and environmental protection, with three overarching objectives and essential requirements: (1) poverty reduction, (2) changing unsustainable patterns of production and consumption, and (3) protecting and managing the natural resource base of economic and social development. Integrated water resources management (IWRM) is capable of promoting all three objectives by providing stakeholders with a framework for integrating and coordinating the various aspects of water management in a sustainable and holistic manner. This chapter relates the concept of IWRM to development in the context of the international community's sustainable development paradigm. Though there would seem to be a universal acceptance of the cross-cutting importance of water in development, relative marginalization of water at different levels has taken place because of competing interests. In the ongoing Millennium Development Goals (MDGs), there is only one target dealing specifically with water (drinking water and sanitation) within one of the eight goals (goal 7-ensure environmental sustainability). There is now a call from the water community for the adoption of a dedicated and comprehensive sustainable development goal onwater in the post-MDG follow-up. Some current topics that need to be encompassed by IWRM are succinctly addressed with reference to the recent international developments, including water security, human rights to water, gender equity, implications of climate change, governance, and the water-energy nexus.The ability of making operational the nexus of water with energy, food, health, and ecosystems by thinking ""out of the water box"" has become critically important. © Springer International Publishing Switzerland (outside the USA) 2015. All rights reserved.",2015,,"Sustain. of Integr. Water Resour. Manag.: Water Gov., Clim. and Ecohydrol.",,,197-214,,10.1007/978-3-319-12194-9_12,,#612,Tejada-Guibert 2015,"",""
Research and development priorities in water security,"Lal, R.","There exists a strong link between water security and food security. Both are affected by the water–soil–climate nexus, social and political conflicts, growing energy demand withemphasis on biofuels and the virtual water trade. Sustainable development necessitates research on site-specific and generic researchable issues on water resources and their management. In the context of food security, sustainable intensification of rainfed and irrigated croplands needs technology for an efficient conversion of blue water (rivers, lakes, ground water, and precipitation) into green water enhancing water use efficiency (WUE) and decreasing losses. the problem of excessive groundwater depletion (Ogallala in the United States, Indo-Gangetic Plains, North China Plains) must be addressed. Improving desert farming is a high priority. Water quality, affected by agriculture and industrial runoff, can cause algal bloom and anoxia in surface water. the impact of soil degradation on water quantity needs site-specific research. Water governance and policy issues are specifically relevant in water-scarce regions and trans-boundary watersheds. Growing urbanization and industrial use requires costeffective measures for safe use of gray water. the need for research focus on adaptation and mitigation of climate change, and managing the risks of extreme events cannot be overemphasized. Similar to soils, the finite world water resources must never be taken for granted. © 2015 by the American Society of Agronomy.",2015,,Agron. J.,107,4,1567-1572,,10.2134/agronj15.0046,,#616,Lal 2015,"",""
The soil–peace nexus: our common future,"Lal, R.","The strong soil–peace link is governed by the need for finite, but essential, resources intricately connected with ecosystem services and functions. Access to adequate and nutritious food is essential to human wellbeing, peace and tranquillity. The relation between soil/environmental scarcity and conflict is complex, and security can only be universal, rather than local or regional, in the present era of globalization. Civil strife and conflict can be caused by both resource paucity and rapacity. Anthropogenic perturbations leading to soil degradation, climate volatility and growing human demands (e.g., food, energy, water, minerals) derived from soil are potential flash points triggering violence at local, regional and global scales. Among different types of drought, pedological and agronomic droughts are triggered by soil degradation, decline in available water capacity of the root zone and changes in the hydrological cycle. Several regions with unstable governments are prone to water scarcity and conflicts. Soil affects world peace through its impact on the quest for victuals, which enhances the relevance of the “Peak Soil” concept. Economic development and environmental enhancement must go hand in hand, and the highest priority must be given to development of the ecosphere. Depicting soil as a work of art for portraying cultural, aesthetical and ecological values can increase public awareness. A Greener Revolution can be ushered in through judicious soil and environmental governance. Maintaining peace and harmony necessitates that soil resources are used, improved, restored and never taken for granted. © 2015 Japanese Society of Soil Science and Plant Nutrition.",2015,,Soil Sci. Plant Nutr.,61,4,566-578,,10.1080/00380768.2015.1065166,,#617,Lal 2015,"",""
Domestic and international forest regime nexus in Cameroon: An assessment of the effectiveness of REDD+ policy design strategy in the context of the climate change regime,"Mbatu, R.S.","The major goals of forest governance arrangements are sustainable forest management (SFM), poverty alleviation, and enhancement of forest biodiversity. However, in recent years, climate change mitigation, through reducing emissions from deforestation and forest degradation (REDD. +. 11The ""+"" signifies that climate change mitigation can also be attained by enhancing forest conservation and restoration.) has emerged as one of the most important aspects of forest governance arrangements. This is due to the fact that REDD. + has the potential to provide a framework for mitigating greenhouse gas emissions from deforestation and forest degradation while addressing rural poverty and conserving forest biodiversity at the same time. In other words, the REDD. + scheme provides co-benefits beyond its main goal of reducing greenhouse gas emissions. Therefore, REDD. + is seen by many forest governance experts as a scheme that has the potential to slow down deforestation in a country like Cameroon, which arguably, has the highest rate of deforestation in the Congo Basin. However, this will depend on the effectiveness of Cameroon's REDD. + policy strategy, its efficiency in meeting its objectives at the lowest cost, and its ability to equitably distribute costs and benefits associated with the scheme. This paper assesses the effectiveness of REDD. + policy design in Cameroon within the context of the climate change regime. The paper employs the policy design approach to analyze four components of Cameroon's REDD. + policy design framework - governance and institutional arrangement; emissions baseline; leakage and scale; and technical issues. An economic-based assessment of the forest transition curve and the environmental Kuznets curve (EKC) reveals limitations that could render the REDD. + scheme cost ineffective for Cameroon. The paper suggests that Cameroon would have to focus on strengthening its existing governance structures and nurturing its forest related international agreements, if it is to design a REDD. + policy strategy that is consistent with the ""nested"" climate change regime approach. © 2014 Elsevier B.V..",2015,,For. Policy Econ.,52,,46-56,,10.1016/j.forpol.2014.12.012,,#625,Mbatu 2015,"",""
"Consumers, food supply chain and the nexus","Lundqvist, J.; Liu, J.; Lundberg, J.","This chapter explores the interactions between the main actors in the food supply chain, also referred to as the food system, from producers to consumers. Governance of these interactions has implications for the use of water, land, energy and the environment, as well as for the economy. The purpose of the chapter is to highlight that the inefficiencies in the system can be significantly reduced with multiple wins. Mainstream approaches focus on production and tend to overlook externalities and trade-offs. The sizeable losses, waste and conversion of the food produced are ignored. An expansion of an increasingly wealthy and urban population poses one set of challenges. Reducing a lingering poverty poses another. On the supply side, global warming and the enhanced uncertainty and variability in water availability signal an era with unprecedented predicaments. With a multitude of drivers and an increasing resource scarcity and uncertainty, a food supply chain perspective is warranted. It helps to improve knowledge about system dynamics: how much and what is produced that is beneficially used, by various socioeconomic groups, and how much goes down the drain. Water is most heavily used in connection with production, whereas significant fractions of energy are used for processing, distribution and among consumers. Greenhouse gas (GHG) emissions dominate the first segments of the supply chain. There are significant potential savings and benefits from a reduction of losses and waste of food in terms of water, energy, money and reduced GHG emissions. Effective policy for environmental health and food security needs to include incentives and demonstrations directed towards consumers apart from policies aiming at producers. © Jamie Pittock, Karen Hussey and Stephen Dovers 2015.",2015,,"Climate, Energy and Water: Managing Trade-Offs, Seizing Opportunities",,,303-323,,10.1017/CBO9781139248792.018,,#630,Lundqvist 2015,"",""
"Cross-sectoral governance of the climate, energy and water sectors: A ‘Rubik’s cube’ analysis of cross-sectoral co-ordination","Oliver, G.; Hussey, K.","As previous chapters in this volume attest, there is a compelling case for cross-sectoral management of climate, energy and water. The interdependencies are tangible, the tradeoffs are becoming evident to the wider community and the framing of decisions that need to be taken are more focussed. This chapter approaches cross-sectoral co-ordination substantively as a matter of managing governance and institutional dynamics. Each of the sectors - climate (adaptation and mitigation), energy and water (with an emphasis here on urban water systems) - are considered within separate institution and governance frameworks. Each has their own institutional ‘logic’, comprising history, management culture, policy settings, statutory requirements, markets and operational practices (after Streeck and Thelen 2005). Many chapters in this volume are devoted to the technical aspects of the cross-sectoral nexus, but it is not until the institutional attributes of each of these sectors are defined that a systematic approach to alignment and co-ordination can be developed. Compared to the relatively mature technical analysis of climate, energy and water issues, the governance and institutional dimensions of cross-sectoral integration and co-ordination are relatively poorly examined and under-reported in the academic and policy literature (Kenway 2011). In this chapter, several key questions on cross-sectoral co-ordination are addressed: What are the governance and institutional components of the cross-sectoral ‘nexus’ that need to be managed? What are the inherent institutional similarities and differences between the climate, water and energy sectors? How do these enable or hinder effective management of this nexus? What would maximise the effectiveness of cross-sectoral governance? In answering these questions, the chapter makes two significant contributions to the literature. First, we define and explore each of these three sectors as separate ‘institutions’ and consider cross-sectoral co-ordination as a task of institutional linkage and alignment; second, we frame this co-ordination task as one of co-ordinated governance or ‘meta-governance’, a task that requires purposeful and deliberative framing and enacting of co-ordination across institutionally different sectors, separate jurisdictions or levels of authority, and modes and mechanisms of governance. © Jamie Pittock, Karen Hussey and Stephen Dovers 2015.",2015,,"Climate, Energy and Water: Managing Trade-Offs, Seizing Opportunities",,,172-197,,10.1017/CBO9781139248792.011,,#631,Oliver 2015,Brooke Williams (2024-02-04 21:18:09)(Included): Can't find online!; ,""
Stakeholder dynamics in the EU forest energy sector: Key issues to manage and ways forward,"Sluka, C.; Peck, P.C.","EU forest biomass demand is increasing rapidly under policy stimuli, as biofuels are important for EU utilities to reach EU 2020 renewables goal. The import of large amounts will be required, but stakeholders have sustainability concerns. Utilities are adopting self-regulatory certification schemes to reduce stakeholder pressures but the interplay between these efforts, stakeholder and policy dynamics, and business risks is not well understood. This study uses literature, interviews, and a survey of 120 stakeholders to delineate influential actors in the discourse, principal concerns, and ways to ameliorate opposition and risk. The work finds many actors opposed to forest energy systems, and shows how critique is directed toward a nexus of industry and policymakers. It also indicates that critics have an ascendant status and can catalyze changes in policy and business practice in response to their concerns. Key concerns involve carbon, biodiversity, and deforestation; however, it is found that self-governance systems do not yet incorporate metrics to meet emerging expectations. The study concludes that efforts must deliver robust track records of strong ecological, climate, and social performance for forest energy supply chains to allay concerns - as distinct from just 'sustainability certification'. Work must include increased efforts to source woody biomass from the EU-27+ to engender trust in forest energy actors, and scientific studies to delineate 'strong' versus 'weak' 'carbon and temporal carbon' performance for forest energy systems. This also suggests a need to delineate silvicultural regimes that facilitate the management of forest energy supply chains for improved carbon performance. © 2014 Society of Chemical Industry and John Wiley & Sons, Ltd.",2015,,Biofuel Bioprod. Biorefining,9,1,51-71,,10.1002/bbb.1501,,#635,Sluka 2015,"",""
Water governance in a comparative perspective: From IWRM to a 'nexus' approach?,"Benson, D.; Gain, A.K.; Rouillard, J.J.","Nexus thinking, in the form of integrating water security with agriculture, energy and climate concerns, is normatively argued to help better transition societies towards greener economies and the wider goal of sustainable development. Yet several issues emerge from the current debate surrounding this concept, namely the extent to which such conceptualisations are genuinely novel, whether they complement (or are replacing) existing environmental governance approaches and how - if deemed normatively desirable - the nexus can be enhanced in national contexts. This paper therefore reviews the burgeoning nexus literature to determine some common indicative criteria before examining its implementation in practice vis-à-vis more established integrated water resources management (IWRM) models. Evidence from two divergent national contexts, the UK and Bangladesh, suggests that the nexus has not usurped IWRM, while integration between water, energy, climate and agricultural policy objectives is generally limited. Scope for greater merging of nexus thinking within IWRM is then discussed.",2015,,Water Altern.,8,1,756-773,,,,#640,Benson 2015,"",""
The rise and implications of the water-energy-food nexus in Southeast Asia through an environmental justice lens,"Middleton, C.; Allouche, J.; Gyawali, D.; Allen, S.","This article maps the rise of the water-energy-food 'nexus' as a research, policy and project agenda in mainland Southeast Asia. We argue that introducing the concept of environmental justice into the nexus, especially where narratives, trade-offs and outcomes are contested, could make better use of how the nexus is framed, understood and acted upon. With funding from high-income country donors, it is found to have diffused from a global policy arena into a regional one that includes international and regional organisations, academic networks, and civil society, and national politicians and government officials. The nexus is yet to be extensively grounded, however, into national policies and practices, and broad-based local demand for nexus-framed policies is currently limited. The article contends that if the nexus is to support stated aspirations for sustainable development and poverty reduction, then it should engage more directly in identifying winners and losers in natural resource decision-making, the politics involved, and ultimately with the issue of justice. In order to do so, it links the nexus to the concept of environmental justice via boundary concepts, namely: sustainable development; the green economy; scarcity and addressing of trade-offs; and governance at, and across, the local, national and transnational scale.",2015,,Water Altern.,8,1,627-654,,,,#641,Middleton 2015,Jonathan Rhodes (2023-05-02 09:27:55)(Screen): Cross cutting issues addressed - environmental justice; ,""
"Towards a Managed Aquifer Recharge strategy for Gujarat, India: An economist's dialogue with hydro-geologists","Shah, T.","Gujarat state in Western India exemplifies all challenges of an agrarian economy founded on groundwater overexploitation sustained over decades by perverse energy subsidies. Major consequences are: secular decline in groundwater levels, deterioration of groundwater quality, rising energy cost of pumping, soaring carbon footprint of agriculture and growing financial burden of energy subsidies. In 2009, Government of Gujarat asked the present author, an economist, to chair a Taskforce of senior hydro-geologists and civil engineers to develop and recommend a Managed Aquifer Recharge (MAR) strategy for the state. This paper summarizes the recommended strategy and its underlying logic. It also describes the imperfect fusion of socio-economic and hydro-geologic perspectives that occurred in course of the working of the Taskforce and highlights the need for trans-disciplinary perspectives on groundwater governance. © 2013 Elsevier B.V.",2014,,J. Hydrol.,518,PA,94-107,,10.1016/j.jhydrol.2013.12.022,,#642,Shah 2014,"",""
"Agriculture, health, and wealth convergence: Bridging traditional food systems and modern agribusiness solutions","Dubé, L.; Webb, P.; Arora, N.K.; Pingali, P.","The causes of many vexing challenges facing 21st-century society are at the nexus of systems involved in agriculture, health and wealth production, consumption, and distribution. Using food as a test bed, and on the basis of emerging roadmaps that set achievable objectives over a 1- to 3-year horizon, we introduce this special feature with convergence thinking and practice at its core. Specifically, we discuss academic papers structured around four themes: (1) evidence for a need for convergence and underlying mechanisms at the individual and societal levels; (2) strategy for mainstreaming convergence as a driver of business engagement and innovation; (3) convergence in policy and governance; (4) convergence in metrics and methods. Academic papers under each theme are accompanied by a roadmap paper reporting on the current status of concrete transformative convergence-building projects associated with that theme. We believe that the insights provided by these papers have the potential to enable all actors throughout society to singly and collectively work to build supply and demand for nutritious food, in both traditional and modern food systems, while placing the burdens of malnutrition and ill health on their core strategic agendas. © 2014 New York Academy of Sciences.",2014,,Ann. New York Acad. Sci.,1331,1,1-14,,10.1111/nyas.12602,,#645,Dubé 2014,"",""
Recasting payments for ecosystem services (PES) in water resource management: A novel institutional approach,"Kolinjivadi, V.; Adamowski, J.; Kosoy, N.","Understanding linkages between human well-being and ecological stewardship at the land-water nexus is needed in order to develop effective, equitable, and resilient institutions to govern watershed resources. In this paper, we argue that payments for ecosystem services (PES) plays a useful role for achieving integrated and adaptive water resource management, but only if attention is drawn to: (a) nested governance arrangements which reflect horizontal coordination across space according to the economic characteristics of watershed goods and services as well as hierarchical legitimacy between higher and lower levels of governance; (b) 'payments' that are socially negotiated rather than designed according to oversimplified efficiency claims for watershed services and (c) 'payments' that are well placed to overcome the individual, social and physical constraints associated with watershed goods and services so that capabilities or the freedom to do and be can be enhanced. This paper illustrates the impossibility of effectuating sheer market-based trades for regulating, cultural and supporting ecosystem services due to their inherent non-rival characteristics. Furthermore, a heuristic approach to characterising watershed goods and services clearly demarcates the extent to which PES can serve as an implementation tool for integrated and adaptive water resources management. © 2014 Elsevier B.V.",2014,,Ecosyst. Serv.,10,,144-154,,10.1016/j.ecoser.2014.08.008,,#647,Kolinjivadi 2014,"",""
The energy-security-climate-change nexus in Brazil,"Vieira, M.A.; Dalgaard, K.G.","How do competing claims about energy-security and climate-change policies play out in the Brazilian domestic system? Has the Brazilian government's recent attempt to unite climate and energy-security narratives around the notion of 'sustainability' had a substantive impact on Brazil's energy and environmental policies? Domestic and international environmental actors have played increasingly important roles while lobbying the government to include an environmental/climate-change dimension to its energy-security approaches. However, climate-change concerns, as conventionally articulated by environmental actors, are not at the core of the government's energy policy agenda. Environmental results, which emerged in Brazil as fringe benefits of past energy-security policies, have been skilfully captured by the political leadership as a way to promote Brazil's climate-change credentials. To inform analysis of the alleged environmental sustainability of hydroelectricity and home-grown biofuels as a showpiece of Brazil's contribution to tackling climate change, the varied interpretations of energy security and their implications for climate-change interventions are explored. Empirical examination of the interaction between energy and climate policies in Brazil is followed by analysis of the Brazilian negotiating position in multilateral climate meetings. © 2013 Copyright Taylor & Francis.",2013,,Environ. Polit.,22,4,610-626,,10.1080/09644016.2013.806633,,#681,Vieira 2013,"",""
A scalable approach towards realizing tangible benefits in transboundary river basins and regions,"Granit, J.; Claassen, M.","Leaders in both developed and developing countries are increasingly exploring cooperative solutions that may fit their specific regional political economy as demand for goods and services in the water, energy and food nexus is growing. Considering the large number of transboundary river basins in the world, cooperative water management and development of these resources to promote sustainable growth and poverty reduction is paramount. States are moving from a past preoccupation with discussions of the volumetric allocation of limited water resources among States towards a wider focus on water security and benefit-sharing within a relevant marketplace. In this context, approaches to scale up cooperation and identify paths towards realizing and sharing or transferring tangible benefits from cooperative water resources management needs to be defined. The literature on transboundary water resources management and development, however, is not comprehensive in terms of offering systematic and scalable steps towards reaching development outcomes at the transboundary and regional level. In this chapter we propose a systematic approach that provides a sound basis for management and reflects on the governance context. © The Editors and Contributors Severally 2013. All rights reserved.",2013,,International Law and Freshw.: The Multiple Challenges,,,140-154,,10.4337/9781781005095.00018,,#689,Granit 2013,"",""
"Reprint of ""Can Earth system interactions be governed? Governance functions for linking climate change mitigation with land use, freshwater and biodiversity protection""","Nilsson, M.; Persson, Å.","Earth system interactions, as highlighted by the planetary boundaries framework, occur within and across natural, social and economic systems and shape global environmental change. This paper addresses the multi-level governance problem of coherently addressing key interactions between four Earth sub-systems - climate change, freshwater use, land use and biodiversity - taking into account concerns over problem shifting. After discussing possibilities for regional downscaling of the boundaries, we explore challenges for the EU region to coherently address this particular set of interacting Earth sub-systems and reduce the risk of problem shifting. This analysis demonstrates that Earth system interactions can be governed, but that they likely require comprehensive packages of governance responses across both sub-systems and levels. Three overarching governance functions are tentatively identified that directly or indirectly address Earth system interactions: reduction of system stress, risks and vulnerabilities; triggering and navigation of transformation of economic activity; and development of a diversity of options. Finally, the paper briefly discusses political and institutional challenges for developing, enabling and stabilising these governance functions. © 2012 Elsevier B.V.",2012,,Ecol. Econ.,81,,10-20,,10.1016/j.ecolecon.2012.06.020,,#695,Nilsson 2012,"",""
"Can Earth system interactions be governed? Governance functions for linking climate change mitigation with land use, freshwater and biodiversity protection","Nilsson, M.; Persson, Å.","Earth system interactions, as highlighted by the planetary boundaries framework, occur within and across natural, social and economic systems and shape global environmental change. This paper addresses the multi-level governance problem of coherently addressing key interactions between four Earth sub-systems - climate change, freshwater use, land use and biodiversity - taking into account concerns over problem shifting. After discussing possibilities for regional downscaling of the boundaries, we explore challenges for the EU region to coherently address this particular set of interacting Earth sub-systems and reduce the risk of problem shifting. This analysis demonstrates that Earth system interactions can be governed, but that they likely require comprehensive packages of governance responses across both sub-systems and levels. Three overarching governance functions are tentatively identified that directly or indirectly address Earth system interactions: reduction of system stress, risks and vulnerabilities; triggering and navigation of transformation of economic activity; and development of a diversity of options. Finally, the paper briefly discusses political and institutional challenges for developing, enabling and stabilising these governance functions. © 2012 Elsevier B.V.",2012,,Ecol. Econ.,75,,61-71,,10.1016/j.ecolecon.2011.12.015,,#699,Nilsson 2012,"",""
Perspectives on environmental management and technology in Asian river basins,"Higgitt, D.","Asian river basins are undergoing rapid transformation. This volume considers the implications of the environmental change-development nexus for water management, river health and hazard awareness. As Biswas and Tortajada (2011) have recently commented, water management in Asia will likely change more in the next twenty years than in the last 2000 years. Critical environmental trends include decreasing flows of water and sediment due to dam construction and increased water extraction, land use change (especially forest removal), encroachment and degradation of floodplain and wetland environments, increased water demand and concerns about water security, urban expansion and associated pollution of rivers and contamination of groundwater reserves. These challenges are being reframed by new approaches to water management which represent a transition from engineering-dominated approaches towards integrated water management, from technology transfer to adaptive technologies. The volume comprises an introduction and five chapters. Brierley and Callum reframe approaches to river repair within emerging theories of in ecology and earth science which regard nature as a complex adaptive system replete with inherent uncertainties. These ideas are mirrored in the four case study chapters which deal with water governance in the Mekong Basin (Hirsch); hybrid adoption of water resource technologies in India (Barbanente et al.); determination of sediment dynamics in Java Rijsdijk); and ecological conservation imperatives in the headwaters of the Yellow, Yangtze and Mekong rivers in western China (Li et al.). © The Author(s) 2012.",2012,,Perspectives on Environmental Management and Technology in Asian River Basins,,,1-122,,10.1007/978-94-007-2330-6,,#703,Higgitt 2012,"",""
Why food in health security (FIHS)?,"Wahlqvist, M.L.","Health is intrinsic to human security (HumS) although it is somewhat anthropocentric and about our own psychosocial and biomedical status more than various external threats. The 1994 United Nations Development Program definition of HumS includes economic, food, environmental, personal, community and political security with freedom from fear and want. Environmental factors are critical for health security (HealS), especially with widespread socio-economic difficulty, and health systems less affordable or accessible. The nexus between nutritionally-related disorders and infectious disease is the most pervasive world health problem. Most if not all of the Millennium Development Goals are food-linked. Maternal nutrition has life-long health effects on the yet-tobe born child. The mix of essential nutrient deprivation and energy imbalance is rife across many societies. Food systems require deeper understanding and governance to overcome these food-related health risks which are matters of food security (FoodS). Nutritionally-related Disability Adjusted Life Years (DALYS) are improving markedly in many parts of the world, along with poverty and hunger reduction and health system advances. But recent economic, energy, food, water, climate change and health crises along with conflict are limiting. It is time for international and regional understanding of how households and communities can collectively manage these threats in affordable and sustainable ways. There is untapped problem-solving capacity at the internationalisable local level if supported by combined food health systems expertise, innovation, infrastructure and governance. Principles of equity and ethics must apply. The Food in Health Security (FIHS) roundtable aims to develop a Network to facilitate this process.",2009,,Asia Pac. J. Clin. Nutr.,18,4,480-485,,,,#726,Wahlqvist 2009,"",""
Governance of the water-energy-food nexus for an integrated implementation of the 2030 Agenda: Conceptual and methodological framework for analysis,"Srigiri, Srinivasa Reddy; Dombrowsky, Ines",,2021,,,,2/2021,,,,,#2542,Srigiri 2021,"",Grey Literature
The water-energy-food nexus: A new approach in support of food security and sustainable agriculture,FAO,,2014,,Rome The Food and Agricultural Organisation of the United Nations,,,,,,,#2544,FAO 2014,"",Grey Literature
Water for food security and nutrition,"Michel, HLPE",,2015,,,,,,,,,#2545,Michel 2015,Helena Alves do Prado (2023-11-09 23:13:36)(Included): I cannot access this document. Download is pending; ,Grey Literature
Reconciling resource uses in transboundary basins: assessment of the water-food-energy-ecosystems nexus,unece,,2015,,"United Nations, New York and Geneva",,,,,,,#2546,unece 2015,"",Grey Literature
Walking the nexus talk: assessing the water-energy-food nexus in the context of the sustainable energy for all initiative,"Flammini, Alessandro; Puri, Manas; Pluschke, Lucie; Dubois, Olivier",,2014,,,,,,,,,#2547,Flammini 2014,"",Grey Literature
Implementing the water-energy-food-ecosystems nexus and achieving the sustainable development goals,"Carmona-Moreno, Cesar; Crestaz, E; Cimmarrusti, Y; Farinosi, F; Biedler, M; Amani, A; Mishra, A; Carmona-Gutierrez, A",,2021,,,,,,,,,#2548,Carmona-Moreno 2021,"",Grey Literature
Making governance work for water–energy–food nexus approaches,"Scott, Andrew",,2017,,,,,,,,,#2549,Scott 2017,"",Grey Literature
Nexus Governance: Harnessing Contending Forces at Work. Nexus Dialogue Synthesis Papers,"Gyawali, D",,2015,,"Gland, Switzerland: IUCN",,,,,,,#2550,Gyawali 2015,"",Grey Literature
Governance in the water-energy-food nexus: Gaps and future research needs,"Weitz, Nina; Strambo, Claudia; Kemp-Benedict, Eric; Nilsson, Måns",,2017,,,,,,,,,#2551,Weitz 2017,"",Grey Literature
Governing the Water-Energy-Food Nexus Approach for Creating Synergies and Managing Trade-offs,"Bao, Pham Ngoc; Mitra, Bijon Kumer; Sharma, Devesh; Islam, GM Tarekul; Thao, Pham Thi Mai; Kuyama, Tetsuo",,2018,,,,,,,,,#2552,Bao 2018,"",Grey Literature
Gender equity and social inclusion in the water-energy-food-ecosystems (WEFE) nexus: Frameworks and tools for moving from resource-centric to people-centric WEFE nexus approaches,"Jalonen, Riina; Zaremba, Haley; Petesch, Patti; Elias, Marlène; Estrada-Carmona, Natalia; Tsvuura, Susan; Koirala, Sanju",,2022,,,,,,,,,#2553,Jalonen 2022,"",Grey Literature
The Energy-water-food Nexus: Managing Key Resources for Sustainable Development,"Siala, Fuad; Al-Soof, Namat Abu; Mazraati, Mohammad",,2017,,,,,,,,,#2556,Siala 2017,"",Grey Literature
Global Environment Outlook 6,"McMullen, Catherine",,2019,,,,,,,,,#2558,McMullen 2019,"",Grey Literature
Mitigation of climate change—IPCC,"Change, AR5 Climate",,2022,,Sixth Assessment Report,,,,,,,#2559,Change 2022,"",Grey Literature
"Climate change 2022: Impacts, adaptation and vulnerability","Parmesan, Camille; Morecroft, Mike D; Trisurat, Yongyut",,2022,,,,,,,,,#2560,Parmesan 2022,"",Grey Literature
"AR5 Climate change 2014: Impacts, adaptation and vul‐nerability","Change, Intergovernmental Panelon Climate",,2014,,,,,,,,,#2563,Change 2014,"",Grey Literature
The global assessment report on biodiversity and ecosystem services: Summary for policy makers,"Díaz, Sandra Myrna; Settele, Josef; Brondízio, Eduardo; Ngo, Hien; Guèze, Maximilien; Agard, John; Arneth, Almut; Balvanera, Patricia; Brauman, Kate; Butchart, Stuart",,2019,,,,,,,,,#2564,Díaz 2019,"",Grey Literature
The regional assessment report on biodiversity and ecosystem services for Asia and the Pacific. Summary for policymakers,"Karki, Madhav; Senaratna Sellamuttu, Sonali; Okayasu, Sana; Suzuki, Wataru; Acosta, Lilibeth A; Alhafedh, Yousef; Anticamara, Jonathan A; Ausseil, Anne-Gaëlle; Davies, Kirsten; Gasparatos, Alexandros",,2018,,,,,,,,,#2565,Karki 2018,"",Grey Literature
The regional assessment report on biodiversity and ecosystem services for Africa: summary for policymakers,"Archer, Emma; Dziba, Luthando; Mulongoy, Kalemani Jo; Maoela, Malebajoa A; Walters, Michele; Biggs, Reinette Oonsie; Salem, Marie-Christine Cormier; DeClerck, Fabrice; Diaw, Mariteuw Chimère; Dunham, Amy E",,2018,,,,,,,,,#2567,Archer 2018,"",Grey Literature
The regional assessment report on biodiversity and ecosystem services for Europe and Central Asia: Summary for policymakers,"Fischer, Markus; Rounsevell, Mark; Rando, Amor Torre-Marin; Mader, Andre; Church, Andrew; Elbakidze, Marine; Elias, Victoria; Hahn, Thomas; Harrison, Paula A; Hauck, Jennifer",,2018,,,,,,,,,#2568,Fischer 2018,"",Grey Literature
"Managing the water-energy-land-food nexus in Korea: policies and Governance Options, OECD Studies on Water",Organization for Economic Cooperation and Development,,2018,,,,,,,,,#2569,OrganizationforEconomicCooperationandDevelopment 2018,"",Grey Literature
Implementation and Governance Issues in the Water-Energy Food Nexus,"Jha, Devishi",,,,,,,,,,,#2573,,"",Grey Literature
Addressing Food Security Challenges in Lebanon: A Water-Energy-Food-Health Nexus Approach,Sasha Koo-Oshima,,2020,,,,,,,,,#2574,SashaKoo-Oshima 2020,"",Grey Literature
Addressing the Climate-SDGs Synergies and Trade-offs for the Water-Energy-Food Nexus Solutions,"",,2022,,,,,,,,,#2575,,"",Grey Literature
The global assessment report on BIODIVERSITY AND ECOSYSTEM SERVICES,IPBES,,,,IPBES,,,,,,,#2578,,"",Grey Literature
The regional assessment report on BIODIVERSITY AND ECOSYSTEM SERVICES FOR ASIA AND THE PACIFIC,IPBES,,,,IPBES,,,,,,,#2579,,"",Grey Literature
The assessment report on LAND DEGRADATION AND RESTORATION,IPBES,,,,IPBES,,,,,,,#2580,,"",Grey Literature
The regional assessment report on BIODIVERSITY AND ECOSYSTEM SERVICES FOR AFRICA,IPBES,,,,IPBES,,,,,,,#2581,,"",Grey Literature
The regional assessment report on BIODIVERSITY AND ECOSYSTEM SERVICES FOR EUROPE AND CENTRAL ASIA,IPBES,,,,IPBES,,,,,,,#2582,,"",Grey Literature
"Climate Change 2022:Impacts, Adaptation and Vulnerability",IPCC,,,,IPCC,,,,,,,#2583,,"",Grey Literature
"AR5 Climate Change 2014: Impacts, Adaptation, and Vulnerability",IPCC,,2014,,IPCC,,,,,,,#2584,IPCC 2014,"",Grey Literature
GEO-6: Global Environment Outlook: Regional assessment for Asia and the Pacific,GEO-6,,2018,,GEO-6,,,,,,,#2587,GEO-6 2018,"",Grey Literature
GEO-6: Global Environment Outlook: Regional assessment for Latin America and the Caribbean,GEO-6,,2018,,GEO-6,,,,,,,#2588,GEO-6 2018,"",Grey Literature
GEO-6: Global Environment Outlook: Regional assessment for North America,GEO-6,,2018,,GEO-6,,,,,,,#2589,GEO-6 2018,"",Grey Literature
GEO-6: Global Environment Outlook: Regional assessment for West Asia,GEO-6,,2018,,GEO-6,,,,,,,#2590,GEO-6 2018,"",Grey Literature
GEO-6: Global Environment Outlook: Regional assessment for the Pan-European Region,GEO-6,,2018,,GEO-6,,,,,,,#2591,GEO-6 2018,"",Grey Literature
GEO-6 for youth,GEO-6,,2018,,GEO-6,,,,,,,#2592,GEO-6 2018,"",Grey Literature
"Global Environment Outlook For Youth, Africa",GEO-6,,2018,,GEO-6,,,,,,,#2593,GEO-6 2018,"",Grey Literature
"Methodological assessment regarding the diverse conceptualization of multiple values of nature and its benefits, including biodiversity and ecosystem functions and services",IPBES,,2022,,IPBES,,,,,,,#2594,IPBES 2022,"",Grey Literature
Sustainability and efficiency analysis w.r.t adoption of climate-smart agriculture (CSA) in Pakistan: a group-wise comparison of adopters and conventional farmers,"Imran, M.A.; Ali, A.; Culas, R.J.; Ashfaq, M.; Baig, I.A.; Nasir, S.; Hashmi, A.H.","Climate change, conventional agricultural management practices, and increasing water scarcity pose a major threat to agricultural production and biodiversity as well as environmental sustainability. Climate-smart agriculture (CSA) is recognized as an efficient, sustainable, and feasible agricultural system that plays a vital role in addressing the potential impacts of climate change in Pakistan. First-hand information was collected from 450 farm households in 24 villages from Okara, Sahiwal, and Khanewal irrigation divisions, having various wheat-based cropping systems of Pakistan. This includes rice–wheat (RW), maize-wheat (MW), and cotton-wheat (CW) cropping systems in the Lower Bari Doab Canal (LBDC) irrigation system. This study estimated and compared the sustainability and efficiency analysis of CSA and conventional agricultural practices. This study also estimated the impact of water-smart practices of the CSA, technical training, and groundwater quality on agricultural production by using production function and bootstrap truncated regression. The findings of this study revealed that adopters of CSA of the wheat-based cropping systems have higher economic benefits and improved resource use efficiencies compared to the conventional farmers. The findings of the study also revealed the increased efficiency of CSA adopters over other two systems in CW cropping system. The water-smart practices of CSA, access to credit, technical training, use of groundwater of varying quality, and other inputs also showed variations in the agricultural production and resource use efficiency. It has been concluded that farmers can earn more profit, save inputs (such as water), and increase their production by adopting water-smart practices of CSA. Hence, the government and other relevant institutions should devise and implement policies that adequately addressed the importance and enhance the use of water-smart practices of CSA in Punjab and beyond. © 2021, The Author(s), under exclusive licence to Springer-Verlag GmbH Germany, part of Springer Nature.",2022,,Environ. Sci. Pollut. Res.,29,13,19337-19351,,10.1007/s11356-021-17181-3,,#2595,Imran 2022,"",""
"Ecosystem Services Valuation for the Sustainable Land Use Management by Nature-Based Solution (NbS) in the Common Agricultural Policy Actions: A Case Study on the Foglia River Basin (Marche Region, Italy)","Morri, E.; Santolini, R.","Agricultural land is a very important ecosystem that provides a range of services like food, maintenance of soil structure, and hydrological services with high ecological value to human wellbeing Ecosystem Services (ESs). Understanding the contribution of different agricultural practices to supply ESs would help inform choices about the most beneficial land use management. Nature-based Solutions (NbS) are defined by IUCN (International Union for Conservation of Nature) as actions to protect, sustainably manage and restore natural or modified ecosystems, which address societal challenges (e.g., climate change, food and water security, or natural disasters) effectively and adaptively, while simultaneously providing human wellbeing and biodiversity benefits. Some actions farmers can implement in the new Rural Development Programs (RDP 2021–2022 and 2023–2027) can be considered as NbS and could affect the quantity, quality, and time of some ESs related to water regulation and supply, N adsorption and erosion protection. This study aims to evaluate these ESs in different scenarios in the upper Foglia river basin (Italy) and at a local scale (farming), and to highlight the issue to compensate farmers for the production of public goods which benefit the whole society (ESs) by the implementation of RDP’s actions. These scenarios highlight how actions have positive effects on ecosystem services and their economic value related to land use management, on maintaining agricultural practices by integrating Water Frame Directive (2000/60/EC), Directive 2007/60/EC on the management of flood risks and highlighting the potential role of farmers in a high diversity landscape. This study highlights a new way to evaluate the processes of natural capital in the production of public goods, which benefits the whole society (ESs), by emphasizing the economic and environmental role of farmers in producing them and putting on the table data to trigger a PES (Payment for Ecosystem Services) mechanism. To facilitate decision making, robust decision support tools are needed, underpinned by comprehensive cost-benefit analyses and spatially modeling in which agriculture can be a strategic sector to optimize food production and environmental protection in harmony with the Farm to Fork (F2F) strategy. © 2021 by the authors. Licensee MDPI, Basel, Switzerland.",2022,,Land,11,1,-,,10.3390/land11010057,,#2596,Morri 2022,"",""
Site-specific framework of sustainable practices for a Brazilian contaminated site case study,"Bueno, F.B.; Günther, W.M.R.; Philippi, A., Jr.; Henderson, J.","Management of contaminated sites requires application of remediation technologies to reduce environmental and human health risks, but these actions can also produce negative effects, such as energy and natural resources consumption, greenhouse gas emissions, and impacts on local communities. The tenets of sustainability can be used to select sustainable alternatives in the environmental cleanup of these areas to reduce negative consequences and seek new solutions for site reuse. The present study evaluates seven case studies of contaminated sites to identify how sustainable practices were adopted at each site and how environmental, economic and social benefits were achieved. Based on this survey, an in-depth analysis of 48 sustainable management practices was conducted to assess interim actions and institutional controls at a contaminated site located on the campus of University of Sao Paulo (USP) in the city of Sao Paulo, Brazil. The analysis involved a discussion about how future potential improvements to sustainable practices at the site could generate benefits and sustainable gains, such as improvement of quality of life of university students and surrounding communities; reduction of natural resource use, reduction of costs represented by the consumption of water and reduction of demand of potable water for society. The result of this analysis is a site-specific framework of 36 sustainable practices represented by a graphical approach with several examples that can be adopted during assessment and remediation on a case study basis, taking into account the needs and guidelines of the administration of the contaminated site. This approach can easily be adopted by the public and stakeholders who want to apply sustainable practices in other sites. The site-specific framework demonstrates how sustainable principles can be included in the process of contaminated sites management in an integrated process, meeting the needs and expectations of all affected stakeholders. © 2021 Elsevier B.V.",2021,,Sci. Total Environ.,801,,-,,10.1016/j.scitotenv.2021.149581,,#2597,Bueno 2021,"",""
Ecological restoration is not sufficient for reconciling the trade-off between soil retention and water yield: A contrasting study from catchment governance perspective,"Jiang, C.; Guo, H.; Wei, Y.; Yang, Z.; Wang, X.; Wen, M.; Yang, L.; Zhao, L.; Zhang, H.; Zhou, P.","Ecological restoration program (ERP) is widely recognized as an effective measure to combat land degradation and improve environmental quality. However, inappropriate ERPs lead to trade-offs between soil retention and water yield as well as conflicts of soil and water resources between the midstream and the downstream of catchment. This study aims to assess the efficiency of ERPs in soil erosion control and identify the trade-offs between soil retention and water yield through the lens of runoff and sediment regimes in contrasting catchments of the Loess Plateau (LP) and the Karst Plateau (KP). Although favorable climate and rapid vegetation restoration substantially reduced water erosion in both these areas, the hydrological responses were not the same because of climate differences. In the arid LP, water and energy variables correlated closely with vegetation cover. Excessive afforestation programs in drylands increased vegetation transpiration and soil evaporation, further exhausting soil water resources, and eventually causing water yield reduction. However, soil and water conservation programs (SWCPs) in the humid KP reduced sediment yield substantially, and the runoff remained stable. Significant runoff reduction in the midstream of the Yellow River aggravated water scarcity and threatened the downstream water demand. Meanwhile, sediment load decline in the LP and the KP impacted sediment deposition in the downstream and estuary formation. From the perspective of integrated catchment governance, human interventions including ERP and SWCP should be more sustainable and consider not only the target process at the local scale (intracoupling effect), but also unprecedented non-target process at the regional scale (telecoupling effect). In addition, it should allow for the supply-demand balance of competing soil and water resources to achieve the coordinated development of resources, environment, and production. © 2020",2021,,Sci. Total Environ.,754,,-,,10.1016/j.scitotenv.2020.142139,,#2598,Jiang 2021,"",""
Diverse policies leading to contrasting impacts on land cover and ecosystem services in Northeast China,"Mao, D.; He, X.; Wang, Z.; Tian, Y.; Xiang, H.; Yu, H.; Man, W.; Jia, M.; Ren, C.; Zheng, H.","Understanding where important ecosystem services originate in space and how they change in time is essential for sustainable ecosystem management. Spatially explicit information of integrated changes in land cover and ecosystem services impacted by diverse policies has been unavailable in Northeast China, limiting the improvement of human well-being. Therefore, this study integrated remote sensing, meteorological records, and statistical data to evaluate the impacts of policies on land cover and ecosystem services from 2000 to 2015. The results reveal that diverse policies induced both notable changes in land cover, as well as geospatially varied changes in ecosystem services. Specifically, agricultural cultivation was still the dominant factor driving the losses of woodland, grassland, and wetland, while large areas of croplands have been returned to natural land cover, including a net area increase in woodland (2256 km2). Cropland expansion occurred at the expense of wetland (7121 km2), while the expansion of built-up land was converted primarily from cropland (62.8%). Marked decrease in water yield was observed, while sandstorm prevention, habitat suitability, and grain production have been enhanced on the scale of Northeast China. Moreover, soil retention and ecosystem carbon stock decreased slightly. In terms of present policies and changes in ecosystem services, it is important to rethink the emphasis on food production, reduce policy-driven natural ecosystem losses, and enhance the effectiveness of ecological projects. The findings are expected to help achieve win-win outcomes between ecological conservation and social-economic development in Northeast China. © 2019",2019,,J. Clean. Prod.,240,,-,,10.1016/j.jclepro.2019.117961,,#2599,Mao 2019,"",""
Socioeconomic and policy considerations in the adoption of agroforestry systems: An ecosystem-based adaptive governance approach,"Akamani, K.; Holzmueller, E.J.","Owing to the shortfalls in conventional approaches to forestry and agriculture, agroforestry has been receiving attention among researchers and policy-makers since the 1970s as an alternative land use strategy in tropical systems. Agroforestry is a promising strategy for deriving a range of benefits, such as food and water security, ecosystem health, energy security, and human health particularly in developing nations. Agroforestry is also posited as a means of producing various ecosystem services necessary for mitigation and adaptation to climate change impacts. In spite of these expected benefits, the adoption of agroforestry policies has been limited, and the potential contributions of agroforestry to resilience and sustainable development remain unrealized. Drawing from theoretical insights in ecosystem management and adaptive governance, this chapter discusses the potential benefits of managing agroforestry systems as complex adaptive social-ecological systems. Ecosystem-based adaptive governance holds promise as a framework for increasing the adoption of agroforestry as a land-use strategy for achieving sustainable development and social-ecological resilience by promoting a more inclusive and dynamic approach to developing locally-based agroforestry models. The modified taungya system in Ghana and other relevant case studies are used to illustrate the argument. © Springer Nature Singapore Pte Ltd. 2017.",2018,,Agrofor.: Anecdotal to Mod. Sci.,,,833-855,,10.1007/978-981-10-7650-3_35,,#2601,Akamani 2018,"",""
Implementing climate variability at the community level in the Amazon floodplain,"Oviedo, A.F.P.; Mitraud, S.; McGrath, D.G.; Bursztyn, M.","The need to design measures for adapting to climate change is increasingly recognized as important and has encouraged research on the role of local ecological knowledge (LEK) in supporting adaptation. Studies of how LEK can help adapt to increasing climate variability remain limited. This article develops an approach through which the process of adaptation can be tracked at a community level. We describe how community residents in the Amazon floodplains incorporate natural hydrologic and ecological processes into their management systems to optimize ecosystem functioning.We describe two case studies where LEK is used as a resource by small-scale fisher-farmers in the Amazon floodplains to adapt to the increasing impacts on their livelihoods generated by changing climate patterns. This article draws on local histories and seeks to identify the critical factors that either facilitate or impede household ability to reduce their vulnerability. We found that the LEK of small fisher-farmers has facilitated the adaptation of a resource management system to optimize production across a broad range of floodplain habitats and conditions. There are, however, significant challenges to operationalizing these approaches, including an absence of systematically collected data on adaptation strategies and outcomes. In addition, local people must be integrated into policymaking processes so their knowledge can contribute to the design of locally appropriate policies for adapting to the impacts of climate related events. © 2016 Elsevier Ltd.",2016,,Environ. Sci. Policy,63,,151-160,,10.1016/j.envsci.2016.05.017,,#2602,Oviedo 2016,"",""
Experiences with adopting the catchment approach in sustainable land management: The case of kagera TAMP Tanzania,"Kaihura, F.; Schlingloff, S.","A regional project as part of the Transboundary Agroecosystems Management Project (Kagera TAMP) was implemented in the Kagera River basin covering Burundi, Rwanda Tanzania and Uganda. The project was implemented by the Food and Agriculture Organization (FAO) of the United Nations with financial support from the Global Environment Facility (GEF) and the governments of the riparian countries. In Tanzania, the project was conducted in four districts (Bukoba, Karagwe, Missenyi and Ngara) in the Kagera region. The project was implemented to address the causes of land degradation, restore ecosystem health and function and generate a range of global environmental benefits across the Kagera basin. In Tanzania, 10 micro-catchments were selected for project implementation involving 14,282 farmers covering about 3500 ha of land. The type, degree and direct and indirect causes of land degradation in the basin were assessed for different land use systems. Similarly, good practices of sustainable land management and their extent, effectiveness and trends were evaluated. A range of maps were developed and used to select land degradation priority areas for project intervention (hotspots). Successful sustainable land management (SLM) practices were introduced into the curriculum of the Farmer Field School (FFS), and a holistic catchment approach was adopted to address SLM in an integrated and multi-sectoral way. Through adopting this catchment approach (see also a long version of the definition on p. 15), drying water sources were regenerated that provide a reliable water supply for domestic and livestock use. Furthermore, training of extension staff and facilitators for the farmer field schools improved smallholder farmers’ knowledge and skills in applying sustainable land management practices. Cropland management increased the crop yield of bananas, maize, beans, and cassava from 20 % to sometimes more than 60 %. Planting of Cajanus cajan and other types of agroforestry technologies, application of farmyard manure and contouring were superior for improving soil quality and reducing soil erosion by more than 20 % of the covered area. Construction of physical contours and their strengthening with vegetative materials, such as fruit trees, grasses and shrubs, including Cajanus cajan, pineapples, vetiver and lemon grass, improved the soil quality. Improved soil quality also increased household income and improved household and community nutrition, which are short-term SLM benefits. These benefits were powerful incentives that led to wider adoption of SLM practices in all catchments. Soil organic carbon sequestration exceeded 20 %. Grassland carrying capacity was improved from 2.5 to 0.7, 5.0 to 0.4 and 3.3 to 0.7 ha/tropical livestock units (TLU). Grassland biodiversity regenerated with the reappearance of endangered trees, shrubs and grasses that have medicinal, socio-economic and cultural value. A total of 31 technical and three policy recommendations were developed and submitted to policy and decision makers for inclusion in development plans. The main challenges included the low priority given by national and local governments to land degradation issues and the lack of financing for and investment in upscaling of sustainable land management practices, limited attention given to land use conflicts and their management, and land tenure and addressing SLM on a sector basis instead of a multi-sector basis. With the benefits demonstrated in implementing the Kagera TAMP project, communities have been empowered to demand further improvement of their natural resources base. © Springer International Publishing AG 2016.",2016,,Climate Change and Multi-Dimensional Sustainability in African Agriculture: Climate Change and Sustainability in Agriculture,,,395-409,,10.1007/978-3-319-41238-2_21,,#2604,Kaihura 2016,Helena Alves do Prado (2023-11-09 23:12:54)(Included): Download pending; ,""
The New York Bight 25years later: Use impairments and policy challenges,"Ofiara, D.D.","This paper reexamines policies and outcomes concerning the NY Bight Restoration Plan, and the NY-NJ Harbor Estuary Program (NYNJHEP) precipitated by washups of marine debris and medical wastes in the New York Bight some 25-years ago. Findings indicate progress has been made but further work is necessary. Extensive beach closures have not occurred since 1987-88, although localized closings occur annually from pathogens. Objectives of ""0"" beach closures may not be feasible for some beaches, not to exceed 5% closures may be more achievable. Pathogen and DO data show further reductions of the last 10-20% will be more challenging and costly, suggesting ""hot spots"" be a focus for further remediation. Marine debris show increasing trends on beaches; presence of balloons, plastic bags, syringes and personal hygiene items found annually is another concern. Future challenges are on two fronts, upstream (harbor estuary based)-toxics, nutrient/organic loads, and atmospheric (bight based)-toxics, metals. © 2014 Elsevier Ltd.",2015,,Mar. Pollut. Bull.,90,1-2,281-298,,10.1016/j.marpolbul.2014.10.010,,#2605,Ofiara 2015,"",""
Tackling complexity: Understanding the food-energy-environment nexus in Ethiopia's lake TANA sub-basin,"Karlberg, L.; Hoff, H.; Amsalu, T.; Andersson, K.; Binnington, T.; Flores-López, F.; de Bruin, A.; Gebrehiwot, S.G.; Gedif, B.; zur Heide, F.; Johnson, O.; Osbeck, M.; Young, C.","Ethiopia has embarked upon a rapid growth and development trajectory aiming to become a middle-income country by 2025. To achieve this goal, an agricultural development led industrialization strategy is being implemented which aims to intensify and transform agriculture, thereby boosting yields and, subsequently, economic returns. At the same time, the energy use which currently consists of more than 90% traditional biomass use is shifting towards increasing electricity production predominantly from large-scale hydropower plants, with the aim to improve access to modern energy sources. While the targets are commendable it is not clear that either all direct impacts or potential conflicts between goals have been considered. In this paper we evaluate and compare the impacts of alternative development trajectories pertaining to agriculture, energy and environment for a case-study location, the Lake Tana Subbasin, with a focus on current national plans and accounting for cross-sector interlinkages and competing resource use: the food-energy-environment nexus. Applying a nexus toolkit (WEAP and LEAP) in participatory scenario development we compare and evaluate three different future scenarios. We conclude that the two processes - agricultural transformation and energy transition - are interdependent and could be partly competitive. As agriculture becomes increasingly intensified, it relies on more energy. At the same time, the energy system will, at least in the foreseeable future, continue to be largely supported by biomass, partly originating from croplands. Two outstanding dilemmas pertaining to resources scarcity were identified. Water needed for energy and agricultural production, and to sustain ecosystem services, sometimes exceeds water availability. Moreover, the region seems to be hitting a biomass ceiling where the annual increments in biomass from all terrestrial ecosystems are in the same order of magnitude as biomass needs for food, fodder and fuel. We propose that a stakeholder-driven nexus approach, underpinned by quantitative and spatially explicit scenario and planning tools, can help to resolve these outstanding dilemmas and can support more consistent policy and decision making, towards improved resource productivities, lower environmental pressures and enhanced human securities.",2015,,Water Altern.,8,1,710-734,,,,#2606,Karlberg 2015,"",""
Irrigation efficiency and water-policy implications for river basin resilience,"Scott, C.A.; Vicuña, S.; Blanco-Gutiérrez, I.; Meza, F.; Varela-Ortega, C.","Rising demand for food, fiber, and biofuels drives expanding irrigation withdrawals from surface water and groundwater. Irrigation efficiency and water savings have become watchwords in response to climate-induced hydrological variability, increasing freshwater demand for other uses including ecosystem water needs, and low economic productivity of irrigation compared to most other uses. We identify three classes of unintended consequences, presented here as paradoxes. Ever-tighter cycling of water has been shown to increase resource use, an example of the efficiency paradox. In the absence of effective policy to constrain irrigated-area expansion using ""saved water"", efficiency can aggravate scarcity, deteriorate resource quality, and impair river basin resilience through loss of flexibility and redundancy. Water scarcity and salinity effects in the lower reaches of basins (symptomatic of the scale paradox) may partly be offset over the short-term through groundwater pumping or increasing surface water storage capacity. However, declining ecological flows and increasing salinity have important implications for riparian and estuarine ecosystems and for non-irrigation human uses of water including urban supply and energy generation, examples of the sectoral paradox. This paper briefly considers three regional contexts with broadly similar climatic and water-resource conditions - central Chile, southwestern US, and south-central Spain - where irrigation efficiency directly influences basin resilience. The comparison leads to more generic insights on water policy in relation to irrigation efficiency and emerging or overdue needs for environmental protection. © Author(s) 2014.",2014,,Hydrol. Earth Syst. Sci.,18,4,1339-1348,,10.5194/hess-18-1339-2014,,#2607,Scott 2014,"",""
A policy-driven large scale ecological restoration: Quantifying ecosystem services changes in the loess plateau of China,"Lü, Y.; Fu, B.; Feng, X.; Zeng, Y.; Liu, Y.; Chang, R.; Sun, G.; Wu, B.","As one of the key tools for regulating human-ecosystem relations, environmental conservation policies can promote ecological rehabilitation across a variety of spatiotemporal scales. However, quantifying the ecological effects of such policies at the regional level is difficult. A case study was conducted at the regional level in the ecologically vulnerable region of the Loess Plateau, China, through the use of several methods including the Universal Soil Loss Equation (USLE), hydrological modeling and multivariate analysis. An assessment of the changes over the period of 2000-2008 in four key ecosystem services was undertaken to determine the effects of the Chinese government's ecological rehabilitation initiatives implemented in 1999. These ecosystem services included water regulation, soil conservation, carbon sequestration and grain production. Significant conversions of farmland to woodland and grassland were found to have resulted in enhanced soil conservation and carbon sequestration, but decreased regional water yield under a warming and drying climate trend. The total grain production increased in spite of a significant decline in farmland acreage. These trends have been attributed to the strong socioeconomic incentives embedded in the ecological rehabilitation policy. Although some positive policy results have been achieved over the last decade, large uncertainty remains regarding long-term policy effects on the sustainability of ecological rehabilitation performance and ecosystem service enhancement. To reduce such uncertainty, this study calls for an adaptive management approach to regional ecological rehabilitation policy to be adopted, with a focus on the dynamic interactions between people and their environments in a changing world. © 2012 Lü et al.",2012,,PLoS ONE,7,2,-,,10.1371/journal.pone.0031782,,#2609,Lü 2012,"",""
Uncovering ecological regime shifts in the Sea of Marmara and reconsidering management strategies,"Demirel, N.; Akoglu, E.; Ulman, A.; Ertor-Akyazi, P.; Gül, G.; Bedikoğlu, D.; Yıldız, T.; Yilmaz, I.N.","Ecosystem regime shifts can alter ecosystem services, affect human well-being, and trigger policy conflicts due to economic losses and reductions in societal and environmental benefits. Intensive anthropogenic activities make the Sea of Marmara ecosystem suffer from nearly all existing available types of ecosystem pressures such as biological degradation, exposure to hydrological processes, nutrient and organic matter enrichment, plastic pollution, ocean warming, resulting in deterioration of habitats. In this study, using an integrated ecosystem assessment, we investigated for the first time the historical development and ecosystem state of the Sea of Marmara. Multivariate analyses were applied to the most comprehensive and unique long-term data sets of 9 biotic and 15 abiotic variables for ecosystem state and drivers respectively, from 1986 to 2020. Observed changes were confirmed by detecting shifts in the datasets. The Sea of Marmara ecosystem was classified into three regimes: i) an early initial state regime under the top-down control of predatory medium pelagic fish and fisheries exploitation until mid-1990s, ii) a transitional regime between mid-1990s and mid-2010s as from ecosystem restructuring, and iii) an alternate state late regime with prevailing impacts of climate change from mid-2010s until 2020. During the 20 years transitional regime, three different phases were also characterized; i) the 1st phase between mid-1990s and early 2000s with its gradual change in ecosystem state from a decrease in predators and significant shift in physical drivers of the ecosystem, ii) the 2nd phase between 2000 and mid-2000s with a strong shift in ecosystem state, an ongoing increase in climate indices and fishing mortality, and a gradual decrease in water quality; and iii) the 3rd phase between mid-2000s and mid-2010s with the reorganization of the ecosystem dominated by small pelagic fish and ameliorated water quality. During late regime, we observed that most of the biotic variables, mainly fish biomass, and climate variables did not return to their initial state despite the improvement in some abiotic variables such as water quality. We identify these observed changes in the SoM ecosystem as a non-linear regime shift. Finally, we also developed concrete suggestions for improved regional management. © 2022 Elsevier Ltd",2023,,Mar. Environ. Res.,183,,-,,10.1016/j.marenvres.2022.105794,,#2612,Demirel 2023,Helena Alves do Prado (2023-11-09 23:11:37)(Included): Download pending; ,""
Barriers and opportunities of soil knowledge to address soil challenges: Stakeholders’ perspectives across Europe,"Vanino, S.; Pirelli, T.; Di Bene, C.; Bøe, F.; Castanheira, N.; Chenu, C.; Cornu, S.; Feiza, V.; Fornara, D.; Heller, O.; Kasparinskis, R.; Keesstra, S.; Lasorella, M.V.; Madenoğlu, S.; Meurer, K.H.E.; O'Sullivan, L.; Peter, N.; Piccini, C.; Siebielec, G.; Smreczak, B.; Thorsøe, M.H.; Farina, R.","Climate-smart sustainable management of agricultural soil is critical to improve soil health, enhance food and water security, contribute to climate change mitigation and adaptation, biodiversity preservation, and improve human health and wellbeing. The European Joint Programme for Soil (EJP SOIL) started in 2020 with the aim to significantly improve soil management knowledge and create a sustainable and integrated European soil research system. EJP SOIL involves more than 350 scientists across 24 Countries and has been addressing multiple aspects associated with soil management across different European agroecosystems. This study summarizes the key findings of stakeholder consultations conducted at the national level across 20 countries with the aim to identify important barriers and challenges currently affecting soil knowledge but also assess opportunities to overcome these obstacles. Our findings demonstrate that there is significant room for improvement in terms of knowledge production, dissemination and adoption. Among the most important barriers identified by consulted stakeholders are technical, political, social and economic obstacles, which strongly limit the development and full exploitation of the outcomes of soil research. The main soil challenge across consulted member states remains to improve soil organic matter and peat soil conservation while soil water storage capacity is a key challenge in Southern Europe. Findings from this study clearly suggest that going forward climate-smart sustainable soil management will benefit from (1) increases in research funding, (2) the maintenance and valorisation of long-term (field) experiments, (3) the creation of knowledge sharing networks and interlinked national and European infrastructures, and (4) the development of regionally-tailored soil management strategies. All the above-mentioned interventions can contribute to the creation of healthy, resilient and sustainable soil ecosystems across Europe. © 2022 The Authors",2023,,J. Environ. Manage.,325,,-,,10.1016/j.jenvman.2022.116581,,#2613,Vanino 2023,"",""
"Food, Energy, and Water Nexus at Household Level: Do Sustainable Household Consumption Practices Promote Cleaner Environment?","Shahbaz, P.; ul Haq, S.; Abbas, A.; Samie, A.; Boz, I.; Bagadeem, S.; Yu, Z.; Li, Z.","Governments around the globe are trying to find sustainable solutions for lessening pressure on natural resources and reducing carbon emissions. Daily household consumption of food, energy, and water has an impact on stocks of natural resources, environmental quality, and climate change. Households have significant potential for increasing conservation actions for efficient use of natural resources and greenhouse gas emissions. Households could contribute to a clean and healthy environment by adopting sustainable household practices through lower per capita consumption and carbon emissions. This study explored the role of different sustainable household consumption practices in promoting a clean environment as well as the factors affecting the adoption of these practices in Pakistan. Factor analysis and an ordered probit model were used to analyze the data from 1424 participants chosen through a multistage random sampling technique. The factor analysis identified 35 sustainable household practices for sustainable consumption. These 35 practices were grouped into the underlying factors of “Food” (14 items), “Energy” (12 items), and “Water” (9 items). The results from the econometric model showed a significant relationship between gender, education, residential area, family size, and income and the adoption of sustainable household consumption practices. Statistically, higher levels of reported sustainable consumption practices were apparent among females, households living in urban areas, more educated people, individuals of large family sizes, and more affluent households. Therefore, public policies for taking care of the environment need to put households at the center while at the same time promoting mass uptake of sustainable consumption practices related to food, energy, and water. In addition, the sector-specific policies also need to be augmented through focus on household-level consumption and production dynamics for achieving the UN’s SDGs. © 2022 by the authors.",2022,,Int. J. Environ. Res. Public Health,19,19,-,,10.3390/ijerph191912945,,#2614,Shahbaz 2022,"",""
"Assessment of flood recession farming for livelihood provision, food security and environmental sustainability in the Ganga River Basin","Singh, R.; Patel, S.K.; Tiwari, A.K.; Singh, G.S.","Poverty, food insecurity and environmental degradation are the recurrent problems in the Ganga River Basin (GRB). The Ganga River enriches the fertility of floodplain through flooding every year. Farmers have been utilizing this fertility for growing crops by flood recession farming (FRF) since antiquity. In this practice, farmers use moisture and nutrient rich soil of the floodplains for growing crops after water levels recede and harvest them before flooding in the river. This ancient method of food production plays a pivotal role in human well-being and environmental conservation in the GRB. Using the data collected from the farmers living along the Ganga River in Varanasi, this study explores the potentials of FRF through the dimensions of livelihood provision, food security and environmental sustainability. Field visits, household surveys, and focus group discussions (FGDs) were used to collect data. Results indicated that various practices and methods of FRF system underpin not only the livelihood and food security of small and marginal farmers but also enrich the sustainability of the environment. Environmental sustainability was assessed in the context of agro-biodiversity conservation, water resource management, soil health maintenance, and climate change mitigation and adaptation. The study concludes that the full potentials of flood recession farming can be assessed through a comprehensive research about the different aspects of FRF and mainstreaming this practice in policy-making for sustainable food production. © 2021 The Authors",2021,,Curr. Res. Environ. Sustain.,3,,-,,10.1016/j.crsust.2021.100038,,#2617,Singh 2021,"",""
Understanding the integration of ecosystem services and natural capital in Scottish policy,"Claret, C.; Metzger, M.J.; Kettunen, M.; ten Brink, P.","Despite the growing body of evidence highlighting how human activity both depends on and keeps deteriorating natural resources, traditional development models have failed to bring about conservation solutions to this contradiction. The twin concepts of ecosystem services and natural capital (ES/NC) have been coined to bridge this cognitive gap, by providing a framework to make the benefits that human societies derive from ecosystems more visible and intelligible for policy- and decision-making. As part as a global effort, European Union institutions have been promoting these notions over the last decade. The effective take-up of the ES/NC framework is therefore crucial to the success or failure of this attempted cognitive shift in influencing public decision outcomes. This article presents an assessment of the integration of ES/NC in Scottish policy, conceptually and operationally. Forestry is used as an exemplar policy sector to illustrate integration dynamics and limitations, but eight other policy areas were analysed: the environment, split up between its air, soil and water components, a broad category including agriculture, rural development and land use, fisheries and coastal matters, climate change, and bioenergy. The analysis of 224 policy documents, strategies and other policy-relevant documents demonstrates how Scotland has become an ‘ES/NC-literate’ polity through a proactive stance regarding global and European norms and requirements for nature conservation and the sustainable use of recourses. The ultimate outcome of these policies requires further analysis given the substantial implementation challenges. © 2018 Elsevier Ltd",2018,,Environ. Sci. Policy,88,,32-38,,10.1016/j.envsci.2018.05.019,,#2620,Claret 2018,"",""
Natural and traditional defense mechanisms to reduce climate risks in coastal zones of Bangladesh,"Ataur Rahman, M.; Rahman, S.","Substantially resourceful and densely populated coastal zones of Bangladesh experience numerous extreme events linked to hydro-meteorological processes viz. cyclones, tidal surges, floods, salinity intrusion and erosion etc. These hazards give rise to extensive damage to property and loss of lives every year. Further, anthropogenic activities in the coastal zones are accentuating environmental degradation causing widespread suffering. Cyclones and tornadoes in particular damage infrastructures and crops every year affecting the economy of the country negatively. Some naturally adapted plants as well as landscapes usually reduce the speed of cyclones and tornadoes and thus, protect the coastal zones. However, human activities have destroyed many of the forests and landscapes. Sundarbans and Chokoria Sundarbans mangrove forests of Bangladesh are under a great threat of extinction due to illicit logging and agricultural expansion. At least 34 plant species of tropical forest are on the verge of extinction. Many animals e.g., cats, bears, porcupines, wild boars, pythons and anteaters are in the process of being wiped out from the coastal areas. Among the marine and coastal species, Red crabs, jelly-fish, sharks, and dolphins are also rare but these were the major species prior to 1980s. This study revealed that during the recent decades there has been massive plantations and construction of embankment and polderization but these and other measures have been found to be impractical and ineffective in reducing disasters in coastal areas. There is a need for integration of traditional coping practices and wisdoms with modern approaches. Available knowledge on some of these traditional practices has been documented for establishing a sustainable policy for management of coastal zones of Bangladesh. By combining traditional and scientific management of coastal ecosystem with mangroves and other plants following triple-tier mechanism and habitat, it is possible to reduce the effects of natural and climate change-induced disasters. Under such a management system, the entire coastal zone can be made more productive and sustainable. © 2015 The Authors.",2015,,Weather Clim. Extremes,7,,84-95,,10.1016/j.wace.2014.12.004,,#2621,AtaurRahman 2015,"",""
The Contribution of Rural Development Programmes in Mitigating Greenhouse Gas Emissions in Italy,"Cóndor, R.D.; Vitullo, M.; Gaudioso, D.; Colaiezzi, M.","The Health Check reform, reinforcing the Common Agricultural Policy, emphasizes the role of agriculture in climate change, facing issues related to climate change, renewable energies, protection of biodiversity, water management, innovation, and dairy production. The CAP Health Check targets were included in the Rural Development Programmes (RDPs); a preliminary qualitative assessment identified that 14 RDPs include climate change targets and eight RDPs include the six Health Check targets (MIPAAF (2009): Analisi dei PSR sulle nuove sfide del Health Check—17/09/2009. Rete Rurale Nazionale 2007–2013). This paper aims to make an initial quantitative assessment of the impact of agriculture greenhouse gas (GHG) emission reduction measures in Italy, taking into account the 21 Italian RDPs. The conceptual framework of this work was based on a multiple criteria approach, which considers the analysis of diverse GHG emission reduction measures for the agriculture sector, and multiple rural development axis–measures–actions from RPDs. Main activities were found under measure 121 (farm modernization) and 214 (agri-environment). A more rational use of nitrogen fertilizers can result in an effective mitigation action (reduction of N2O emissions). Concerning emissions of CH4 from manure management, the adoption of biogas recovery could be relevant; while other specific incentives for electric power production are also supporting methane emission reduction (&amp;lt;1 MW special fee and &amp;gt;1 MW green certificates). © 2012, Springer-Verlag Berlin Heidelberg.",2012,,Climate Change Manag.,,,367-387,,10.1007/978-3-642-22266-5_23,,#2622,Cóndor 2012,"",""
Historical ecology provides new insights for ecosystem management: Eastern Baltic cod case study,"MacKenzie, B.R.; Ojaveer, H.; Eero, M.","A recent historical marine ecological case study (cod in the eastern Baltic Sea) is used to show how long-term data and knowledge of fluctuations can contribute to revisions of fishery management policy. The case study first developed new longer analytical time series of spawner biomass and recruitment back to the 1920s, which extended knowledge of population dynamics into a time period when ecosystem state was characterized by temporally varying combinations of exploitation, climate-hydrographic conditions, marine mammal predation and eutrophication. Recovery of spatially resolved historical catch data from the late 1500s to early 1600s also contributed new perspectives to cod population dynamics under alternative ecosystem forcings. These new perspectives have contributed, and will likely continue to contribute to new management policies (e.g., revision of fishery management reference points), which should lead to higher sustainability of the population and fishery yields, and improved overall ecosystem health. These perspectives will likely continue to provide baseline information as ICES and the EU develop new policies based on maximum sustainable yield concepts. © 2010 Elsevier Ltd.",2011,,Mar. Policy,35,2,266-270,,10.1016/j.marpol.2010.10.004,,#2623,MacKenzie 2011,"",""
