Covidence #,Study ID,Title,Reviewer Name,Select all geographic regions the paper focusses on according to UN standard area codes (https://unstats.un.org/unsd/methodology/m49/),"If relevant, enter names of the countries the study focusses on (separating multiple country names with "","") according to UN standard country names (https://unstats.un.org/unsd/methodology/m49/)",Select the relevant spatial scales (extent) of the study. Choose all that apply.,Does the study provide evidence for addressing any of the following nexus challenges?,Nexus Challenges Notes,Policy Effectiveness:,"Level of consideration of synergies and trade-offs (e.g., among nexus elements) Enabler","Level of consideration of synergies and trade-offs (e.g., among nexus elements) Barrier",Diversity of approaches employed to reach targets Enabler,Diversity of approaches employed to reach targets Barrier,Effectiveness of monitoring and evaluation Enabler,Effectiveness of monitoring and evaluation Barrier,Level of consideration of distributional implications Enabler,Level of consideration of distributional implications Barrier,Clarity and measurability of targets Enabler,Clarity and measurability of targets Barrier,Level of alignment with social values and priorities Enabler,Level of alignment with social values and priorities Barrier,Level of alignment with political values and priorities Enabler,Level of alignment with political values and priorities Barrier,Level of alignment with international priorities Enabler,Level of alignment with international priorities Barrier,Level of common understanding of nexus challenges and opportunities Enabler,Level of common understanding of nexus challenges and opportunities Barrier,Level of tailoring of policies/instruments to specific regional nexus relations Enabler,Level of tailoring of policies/instruments to specific regional nexus relations Barrier,"Level of complexity (e.g., in dynamics, uncertainty, and policy solutions) Enabler","Level of complexity (e.g., in dynamics, uncertainty, and policy solutions) Barrier",Spatial scale of implementation Enabler,Spatial scale of implementation Barrier,Temporal scale of implementation Enabler,Temporal scale of implementation Barrier,Level of intergenerational thinking Enabler,Level of intergenerational thinking Barrier,Level of consideration of diversity in institutional and actor values Enabler,Level of consideration of diversity in institutional and actor values Barrier,Institutional Capacity:,Number and quality of strategic partnerships Enabler,Number and quality of strategic partnerships Barrier,Level of participatory and collaborative planning Enabler,Level of participatory and collaborative planning Barrier,Level of attention to power asymmetries and redistribution of power Enabler,Level of attention to power asymmetries and redistribution of power Barrier,Level of coordination among sectors Enabler,Level of coordination among sectors Barrier,Characteristics of political systems and political cycles Enabler,Characteristics of political systems and political cycles Barrier,Level of organisational learning and course correction capability Enabler,Level of organisational learning and course correction capability Barrier,Economics & Financing:,Cost (including opportunity costs) Enabler,Cost (including opportunity costs) Barrier,Cost-benefit ratio Enabler,Cost-benefit ratio Barrier,Level of investment/financing Enabler,Level of investment/financing Barrier,Adequacy of economic valuation of nature Enabler,Adequacy of economic valuation of nature Barrier,Level of evaluation of environmental externalities Enabler,Level of evaluation of environmental externalities Barrier,Level to which property rights are well defined and/or accepted Enabler,Level to which property rights are well defined and/or accepted Barrier,Level of quantification of spatial heterogeneity in social-ecological costs and benefits Enabler,Level of quantification of spatial heterogeneity in social-ecological costs and benefits Barrier,Level of commodification of nature Enabler,Level of commodification of nature Barrier,Level to which financial incentives crowd out other incentives Enabler,Level to which financial incentives crowd out other incentives Barrier,Ratio of short-term to long-term funding Enabler,Ratio of short-term to long-term funding Barrier,Extent to which funding is siloed Enabler,Extent to which funding is siloed Barrier,Behaviour & Lifestyle:,Level and acceptability of social movements and citizen engagement Enabler,Level and acceptability of social movements and citizen engagement Barrier,"Nature of habits, beliefs, and values Enabler","Nature of habits, beliefs, and values Barrier",Extrent of individual and collective agency and leadership Enabler,Extrent of individual and collective agency and leadership Barrier,Amount and quality of awareness and education Enabler,Amount and quality of awareness and education Barrier,Ability to implement environmental litigation Enabler,Ability to implement environmental litigation Barrier,Extent and quality of media coverage Enabler,Extent and quality of media coverage Barrier,Level of focus on individual behaviour versus broader systemic change Enabler,Level of focus on individual behaviour versus broader systemic change Barrier,Level of ethical concerns about influencing behaviour/lifestyle changes Enabler,Level of ethical concerns about influencing behaviour/lifestyle changes Barrier,Technology:,Access to technology Enabler,Access to technology Barrier,Level of technology lock-in/path dependencies Enabler,Level of technology lock-in/path dependencies Barrier,Level of access to monitoring systems for integrated monitoring of the nexus Enabler,Level of access to monitoring systems for integrated monitoring of the nexus Barrier,Level of trust in technological solutions Enabler,Level of trust in technological solutions Barrier,Material Endowment (Non-financial):,Availability of natural capital Enabler,Availability of natural capital Barrier,Availability of produced capital Enabler,Availability of produced capital Barrier,Availability of human capital Enabler,Availability of human capital Barrier,Availability of social capital Enabler,Availability of social capital Barrier,"Are any other enablers mentioned? Separate multiple enablers with "","". ","Are any other barriers mentioned? Separate multiple barriers with "","".",Are any enablers or barriers mentioned specifically with respect to scaling?,Enablers & Barriers Notes,"Are any of the following governance approaches proposed or assessed as solutions to the above nexus challenges? Use your judgement to select one of the four governance approaches listed and then use the ""other"" category to list any specific governance approaches referred to in the study (separate multiple governance approaches with "","")",Governance Approaches Notes,What type of policy instruments are considered to operationalise the response options proposed or assessed?,"What specific policy instruments are proposed or assessed? Separate multiple policy instruments with "","".",Policy Instruments Notes,"Are any leverage points or levers specifically mentioned? Separate multiple leverage points with "","".",Which types of actors are involved in the implementation of the response options proposed or assessed?,"Which specific actors are considered? Separate multiple actors/institutions with "","".",Is there any evidence of intermediaries facilitating change? If so describe this below.,Actors Notes,Which nexus elements are considered?,Nexus Elements Notes,Which of the following cross cutting issues are considered?,Cross Cutting Issues Notes,What type of paper is this?,Type of Paper Notes,Would this paper make a good case study?,Case Studies Notes,"Do you have any other notes, comments, or insights on this paper?"
1,Yin 2023,Key axes of global progress towards the Sustainable Development Goals,Consensus,Not applicable (no specific spatial location),,Not applicable (no specific spatial location),Challenge #1 - Nexus Complexity Challenge (addressing and embracing nexus complexity),,,,,,,,,,,,,,,,,,,,,,,,,,,,,,,,,,,,,,,,,,,,,,,,,,,,,,,,,,,,,,,,,,,,,,,,,,,,,,,,,,,,,,,,,,,,,,,,,,,,,,,,,,No,,,,,,,,,,,,Biodiversity; Food; Water,,Energy,,Empirical,,No,,"The papers tracks changes in SDG indicators on the 2000-2020 period, and applies PCA analysis to identify key characteristics of SDG progress, as well as the SDG with the stronger contributions to progress. No instruments, barriers, or enablers to nexus challenge is mentioned. Not very relevant "
6,Ptak 2023,Navigating the nexus: The role of intermediaries in charting a new frontier of policy integration for agrifood and energy systems transformation,Consensus, Northern Europe,Scotland,Subnational >100 km² (watershed),Challenge #1 - Nexus Complexity Challenge (addressing and embracing nexus complexity); Challenge #3 – Nexus Governance Challenge (effective governance of the nexus) ,,,X,,,,,,,,,,X,,X,,,,,,,,,,,,,,,,,,,X,,X,,,,,,,,X,,,,,,,X,X,,,,,,,,,,,X,,,,,,,X,,,,X,,X,,,,X,,,X,X,,,X,,,,,,X,,,,,,,,,X,,"Grants for in­vestments to adopt energy-smart technology, knowledge network","Negative perceptions associated with the concept of climate change (some farmers feared more farming regulations and bureaucracy. They felt blamed and burdened with the responsibility for addressing the climate crisis, which conflicted with their role as food producers in society), Level of inertia/motivation of farmers (change the mindset was difficult), high cost of investment impedes farmers’ ability to adopt energy-smart practices",No,"Authors emphasize that farmers who participated the study may already have an interest in climate-smart practices, and therefore indicate a self-selection bias",Hierarchical Governance; Network Governance,"The author emphasize that farmers who took part into the study may already have an interest in climate-smart practices, and therefore indicate a self-selection bias",Legal and Regulatory Instruments; Economic and Financial Instruments,"Scottish Climate Change Plan (SCCP), Climate Change Plan, Climate Change Act, Scotland’s Rural Development Programme",,"""As the Scotland case study demonstrates, integrating energy-smart practices as social innovation leads to dispersion of actor assem­blages within the farmer knowledge network and creates an enabling 
environment for emergent configurations to arise"".","Private; Media; Civil Society; Academia; Governments; Other: Farmers (unspecified), Farm advisores","Scottish Rural Development Programme Farm Advsory Service, Sottish Environmental Protection Agency, Farming for a Better Climate Initiative (FFBC)","Yes. Advisors and FFBC Manager provided informations about the iniatitive under development and outcomes. According to authors, advisors functioned as information providers and facilitator.",,Food; Water,,Energy; Other: Policyscape (policy landscape),,Review; Empirical,,Maybe,"""A potential policy solution to overcome financial barriers is to shift from individual-focused to systems-based policy instruments that promote cross-sectoral participatory schemes""",
8,Kapucu 2023,Partnerships and Network Governance for Urban Food-Energy-Water (FEW) Nexus,Consensus,Northern America; Not applicable (no specific spatial location),"USA (Florida), as the country (state) of the case projects ",Subnational >100 km² (watershed); Not applicable (no specific spatial location),Challenge #3 – Nexus Governance Challenge (effective governance of the nexus) ,The paper addressed multiple aspects of governance but reinforce the impportance of network aspects.,,x,,,,,,,,,,,,,,,,,,,,,,,,,,,,,,,x,,,,,,,,,,,,,,,,,,,,,,,,,,,,,,,,,,X,,,,,,,,,,,,,,,,,,,,,,,,,,,,,,,,,,,,,,No,,Network Governance,This is the focus of the paper how network governance and partnership can promote nexus in the urban context.,Legal and Regulatory Instruments,,,,Private; Civil Society; NGOs; Governments,,,,Food; Water,,Equity; Energy,,Perspective; Other: Cases,,Maybe,,It is a nice paper to discuss aspects related to implementing nexus actions at local scales in different contexts/projects. 
11,Hejnowicz 2022,Appraising the Water-Energy-Food Nexus From a Sustainable Development Perspective: A Maturing Paradigm?,Consensus,Northern Africa; Sub-Saharan Africa; Latin America and the Caribbean; Northern America; Central Asia; Eastern Asia; South-eastern Asia; Southern Asia; Western Asia; Melanesia; Micronesia; Polynesia,The Global South,Multi-regional (multiple continents/geographic regions),"Challenge #1 - Nexus Complexity Challenge (addressing and embracing nexus complexity); Challenge #2 – Nexus Values Challenge (considering multiple values and trade-offs); Challenge #3 – Nexus Governance Challenge (effective governance of the nexus) ; Challenge #4 – Nexus Financial Challenge (ensuring adequate financing for the nexus); Challenge #5 – Nexus Knowledge and Scaling Challenge (ensuring adequate data, information, and monitoring)",,,,,,,,,x,,,,x,,x,,,,,,,,,x,x,,,x,,,,,,,,x,,,x,x,,,,x,,,,x,x,,x,,,,,x,,x,x,,,,,,,,,,,,,,,x,,x,,,,,,,,x,,,,,,,,,,,,,,,,,,,,,,,,,,Legal and Regulatory Instruments; Economic and Financial Instruments,,,,Private; Funders; Civil Society; Academia; IPLCs; Governments,,,,Biodiversity; Climate; Health; Food; Water,,Equity; Poverty; Economic growth; Employment; Indigenous values and knowledge; Education; Energy,,Review,,No,"The goal of the paper is to ""outline 10 emergent research areas"" rather than assess a policy intervention",
12,Kotzé 2022,Towards planetary nexus governance in the Anthropocene: An earth system law perspective,Consensus,Not applicable (no specific spatial location),,Not applicable (no specific spatial location),"Challenge #3 – Nexus Governance Challenge (effective governance of the nexus) ; Challenge #5 – Nexus Knowledge and Scaling Challenge (ensuring adequate data, information, and monitoring)",,,x,,x,,,,,,,,,,,,,,x,,,,,x,,x,,x,,,,,,,,,,,x,x,,,,,,,,x,,,,,,,,,,,,,,,,,,,,,,,,,,,,,,,,,,,,,,,,,,,,,,,,,,,,,,,,,,Yes,"""The planetary scale is increasingly emerging as a new framework to scale up, reframe, and reinvigorate existing debates about (planetary) health (Myers, 2017) and (planetary) justice (Biermann & Kalfagianni, 2020), among others.""",Other: Polycentric governance,,Legal and Regulatory Instruments,Earth system law framework,,"The return of Kantian ethics via a grundnorm that uses planetary boundaries for the Earth system to ground international law, Secondary rules: the legal systems rules about how the international legal process works, The liability regime for international organisations including specifically COPs (autonomous institutional arrangements with a considerable degree of agency and law-making power which should in principle be accompanied by a corresponding level of responsibility to make the type of laws that actually give full effect to the overall objectives of treaty regimes).",Civil Society; Governments,,,,Biodiversity; Climate; Health; Food; Water,,Equity; Energy,,Other: Special Issue Article,,No,"Its very broad and a bit ""hand wavy""",
14,Morales-Muñoz 2022,Co-Benefits Through Coordination of Climate Action and Peacebuilding: A System Dynamics Model,Consensus,Not applicable (no specific spatial location),,Not applicable (no specific spatial location),Challenge #3 – Nexus Governance Challenge (effective governance of the nexus) ,,,,,,,,,,,,,,,,,,,,,,,,,,,,,,,,,,,,,,,,,,,,,,,,,,,,X,,,,,,,,,,,,,,,,,,,,,,,,,,,,,,,,,,,,,,,,,,,,,,,,,X,,,,"conflict, climate change, siloed approach, lack of expertise, weak governance",No,,Network Governance,"Doesn't really look at specific governance approaches but calls for coordination - this is interpreted as ""network governance"" based on the text. Focusses on entry points which could be interpreted as leverage points.",,,No specific policy instruments looked at.,"Technical solutions for environmental sustainability aiming to mitigate and adapt to climate change with processes at the societal level that enhance governance structures and facilitate dialogue, Peacebuilding as an Entry Point for Climate Action and Sustainable Livelihoods, Climate Actions as an Entry Point for Managing Natural Resources and Creating Livelihoods Contributing to Peace, Sustainable Natural Resource Management as an Entry Point for Climate Change and Conflict Prevention, Food Security and Livelihood Development as an Entry Point for Natural Resource Management and Peace  ","Academia; Multilateral Organisations; Governments; Other: humanitarian actors, advocacy actors, research centres, development banks",United Nations,,,Biodiversity; Climate; Food; Water,,"Other: social cohesion, livelihoods",,Review; Modelling,,No,,"From the Introduction: Inspired by the theory of co-benefits and system dynamics modeling, this article explores when and how ostensibly separate interventions for climate action and peacebuilding can be coordinated to address climate security risks and to enhance related co-benefits that contribute to sustainable peace."
15,Samadi-Foroushani 2022,Integrated Water Resources Management Based on Water Governance and Water-food-energy Nexus through System Dynamics and Social Network Analyzing Approaches,Consensus,South-eastern Asia,Iran,Subnational >100 km² (watershed),Challenge #1 - Nexus Complexity Challenge (addressing and embracing nexus complexity); Challenge #3 – Nexus Governance Challenge (effective governance of the nexus) ,,,X,X,,,,,,,,,,X,,X,,,,,,,,,,,,,,,,,,,,X,X,,X,,X,,,,,,,,,,,,,,,,,,,,,,,,,,,,,,,,,,,,,,,,,,,,,,,,,,,,,,,,,,,,,,,,,No,,Other: Integrated governance approach,,,,,,Private; IPLCs; NGOs; Governments,"Ministry of agriculture, ministry of petroleum, people and local communities, NGOs",,,Food; Water,,Equity; Energy,,Empirical,,No,,"The paper applies SNA of legal collaborations in Iran, to analyse actors power and interest in the WFE nexus. Conclusions are not always supported by the analyses"
21,Sarkodie 2022,Global adaptation readiness and income mitigate sectoral climate change vulnerabilities,Consensus,Not applicable (no specific spatial location),,Multi-regional (multiple continents/geographic regions),Challenge #2 – Nexus Values Challenge (considering multiple values and trade-offs); Challenge #3 – Nexus Governance Challenge (effective governance of the nexus) ,,,,x,,,,,,,,,,,,,,,,,,,,,,,,,,,,,,,,,,,,,,,,,,,,,,,,,,,,,,,,,,,,,,,,,,,,,,,,,,,,,,,,,,,,,,,,,,,,,,,,,,,,,,No,,Other,I was not able to identify anu governance approach but it explores a sectorial perspective of the climate governance and how it can impact other sectors.,"Other: I would say that the paper suggests a technical input to feed political actions, ' including planning, managing, designing, implementing, and monitoring resilient climate change vulnerability-based development action...'",,,Not cited.,Private; Funders; Multilateral Organisations; Governments,,,"None actors are explicitly cited, but based on the manuscript content I could get some hints on actors...",Biodiversity; Climate; Health; Food; Water,BUT it is not among all dimensions is climate-all nexus (see figure 1),,,Conceptual/theoretical; Empirical,Very nice paper at global scale analysis... It can provide good perspectives to compare regions worldwide.,No,I would say no because the manuscript is at global scale; thus it does not provide enough information to describe a case study...,
48,Taghdisian 2022,A Societal Metabolism Approach to Effectively Analyze the Water–Energy–Food Nexus in an Agricultural Transboundary River Basin,Consensus,Western Asia,Iran,National (whole country),"Challenge #1 - Nexus Complexity Challenge (addressing and embracing nexus complexity); Challenge #2 – Nexus Values Challenge (considering multiple values and trade-offs); Challenge #3 – Nexus Governance Challenge (effective governance of the nexus) ; Challenge #5 – Nexus Knowledge and Scaling Challenge (ensuring adequate data, information, and monitoring)",,,,,,,,,,,,,,,,,,,,,,,,,,,,,,,,,,,,,,,,,,,,,,,,,,,,,,,,,,,,,,,,,,,,,,,,,,,,,,,,,,,,,,,,,,,,,,,,,,,,,,,,,,No,the article doesn't explicitly mention factors as either enablers or barriers. ,Network Governance,,Economic and Financial Instruments,,,none,Governments,,,,Food; Water,,Poverty,,Conceptual/theoretical,,Maybe,,
53,Irbık 2022,A Systematic Literature Review of Water-Migration-Gender Nexus Toward Integrated Governance Strategies for (Non) Migrants,Consensus,Not applicable (no specific spatial location),,Not applicable (no specific spatial location),Challenge #1 - Nexus Complexity Challenge (addressing and embracing nexus complexity); Challenge #3 – Nexus Governance Challenge (effective governance of the nexus) ,,,,,,,x,,,,,,,x,x,,,,x,,,,,x,,,,,,,,,,,,x,,,x,,,,x,,,,,x,,,x,,,,,,x,,,,,,,,,x,,,,,,,,,,x,,,,,,,,,,,,,,,x,,,,,,,,x,,,,x,,,No,,Hierarchical Governance,,Legal and Regulatory Instruments; Rights-Based Instruments and Customary Norms; Economic and Financial Instruments; Social and Cultural Instruments,,,,NGOs; Regional Organisations; Multilateral Organisations; Governments,,,,Climate; Water,,"Other: Migration, gender",,Review,,No,"Analysis of the the gender aspects in women’s experiences, challenges, and opportunities due to climate change and water stressors.",
56,Bruns 2022,Nexus disrupted: Lived realities and the water-energy-food nexus from an infrastructure perspective,Consensus,Sub-Saharan Africa,Ghana; South Africa; Burkina Faso ,Local >1 km² to 100 km² (neighbourhood to municipality); Subnational >100 km² (watershed),Challenge #1 - Nexus Complexity Challenge (addressing and embracing nexus complexity); Other: Nexus disruptions,,,,,,,,,,,,,,,,,,,,,,,,,,,,,,,,,,,X,,,,X,,,,,,,,,,,,,X,,,,,,,,,,,,,,,,,,,,,,,,,,,,,,,,,,,,X,,,,,,,,,,,X,,,,,,,No,"""Disruption"" identified as a barrier or enabler.",Network Governance,"Conceptualises ""nexus infrastructure"" as a network.",,,No specific policy instruments assessed.,"efficiency, technocracy, power imbalances, injustice. ",Private,Village chiefs; individuals; energy and water providers,,,Food; Water,,Equity; Energy; Other: Gender,,Perspective,,No,,Really a study on conceptualising the nexus rather then proposing governance solutions.
58,Pascual 2022,Governing for Transformative Change across the Biodiversity-Climate-Society Nexus,Consensus,Not applicable (no specific spatial location),,Not applicable (no specific spatial location),Challenge #1 - Nexus Complexity Challenge (addressing and embracing nexus complexity); Challenge #2 – Nexus Values Challenge (considering multiple values and trade-offs); Challenge #3 – Nexus Governance Challenge (effective governance of the nexus) ; Challenge #4 – Nexus Financial Challenge (ensuring adequate financing for the nexus),,,,X,,,,X,,,,,,,X,,,,,,,X,,X,X,x,X,X,,,,X,,,,X,X           ,,X,,X,,,X,,,,X,,,,X,,,,X,,X,,,,X,,,,,,X,,,,X,,,,,,,,,,X,X,,,,,,X,,,,,,,,,,,,,,,,,No,,,,Rights-Based Instruments and Customary Norms; Economic and Financial Instruments; Social and Cultural Instruments,"REDD+, fisheries subsidies, urban planning, codesign of natural resource management",,,Funders; Civil Society; IPLCs,,,,Biodiversity; Climate; Health; Food,,Equity; Poverty; Indigenous values and knowledge,,Review; Perspective,,Yes,,"Focus on transformative governance for a nexus including biodiversity, Climate and other cross-cutting societal issues. "
60,Gladstone-Gallagher 2022,"Social-ecological connections across land, water, and sea demand a reprioritization of environmental management",Consensus,Australia and New Zealand,New Zealand,"Local >1 km² to 100 km² (neighbourhood to municipality); Regional (multiple countries, whole continents)","Challenge #1 - Nexus Complexity Challenge (addressing and embracing nexus complexity); Challenge #2 – Nexus Values Challenge (considering multiple values and trade-offs); Challenge #3 – Nexus Governance Challenge (effective governance of the nexus) ; Challenge #5 – Nexus Knowledge and Scaling Challenge (ensuring adequate data, information, and monitoring)","While the study may touch upon these challenges, it's important to note that it does not provide an exhaustive exploration of each challenge but rather hints at their relevance within the context of social-ecological connections and environmental management.",,x,,,,x,,,,,,,,,,,,x,,,,,x,,,,,,,,,,,,,,,,,x,,x,x,,,,x,,,,,,,,,,,,,,,,,,,,,,,,,,,,,,,,,,,,,,,,,,,,,,,,,,,,,,,,,,,,Network Governance; Community Governance,,Other: none,,,none,Academia,,,,Food; Water,,Education,,Perspective,,Maybe,,
61,SoaresDalPoz 2022,"Food, Energy and Water Nexus: An Urban Living Laboratory Development for Sustainable Systems Transition",Consensus,Not applicable (no specific spatial location),,Not applicable (no specific spatial location),"Challenge #1 - Nexus Complexity Challenge (addressing and embracing nexus complexity); Challenge #2 – Nexus Values Challenge (considering multiple values and trade-offs); Challenge #3 – Nexus Governance Challenge (effective governance of the nexus) ; Challenge #4 – Nexus Financial Challenge (ensuring adequate financing for the nexus); Challenge #5 – Nexus Knowledge and Scaling Challenge (ensuring adequate data, information, and monitoring)",,,x,,x,,x,,,,,,,,,,,,x,,,,,,,,,,,,,,,,,x,,,,x,,,,,,,,,,,,,,,,,,,,,,,,,,,,,,,,,,,,,,,,,,,,,,,,,,,,,,,,,,,,,,,,,,No,,Network Governance,,Other: none,,,none,Private; Governments,"Public managers
Farmers
Sustainability transition experts
Representatives of the third sector
Environmental regulatory agencies",no,,Food; Water,,Energy,,Empirical,,Yes,,
65,Lazaro 2022,Ten Years of Research on the Water-Energy-Food Nexus: An Analysis of Topics Evolution,Consensus,Not applicable (no specific spatial location),,Not applicable (no specific spatial location),Challenge #1 - Nexus Complexity Challenge (addressing and embracing nexus complexity); Challenge #3 – Nexus Governance Challenge (effective governance of the nexus) ,,,,X,,,,,X,,,,,,,,,,,,,,,,,,,,,,,,,,,X,,,,X,,,,,,,,,,,,,,,,,,,,,,,,,,,,,,,,,,,,,,,,,,,,,,,,,,,,,,,,,,,,,,,,,,No,,Other: governance that allow coordination between different actors,,,,,,,,,,Food; Water,,Energy,,Review,,No,,Focus on what themes / questions structured the nexus literature
66,Daoudy 2022,"What is climate security? Framing risks around water, food, and migration in the Middle East and North Africa",Consensus,Northern Africa; Western Asia,,Not applicable (no specific spatial location),Challenge #1 - Nexus Complexity Challenge (addressing and embracing nexus complexity); Challenge #3 – Nexus Governance Challenge (effective governance of the nexus) ,"This essay reviews the literature on climate security, exploring the human security impacts of climate change in the Middle East and North Africa (MENA) with particular attention to the scholarly literature on vulnerability and adaptation. It also examines the policy implications of discourses that frame water, food, and climate-induced migration as security threats. ",,,,,,,,x,,,,,,x,,x,,x,,,,x,,x,,,,,,,,,,x,,,x,,x,,,x,,,,,,,,x,,,,,,x,,,,,,,,,,,,,,,,x,x,,x,,,x,,,,,,,,,,,,,,,,,,x,,x,,x,,x,,,No,,Hierarchical Governance,,"Other: Strategies to decrease vulnerability and provide better adaptation must be interwoven across all interventions, especially focused on those that mitigate water and food insecurity",NA,,,Private; Media; Civil Society; Academia; Governments; Other: Politicians,NA,,,Climate; Food; Water,,Equity; Poverty; Employment,,Review,,No,Not much focus on response options,
67,Giuntoli 2022,The quest for sustainable forest bioenergy: win-win solutions for climate and biodiversity,Consensus,Eastern Europe;  Northern Europe; Southern Europe; Western Europe,,"Regional (multiple countries, whole continents)",Challenge #3 – Nexus Governance Challenge (effective governance of the nexus) ,,,,,,,,,,,,,,,,x,,,,,x,,,,,,,,,,,,,,,,,,,,,,,,,,,,,,,,,,,,,,,,,,,,,,,,,,,,,,,,,,,,,,,,,,,,,,,,,,,x,,,,,,,,,awareness and epistemic humility,No,,Network Governance,,Legal and Regulatory Instruments,,,,Regional Organisations,,,,Biodiversity; Climate,,Economic growth; Energy,,Review,,Yes,,
70,Mathetsa 2022,A Water-Centric Approach in the Assessment and Governance of the Water-Energy-Climate Change Nexus in South Africa,Consensus,Sub-Saharan Africa,South Africa,National (whole country),Challenge #1 - Nexus Complexity Challenge (addressing and embracing nexus complexity),,,x,,,,x,,,,,,,x,,x,,,x,,,,,x,,,,,x,,,,,,,,,,,x,,,,,,,,,,,,,,,,,,,,,,,,,,,,,,,,,,,,,,,,,,,,,,,,,,,,,,,,,,,,,,,,,,,"the article primarily focuses on the assessment of the nexus and its challenges, rather than delving into specific factors that facilitate or hinder scaling of nexus responses.",," the article emphasizes the need for improved data collection, accessibility, and coordination among key stakeholders to address the nexus challenges effectively. Therefore, none of the listed governance approaches are explicitly mentioned or assessed in the study.",Other: none,,,,Other: none,,,,Climate; Water,,Energy,,Conceptual/theoretical,,Maybe,,
71,Tye 2022,The food water energy nexus in an urban context: Connecting theory and practice for nexus governance,Consensus,Not applicable (no specific spatial location),,Not applicable (no specific spatial location),Challenge #1 - Nexus Complexity Challenge (addressing and embracing nexus complexity); Challenge #3 – Nexus Governance Challenge (effective governance of the nexus) ,,,X,X,,,,X,,,,X,X,,,,,,,,,,,X,,,,,,,,,,X,X,,X,,X,,X,,,,,,,,,,,,,,,,,,,,,,,,,,,,,X,,,,,,X,,,,,,,,,,,,,,,,,,,,,,X,,,,,,"Collaborations which include more participary methods/incorporate traditional knowledge approaches, local stakeholders involvement and urban institutional connections, cross-sectoral collaborations, iterative approach, data sharing, citizen science to build empirical knowledge, flexibility of the FWE nexus concept promotes 
diversity of quantitative and qualitative methods and models","Fragmentation of policies between different sectors, absence of effective two-way collaborations at different 
levels of governance to integrate policies, disconnection between the geographies at which sectors manifest (i.e., watersheds) and the levels at which urban society is governed (i.e., cities, counties, states, nations), lack of empirical analysis of nexys governance in urban settings,  ""the absence of common definitions and the ambiguity and complexity of existing conceptual and analytical FWE nexus frameworks limit the application of the FWE nexus in practice for an integrated governance and resource management""",Yes,,Hierarchical Governance; Market Governance,,Legal and Regulatory Instruments,,,,Private; Funders; Civil Society; Academia; Regional Organisations; Governments; Other: International organisations,,,,Food; Water,,Energy,,Review; Conceptual/theoretical,,No,,"Authors pointed out that few studies manage to capture the full spectrum of FEW and that governance occurs 
at a national or regional level, while implementation is more localized.

 At a global/transboundary scales the initiatives are often funded by national or international organizations interested in possible socio-economic ramifications of policy changes

Authors mention the gap of the urban FEW nexus and how it may be implemented in developing coutries"
72,Elsayed 2022,Water-food-energy nexus for transboundary cooperation in Eastern Africa,Consensus,Sub-Saharan Africa,"Egypt; Burundi; Tanzania; Rwanda; Democratic Republic of the Congo, Kenya, Uganda, Sudan, Ethiopia, South Sudan","Regional (multiple countries, whole continents)",Challenge #3 – Nexus Governance Challenge (effective governance of the nexus) ,,,,x,,,,,,,,,,,x,,x,,x,,,,,x,,x,,x,,,,,,,,x,,,,x,,,,,,,,x,,,,,,,,x,,,,,,,x,,,,,,,,,,,,,,,,,,,,,,,,,,,,,,,,,,,,,,,,,,,No,,Other: cooperation vs. no cooperation,,Legal and Regulatory Instruments,The full cooperation mode among the riparian countries; unilaterally motivated policies,"""The approach in this analysis is applied to the Nile river basin with a special focus on the Grand Ethiopian Renaissance Dam (GERD), assuming two possible governance positions: with or without cooperation.""",,Multilateral Organisations; Governments,,,,Food; Water,,Energy,,Modelling,,No,It is a theoretical/modelling study,
78,Zimmerer 2022,Integrating Social-Ecological and Political-Ecological Models of Agrobiodiversity With Nutrient Management of Keystone Food Spaces to Support SDG 2,Consensus,Latin America and the Caribbean,Peru,Site <1 km² (field to farm),Challenge #1 - Nexus Complexity Challenge (addressing and embracing nexus complexity); Challenge #2 – Nexus Values Challenge (considering multiple values and trade-offs),,,,,x,,,,,,,,,,,,,,,,,,,,,,,,,,,,,,,,,,,,,,,,,,,,,,X ,,,,,,,,,,,,,,,,,,,,,X,,,,X,,,,,,,,,,,,,,,,,,,,,,,,X,,X,,ILK,,No,,,,,,,,IPLCs,,,,Biodiversity; Food,,Indigenous values and knowledge; Other: LULC,,Empirical,,No,,"The study focuses on biodiversity-food nexus at site scale (field parcels and households), and investigates what are theindividual socio-economic factors (education, age, ilk) associated with higher levels of biodiversity in farms. "
83,deSouza 2022,Assessing the Nexus on Local Perspective: A Quali-Quantitative Framework for Water-Energy-Food Security Evaluation in Neglected Territories,Consensus,Latin America and the Caribbean,Brazil,Subnational >100 km² (watershed),Challenge #1 - Nexus Complexity Challenge (addressing and embracing nexus complexity),,,,x,x,,x,,,x,,,,,,,,,x,,x,,,,x,,x,,,,,,,x,,,,,,,,,,,,,,x,,,,,,,,,,,,,,,,,,,,,,,,,,x,,x,,,,,,,,,,,,x,,,,,,,,,x,,x,,,,,,,No,,Community Governance,Top-down approaches don't work,Rights-Based Instruments and Customary Norms; Other: Better data collection from the government to better assess social contexts,Bottom-up approaches,,,Civil Society; Governments,,,,Food; Water,,Poverty; Energy,,Empirical,Through interviews,Maybe,"Not of an implemented response, but good results from the survey about the availability of food, water, and energy in neglected regions.",
84,Zimmer 2022,The need for stewardship of lands exposed by deglaciation from climate change,Consensus,,,,,,,,,,,,,,,,,,,,,,,,,,,,,,,,,,,,,,,,,,,,,,,,,,,,,,,,,,,,,,,,,,,,,,,,,,,,,,,,,,,,,,,,,,,,,,,,,,,,,,,,,,,,,,,,,,,,,,,,,,Climate; Health,,Other: Migration,,Opinion,,,,
87,Srigiri 2022,Analysing the Water-Energy-Food Nexus From a Polycentric Governance Perspective: Conceptual and Methodological Framework,Consensus,Not applicable (no specific spatial location),,Not applicable (no specific spatial location),Challenge #3 – Nexus Governance Challenge (effective governance of the nexus) ,"The study focuses on the governance aspects of the water-energy-food nexus, discussing the need for effective coordination and governance modes within a polycentric system. It explores various governance mechanisms and their roles in addressing the interlinkages within the nexus.",,X,,X,,,X,,,,,X,,X,,,,X,,,,,X,,,,,,,,X,,,,,,,X,,,,,,,,,,,,,,,,,,,,,,,,,,,,,,,,,,,,,,,,,,,,,,,,,,,,,,,,,,,,,,,,,,,,,Other: NONE,"the article emphasizes the importance of coordination and discusses various governance modes in the context of polycentric systems, but it doesn't explicitly propose or assess specific governance approaches as solutions to the nexus challenges.",Legal and Regulatory Instruments; Economic and Financial Instruments,,,NO,Private; Civil Society; Academia; Regional Organisations; Governments,,,,Health; Food; Water,,Equity; Economic growth; Energy,,Conceptual/theoretical,,Yes,,
89,Winters 2022,Sustainability of the Water-Energy-Food Nexus in Caribbean Small Island Developing States,Consensus,Latin America and the Caribbean,"10 SIDS (the bahamas, Jamaica, St. Kitts & Nevis, Antigua &Barbuda, Dominica, St. Lucia, St. Vincent & the Grenadines, Grenada, Barbados, Trinidad & Tobago",,"Challenge #1 - Nexus Complexity Challenge (addressing and embracing nexus complexity); Challenge #5 – Nexus Knowledge and Scaling Challenge (ensuring adequate data, information, and monitoring)",,,,,X,,,X,,,,,,,,X,,X,,,,,X,,,,,,,,,,,,,,,,,X,X,,X,,,,X,X,,,,X,,,,,,,,,,,,,,,,,,,,,,,,,,,,,,,,,,,,,,X,,,,,,,,,,,,,,Colonial legacies (=historical context),,No,,Other: Adaptive governance,,,,,,Funders; Multilateral Organisations,"Interamerican Development Bank, CARICOM, ",,,Food; Water,,Energy,,Empirical,,No,,The paper uses second hand data provided by FAO and the UNto analyze each component of the Water-Energy-Food nexus in small islands of the Caribbean. They discuss of the governance context and how it can help achieving nexus sustainability (but it is not the main focus of the paper). 
93,Castro 2022,How Can We Use the Water Cost Instrument in a Scarcity Scenario for the Power Sector in Brazil?,Consensus,Latin America and the Caribbean,Brazil,Subnational >100 km² (watershed),Challenge #2 – Nexus Values Challenge (considering multiple values and trade-offs); Challenge #4 – Nexus Financial Challenge (ensuring adequate financing for the nexus),,,,,,,,,,,,,,,,,,,,,,,,,,,,,,,,,,,,,,,,,,,,,,,,,,,,,,,,,,,,,,,,,,,,,,,,,,,,,,,,,,,,,,,,,,,,,,,,,,,,,,,,,,No,,Market Governance,"Didn't explicitly mention a governance approach, but market governance is inferred.",Economic and Financial Instruments,,"Looked at price mechanisms to affect the trade off between water, agriculture, and hydro electricity.",,Private; Governments,"electricity sector, agricultural sector ",,,Food; Water,,Energy,,Modelling,,No,,
100,Kabeya 2022,A regional approach to implementing the WEF nexus: a case study of the Southern African Development Community,Consensus,Sub-Saharan Africa,"Angola, Botswana, Comoros, Democratic Republic of Congo, Eswatini, Lesotho, Madagascar, Malawi, Mauritius, Mozambique, Namibia, Seychelles, South Africa, Tanzania, Zambia, Zimbabwe","Regional (multiple countries, whole continents)",Challenge #3 – Nexus Governance Challenge (effective governance of the nexus) ,,,,,,,,,,,,,,,,,,,,,,,,,,x,,,,,,,,,,,,,,,x,,,,,,,,,,x,,,,,,,,,,,,,,,,,,,,,,,,,x,,x,,,,,,,,,,,,,,,,,,,,,,,,,,"Defining the scope and objectives of the nexus approach, Securing political support for the nexus approach, Considering capacity building as part of the intervention","Absence of a formal structure to facilitate coordination of the units responsible, Weak coordination of programs, Inadequacy of the existing regional water multistakeholder platform to facilitate dialouges",No,,Hierarchical Governance,Specifically the SADC WEF nexus governance framework,Legal and Regulatory Instruments; Social and Cultural Instruments,"The SADC declaration and treaty (1993), SADC energy protocol (1996), The SADC energy cooperation policy and strategy (1996), The SADC energy action plan (1997) and (2000), The SADC regional indicative strategic development plan (2003, 2007, 2015), The SADC regional energy access strategy and action plan (2010), The SADC regional infrastructure development master plan (2012), The SADC renewable energy and energy efficiency strategy and action plan (REEESAP) (2017), SAPP plans, The SADC industrialisation strategy and road map (2015–2063), RERA instruments, UN sustainable development goal on energy (SDG7)",Social and Cultural Instruments - Capacity building,Building on existing structures rather than creating new ones.,Private; Funders; Regional Organisations; Governments,,,,Food; Water,,Energy,,Review; Other: More of a summary of a policy approach,,Yes,"Although not an empirical assessment, it is a good example of an implemented intervention",
101,Milhorance 2022,Analysing complex policy problems: a critical review of the literature,Consensus,Not applicable (no specific spatial location),,Not applicable (no specific spatial location),Challenge #2 – Nexus Values Challenge (considering multiple values and trade-offs); Challenge #3 – Nexus Governance Challenge (effective governance of the nexus) ,,,,,,,,,,,,,,,,X,,,,,,,,X,,,,,,,,,,,,,,,X,,,,X,,,,,,,,,,,,,,,,,,,,,,,,,,,,,,,,,,,,,,,,,,,,,,,,,,,,,,,,,,,,,,"political leadership, asymmetric distribution of information, asymmetric distribution of resources",No,,"Hierarchical Governance; Network Governance; Other: policy integration, multi-level governance",,,,No specific policy instruments discussed,,,,,No specific actors discussed,Climate; Health; Food,,Energy,,Review,,No,,
105,Sebastian 2022,"A 'Chennai' in Every City of the World: The Lethal Mix of the Water Crisis, Climate Change, and Governance Indifference",Consensus,Southern Asia,India,National (whole country),Challenge #3 – Nexus Governance Challenge (effective governance of the nexus) ; Challenge #4 – Nexus Financial Challenge (ensuring adequate financing for the nexus),,,,,,,,,,,,,,,,X,,,,,,,,,,,,,,,,,,,X,,X,,,,X,,,,,,,,,,,,,,,,,,,,,,,,,,,,,,,,,,X,,,,,,,,,,,,,X,,,,,,,,,,,,,,,,,disconnect between public policy and the role of actors,No,,Hierarchical Governance; Network Governance,"Four levels of stakeholder participation are advocated: (1) information, (2) implementation, (3) involvement and (4) representation.",Legal and Regulatory Instruments,,"The most pressing need is to address the lack of appropriate legal and regulatory measures to effect reforms necessary to avoid the worst-case scenarios of water scarcity (i.e., day zero).",,Private; Civil Society; NGOs; Governments, Supreme Court of India,,,Climate; Food; Water,,"Equity; Poverty; Energy; Other: civil rights, democracy, rule of law",,Review,,No,,
106,Kellner 2022,Identifying leverage points for shifting Water-Energy-Food nexus cases towards sustainability through the Networks of Action Situations approach combined with systems thinking,Consensus,Southern Europe; Western Europe; Not applicable (no specific spatial location),"Switzerland, as a case study",Subnational >100 km² (watershed); Not applicable (no specific spatial location),Challenge #1 - Nexus Complexity Challenge (addressing and embracing nexus complexity); Challenge #3 – Nexus Governance Challenge (effective governance of the nexus) ,,,,x,,,,,,,,,,,,,,,,,,,,,,,,,,,,,,x,,,,,,,,,,,,,,,,,,,,,,,,,,,,,,,,,,,,,,,,,,,,,,,,,,,,,,,,,,,,,,,,,,,,,,,,No,,Hierarchical Governance,It is interesting to note that hierarchical governance here is present to promote transformation in way to understand that changes operates in different levels.,Legal and Regulatory Instruments; Rights-Based Instruments and Customary Norms,Many Swiss Legal instruments in the NAS - WEF Nexus context.,,"awarness raising for climate change impacts, legally binding adaptation strategy measures, extension of the right appeal, subsidies linked to drought management, mandatory drought management assessment, extension of lake regulations, shorter duration of water concessions, design principles for participatory processes",Private; Civil Society; IPLCs; NGOs; Regional Organisations; Governments,,,,Biodiversity; Climate; Food; Water,It is focused on WEF but discuss in the sense of awareness for biodiversity and climate mitigation/adaptation,Energy,,"Perspective; Conceptual/theoretical; Other: Discuss the NAS-WEF Nexus in Switzerland, thus is a case study paper.",,Yes,,"It highlights that prioritization of Nexus elements is something that can guide the best way to integrate multiple elements. Then, define eight leverage points that are important to promote WEF nexus, considering key agendas such as climate change. However, it is important to note that what is call levarage point in the paper is not exactly what is called leverage point in the extraction..."
110,Hamidov 2022,Operationalizing water-energy-food nexus research for sustainable development in social-ecological systems: an interdisciplinary learning case in Central Asia,Consensus,Central Asia,"Afghanistan, Kazakhstan, Kyrgyzstan, Tajikistan, Turkmenistan, Uzbekistan","Regional (multiple countries, whole continents)","Challenge #1 - Nexus Complexity Challenge (addressing and embracing nexus complexity); Challenge #2 – Nexus Values Challenge (considering multiple values and trade-offs); Challenge #3 – Nexus Governance Challenge (effective governance of the nexus) ; Challenge #5 – Nexus Knowledge and Scaling Challenge (ensuring adequate data, information, and monitoring)",,,,x,,,x,,,,,,,,,,,,x,,,,,x,,x,,,,,,,,,,,,,,,,,,,,,,,,,,,,,,,,,,,,,,,,,,,,,,,,,,,,,,,,,,,x,,,,,,,,,,,,x,,,,,,,,,No,,Other: Transboundary governance,,,Sustainability impact assessment (SIA),The SIA is proposed as a process and a learning tool to improve systemic thinking for the operationalization of the water-energy-food nexus concept,,Funders; Civil Society; Academia; Regional Organisations; Governments,"Representatives from ministries (e.g., of agriculture, water, and environment); Universities; Resource users; Donor organizations; Civil society.",,,Food; Water,,Energy,,Empirical,Implementation of the sustainability impact assessment protocol.,No,"No policy is implemented, but rather and impact assessment protocol framework is assessed. ",
120,Leong 2022,Governing complex environmental policy mixes through institutional bricolage: lessons from the water-forestry-energy-climate nexus,Consensus,Not applicable (no specific spatial location),,Not applicable (no specific spatial location),Challenge #1 - Nexus Complexity Challenge (addressing and embracing nexus complexity); Challenge #3 – Nexus Governance Challenge (effective governance of the nexus) ,,,,,X,X,,,,,,,,,,,,,,,X,,,,,X,,,,,,,,,,,,,,,X,,,,,,,,,,,,,,,,,,,,,,,,,,,,,,,,,,,,,,,,,,,,,,,,,,,,,,,,,,,,,,,,,No,,,,,,"No specific instrument is mentioned, but there is a reference to the concept of institutional bricolage which can help to develop policy mixes in the absence of central coordination",,,,,,Biodiversity; Climate; Water,,Energy,,Other: Something between review and perspective,,Maybe,but would require collect a bit more information about the 4 study cases presented in the paper,The paper provides short descriptions of 4 study cases  presenting water policy mixes
121,Dobush 2022,A new way forward for ocean-climate policy as reflected in the UNFCCC Ocean and Climate Change Dialogue submissions,Consensus,Not applicable (no specific spatial location),,Not applicable (no specific spatial location),Challenge #1 - Nexus Complexity Challenge (addressing and embracing nexus complexity),,,,x,,,,,,,,,,,x,,,,x,,,,,x,,,,,,,,,,x,,x,,,,x,,,,,,,,,,,x,,,,,,,,,,,,,,,,,,,,,,,x,,x,,x,,,,,,,,,x,,,,x,,,,,s,,,,,,,,,,No,,Community Governance,,Legal and Regulatory Instruments; Rights-Based Instruments and Customary Norms,"The Global Stocktake, continuous consideration of the IPCC Land and Ocean’s reports, funding to support inclusion of land and ocean into SBI and SBSTA processes, and addressing the blue finance gap.",,,Private; Civil Society; Academia; IPLCs; NGOs; Multilateral Organisations; Governments,"There were 47 submissions, each a different actor/institution (see figure 1 )",,,Biodiversity; Climate,,Equity; Poverty; Employment; Indigenous values and knowledge; Energy,,"Other: Summary of the Ocean and Climate Change Dialogue, decided at COP25 and launched online in December 2020",,No,It is a summary of many submissions to the Ocean and Climate Change Dialogue,
122,Jones 2022,"Understanding barriers to collaborative governance for the food-energy-water nexus: The case of Phoenix, Arizona",Consensus,Northern America,United States of America,Local >1 km² to 100 km² (neighbourhood to municipality),Other: Sector mismatch/scale mismatch,,,,,,,,,,x,,,,,,,,,,,,,,,,x,,x,,,,,,x,,,x,,x,,x,,,,,,,,,,,,,,,,,,,,,,,,,,,,,,,,,,,,,,,,,,,,,,,,,,,,x,,,,,,,,,,,,"process asymmetries, external influences",No,,Other: Collaborative governance,,Legal and Regulatory Instruments,,,,Private; NGOs; Governments,"For participant observation: Arizona Corporation Commission, Arizona House Committee on Natural Resources Water and Energy, Arizona Municipal Water Users Association, Arizona Power Authority, Arizona Senate Committee on Water and Agriculture, Central Arizona Project. And interviews: Agribusiness and Water Council, Arizona Cattlemen’s Association/AZ Farm and Ranch Group, Arizona Department of Agriculture, Arizona Farm Bureau, Arizona Municipal Water Users Association, Arizona Power Authority, Arizona Water Banking Authority, Central Arizona Groundwater Replenishment District, Central Arizona Project (CAP), City of Phoenix – Environment Department, City of Phoenix – Water Department, City of Scottsdale, Family Farm, Roosevelt Irrigation District, Salt River Project – Water, Salt River Project – Power, Sierra Club",,,Food; Water,,Energy,,"Other: Social network analysis, participant observation, and interviews",,No,"The study identified barriers, but did not assess an actual intervention",
124,Zhao 2022,Simulating the economic and environmental effects of integrated policies in energy-carbon-water nexus of China,Consensus,Eastern Asia,China,National (whole country),Challenge #1 - Nexus Complexity Challenge (addressing and embracing nexus complexity),,,X,X,,,,,,,,,,,,,,,,,,,,,,,,,,,,,,,,,,,,,,,,,,,,,,,X,X,,,X,X,,,,,,,,,,,,,,,,,,,,,,,,,,,,,,,X,,,,,,,,,,,,,,,,,,,No,,,,Economic and Financial Instruments,"energy tax, carbon pricing, water fee, feedin tariff subsidy, energy-saving investments, carbon emission quotas, emission trading scheme, water technology investment",,,,,,,Climate; Water,,Energy,,Empirical,,No,,"The study uses a CGE model to model the linkages between nexus elements, and simulate the environmental and economic effect of policies (mainly economic instruments) on the whole system (mainly tradeoffs and synergies between nexus dimensions). Not very useful for the review"
125,Kirschke 2022,Designing policy mixes for emerging wicked problems. The case of pharmaceutical residues in freshwaters,Consensus,Western Europe,Germany,National (whole country),Challenge #3 – Nexus Governance Challenge (effective governance of the nexus) ,,,x,,x,,,,,,,,,,,,,,x,,,,,x,,x,,,,,,,,,,,,,,x,,,,,,,,x,x,,,,,,,,,,,,,,,,,,,,,x,,,,,,x,,,,,,,,,,,,,,,,,,,,,,,,,,,,Policy coherence,"Participatory processes: results also question the dominant assumption in the wicked problems literature that participatory processes outperform in addressing wicked problems, Conflicts between public and policy makers",No,,Hierarchical Governance,,Legal and Regulatory Instruments; Economic and Financial Instruments,,,,Private; Civil Society; Academia; NGOs; Regional Organisations; Governments,Pharmaceutical companies; users of pharmaceuticals,,,Biodiversity; Health,,,,Conceptual/theoretical,,Maybe,"There is no clear intervention that is assessed, but the paper does provide insight into policy design",
128,Mianabadi 2022,Water/climate nexus environmental rural-urban migration and coping strategies,Consensus,Southern Asia,Iran,Subnational >100 km² (watershed),Challenge #2 – Nexus Values Challenge (considering multiple values and trade-offs); Challenge #3 – Nexus Governance Challenge (effective governance of the nexus) ,It is not focused on the interaction among nexus dimensions but on the water/climate issue that promotes migration.,,,,,,,,,,,,,x,,,,,,x,,,,,,,,,,,,,,,,,,,x,,,,,,,,,,,,,,,,,,,,,,,,,,,,,,,,x,x,x,,,,,,,,,,,x,,,,,,,,,,,,,,,,,,,,,,No,,Community Governance,"It explores how people react to water shortages and this is more related to a community way to deal with the watre/climate nexus. It was not something stimulated by anyone, but for local people... That's why I checked this box.",Rights-Based Instruments and Customary Norms; Social and Cultural Instruments,,,rural-urban migration ,Civil Society; Academia; Governments,,,,Climate; Water,,Equity; Poverty; Economic growth; Employment,The paper explores how migration driven by water shortage can be related and explained by multiple aspects.,Conceptual/theoretical; Empirical,Collected data through interviews...,Maybe,,
133,Nkiaka 2021,Food-energy-water security in sub-Saharan Africa: Quantitative and spatial assessments using an indicator-based approach,Consensus,Sub-Saharan Africa,"Cameroon, Central Africa Republic, Chad, Congo-Brazzaville, DR Congo, Equatorial Guinea, Gabon, Burundi, Comoros, Djibouti, Eritrea, Ethiopia, Kenya, Rwanda, Seychelles, Sudan, S Sudan, Tanzania, Uganda, Benin, Burkina Faso, Cabo Verde, Cote D'Ivoire, Gambia, Ghana, Guinea, G Bissau, Liberia, Mali, Niger, Nigeria, Senegal, Sierra Leon, Togo, Angola, Botswana, Lesotho, Madagascar, Malawi, Mauritius, Mozambique, Namibia, San Tome & Principe, South Africa, Eswatini, Zambia, Zimbabwe","National (whole country); Regional (multiple countries, whole continents)",Challenge #1 - Nexus Complexity Challenge (addressing and embracing nexus complexity); Challenge #3 – Nexus Governance Challenge (effective governance of the nexus) ; Challenge #4 – Nexus Financial Challenge (ensuring adequate financing for the nexus),,,,,,X,X,,,,X,,,X,,X,,,,,,,,,,,,,,,,,,,X,,X,,,,X,,,,,,,,,,,X,,,,,,,,,,,,,,,,,,,,,,,,,,,,,,,,,,,,X,,X,,,,X,,,,,X,,,,,,"Top-down FEW development approaches, increasing population, low economic growth, natural disasters,  large scale land acquisition, overexploitation of FEW resources, conflicts, poorly coordinated market reforms, climatic conditions, poor governance, poor land management",No,,Hierarchical Governance,,Legal and Regulatory Instruments; Economic and Financial Instruments,"Comprehensive Africa Agriculture Development Programme, ",,,,,,,Food; Water,,Energy,,Empirical; Modelling,,No,,
135,Chaudhuri 2021,Groundwater-sourced irrigation and agro-power subsidies: Boon or bane for small/marginal farmers in India?,Consensus,Southern Asia,India,National (whole country),"Challenge #2 – Nexus Values Challenge (considering multiple values and trade-offs); Challenge #5 – Nexus Knowledge and Scaling Challenge (ensuring adequate data, information, and monitoring); Other: Limited information/data, inappropriate subsidies, lack of monitoring","From the Discussion: In the policy sphere, groundwater-sourced irrigation is propelled by (1) lack of groundwater tariffing (Chaudhuri and Roy, 2019; Chaudhuri and Kaur, 2017; Narayanmoorthy, 2018); (2) lack of institutional procedures to monitor drafting; and (3) lucrative agro-power subsidies. Collectively, these two promote unsustainable drafting of groundwater resources, without concerns for long-term eco-environmental outcomes.",,,X,,,,X,,X,,,,,,,,,,,,,,,,,,,,,,X,,,,,,,,,,,,,X,,,,,,,,,X,,X,,,,,,X,,X,,,,,,,,,,,,,,,,,,,,,,,,X,,,,,,,,,,,X,,,,,,limited monitoring,No,"Potential increase in poverty if subsidies for agro-power removed. Other barriers include: limited incentives to change, lack of expertise. ",Market Governance,,Economic and Financial Instruments; Social and Cultural Instruments; Other,"Ensuring sufficient power supply (of good and consistent quality, voltage stabilization etc.) during the peak irrigation demand,
while rationing it on other days of the year; Gradual rise in tariffs to cover cost of power production, supply, O&M of infrastructure; Intelligent scheduling and management of electricity (and groundwater) consumption. Capacity building. Improving awareness. Removing subsidies for water extraction. ",,,Private; Governments,"farmers, electricity generators, governments ",,,Climate; Food; Water,,Equity; Poverty; Energy,,Review,,No,,"Paper mostly looks at trade-offs between water, energy, food, and climate (C02 emissions) rather than specific governance solutions. Some of the solutions proposed are at the policy instrument level."
144,Lazaro 2021,Policy and governance dynamics in the water-energy-food-land nexus of biofuels: Proposing a qualitative analysis model,Consensus,Latin America and the Caribbean,Brazil,National (whole country),Challenge #1 - Nexus Complexity Challenge (addressing and embracing nexus complexity); Challenge #3 – Nexus Governance Challenge (effective governance of the nexus) ,,,,X,,,,,,,,,,,,,,,,,,X,,X,,,,,,,,,,,,,,,,,,,X,,,,,,,,,,,,,,,,,,,,,,,,,,,,,,,,,,,,,,,,,,,,X,X,X,X,,,,,,,,,,,,,,,Strength of applciation of laws,No,,,,Legal and Regulatory Instruments; Economic and Financial Instruments,"Multi-stakeholder standards, certification systems",,,Private; Academia; Multilateral Organisations,"Bonsucri, Renewable Energy Directive (EU), Global Energy Partnership (GBEP), Roundtable on Sustainable Biofuels",,,Food; Water,,Equity; Employment; Energy; Other: Land,Equity has lower importance,Review; Empirical,The paper focuses on nexus in reltion to biofuels,No,,
147,Radini 2021,Urban water-energy-food-climate nexus in integrated wastewater and reuse systems: Cyber-physical framework and innovations,Consensus,Not applicable (no specific spatial location),,Not applicable (no specific spatial location),Challenge #1 - Nexus Complexity Challenge (addressing and embracing nexus complexity),,,X,,,,X,,,,,,,,,,,,,,,,X,,,,,,,,,,,,,,,,,,,,,,,,,,,,,,,,,,,,,,,,,,,,,,,,,,,,,,,,,,,,,,,,X,,,,,,,,,,,,,,,,,,,No,,,,,,,,,,,,Climate; Food; Water,,Energy; Other: Waste,,Review,,No,,The paper reviews the modeling tools and data that can be used to quantify the nexus. It provides very limited elements about governance and policies. 
153,Choudhary 2021,Empowering blue economy: From underrated ecosystem to sustainable industry,Consensus,Not applicable (no specific spatial location),,Not applicable (no specific spatial location),Other: Provisioning of nexus elements,,,,,,,x,,,,,,x,,,,x,,,,x,,,,,x,,,,,,,,x,,,,,,,x,,,,,,,x,x,,x,,,,,,,,,,,,,,,,,,,,,x,,,,x,,,,,,,,,,,,x,,,,,,,,x,,,,,,,,"In order to achieve sustainable blue economy one of the key driver is coastal urbanisation and conservation which requires introduction of innovative strategies to minimize pollution and loss of biodiversity, multi government commitment with developed financial innovations",,No,,Market Governance,,Economic and Financial Instruments,"Organize the buyer and seller sectors which can create a value chain, incorporation of
hybrid economy into policy and management for sustainable ecosystems",this study provides preliminary framework intended to explore research and economic opportunities of ocean economy,,Private; Civil Society; Academia; Governments,,,,Food; Water,,Energy,,Review,,Maybe,"Its all about hybridising the economy - to shift it more towards the blue economy. More about the idea than a specific case study, but there are interesting cases throughout. ",
161,BenitesLazaro 2021,Water-energy-food nexus approach at the core of businesses – How businesses in the bioenergy sector in Brazil are responding to integrated challenges?,Consensus,Latin America and the Caribbean,Brazil,National (whole country),Challenge #2 – Nexus Values Challenge (considering multiple values and trade-offs); Challenge #3 – Nexus Governance Challenge (effective governance of the nexus) ,"From the Introduction:

However, as McGrane et al. (2019) mention, the nexus tries to differentiate itself from these integrative approaches by considering the WEF sectors concomitantly, seeking intersectoral cooperation rather than evaluating the impacts of changes through a particular lens. For its advocates, a nexus approach makes it possible to explicitly consider the impacts, trade-offs and synergies of decision-making among sectors (Hoff, 2011).

Von Braun and Mirzabaev (2016) describe the nexus framework as a governance mechanism that seeks to minimize trade-offs, transaction costs, negative externalities, and synergies, boosting positive externalities across the nexus sectors.",,,X,,,,,,,,,,,,,,,,,,,,,,,,,,,,,,,,,,,,,X,,,,,,,,,,,,,,,,,,,,,,,,,,,,,,,,,,,,,,,,,,,,,,X,,,,,,,,,,,,,,,,,,,No,"From Discussion:

However, these business initiatives indicated that despite industry’s efforts toward sustainability, issues such as labor conditions require attention.

Business success is still mainly measured in terms of profitability, attractiveness to investors, share price, and market share in an economy that relies on a depreciative base of natural capital.",Market Governance,"From the Discussion:

Thus, many attempts to improve the WEF nexus by bioenergy companies are related to industry initiatives, such as programs for certification, creation of norms and standards.",Economic and Financial Instruments; Social and Cultural Instruments,"certification schemes, creation of norms and standards",,,Private,bioenergy companies,,This study is based on reports of companies in the bioenergy sector.,Food; Water,,Economic growth; Employment; Energy,,Empirical,Analyses company documents,No,,
171,Paudel 2021,Nexus between water security framework and public health: A comprehensive scientific review,Consensus,Latin America and the Caribbean; Northern America; South-eastern Asia; Southern Asia;  Northern Europe; Australia and New Zealand; Not applicable (no specific spatial location),,"National (whole country); Regional (multiple countries, whole continents); Multi-regional (multiple continents/geographic regions); Not applicable (no specific spatial location)","Challenge #1 - Nexus Complexity Challenge (addressing and embracing nexus complexity); Challenge #3 – Nexus Governance Challenge (effective governance of the nexus) ; Challenge #5 – Nexus Knowledge and Scaling Challenge (ensuring adequate data, information, and monitoring)",,,,,,,X,X,,,,X,,X,,,,,,,,,,,,X,,,,,,,,,,,,,,,,,,,,,,,,,,X,,,,,,,,X,,,,,,,,,,,,,,,,,X,,,,,,,,,,X,X,,X,,,X,X,,,X,,X,,,,,,"extreme wather conditions, poor acessibility and availability to natural resources (time and distance), poor sanitation behavior, poor governance",No,,,,,,,,"Civil Society; Other: ""Key informants""",,,,Health; Water,,Poverty,,Review,,No,,
173,Mabhaudhi 2021,Assessing progress towards sustainable development goals through nexus planning,Consensus,Sub-Saharan Africa; Not applicable (no specific spatial location),South Africa as a case study.,National (whole country); Not applicable (no specific spatial location),Challenge #1 - Nexus Complexity Challenge (addressing and embracing nexus complexity); Challenge #2 – Nexus Values Challenge (considering multiple values and trade-offs),,,x,x,,,,,,,,,,,,,,,,,,,,,,,,,,,,,,,,,,,,,,,,,,,,,,,,,,,,,,,,,,,,,,,,,,,,,,,,,,,,,,,,,,,,,,,,,,,,,,,,,,,,,,No,"The paper explores the role of integrating indicators as a way to potentialize our ability to identify and monitoring Nexus... I would call this a enabler, but I don´t know where place it! ",,Not declared but it is supposed to be transformative.,,,It is focused on a technical instrument...,integrating indicators,,,,Not cited because the manuscript is focused on defining indicators to integrate nexus approach and SDGs.,Biodiversity; Health; Food; Water,,Equity; Poverty; Economic growth; Education; Energy,,Perspective; Conceptual/theoretical; Empirical,,No,,
178,Huang 2021,Shifting from Production-Based to Consumption-Based Nexus Governance: Evidence from an Input–Output Analysis of the Local Water-Energy-Food Nexus,Consensus,Eastern Asia,China,National (whole country),Challenge #3 – Nexus Governance Challenge (effective governance of the nexus) ,,,,,,,,,,,,,x,,,,,,,,x,,,,x,,,,,,,,,,,,,,,,,,,,,,,,,,,,,,,,,,,,,,,,,,,,,,,,,,,,,,,,,,,,,,,,,,,,,,,,,,,,,,,,,Yes,"For the ‘high-low’ province groups, scale expansion should
be the future investment direction because it is key to sustaining WEF resource consumption and should be implemented in all province groups. ","Market Governance; Other: Consumption-based governance, focusing intensity metrics on scale efficiency and aiming quantity metrics on pure technical efficiency, and localizing province-specific management strategies.",Shift policy attention from production-based to consumption-based strategies ,Legal and Regulatory Instruments,,,,Governments,,,,Food; Water,,Energy,,Modelling,"Study analysed the input–output efficiency of the water-energy-food
nexus by considering production-based intensity, consumption-based intensity, and the quantity index system",No,It is not assessing an intervention. ,
186,Manlosa 2021,"Aquaculture-capture fisheries nexus under Covid-19: impacts, diversity, and social-ecological resilience",Consensus,South-eastern Asia,Philippines,Subnational >100 km² (watershed),Challenge #2 – Nexus Values Challenge (considering multiple values and trade-offs); Challenge #4 – Nexus Financial Challenge (ensuring adequate financing for the nexus),,,,,,,,,,,,,,,,,,,,,,,,,,,,,,,,,,,,,,,,,,,,,,,,,,,,,,,,,,,,,,,,,,,,,,,,,,X,X,,,,,,,,,,,,,,,,,,,,,,,,,,,,,"diversified livelihoods, diversified incomes",,No,Did not really look at enablers and barriers explicitly.,Hierarchical Governance; Community Governance; Other: Multi-level governance,,Rights-Based Instruments and Customary Norms; Economic and Financial Instruments,"government payments and subsidies, informal market arrangements","From discussion: Informal market arrangements such as territorial markets, peddling, and open markets (Devereux et al. 2020) were observed to provide valuable alternative market arrangements for both producers and consumers because they can function under conditions of restricted mobility in small areas.

Informal market arrangements such as territorial markets, peddling, and open markets (Devereux et al. 2020) were observed to provide valuable alternative market arrangements for both producers and consumers because they can function under conditions of restricted mobility in small areas.",,Private; IPLCs; Governments,"fishers, local governments, Bureau of
Fisheries and Aquatic Resources",,,Health; Food,,Equity,,Empirical,,No,,"This paper is largely about the response to Covid and implications for fisheries and aquaculture. Therefore it focusses in the food/health nexus. 

From discussion: Aquaculture production was negatively affected by the pan-demic primarily through disrupted availability of fry and fingerlings as air travel was suspended, temporary rise in cost of
fingerlings, limited local supply of various inputs due to mobility restrictions, timing of lockdown, and restricted individual mobility which reduced fish farmers’ ability to access
needed inputs."
188,Pahl-Wostl 2021,Scale-related governance challenges in the water–energy–food nexus: toward a diagnostic approach,Consensus,Not applicable (no specific spatial location),,Not applicable (no specific spatial location),"Challenge #1 - Nexus Complexity Challenge (addressing and embracing nexus complexity); Challenge #3 – Nexus Governance Challenge (effective governance of the nexus) ; Challenge #5 – Nexus Knowledge and Scaling Challenge (ensuring adequate data, information, and monitoring)",,,,,,,,,,,,,,,,,,X,,X,X,X,x,x,X,X,X,X,X,X,,,,,,,,,X,X,X,,,,,,,,,,,,,,,,x,x,,,,,,,,,,,,,,,,,,,,,,,,,,,,,,,,,,X,,,,,,,,,,,,,,Yes,,,,Legal and Regulatory Instruments; Rights-Based Instruments and Customary Norms; Economic and Financial Instruments,"property-rights,  land tenure, standard, certification schemes, ",,,Private; Civil Society; Multilateral Organisations; Governments,"EU, Sri lanka national water supply and Drainage Board, farmers, agrobusinesses, energy companies",,,Food; Water,,Energy,,Review; Perspective,,No,,"The paper focuses on the spatial temporal scale misfits, and how they can affect water-energy-food nexus. "
191,Chaudhuri 2021,Reflections on farmers’ social networks: a means for sustainable agricultural development?,Consensus,Southern Asia,India,National (whole country),Challenge #3 – Nexus Governance Challenge (effective governance of the nexus) ,,,,,,,,,,,,,,,,X,,,,X,,,,X,,,,,,,,X,,,,,,,X,,,,,,X,,,,,,,X,,,,,,,,,,,,,,,,X,,,,,,,,,,,,,,,,,,,,X,,,,,,,,,,,X,,X,X,,social networks,"corruption, trust, lack of flexibility",No,Social networks viewed as a enabler. Technology stated as a barrier. Corruption a barrier. Trust a barrier. ,Market Governance; Network Governance; Community Governance,"Current recommendation for alleviation of WFE-induced socioeconomic transforma-
tions primarily center on a set of inter-weaved policy interventions (Ringler et al. 2013):
• Implementing stringent irrigation water pricing framework—Pay for what you reap
• Revise/forfeit agro-power subsidy schemes—No free ride
• Promoting participatory irrigation management (PIM)—Strength in collective action

Under the circumstances, social learning via networks provides farmers 
a tool of “risk aversion” (Ma et al. 2014; Feder et al. 2010). It is as Bock (2012) comments 
“in order to be adopted, new products, technologies need to fit into a specific social context with a specific organization of social relations and specific norms and values and accepted behavioral patterns”.

Water users’ association (WUA) in India is a particular example where different network 
types potentially intermingle.",Economic and Financial Instruments; Social and Cultural Instruments,"pricing mechanisms, information flow, social networking",Economic and social instruments inferred,,Private; Governments,"farmers, irrigation authorities, Water Users' Association",,,Food; Water,,Equity; Energy,Increasing inequality due to competition for groundwater.,Review,,No,,
193,Purwanto 2021,"Water-energy-food nexus: Critical review, practical applications, and prospects for future research",Consensus,Not applicable (no specific spatial location),,Not applicable (no specific spatial location),"Challenge #1 - Nexus Complexity Challenge (addressing and embracing nexus complexity); Challenge #5 – Nexus Knowledge and Scaling Challenge (ensuring adequate data, information, and monitoring)",,,,,x,,,,,,,,,,,,,,x,,,,x,,x,x,,,,,,,,,,,,,,,,,,,,,,,,,,,,,,,,,,,,,,,,,,,,,,,,,,,,,,,,,,,,,,,,,x,,,,,,,,,,,,,,,Yes,"The paper suggests that knowledge about each WEF dimension is key to better conceptualize nexus and make this applicable across scales, influencinh policy and planning.",Other: Governance among different nexus dimensions' sectors,It is not clear if the paper explores a specific governance approach,Other: Knowledge and monitoring instruments,,"Not cited, BUT if we consider that improve knowledge can be considered a policy instrument...",Not cited.,Academia; Regional Organisations; Multilateral Organisations; Governments; Other,,,All institutions that can provide information about nexus dimensions are key actors highlighted in the manuscript.,Food; Water,"The manuscript reviews WEF as a framework, thus it also incorporates other dimensions found in the review, such as land",Energy,,Review; Perspective; Conceptual/theoretical,,No,,
196,Yuan 2021,Measuring urban food-energy-water nexus sustainability: Finding solutions for cities,Consensus,Eastern Asia;  Northern Europe,"Taiwan, Netherlands",Local >1 km² to 100 km² (neighbourhood to municipality),Challenge #3 – Nexus Governance Challenge (effective governance of the nexus) ,,,X,,,,,,,,,,X,,,,,,,,,,,,,,,,,,,,,X,,X,,,,X,,,,,,,,,,,X,,,,,,,,,,,,,,,,,,,,,,,,,,,,,,,,,,,,X,,,,,,,,,,,X,,,,,,,,No,Infrastructure construction in the comprehensive development of the renewable energy industry considered as produced capital,Hierarchical Governance,,"Other: Global efforts, such as ISO 37120 (2018), the Sustainable Development Goals (UN, 2016), Refrence Framework for European Sustainable Cities (RFSC, 2014), BREEAM Comunities (BREEAM, 2011), LEED for Neighborhood Development (CASBEE, 2007)",,,,"Private; Civil Society; Academia; Regional Organisations; Governments; Other: A third category was evaluated: ""expert"" = people living in the four target cities based on a search for the keywords include ""nexus"", ""food-water-energy"", ""urban"", and ""sustainability"" in google scholar.
","The Chamber of Commerce of Eindhoven/Netherlands, The Sustainable Development Commission of Taipei City",,,Food; Water,,Energy,,Conceptual/theoretical; Empirical; Modelling,,Maybe,,"The solutions to enhance the achievement were explored from three perspectives: infrastructure development,
technological innovation, and partnerships collaboration to offer practical guidance on the sustainability of the urban FEWnexus."
197,Nepal 2021,Achieving water security in Nepal through unravelling the water-energy-agriculture nexus,Consensus,Southern Asia,Nepal,Local >1 km² to 100 km² (neighbourhood to municipality); Subnational >100 km² (watershed),"Challenge #1 - Nexus Complexity Challenge (addressing and embracing nexus complexity); Challenge #2 – Nexus Values Challenge (considering multiple values and trade-offs); Challenge #3 – Nexus Governance Challenge (effective governance of the nexus) ; Challenge #4 – Nexus Financial Challenge (ensuring adequate financing for the nexus); Challenge #5 – Nexus Knowledge and Scaling Challenge (ensuring adequate data, information, and monitoring)",,,,,,,,,,,,,,,,,,,,,,,,,,,,,,,,,,,,,,,,,,,,,,,,,,,,,,,,,,,,,,,,,,,,,,,,,,,,,,,,,,,,,,,,,,,,,,,,,,,,,,,,,,No,The article provides information about the challenges and considerations related to the water-energy-agriculture nexus but does not categorize them as enablers or barriers.,,It discusses the importance of water governance and integrated approaches in general terms but does not delve into specific governance models or approaches.,Legal and Regulatory Instruments; Rights-Based Instruments and Customary Norms; Economic and Financial Instruments; Social and Cultural Instruments,,, It discusses the concept of leverage points and levers in the context of changing social-ecological systems but does not provide specific examples or details about them.,Civil Society; Academia; IPLCs; NGOs; Multilateral Organisations; Governments,,,,Food; Water,,Energy,,Conceptual/theoretical,,Yes,,
200,Okumu 2021,A review of water-forest-energy-food security nexus data and assessment of studies in East Africa,Consensus,Sub-Saharan Africa,"Ethiopia
Kenya
Rwanda
Uganda","Regional (multiple countries, whole continents)","Challenge #1 - Nexus Complexity Challenge (addressing and embracing nexus complexity); Challenge #2 – Nexus Values Challenge (considering multiple values and trade-offs); Challenge #3 – Nexus Governance Challenge (effective governance of the nexus) ; Challenge #5 – Nexus Knowledge and Scaling Challenge (ensuring adequate data, information, and monitoring)",,,x,x,,,,,,,,,,,,,,,x,x,x,x,,,x,x,x,x,,,,,,,,x,,,,,,,,,,,x,,,,x,,,,,,,,,,,,,x,,,,,,x,,,,,,x,,,,x,,,,,x,,,,,,x,,,x,,x,,x,,x,,x,,,,No, it does not explicitly identify any of the listed factors as enablers or barriers related to the nexus challenges.,Network Governance; Community Governance,"the study does not explicitly mention any of the specified governance approaches (Hierarchical Governance, Market Governance, Network Governance, Community Governance) as solutions to the nexus challenges.",Legal and Regulatory Instruments; Economic and Financial Instruments; Social and Cultural Instruments,,,"The study mentions various indices and indicators used to assess the performance of the Forest-food-water-energy security Nexus, but it does not explicitly mention specific leverage points or levers for changing social-ecological systems.",Regional Organisations; Governments,,,,Biodiversity; Climate; Food; Water,,Equity; Indigenous values and knowledge; Energy,,Review,,Yes,,"it discusses the need for regional strategies, inter-sectoral coordination, and participatory scenario-building processes to address the challenges related to the food-water-energy-forest and climate nexus."
204,Liu 2021,"Narrating the impacts of climate change for urban health governance in Guangzhou, China",Consensus,Eastern Asia,China,Local >1 km² to 100 km² (neighbourhood to municipality); National (whole country),Challenge #1 - Nexus Complexity Challenge (addressing and embracing nexus complexity); Challenge #3 – Nexus Governance Challenge (effective governance of the nexus) ,,,,,,,X,X,,,,,,,X,,,,,,,,,,,X,,,,,,,,X,,X,,,,X,X,,X,,,,,,,,X,X,,,,,,,,,,,,,,,,,,,X,X,X,,,,X,,,,,X,X,,,,X,,,,,,,,,,,,X,,,,,top-down governance tradition with centralized power has the advantage of responding to change along a clear line of command,"conventionality of means, heavy reliance on the administrative order, lack of civil actor participation, local understanding/experiences/means, vertical administration structure does not encourage inter-departmental or cross-sector collaborations",No,,Hierarchical Governance,,Legal and Regulatory Instruments,"National Environmental Health Action Plan (2007–2015), Action Plan on Prevention and Control of Air Pollution, National Plan on Climate Change (2014–2020), Action Plan for Urban Adaptation to Climate Change, Healthy China 2030 plan",,,Governments,,,,Climate; Health,,,,Review; Conceptual/theoretical,,No,,
217,Schwindenhammer 2021,Sdg implementation through technology? Governing food-water-technology nexus challenges in urban agriculture,Consensus,Western Europe,Germany,National (whole country),Challenge #3 – Nexus Governance Challenge (effective governance of the nexus) ,,,,,,,,,,,,,X,,X,,,,,,,,,,,,,,,,,,,,X,,X,,,,X,,,,,,,,,X,,X,,,,,,,,,,,,X,,,,,,,X,,,,,,,,,,,,X,,X,,,,,,,,,X,,,,,X,,,,,,,,,Hierarchical Governance,,Legal and Regulatory Instruments,"German Water Resources Act, German Waste Water
Ordinance",,,"Private; Civil Society; Regional Organisations; Governments; Other: Water sector, Food business, Local wastewater associations, food and agribusiness actors",,,,Food; Water,,Other: Technology,,Review; Empirical,,No,,
218,Hassan 2021,Energy and Environmental Security Nexus in Pakistan,Consensus,Southern Asia,Pakistan ,National (whole country),Challenge #1 - Nexus Complexity Challenge (addressing and embracing nexus complexity); Challenge #3 – Nexus Governance Challenge (effective governance of the nexus) ,,,,,,,,x,,x,,,,,,,,,,,,x,,,,,,,,,,,,x,,x,,,,,,,,,,,,x,x,,,x,,,,,,,,,,,,,,,,,,,,,,,,x,,,x,,,,,,,,x,,,,,x,,,,,,,,,,,,,,No,,,,Legal and Regulatory Instruments,"Improvements to the ARE Policy 2011, National Power Policy 2013, and Power Generation Policy 2015",,,Private; IPLCs; Governments,Government of Pakistan,,,Biodiversity; Climate; Health; Food,,Poverty; Economic growth; Employment; Indigenous values and knowledge; Education; Energy,,Review; Other: Book ,,No,Not evaluating a specific policy intervention,
219,Hess 2021,Making sustainability plans more equitable: an analysis of 50 U.S. Cities,Consensus,Northern America,United States of America,National (whole country),,,,,,,,x,,,,,,x,,x,,,,,,,,,,,,,,,,,,,x,,x,,,,x,,,,,,,,,,,,,,,,,,,,,,,,,,,,,,x,,,,,,x,,,,,,,,,,,x,,,,,,,,,,,x,,,,,,Income per capita,,No,,,,Social and Cultural Instruments,"Plans related to general sustainability, climate action, comprehensive, and relevant sectoral plans (e.g. housing, parks, bicycling, and transportation)",,,Private; Governments; Other: City councils,City councils of 50 U.S. Cities,,,Climate; Food,,Equity,,Review,Review of city plans,Maybe,"This paper looks at city plans...could be called interventions, but there are 50 and it is difficult to pull out individual interventions. ",
222,Urbinatti 2020,The conceptual basis of water-energy-food nexus governance: systematic literature review using network and discourse analysis,Consensus,Not applicable (no specific spatial location),,Not applicable (no specific spatial location),Challenge #1 - Nexus Complexity Challenge (addressing and embracing nexus complexity); Challenge #2 – Nexus Values Challenge (considering multiple values and trade-offs); Challenge #3 – Nexus Governance Challenge (effective governance of the nexus) ,,,,x,,,,,,x,,,,,x,,,,x,,,,,,x,,,,,,,,,,,x,,,x,x,x,,,,,,,,,x,,,,,,,,,,x,,,,,,,x,x,,,,x,x,,,,,,,,,,,,,,,,,,,,,,,,,,,,,,,,,No,,Other: integrated water resource management,,,,,,,,,,Food; Water,,Equity; Energy,,Review,,No,,This paper proposes a systematic review of the governance concepts and arrangements that constitute nexus governance. The paper includes a long table listing all modes of nexus governance found in the review. Highlights also gaps in the nexus governance literature
226,Kapucu 2020,Network governance for collective action in implementing united nations sustainable development goals,Consensus,Eastern Europe;  Northern Europe; Southern Europe; Western Europe,European Union ,"Regional (multiple countries, whole continents)",Challenge #3 – Nexus Governance Challenge (effective governance of the nexus) ,,,,,,,,,,,,,x,,,,x,,,,,,,,,,,,,,,,,x,,x,,,,x,,,,,,,,x,,,,,,,,,,,,,,,,,,,,,,,,,,,,,,,,,,,,,,,,x,,,,,x,,,,,,,,,,,"In-country development assistance, Collective action",,No,,Network Governance,,Legal and Regulatory Instruments,,,,Civil Society; Regional Organisations; Multilateral Organisations; Governments,"Secretariat, General Assembly—Economic and Financial Committee, General Assembly—Social, Humanitarian, and Cultural Issues, Economic and Social Council, High-Level Political Forum on Sustainable Development, Statistical Commission, Commission on Population and Development, Commission on Social Development, United Nations Forum on Forests, Conference of States Parties to the Convention on the Rights of Persons with Disabilities, Intergovernmental follow-up on Financing for Sustainable Development, United Nations Committee on Global Geospatial Information Management, Committee for Development Policy, Committee of Experts on Public Administration, Committee on Non-Governmental Organizations, Permanent Forum on Indigenous Issues, UN Water, UN Energy, Development Cooperation Forum, Financing for Development Forum, Internet Governance Forum, Multi-stakeholder Forum on Science Technology and Innovation for the SDGs, Partnership Forum, World Data Forum, Youth Forum, Collaborative Partnership on Forests, Executive Committee of Economic and Social Affairs, High-level Group for Partnership, Coordination and Capacity-building for the 2030 Agenda, Inter-agency and Expert Group on SDG Indicator, Inter-agency Consultative Group on SIDS, Inter-agency Support Group for the Convention on the Rights of Persons with Disabilities, Inter-agency Task Force on Financing for Development, Inter-agency Task Team for the Technology Facilitation Mechanism, UN Inter-agency Support Group on Indigenous People’s Issues, United Nations Inter-agency Network on Youth Development, United Nations Global Working Group on Big Data for Official Statistics, Committee of Experts on International Cooperation in Tax Matters, United Nations Group of Experts on Geographical Names","Yes, U.N. High Level Political Forum (HLPF), their form of coordination relies on soft, indirect governance of intermediaries to achieve goals and acts a steering agent.",,Food; Water,,Energy,,Other: Network analysis,,Yes,This study provides a background on international organizations and efforts in collectively moving towards sustainable development goals. It examines the SDGs (specific emphasis on Food–Energy–Water (FEW) Nexus) and means of governance and implementation at the global level.,
227,Smucker 2020,"Foundations for convergence: Sub-national collaboration at the nexus of disaster risk reduction, climate change adaptation, and land restoration under multi-level governance in Kenya",Consensus,Sub-Saharan Africa,Kenya,National (whole country),"Challenge #3 – Nexus Governance Challenge (effective governance of the nexus) ; Challenge #5 – Nexus Knowledge and Scaling Challenge (ensuring adequate data, information, and monitoring)",,,x,,x,,x,,,,,,,,x,,,,,,,,x,,x,,x,,,,,,,x,,x,,x,,x,,,,x,,,,,,,x,,,,,,,,,,,,,,,,,,,,,,,,,,,,,,,,,,,,,,,x,,,,,,x,,x,,x,,x,,,,No,,Network Governance,,Legal and Regulatory Instruments; Economic and Financial Instruments,,,no,Civil Society; Academia; IPLCs; NGOs; Multilateral Organisations; Governments,,,,Climate; Food; Water,,Equity; Indigenous values and knowledge,,Empirical,,Yes,,
240,Villamor 2020,Gender Specific Differences of Smallholder Farm Households Perspective of Food-Energy-Land Nexus Frameworks in Ethiopia,Consensus,Sub-Saharan Africa,Ethiopia,Subnational >100 km² (watershed),Challenge #2 – Nexus Values Challenge (considering multiple values and trade-offs),"The study explores the gender-specific perspectives of smallholder farmers in Ethiopia regarding the food-energy-land nexus. It delves into how male and female farmers perceive and interact with nexus resources, which involves considering multiple values and trade-offs as gender-specific roles and decision-making processes can influence resource utilization and trade-offs.",,x,,x,,,,x,,,,,x,,,,,x,,,,,x,,,,,,,,,,,,x,,,x,,x,,x,x,,,,,,,,,,,,x,,,,,,,,,,,,,,,,,,,,x,,,,,,,,,,,,,x,,,,x,,,,,,,,,x,,,,No,,Other: none,The article primarily discusses the gender-specific perspectives and dynamics within the food-energy-land nexus in Ethiopia. It does not explicitly propose or assess specific governance approaches related to the Nexus challenges,,,The article does not explicitly discuss specific policy instruments or response options to address the Nexus challenges.,The article does not explicitly mention specific leverage points or levers for changing social-ecological systems in the context of addressing the Nexus challenges.,Funders; Civil Society; NGOs; Governments,Local institutions,no,,Food; Water,Land,Equity; Energy,,Empirical,,Maybe,,
245,Hamidov 2020,Sustainability considerations in water-energy-food nexus research in irrigated agriculture,Consensus,Not applicable (no specific spatial location),,Not applicable (no specific spatial location),"Challenge #1 - Nexus Complexity Challenge (addressing and embracing nexus complexity); Challenge #3 – Nexus Governance Challenge (effective governance of the nexus) ; Challenge #5 – Nexus Knowledge and Scaling Challenge (ensuring adequate data, information, and monitoring)",,,x,,,,,,,,,,x,,,,,,x,,,,,,,x,,x,,,,,,,,,,,,,,,,,,,,,x,,,x,,,,,,,,,,,,,,,,,,,,,,,,x,,,,,,,,,,,x,,,,,,,,,,,,,,,,,,,Yes,"To scaling up urban agriculture - gains in energy efficiency could be realized through the colocation of urban agriculture operations with waste streams (e.g., heat, CO2, graywater, wastewater and compost), which may increase yields and offset lifecycle energy demands.",,,,,,,Governments,,,,Food; Water,,Energy,Irrigated Agriculture,Review,,No,,
254,TakaesSantos 2020,Confronting governance challenges of the resource nexus through reflexivity: A cross-case comparison of biofuels policies in Germany and Brazil,Consensus,Latin America and the Caribbean; Western Europe,"Brazil, Germany",National (whole country),Challenge #1 - Nexus Complexity Challenge (addressing and embracing nexus complexity); Challenge #2 – Nexus Values Challenge (considering multiple values and trade-offs); Challenge #3 – Nexus Governance Challenge (effective governance of the nexus) ,,,X,X,,,X,X,,X,,,X,,X,X,X,,,,,,,,,,,,,,,,,X,X,X,X,,X,X,X,,,,,,,,,,,X,,,,X,,X,,X,,,,,,,,,,X,,X,,X,,X,X,,,,,,,,,,X,,,,,,,,,,,,,,,,,"High level of institutionalization of advisory councils (Germany), Horizontal and vertical policy integration, Multi-level architecture of decision-making","Independence of scientific organizations, considering the priority hierarchy for usage, lack of trust in consultation processes, Institutional instability",No,,Hierarchical Governance; Market Governance,,Legal and Regulatory Instruments; Economic and Financial Instruments,"Brazilian Law no 12490 (2011),  Brazilian Agroecological Zoning for Sugarcane,  Brazilian National Biofuels Program, German Directive on the promotion of biofuels and other renewable fuels for transport, German Biomass Action Plan, German Renewable Energy Directive, German Fuel Quality Directive,  German Biofuels Directive, German Mineral Oil Taxation Act in 2003, German Energy Tax Act, German Biofuels Quota Act, German Climate Action Programme 2030, Regulatory Impact Assessments, ",,,Private; Civil Society; Academia; NGOs; Governments; Other: National organisations (public/private),"Brazilian Ministry of Mines and Energy, Brazilian Ministry of Finances, Brazilian National Council for Energy Policy, Brazilian Ministry for Agriculture, Livestock and Food Supply, Brazilian Sugarcane Industry Association, Brazilian Agricultural Research Corporation, University of Campinas, Bioethanol National Science and Technology Lab, Agroicone, Brazilian Ministry of Cities, German Ministry of Finance, Joint Research Centre, German Advisory Council on the Environment, German Advisory Council on Global Change, German Environment Agency, German Federal Ministry of Food and Agriculture, German Federal Ministry for Economic Affairs and Energy, German Federal Ministry for the Environment, Nature Conservation and Nuclear Safety, German Biofuel Sustainability Ordinance",,,Biodiversity; Water,,Energy,,Conceptual/theoretical; Empirical,,Maybe,,
256,Sharma 2020,"The global governance of water, energy, and food nexus: allocation and access for competing demands",Consensus,Not applicable (no specific spatial location),,Not applicable (no specific spatial location),Challenge #1 - Nexus Complexity Challenge (addressing and embracing nexus complexity); Challenge #3 – Nexus Governance Challenge (effective governance of the nexus) ,,,,,,,,,X,X,,,,,,,,x,,,X,X,,,,x,,X,,,X,X,,X,,x,,,x,X,,,X,,,,,X,X,X,,X,,,,,X,x,,,,,,,,,,,,,,,,,,,,,,,,,,,,,X,X,,,,,,,,,,,,,,,,vertical coordination (between levels of governance),Transaction costs that prevent equity,No,"Technology as a ""backstop""variable that require adoption by consumers and are deeply linked with income (-< enhance inequities)",,,Legal and Regulatory Instruments; Economic and Financial Instruments; Social and Cultural Instruments,"Regulatory approach to allocate resources, market-based allocation, merits and demerits, permits, quotas, rationing, subsidies, price signal",,,,,,,Climate; Food; Water,,Equity; Energy,"interrelations bewteen nexus dimensions are intensified through population growth, urbanization, changes in consumtion patterns, cliate change, and food waste. ",Review; Perspective,,No,,"The paper presents a framework for the allocation of the nexus benefits, and discusses of the different criterias and rules that can be used to decide of the allocation. "
266,Greer 2020,The role of communication in managing complex water-energy-food governance systems,Consensus,Northern America,US,Subnational >100 km² (watershed),"Challenge #1 - Nexus Complexity Challenge (addressing and embracing nexus complexity); Challenge #3 – Nexus Governance Challenge (effective governance of the nexus) ; Challenge #5 – Nexus Knowledge and Scaling Challenge (ensuring adequate data, information, and monitoring)","While the study touches on these challenges, it primarily focuses on Challenge #3 (Nexus Governance Challenge) by examining communication networks and connections among organizations, which is crucial for effective governance.",,x,,x,,x,,,x,,,,x,,,,,x,,,,,,,,,,,,,,,,,,,,,,x,,,,x,,,x,,,,x,,,,x,,x,,,,,,,,,,,,,,,,,,,,,,,,,,,,,,,,,,,,,,,,,,,,,,,,,,Network Governance,,Legal and Regulatory Instruments,,,none,Academia; NGOs; Multilateral Organisations; Governments,,,,Biodiversity; Climate; Health; Food; Water,,Energy,,Conceptual/theoretical,,Yes,,
268,Bozeman 2020,Overcoming climate change adaptation barriers: A study on food–energy–water impacts of the average American diet by demographic group,Consensus,Northern America,United States of America,National (whole country),Challenge #2 – Nexus Values Challenge (considering multiple values and trade-offs),,,,,,,,,,,,,,,,,,,,,,,,,,,,,,,,,,,,,,,,,,,,,X,,,,,,,X,,,,,,,,,,,,,,,,,,,,,,,,,,,,,,,,,,,,,,,,,,,,,,,X,,,,,,"lack of knowledge, migration limitations, leadership",No,"These barriers include paucity of knowledge on adaptation measures, insufficient agricultural infrastructure, policy implementation challenges, and migration limitations (Azhoni, Jude, & Holman, 2018; Berchin, Valduga, Garcia, & Guerra, 2017; Castells-Quintana, Lopez-Uribe, & McDermott, 2018; Helm, Pollitt, Barnett, Curran, & Craig, 2018).",,None proposed or assessed,,,None proposed or assessed,,Private; Governments,"Individuals, U.S. Food and Drug Administration",,,Climate; Food; Water,,Equity; Education; Energy,,Empirical,,No,,"This study looks at food consumption impacts on FEW Nexus (plus climate) based on race. Results show that Whites’ food consumption patterns yield the highest per capita GHG and water impact rates, whereas Blacks’ food consumption patterns yield the highest per capita land impact rate. This paper is really about impacts on the FEW trade-offs and barriers rather then solutions."
277,Paim 2020,Mainstreaming the Water-Energy-Food Nexus through nationally determined contributions (NDCs): the case of Brazil,Consensus,Latin America and the Caribbean; Eastern Asia; Southern Asia; Eastern Europe;  Northern Europe; Southern Europe; Western Europe,"Brazil, but also India, China, EU and Mexico","National (whole country); Regional (multiple countries, whole continents); Multi-regional (multiple continents/geographic regions)",Challenge #1 - Nexus Complexity Challenge (addressing and embracing nexus complexity); Challenge #2 – Nexus Values Challenge (considering multiple values and trade-offs); Challenge #3 – Nexus Governance Challenge (effective governance of the nexus) ,The focus is on using NDC to implement nexus and vice-versa.,,x,x,,,,,,,x,,,,x,,x,,,x,,,x,x,,,,,,,,,,,x,,,,x,x,,x,x,,,,,,,,,,,,,,,,,,,,,,,,,,,,,,,,,,,,,,,,,,,,,,,,,,,,,,,,,,,,,NDC is presented as the main enabler to implement nexus ,,No,,Hierarchical Governance,,Legal and Regulatory Instruments,,,,Private; Governments," Inter-Ministerial Committee on Climate Change, agricultural sector","NDC implementation as an strategy, not as an actor",,Climate; Food; Water,,Energy,,Review; Perspective,,Yes,"Very, very interesting because it discusses how a policy instrument defined in a multilateral agreements can trigger nexus and how it can help to achieve such agreements",
278,Opejin 2020,A bibliometric analysis of food-energy-water nexus literature,Consensus,Not applicable (no specific spatial location),The text primarily discusses trends and themes in the Food-Energy-Water (FEW) nexus literature without specifying particular geographic regions.,Not applicable (no specific spatial location),"Challenge #1 - Nexus Complexity Challenge (addressing and embracing nexus complexity); Challenge #2 – Nexus Values Challenge (considering multiple values and trade-offs); Challenge #5 – Nexus Knowledge and Scaling Challenge (ensuring adequate data, information, and monitoring)",,,,,,,,,,,,,,,,,,,,,,,,,,,,,,,,,,,,,,,,,,,,,,,,,,,,,,,,,,,,,,,,,,,,,,,,,,,,,,,,,,,,,,,,,,,,,,,,,,,,,,,,,,No,,Other: none,,Other: none,,,no,Other: none,,,,Food; Water,,Energy,,Review,,No,,
280,GhafooriKharanagh 2020,An MCDM-based social network analysis of water governance to determine actors’ power in water-food-energy nexus,Consensus,Western Asia,Iran,Subnational >100 km² (watershed),Challenge #1 - Nexus Complexity Challenge (addressing and embracing nexus complexity); Challenge #3 – Nexus Governance Challenge (effective governance of the nexus) ,,,,,,,,,,,,,,,,,,,,x,,,,x,,,,,,,,,,x,,x,,,x,x,,,,,,,,,,,,,,,,,,,,,,,,,,,,,,,,,,,,,,,,,,,,,,,,,,,,,,,,,,,,,,x,,,,No,,Network Governance,,,,,,Private; Civil Society; Academia; IPLCs; NGOs; Multilateral Organisations; Governments,See in notes,,"Yazd Agricultural and Natural Resources Research and Education Center; Agricultural expert; National Cloud Seeding Research Center; Department of Natural Resources and Watershed Management of Yazd; NGO ""Hafezan Tabiat Kaviri""; Religious Leader (Imam Jomeh); nternational Centre on Qanats and Historic Hydraulic Structures; Iran Water Resource Management Company; NGO ""Keshavarzan Khobre""; Livestock Support Company of Yazd; Ministry of Agriculture Jahad; Ministry of Energy; National Salinity Research Center; National Water and Wastewater Engineering Company; Power generation companies (production below 25 MW); Power generation companies (production over 25 MW); Representative of farmers; Representative of qanats; Rural Cooperative Organization of yazd; Rural social worker ; NGO ""Samat""; Solar Research Center; Tavanir(Management Company of Power Production, Transfer and Distribution); The largest consumer of water in the agricultural sector; The largest consumer of water in the industrial sector; Thermal Power Plants Holding Company; NGO ""Vaghefin Sabz""; Veterinary Department of Yazd; Water Research Institute; Yazd Agricultural Insurance Fund; Yazd Agricultural Support Services Company; Yazd Agriculture Jahad Organization; Yazd Alloy Steel company; Yazd District Government; Yazd City Council; Yazd County Agriculture Jahad Management; Yazd Education Organization; Yazd Electric Power Generation Company; Yazd Electrical Distribution Company	; Yazd Department of Environment; Yazd Government Office; Yazd Member of Parliament; Yazd Municipality; Yazd Organization of Industry, Mine and Trade; Yazd Provincial Government; Yazd Regional Electric Company; Yazd Regional Water Company; Yazd Rural Water and Wastewater Company; Yazd Science and Technology Park; Yazd Supporting Fund  Development in Agriculture Company; Yazd University; Yazd Water and Wastewater Company; Yazd Water Office; NGO ""Zanan Dostdar Bahar Sabz""
",Food; Water,,Energy,,Empirical; Modelling,,No,A network analysis rather than a response option ,
281,vanGevelt 2020,The water–energy–food nexus: bridging the science–policy divide,Consensus,Not applicable (no specific spatial location),,Not applicable (no specific spatial location),Challenge #1 - Nexus Complexity Challenge (addressing and embracing nexus complexity); Challenge #2 – Nexus Values Challenge (considering multiple values and trade-offs); Challenge #3 – Nexus Governance Challenge (effective governance of the nexus) ,,,,,,,X,,,,,,x,,x,,,,x,x,,,,X,,,,,,,X,x,,,,,,x,x,x,x,X,x,,,,,,,,,,,,,,,,,,,,,,,,,,,,,,,,,,,,,,,,,,,,,,,X,,,,,,,,,,,,,,integration of ILK,,No,,Hierarchical Governance; Other: Centralized governance,Centralized governance could effectively internalise the effects of tradeoffs abd be incentivised (positivist and reductionist approaches to the study of the nexus). In contrast : cross-sectoral hierarchical strcutures,,,,,,,,,Food; Water,,Equity; Energy,,Opinion,,No,,"The paper questions the apolitical framing of the WEF nexus, and suggest, to move beyond positive conceptualization of the nexus, by including politics (power asymetries, tradeoffs in actors values and interests). "
287,Gyawali 2020,Grounding nexus governance: De-nexused developments in nepal,Consensus,Southern Asia,Nepal,Subnational >100 km² (watershed),Challenge #3 – Nexus Governance Challenge (effective governance of the nexus) ,,,x,,,,,,x,,,,,,,,,,,,,,x,x,,,,,,,,,,,,,,,x,x,,,,,,,,,,,x,,,,x,,,,,,x,,,x,,,,,,,,x,,x,x,,,,,,,,,,,,,,,,,,,x,,x,x,,,,,,,,,No,,Community Governance,,Other: none,,,none,Private; Media; Funders; Civil Society; NGOs; Regional Organisations; Multilateral Organisations; Governments,,,,Food; Water,,Equity; Poverty; Employment; Energy,,Conceptual/theoretical,,Maybe,,
292,Squires 2020,Food security and land use change under conditions of climate variability: Synthesis and uniting perspectives,Consensus,Not applicable (no specific spatial location),The authors cited some locations but not as specific case studies.,Not applicable (no specific spatial location),Challenge #1 - Nexus Complexity Challenge (addressing and embracing nexus complexity),,,,,,,,,,,,,,,,,,,,,,,,x,,,,,,,,,,,,,,,,,,,,x,,,,,,,,,,,,,,,,,,,,,,,,,,,x,,,,,,,,,,,,,,,,,,,,,,,,,,,,,,,,,,,No,,,"Not cited, but it explores how different food systems are more affected by climate change issues.",,,"The paper aims to identify potential threats of climate change to food production/system, thus it does not provide clear insruments/solutions to deal with it.",,Private; Civil Society; Governments,smallholders,,,Climate; Food,,Equity; Poverty; Other: Land,Land degradation could be considered a cross cutting issue in the climate-food nexus,Review; Perspective,Book chapter,No,,
296,Papadopoulou 2020,Towards a low-carbon economy: A nexus-oriented policy coherence analysis in Greece,Consensus,Southern Europe,Greece,National (whole country),Challenge #2 – Nexus Values Challenge (considering multiple values and trade-offs),,,x,x,,,x,,,,x,,,,,,,,,,,,,,,,,,,,,,,,,,,,,,,,,,,,,,,,,,,,,,,,,,,,,,,,,,,,,,,,,,,,,,,,,,,,,,,,,,,,,,,,,,,,,,,,,Hierarchical Governance,,Legal and Regulatory Instruments; Rights-Based Instruments and Customary Norms; Social and Cultural Instruments,"incentive-based instruments, direct regulatory instruments (command and control), voluntary regulation, informational instruments, technology-based policies","These instruments are described as general categories, but in Table 2 the authors present differents instruments present in each sector that is impossible to cite all of them here... But it is interesting to check it out.",,Private; Funders; Civil Society; Academia; NGOs; Governments,,,,Climate; Food; Water,"Land, energy and tourism are presented as dimensions",Energy; Other: Land and tourism,,Perspective; Conceptual/theoretical; Empirical; Other,,Yes,It is interesting use this paper because it was able to map multiple instruments present in different nexus dimensions and identify the relationship between them in the context of Greece,
300,Adams 2020,Water insecurity and urban poverty in the Global South: Implications for health and human biology,Consensus,Not applicable (no specific spatial location),,Not applicable (no specific spatial location),"Challenge #5 – Nexus Knowledge and Scaling Challenge (ensuring adequate data, information, and monitoring)","Historically, water-health interventions have been based almost entirely on traditional indicators of water access such as availability, distance, price, and quality. But growing evidence suggests that these metrics do not
fully explain water insecurity experiences (Lucci et al., 2018; Smiley, 2017; Wutich et al., 2017), as newer ways of conceptualizing water insecurity emphasize how socio-
cultural, political, power relations and other dynamics shape water insecurity (Jepson et al., 2017).",,,,,,,X,,X,,X,,,,,,,,,,,,,,,,,,,,,,,,,,,,,,,,,,,,,,,,,,,,,,,,,,,,,,,,,,,,,,,,,,,,,,,,,,,,,,,,,,,,,,,,,,,,,,No,Enablers and barriers not explicitly identified but the ones above are inferred.,,No specific governance approaches are proposed.,,,No specific policy instruments are proposed.,,Private; Governments,"individuals, households",,,Health; Water,,Equity; Poverty,,Review,,No,,
301,Olawuyi 2020,Sustainable development and the water-energy-food nexus: Legal challenges and emerging solutions,Consensus,Northern America;  Northern Europe; Not applicable (no specific spatial location),"United Kingdon, Canada","National (whole country); Regional (multiple countries, whole continents); Not applicable (no specific spatial location)",Challenge #3 – Nexus Governance Challenge (effective governance of the nexus) ,,,,X,,,,,,,,,,,,X,X,,,X,,,,,,,,,,,,,,,,,X,,,,X,,,,,,,X,,,,X,,,,,,,,,,,,,,,,,,,,,,,,,,,,,,,,,,,,X,,,,,,,,,,,X,,X,,,"structural integration of expertise/knowledg/information/ resources, transboundary cooperation and knowledge sharing, education and skills development","undercurrent conflict between the prevalent regulatory models in water, energy and food sectors, segregated and compartmentalized legislation/rules/procedures, interpretation gaps on the legal basis and source of responsibility, inadequate funding and understaffing, budget mismanagement, lack of sustained commitetment by governments",No,,,,Legal and Regulatory Instruments,"Canadian Responsible Energy Development Act (REDA 2012), UK’s Environmental Permitting (England and Wales) Regulations (EPEWR)",,,Regional Organisations; Governments,Alberta Energy Regulator,,,Food; Water,,Energy,,Conceptual/theoretical,,No,,"Key consideration: ""comprehensive and specific legislation is critical in order to effectively advance
the WEF nexus approach from theory to practice. The absence of linked rules, procedures and obligations across the WEF domains makes it difficult to reflect WEF nexus considerations in the design, approval, financing and implementation of multi-scale and multi sectorial projects."""
306,Brack 2019,"Strengthen the European collaborative environmental research to meet European policy goals for achieving a sustainable, non-toxic environment",Consensus,Eastern Europe;  Northern Europe; Southern Europe; Western Europe,European Union,"Regional (multiple countries, whole continents)","Challenge #1 - Nexus Complexity Challenge (addressing and embracing nexus complexity); Challenge #4 – Nexus Financial Challenge (ensuring adequate financing for the nexus); Challenge #5 – Nexus Knowledge and Scaling Challenge (ensuring adequate data, information, and monitoring)",Focussed on monitoring and research needs.,,,,,,,,,,,,,,,,,,,,,,,,,,,,,,,,,,,,,,,,,,,,,,,,,,,,,,,,,,,,,,,,,,,,,,,,,,,,,,,,,,,,,,,,,,,,,,,,,,,,,,,,,No,No specific enablers and barriers mentioned,Network Governance; Community Governance,"Recommendations: Foster the involvement of non-EU partners in European collaborative research (interpreted as a network governance approach), Encourage multi-stakeholder involvement in EU collaborative projects to capture added value and address complexity (interpreted as community governance).",Economic and Financial Instruments,Funding for research capacity building,,,Funders; Academia; Governments,"Researchers, Government Funders",,,Biodiversity; Climate; Health; Food; Water,,,,Perspective,,No,,This paper is really about research needs to address the nexus through reduced contamination/pollution. Not really about governance as such.
313,Salmoral 2019,Water diplomacy and nexus governance in a transboundary context: In the search for complementarities,Consensus,Sub-Saharan Africa; Western Asia,"Jordan, Israel, Palestine, Lebanon, Syria, angola, namibia, botswana, zimbabwe, tanzania, malawi, mozambique","Regional (multiple countries, whole continents)",Challenge #1 - Nexus Complexity Challenge (addressing and embracing nexus complexity); Challenge #2 – Nexus Values Challenge (considering multiple values and trade-offs); Challenge #3 – Nexus Governance Challenge (effective governance of the nexus) ,,,X,,,,x,,,,,,,,,,,,x,,,,,,,,,x,,,,,,,,X,,,x,X,,,x,,,,,,,x,,,,,,,,,,,,,,,,x,,,,,,,,,,,,,,,,,,,,,x,,,,,,,,,,,,,,,,,,"technical framing of the nexus, population growth, access to information,  lack of transparency, short-term thinking, uncertainty",No,,"Other: water diplomacy, adaptive management",,Rights-Based Instruments and Customary Norms; Economic and Financial Instruments; Other,"compensations (cash payments), land allocation, capacity building, energy price, ",,,Private; Funders; Civil Society; Governments,"banks, politicians, environmentalists, local farmers, wastewater treatment plant, ministry of water and irrigation and agriculture, international funding agencues",,,Food; Water,,Equity; Energy,,Review,,Maybe,,"The paper proposes a ""water diplomacy"" lens to analyze two examples of water-energy-food nexus, and distinguishes technical approaches to the nexus, from more political ones, which include issues of equity"
315,Li 2019,Synergies within the water-energy-food nexus to support the integrated urban resources governance,Consensus,Eastern Asia,China (Shenzhen),Local >1 km² to 100 km² (neighbourhood to municipality),Challenge #1 - Nexus Complexity Challenge (addressing and embracing nexus complexity); Challenge #2 – Nexus Values Challenge (considering multiple values and trade-offs); Challenge #3 – Nexus Governance Challenge (effective governance of the nexus) ,"The focus of the paper is in the relationship between the different nexus dimensions (challenge #2), but it discuss aspects related to complexity and governance too. ",,x,x,,,,,x,,,,,,,,,,,,,,,x,,,,,,,,,,,,,,,,x,x,,,,,,,,,,,,,,,,,,,,,,,,,,,,,,,,,,,,,,,,,,,,,,,,,,,,,,,,,,,,,,,,,No,I would say that the proposal to identify centralities in each nexus element (subsystem) can be either considered a enabler and a barrier and is key in this paper.,Market Governance; Other,It is not clear what type of governance is described in the paper but I would bet in the market governance because it discuss the relationship between supply-demand in each and between nexus dimensions...,Legal and Regulatory Instruments,,,,Other,,,"It is not clear what are the actor engaged in the paper, considering that to understand the relationship between multiple parameters that explain the WEF system in Shezhen is the proposal to promote nexus (technical response option?)",Food; Water,,Energy,,Conceptual/theoretical; Empirical; Modelling,,Yes,,"I do like this paper because it discuss the relationship between paramenters within and between parameters of different nexus elements (subsystems). It highlights that the parameters in food system seems to be more convergent while water system affect more other dimensions, and its parameters behaves more independently... "
327,Müller-Mahn 2019,Controversial Connections: The water-energy-food nexus in the Blue Nile basin of Ethiopia,Consensus,Sub-Saharan Africa,Ethiopia,Subnational >100 km² (watershed),Challenge #1 - Nexus Complexity Challenge (addressing and embracing nexus complexity),,,x,,x,,,x,,,,,,,,,,,x,,x,,,,,,,,,,,,,,,x,,x,,,x,,x,,,,,x,,,,x,,,,,,,,,,,,,,,,,,,,,,,x,,,,,,,,,,,,,,,,,,,,,,,,,,,,,,,No,,,"
The article do not explicitly propose or assess specific governance approaches as solutions to the nexus challenges. The texts primarily focus on describing the impacts of hydro-development on local communities, livelihoods, and land use, as well as discussing the challenges related to the water-energy-food nexus in the Blue Nile Basin of Ethiopia. Governance approaches are not a central theme in the provided texts.",Other: none,,,Specific leverage points or levers are not discussed,Civil Society; Academia; NGOs; Governments,,,,Food; Water,,Equity; Indigenous values and knowledge; Energy,,Conceptual/theoretical,,Maybe,,
328,Ding 2019,Prominent Influence of Socioeconomic and Governance Factors on the Food-Energy-Water Nexus in sub-Saharan Africa,Consensus,Sub-Saharan Africa,,"Regional (multiple countries, whole continents)",Challenge #2 – Nexus Values Challenge (considering multiple values and trade-offs),,,,,,,,,,,,,,,,,,,,,,,,,,,,,,,,,,,,,,,,,,,,,,,,,,,X,,,,,,,,,,,,,,,,,,,,,,,,,,,,,,,,,,,,,,,,,,,,,X,,,,,,,,"governance quality, political stability, GDP, food supply variability, access to fossil fuels",,No,"From the results: SG metrics such as governance quality, political stability, and GDP per capita are the primary metrics capturing conversion of resources to services; access to drinking water and some of the food-specific access metrics are significant variables in the services to health outcomes.",,No specific governance approaches are discussed,,,No specific policy instruments looked at,,,,,No specific actors discussed,Health; Food; Water,,Energy; Other: services,,Empirical,,No,,This paper is really about assessing the factors that maximise synergies among nexus elements empirically.
334,Adela 2019,Small-scale irrigation scheme governance - poverty nexus: evidence from Ethiopia,Consensus,Sub-Saharan Africa,,Subnational >100 km² (watershed),Challenge #3 – Nexus Governance Challenge (effective governance of the nexus) ,,,,,,,,,,,,,,,,,,,,,,,,,,,,,,,,,,,,,,,,,,,,,,,,,,,x,,,,,,,,,,,,,,,,,,,,,,,,,,x,,,,,,,,,,,x,,,,,,x,,x,,,,,,x,,"Market characteristics, effective governance, informal institutions, physical infrastructure, renovating and improving the canals","Corruption, trust",No,,Other: Polycentric governance was proposed,,Rights-Based Instruments and Customary Norms; Economic and Financial Instruments,Irrigation scheme,,"The involvement of the traditional leaders (i.e., the so-called “water
fathers”) is encouraged to build trust in the governance of irrigation
schemes. Several studies in Africa have documented the increasing importance of “institutional pluralism” that involves local communities (informal institutions) but provides local governments with more authority in the governance of small-scale irrigation schemes.",Civil Society; Governments,Farmers; local government,,,Food; Water,,Poverty,,Empirical,,Yes,"This study analyzes determinants of small-scale irrigation adoption and the impact this may have on
food security in Ethiopia, where agricultural land is extremely fragmented and densely populated",
348,Rodríguez-de-Francisco 2019,Payment for ecosystem services and the water-energy-food nexus: Securing resource flows for the affluent?,Consensus,Latin America and the Caribbean,Colombia,Subnational >100 km² (watershed),Challenge #1 - Nexus Complexity Challenge (addressing and embracing nexus complexity); Challenge #2 – Nexus Values Challenge (considering multiple values and trade-offs); Challenge #3 – Nexus Governance Challenge (effective governance of the nexus) ,,,,X,,,,,,x,,,,X,,X,,,,,,,,,,,,,,,,x,,,,,X,,x,,,,,,,,,,,,,,,,X,x,,,,,,,,,,,,,,,,,,,,,,,,,,,,,X,,,,,,,,,,,,,,,,,,,,,No,,Hierarchical Governance,,Economic and Financial Instruments,PES,,,Private; Funders; Civil Society; NGOs; Governments,"National government, energy generation companies, Environmental Authority, people living in communities, Censat Agua Viva, Fundación Natura and Compromiso, Corporación
para el Desarrollo del Oriente, ISAGEN (dam construction firm), BanCO2",,,Biodiversity; Food; Water,,Equity; Poverty; Employment; Energy; Other: power dynamics,,Empirical,,Yes,,Focuses on the social tradeoffs resulting from the construction of a DAM and an associated PES program in Colombia. Because of power asymmetries; there were no negociations and coordination with local actors before implementing the project.
352,vanNoordwijk 2019,"Integrated natural resource management as pathway to poverty reduction: Innovating practices, institutions and policies",Consensus,Not applicable (no specific spatial location),,Not applicable (no specific spatial location),"Challenge #1 - Nexus Complexity Challenge (addressing and embracing nexus complexity); Challenge #3 – Nexus Governance Challenge (effective governance of the nexus) ; Challenge #5 – Nexus Knowledge and Scaling Challenge (ensuring adequate data, information, and monitoring)",,,X,x,,,,,X,X,,,,,,,,,X,X,X,,,,,,,,,,,,,,,,,,x,,,x,x,X,x,,,,,,,,,,,,x,x,,,x,x,,,,,,,,,,,,,,,,,,,,,,,,,X,,X,,,,,,,,,,,,,,,,,No,,"Other: integrated natural resources management, polycentric governance",,Rights-Based Instruments and Customary Norms; Economic and Financial Instruments,"PES, REDD+, ES markets, devolution of rights, certification schemes; ",discuss of the complementarity of instruments ,,,,,,Food; Water,,Equity; Poverty; Economic growth; Indigenous values and knowledge; Energy; Other: Safety,,Review; Conceptual/theoretical,,No,,"The paper proposes a a framework, based on existing literature, to analyse how technology, institutions and policies can contribute to sustainable agricultural practices. "
354,Roidt 2019,Learning from integrated management approaches to implement the Nexus,Consensus,Not applicable (no specific spatial location),,Not applicable (no specific spatial location),Challenge #1 - Nexus Complexity Challenge (addressing and embracing nexus complexity); Challenge #2 – Nexus Values Challenge (considering multiple values and trade-offs); Other: efficiency,,,X,,x,,,,,,,,,,,,,,,,,,,,,,,,,,,,,,,,,,,x,,,,,,,,,,,,,,,,,,,,,,,,,,,,,,,,,,,,,,,,,,,,,,,,,,,,,,,,,,,,,,,,,,No,,Other: Integrated management approaches,,,,,,,,,,Food; Water,,"Energy; Other: Soil, Waste",,Review,,No,,"The paper basically aims at defining ""nexus"", and describing the difference with integrated management approaches. Poorly informative"
356,Yamineva 2019,"Cleaning the air, protecting the climate: Policy, legal and institutional nexus to reduce black carbon emissions in China",Consensus,Eastern Asia,China,National (whole country),"Challenge #2 – Nexus Values Challenge (considering multiple values and trade-offs); Challenge #3 – Nexus Governance Challenge (effective governance of the nexus) ; Challenge #5 – Nexus Knowledge and Scaling Challenge (ensuring adequate data, information, and monitoring)",,,,X,,X,X,,,,,,,,,,X,,,X,,,,,,,,,,,,,,,X,,X,,,,X,,,,,,,,,,,X,,,,,,,,,,,,,,,,,,,,,,,,,,,,,,,,,,,,,,,,,,,,,,,,,,,,,,No,,Hierarchical Governance,,Legal and Regulatory Instruments,"National Five-Year Plan for Economic and Social Development, National Five-Year Plan for Eco-Environmental Protection, Law on the Prevention and Control of Air Pollution, the Environmental Protection Law of 1979 (amended in 2014), the Law on the Prevention and Control of Air Pollution of 1987 (amended in 2015), the Cleaner Production Promotion Law of 1988 (amended in 2000), the Environmental Impact Assessment Law of 2003 (amended in 2012), The Ambient Air Quality Standards of 2012 (GB3095-2012), National Plan to Address Climate Change (2014–2020),",,,Governments,,,,Climate; Health,,,,Review; Conceptual/theoretical,,No,,Black carbon emissions in China have not yet been the focus of sustained policy attention as a result of a weak air-climate nexus and insufficient scientific knowledge.The authors emphasize the need to strengthen the science-policy relationship
361,Bréthaut 2019,Power dynamics and integration in the water-energy-food nexus: Learning lessons for transdisciplinary research in Cambodia,Consensus,South-eastern Asia,Cambodia,Subnational >100 km² (watershed),Challenge #1 - Nexus Complexity Challenge (addressing and embracing nexus complexity); Challenge #3 – Nexus Governance Challenge (effective governance of the nexus) ,,,,x,,,x,,x,,,,x,,x,,,,,,,,,,,,,,,,,,,x,,,,x,,x,,,,x,,,,x,,,x,,,,,,x,,,,,,,,,,,,,,,x,,x,,x,,,,,,,,,,,,,,x,,,,,,,,,,,,,,"Though overwhelmed by the complexity of their water-energy-food nexus, participants also recognised integration, cooperation, collaboration as ways to navigate this complexity to taking action","A lack of integrated planning in the sub-national (commune-level, provincial-level and district-level) development planning processes was identified as a major reason for preventing reinforced coordination",No,Political factors － and in particular the role of power relations were important in enabling and blocking momentum for WEF nexus integration,"Network Governance; Other: Adaptive ecosystem and resource governance, resource based governance",,Legal and Regulatory Instruments,,,,Civil Society; NGOs; Multilateral Organisations; Governments,"Five major stakeholder engagements with national-level staff of the General Secretariat to the National Council on Sustainable Development, officials from Kratie and Stung Treng provincial governments, national researchers, WWF staff from the national-level and their Mekong Flooded Forest landscape teams, international government and non-governmental organisation staff based in Phnom Penh, and local representatives of those members of the community depending on farming and fishing for livelihoods and food.",,,Food; Water,,Energy,,Empirical; Other: Analysis based on surveys,,Yes,"The paper is not assessing an intervention but the article provides first (1) learning on existing challenges regarding integration in the nexus, then (2) it analyses effects of coproduction processes when considering power dynamics in the nexus both in terms of stalemate and enabling conditions for reinforced integration. ",
366,Zimmerer 2019,The biodiversity of food and agriculture (Agrobiodiversity) in the anthropocene: Research advances and conceptual framework,Consensus,Latin America and the Caribbean,Peru,Subnational >100 km² (watershed),Challenge #1 - Nexus Complexity Challenge (addressing and embracing nexus complexity); Challenge #3 – Nexus Governance Challenge (effective governance of the nexus) ,,,,,,,X,,,,,,,,,,X,X,,,,,X,,,,,,,,X,,,,,,,,X,X,,,,,,,,,,,,,,,,,,X,,,,,,,,,,,,,,X,,,,X,,,,,,,,,,,X,,,,,,,,,X,,,,,,,,Informal economy (markets),,No,,Other: Biocultural governance approaches,"Biocultural governance seems interesting, and not yet included in our review of governance approaches",Rights-Based Instruments and Customary Norms; Economic and Financial Instruments; Social and Cultural Instruments,"Support of the economic value chain, crop diversification, scoial corporate responsibility scheme, Payments for ecosystem services, restaurants, seed fairs, seeed banks, seed networks, ",,,IPLCs; NGOs; Multilateral Organisations; Governments,"CGIARs, Bioversity International, NGOs, farmers, communities, national agencies for agriculture",,,Biodiversity; Climate; Health; Food,,"Indigenous values and knowledge; Other: Urbanization, migration",,Review; Conceptual/theoretical; Empirical,The papers develop a conceptual framework and then applies it to a study case in Peru,Maybe,,"The papers review existing literature on agrobiodiversity, and builds a framework for agrobiodiversity knowledge. It analyzes each dimension of agrobiodiversity nexus, and provides insigths on the governance approaches that can foster it. "
371,Li 2019,Developing interpretive structural modeling based on factor analysis for the water-energy-food nexus conundrum,Consensus,Eastern Asia,China,Subnational >100 km² (watershed),"Challenge #1 - Nexus Complexity Challenge (addressing and embracing nexus complexity); Challenge #2 – Nexus Values Challenge (considering multiple values and trade-offs); Challenge #3 – Nexus Governance Challenge (effective governance of the nexus) ; Challenge #5 – Nexus Knowledge and Scaling Challenge (ensuring adequate data, information, and monitoring)",,,,,x,,,,,,,x,,x,,x,,x,x,,,,,,,,,,,,,,,x,,x,,,,x,,,,x,,,,,,,x,,x,,x,,,,x,,x,,,x,,x,,x,,,x,,x,,x,,x,,x,,x,,x,,x,,x,,,x,x,,,x,,x,,x,,x,,x,,,,No,,,"The article primarily focuses on interpretive structural modeling and the identification of representative factors in the water-energy-food nexus context in Beijing. It does not explicitly discuss governance approaches or solutions to nexus challenges in the context of hierarchical, market, network, or community governance.",,,there is no information provided regarding the type of policy instruments considered in the study.,no,Other: none,,,,Food; Water,,Equity; Poverty; Energy,,Conceptual/theoretical,,Maybe,,
377,Gonzalez-Redin 2019,Exploring sustainable land use in forested tropical social-ecological systems: A case-study in the Wet Tropics,Consensus,Australia and New Zealand,Australia ,National (whole country),,,,x,,X,,X,,X,,,,,,,,,,,,,,,X,,X,,X,,X,,,,,,,,,X,,X,,,,,,,X,,,,,,,,,,,,,,,,,,,,,,,,,,,,,,,,,,,,,,,,,,,,,,,,,,,,,,,,,,No,,Other: None,,Other: None,,,"The primary focus of the study is on modeling and analyzing the impacts of different land-use change scenarios and understanding the factors influencing these impacts, rather than explicitly discussing leverage points or levers for system change. ",Other: None,,,,Biodiversity; Climate; Food,,,,Empirical,,Maybe,,
378,Pahl-Wostl 2019,Governance of the water-energy-food security nexus: A multi-level coordination challenge,Consensus,Western Europe,Germany,,Challenge #1 - Nexus Complexity Challenge (addressing and embracing nexus complexity); Challenge #3 – Nexus Governance Challenge (effective governance of the nexus) ,,,,x,,,,,,,,,,,,,,X,,x,,X,,,,X ,,,,,,,,,,X,X,,X,X,X,,x,,,,,,,,,X,,,,x,,,,,,,,,,,,,,,,,,,,,,,,,,,,,,,,,,,,,,,,,,,,,,,,,,No,,Market Governance; Network Governance; Other: regulatory processes,"According to the authors, polycentric governance requires the combination of market, network and regulatory processes",Rights-Based Instruments and Customary Norms; Economic and Financial Instruments,"voluntary agreements of farmers, tax on drinking water, land acquisition",,,Private; Civil Society; Multilateral Organisations; Governments,"farmers, the general public, EU, German government, biogas producers, drinking water suplliers",,Nice graph showing the interactions between actors about the nexus,Food; Water,,Energy,"Equity and Povety are also mentioned in relation to the nexus, but not analyzed in details",Review; Perspective,,Yes,,"Really interesting paper, with an in-depth study case"
382,Andrews-Speed 2019,The Water-Energy-Food Nexus,Consensus,Eastern Asia,China,National (whole country),Challenge #1 - Nexus Complexity Challenge (addressing and embracing nexus complexity),"I would highlight two other points made by the authors: (i) the financial limits for implementing identified solutions; (ii) the government's preference for exploring national resources may limit our ability to design the best nexus solutions, but they are not key challenges adressed in the chapter.",,X,X,,,,,,,,,,,,,,,,,,,,,,,,,,,,,,,X,,,,,,,,,,,,,X,,,,,,,,,,,,,,,,,,,,,,,,,,,,,,,,,,,,,,,,,,,,,,,,,X,,,,,,,,,No,,Hierarchical Governance,,,,"I am not sure what can be considered a RO in the chapter, because it focuses on the use of nitrogen fertilizer as an important moderator of the nexus linkages but they do not propose explicitly an instrument to deal with it.",,Governments,,,,Food; Water,,Energy,,Review; Perspective; Conceptual/theoretical; Other: Book chapter,,Maybe,,
385,Phillips 2019,International law and marine ecosystem governance: The climate change nexus,Consensus,Sub-Saharan Africa; Latin America and the Caribbean; Eastern Asia;  Northern Europe; Not applicable (no specific spatial location),"Finland, Costa Rica, China, Democratic Republic of the Congo",Local >1 km² to 100 km² (neighbourhood to municipality); Subnational >100 km² (watershed); National (whole country),"Challenge #1 - Nexus Complexity Challenge (addressing and embracing nexus complexity); Challenge #2 – Nexus Values Challenge (considering multiple values and trade-offs); Challenge #3 – Nexus Governance Challenge (effective governance of the nexus) ; Challenge #4 – Nexus Financial Challenge (ensuring adequate financing for the nexus); Challenge #5 – Nexus Knowledge and Scaling Challenge (ensuring adequate data, information, and monitoring)",,,X,,,,,,,,,,X,,X,,X,,,,,,,,X,,,,,,,,,X,,X,,,,X,,,,,,,,,,,X,,,,,,,,,,,,X,,,,,,,X,,X,,,,X,,,,,,,,,,,X,,,,,,X,,,,,,,,,,,,,Yes,"Cooperative management, domestic incentive schemes, localized governance models, multistakeholder participation, preferential tax incentives",Hierarchical Governance; Community Governance,,Legal and Regulatory Instruments,"United Nations Framework Convention on Climate Change, Kyoto Protocol, Paris Agreement, United Nations Convention on the Law of the Non-Navigational Uses of
International Watercourses (New York Convention), Convention on the Protection and Use of Transboundary Watercourses and International Lakes (Helsinki Convention), Convention on Wetlands of International Importance Especially as Waterfowl Habitat (Ramsar Convention), Convention on Biological Diversity, United Nations Convention on the Law of the Sea (UNCLOS), Ecological Conservation Compensation (China), Environmental Protection Law (China), National Environmental Management Act (South Africa), Integrated Coastal Management Act (South Africa), Biodiversity Act (South Africa), Regulations on Bioprospecting and Access and Benefit (South Africa)",,,Private; Funders; Civil Society; IPLCs; Multilateral Organisations; Governments,"Local communities, farmers, tribal councils of local communties, Global Landscape Fund, Livelihoods Fund, Danone, IUCN, Moringa Fund, Terra Bella Fund, The Conservation International Critical Ecosystem Partnership Fund, African Development Bank ""Congo Basin Forest Fund"", African Agricultural and Trade Investment Fund",,,Biodiversity; Climate,"Aquatic ecosystems, including watercourses, wetlands, and biodiversity",Economic growth; Indigenous values and knowledge,,Review; Conceptual/theoretical,,No,,
403,Kimmich 2019,Assessing Action Situation Networks: A Configurational Perspective on Water and Energy Governance in Irrigation Systems,Consensus,Southern Asia; Southern Europe,"Spain, India","Regional (multiple countries, whole continents)",Challenge #3 – Nexus Governance Challenge (effective governance of the nexus) ,,,,,,,x,,x,,,,x,,x,,,,,,,,,,,x,,,,,,,,,,,,,,x,,,,x,,,,x,x,,x,,,,,,,,,,,,x,,,,,,,,,,,x,,x,,x,,,,,,,,,,,,,x,,,,,,x,,,,,,,,,No,,,,Legal and Regulatory Instruments; Economic and Financial Instruments,"Infrastructure investment, infrastructure maintenance, subsidisation, infrastructure capacity provision, ",,,Private; Governments,,,,Food; Water,,Energy,,Other: Network analysis,,No,"The analysis looks at the governance networks of irrigation systems, I think its a stretch to call these addressing the nexus, although technically they do. ",
409,Simpson 2019,The development of the water-energy-food nexus as a framework for achieving resource security: A review,Consensus,Not applicable (no specific spatial location),,Not applicable (no specific spatial location),"Challenge #1 - Nexus Complexity Challenge (addressing and embracing nexus complexity); Challenge #5 – Nexus Knowledge and Scaling Challenge (ensuring adequate data, information, and monitoring)",,,X,,,,,X,,,,X,,,,,,,,,,X,,,,x,,x,,,,,,,,,,,,X,X,,,,,,,,,,,,,,,,,,,,,,,,,,X,X,,,,,,,,,,,,,,,,,,,,,,,,,,,,,,,,,,,,,,,,Other: Integrated natural resource management,,,,,,,,,,Food; Water,,"Equity; Poverty; Employment; Energy; Other: Livelihoods,",,Review,,No,,"The paper review existing literature focusing on te WEF nexus, through an historical approach. One section focuses on the governance considerations "
416,Ricart 2019,Ecosystem services and multifunctional agriculture: Unravelling informal stakeholders' perceptions and water governance in three European irrigation systems,Consensus,Southern Europe,"Spain, France, Italy",Local >1 km² to 100 km² (neighbourhood to municipality); Subnational >100 km² (watershed),Challenge #2 – Nexus Values Challenge (considering multiple values and trade-offs); Challenge #3 – Nexus Governance Challenge (effective governance of the nexus) ,,,,,,,,,,,,,X,,X,X,,,,,,,,,,,,,,,,,,X,,X,,,,,,,,,,,,,,,X,,,,,X,,,,,,,X,,,,,,,X,,X,,,,X,,,,,,,X,,,,X,X,,,,,,,,,,,,,,,,"Involvement of different/multiple stakeholders, interaction between public administrations, private services and civil society",Nonbinding nature of political initiatives (Patto per l'Acqua/water alliance),No,,Hierarchical Governance,,,,,,Private; Civil Society; Academia; Regional Organisations; Governments,"Ebro Hydrographic Confederation, Catalan Water Agency, Catalan Rural Administration, County offices of the Catalan Rural, Regional Irrigation Office, Catalan Administration Infrastructures, Segarra‐Garrigues Water Company, Segarra‐Garrigues Irrigators' Association, ENDESA, Farmers' Union of Catalonia, Young Farmers Agricultural Association—Lleida Agricultural Employers Association, Catalan Young Farmers and Cattlemen Association, Sant Isidre Agricultural Catalan Institute, Catalan Federation of Agricultural Cooperatives, SEO/BirdLife, Catalan Institution for the Study and Conservation Regional water administration of the Natural Environment, Institute for the Study/ Management and Recovery of Lleida Ecosystems, Environmental Lleida platform, Commitment for Lleida platform, Platform for the Defense of the Ebro river, Regional Department of Territory Hautes‐Pyrénées, Adour‐Garonne Water Agency, Agricultural Regional Administration Hautes‐Pyrénées, Coteaux de Gascogne Management Company, Coteaux Gascogne Irrigation Union, Water User Association La Ribière, Water User Association La Basoïle, Departmental Federation of Farmers' Trade Unions Hautes‐Pyrénées, Peasant Confederation Union Hautes‐Pyrénées, Rural Coordination Union Hautes‐Pyrénées, France Nature Environment Hautes‐Pyrénées, Lombardy Region—Environment/Energy and Networks section, Lombardy Region—Territory and Planning section, Lombardy Region—Agriculture section, Po Water Agency, Muzza Bassa Lodigiana Reclamation Consortium, Adda river Water Consortium, Irrigation, reclamation and land
improvement Regional Union, ENEL Lombardy energy company, General Confederation of Italian Agriculture
Lombardy, Italian Farmers Confederation Lombardy, Coldiretti National Confederation Lombardy, Legambiente Association Lombardy, WWF Lombardy, Italian Forum for Water Platforms",,,Biodiversity; Food; Water,Ecosystem services and Multifunctional agriculture nexus,,,Review; Empirical,,No,,This paper focus on stakeholders' perceptions
418,Dombrowsky 2018,Governing the water-energy-food nexus related to hydropower on shared rivers-the role of regional organizations,Consensus,Sub-Saharan Africa; South-eastern Asia,Laos; Rwanda; Tanzania,Subnational >100 km² (watershed),Challenge #3 – Nexus Governance Challenge (effective governance of the nexus) ,"Drawing on regime theory in international relations and the literature on benefit sharing, this paper asks what role regional organizations may play in governing hydropower-related WEF nexus impacts. It compares three cases of hydropower planning on shared rivers. ",,,x,,,,,x,,,,,,,,x,,,,,,,,,x,,,,,,,,x,,,,,,x,,,,,,,,x,,,x,,,,,,,,,,,,,,,,,,,,,,,,,,,,,,,,,,,,,,,,,,,,,,,,,,,,,,,No,,"Community Governance; Other: ""Nexus Governance"", ""Collaborative Governance""",,Economic and Financial Instruments; Social and Cultural Instruments,,,,Private; Media; Funders; Civil Society; NGOs; Governments,,,,Food; Water,,Energy,,Review,,Yes,There are three case studies in this paper which speak to community/collaborative governance,
423,Yunusa 2018,"Analysis of the nexus between population, water resources and Global Food Security highlights significance of governance and research investments and policy priorities",Consensus,Not applicable (no specific spatial location),,National (whole country),Challenge #1 - Nexus Complexity Challenge (addressing and embracing nexus complexity),,,,x,,,,,,,,,,,x,x,,,,,,,,,,,,,,,,,,,,,,x,x,,,x,x,,,,,,,,,,,,,,,,,,,,,,,,,,,,,,,,,,,,,,,,,,,,x,,x,,,,,,,,,,,,,,,,population growth,No,,,,,,,,,,,,Food; Water,,"Other: population growth,  corruption",,Empirical,,No,,"The papers uses different types of second hand data to quantify the correlation between water & food consumption, along with population growth and corruption at global scale. There is no detailed analysis of instruments, and limited information about the enablers / barriers. Not very interesting. "
426,SotoGolcher 2018,"Framing and integration in the global forest, agriculture and climate change nexus",Consensus,Not applicable (no specific spatial location),,Not applicable (no specific spatial location),"Challenge #1 - Nexus Complexity Challenge (addressing and embracing nexus complexity); Challenge #5 – Nexus Knowledge and Scaling Challenge (ensuring adequate data, information, and monitoring)",,,,,,,,X,,,,,,,,,x,x,,x,,,,,,,,,,,,x,,,,,,,,X,X,,,,,,,,,,x,,,,,,,X,,,,,,,,,,X,,,,,,,,,,,,,,,,,,,,,,,,,,,,,,,,,,,,"degree of legalisation (density and types of norms and rules), policy integration (inclusion of sector-specific objectives, considerations or concerns)",,No,,Other: integrative governance,,Legal and Regulatory Instruments; Economic and Financial Instruments,"treaties, resolutions, decisions, codes of conduct from public or private actors,tarde agreements, ecolabeling, certification schemes, traceability standards, voluntary carbon markets, trading systems, REDD+","hard law = legally binding agreements (treaties), soft law = non-legally binding agreements (resolutions, decisions, codes of conduct from public or private actors); Hard and soft laws governing agriculture forests and climate at global scale are detailed in the paper. ",,Funders; Academia; Regional Organisations; Multilateral Organisations; Governments,"UNFCCC, WTO, WFP, FAO, EU, WHO, International tropical timber agreeement, CBD, UNEP, World bank, IUFRO, IPBES, World, Agroforestry Center, ",,,Biodiversity; Climate; Food,,,,Review; Perspective,,No,,"The papers analyzes the different instruments for food, forests and climate (separatly), and for cross-sector integration. "
428,Stein 2018,Towards a relational understanding of the water-energy-food nexus: an analysis of embeddedness and governance in the Upper Blue Nile region of Ethiopia,Consensus,Sub-Saharan Africa,Ethiopia,Subnational >100 km² (watershed),Challenge #1 - Nexus Complexity Challenge (addressing and embracing nexus complexity); Challenge #3 – Nexus Governance Challenge (effective governance of the nexus) ,,,,,,,,,,,,,,,,,,,,,x,x,,,,,,,,,x,x,,,,X,X,,X,X,X,,,x,,,,,,,,,,,,,,,,,,,,,,,,,,,,,,,X,,,,,,,,,,,,,,,,,,,,,,,,,,,X,X,"coherence of policies, vertical interactions between leves of governance",fragmentation of policies,No,,Hierarchical Governance,,,,,,Private; Funders; Civil Society; Governments,"Federal, regional and local governments, Environemental protecion agency, River basin organisations, sugarcane plantations, hydropower production actors, World bank",,,Biodiversity; Food; Water,,Energy,,Empirical,,Maybe,,"The papers analyzes the interactions between actors (=network structure) and the implications of this embededness for cross-sectoral cooperation, using SNA. They observe a mismatch between policies and governance practices. "
429,Franz 2018,Globalization and the water-energy-food nexus – Using the global production networks approach to analyze society-environment relations,Consensus,Western Europe,Germany,Local >1 km² to 100 km² (neighbourhood to municipality),Challenge #1 - Nexus Complexity Challenge (addressing and embracing nexus complexity),,,x,,,,,,,,,,,,,,,,x,,,,,x,x,,,,,,,,,,,,,,x,,,,,,,,,,,,x,,,x,,,,,,,,,,x,,,,,,,,,,x,,,,,,,,,,,,,,,,x,,,,,,x,,x,,x,,x,,"Strong collective agency of farmers & agribusiness based on strong network embeddedness & importance of agricultural sector for regional value capture, Lobbying by collective agents of farmers & agri-businesses lowers regulatory risks, Lobbying by collective agents of farmers & agri-businesses & public relations activities to reduce economic risks","Association of farmers & agribusinesses try to belittle environmental & products risks, Collective power of consumers can express itself in a boycott of products, Collective power of consumers and inhabitants of the region can influence the institutional power on national or supranational level, Institutional power can establish stricter enforcement of existing regulations and new regulations",Yes,This infrastructure enabled the import of fertilizers and feedstuff and increased the accessibility of markets − the production network scaled up its reach,Hierarchical Governance,,Legal and Regulatory Instruments,"Not really an instrument but the ""global production networks"" approach",,,Private; Media; Civil Society; NGOs; Regional Organisations; Multilateral Organisations; Governments,"Owners and operators of biogas plants, farmers, association of farmers & agribusinesses, lobby organizations, service providers, feedmill operators",,,Food; Water,,Energy,,Empirical; Other: Survey based,,No,No intervention assessed,
431,Tejada 2018,"Seeing land deals through the lens of the ‘land–water nexus’: the case of biofuel production in Piura, Peru",Consensus,Latin America and the Caribbean,Peru,Subnational >100 km² (watershed),Challenge #1 - Nexus Complexity Challenge (addressing and embracing nexus complexity); Challenge #3 – Nexus Governance Challenge (effective governance of the nexus) ,,,,X,,,,,,x,,,,,,x,,x,,,,,,,,x,,,,,,,,,,,x,,x,,,,x,,,,,,,,,x,,,,,,x,,,,,,,,x,,,,,,,,,,,,x,,,,,,,,,,x,,x,,,,,,,,,x,,x,,x,,"insufficient regulatory capacity (institutional), access to fundings for small-scale farmers, access to authorities ",No,,Hierarchical Governance,,Legal and Regulatory Instruments; Rights-Based Instruments and Customary Norms; Economic and Financial Instruments; Social and Cultural Instruments,"property rights, coercive mechanisms (intimidation), constitution, law on land titling, law on water, efficiency certificate, discourse about water abundance and agriculture potential","Most of the instruments listed in the study are not supporting the nexus, but rather preventing it (by creating more inequities)",,Private; Funders; Civil Society; IPLCs; Multilateral Organisations; Governments,"foreign investments, large-scale investors, local authorities, artisanal associations, labor unions, religious authorities, municipalities, farmers, pruvian government, world bank, interamerican development bank",,,Food; Water,,Equity; Other: Land,,Empirical,,Yes,Super interesting study case of what to avoid,"The papers analyzes changes in land and water regulations, along with infrastructures, and how they contributed to the concentration of lands in the hands of large biofuel investors. It applies the theory of access developped by Ribot and Peluso (2003), and show how neoliberal reforms, creation of a biofuel market by the state, and powerfuk discourses about agricutlure legitimized the massive transfers of ands from local population to biofuel companies. "
432,Romero-Lankao 2018,"Interdependencies and Risk to People and Critical Food, Energy, and Water Systems: 2013 Flood, Boulder, Colorado, USA",Consensus,Northern America,USA,Subnational >100 km² (watershed),Challenge #1 - Nexus Complexity Challenge (addressing and embracing nexus complexity); Challenge #2 – Nexus Values Challenge (considering multiple values and trade-offs); Challenge #3 – Nexus Governance Challenge (effective governance of the nexus) ,,,X,,,,X,,,,X,,,,X,,,,,,,,,,,,,,,,,,,X,,X,,,,X,,,,X,,,,,,,,,,,,,,,,,,,,,,,,,,X,,X,,,,X,,,,,,X,X,,,,X,,,,,,X,,,,,X,,X,,,,"Zoning regulations and development restrictions, existence of an integrated Office of Emergency Management, relationships built between organizations and actors within domains, additional hiring process based on flexibility and adaptability to alleviate some of the stresses of the response and recovery phases, implementation of adaptation strategies","Structural sociodemographic factors (race, language barriers, isolation, minority status) as risk-amplifying factors related to higher levels of vulnerability among some of the elderly/disabled/Latino/lower-income populations, unequal distribution of resources and assets such as secured land and affourdable housing",No,,Hierarchical Governance; Community Governance,,Legal and Regulatory Instruments; Economic and Financial Instruments,,,,"Private; Funders; Civil Society; Academia; Governments; Other: Authors applied interviews, but defined the actors as ""stakeholders from the social-institutional and infrastructural realms""",,,,Health; Food; Water,"The author focuses on critical infrastructures, including governance, electric power, natural gas, oil, water supply, and food and agriculture. They also acknowledge the importance of transportation, telecommunications, health, emergency, and other services. Therefore, they suggest the term ""critical FEW systems"" to encompass both FEW and other systems. These networks interact, communicate, and exchange inputs and outputs, such as water and energy resources, services, food and other products, as well as information like weather forecasts and emergency response guidelines.","Equity; Poverty; Energy; Other: Emergency response, Infrastructure, Public health, Flood recovery",,Conceptual/theoretical; Empirical; Modelling,,Maybe,,
435,Wiegleb 2018,"What is driving the water-energy-food nexus? Discourses, knowledge, and politics of an emerging resource governance concept",Consensus,Not applicable (no specific spatial location),,Not applicable (no specific spatial location),Challenge #1 - Nexus Complexity Challenge (addressing and embracing nexus complexity); Challenge #2 – Nexus Values Challenge (considering multiple values and trade-offs); Challenge #3 – Nexus Governance Challenge (effective governance of the nexus) ,,,,,,,X,,,,,,x,x,,,,,x,x,,,,x,,,,,,,,,,,,X,,,X,X,,x,x,,,,,,,,,,,,,,,,x,x,,X,,,,,,,,,,x,x,,,,,,,,,,,,,,X,,,,,,,,,,,,,,,,,"socio-political  and historical context of nexus, transparency of governance, ",,No,,,,Economic and Financial Instruments,market instruments (pricing signals),,,Multilateral Organisations; Governments,"UN, FAO, IPCC, SDG, World economic forum","UN, FAO, IPCC, SDG, World economic forum",,Food; Water,,Equity; Poverty; Indigenous values and knowledge; Energy; Other: Power relations,,Review,,No,,"The paper proposes a critical analyses of the WEF nexus using discourse analysis: it questions the web of interests,  powers, ideologies which underpin the nexus approaches. it opposes technical-managerial nexus framing to more critical social science framing focusing on equity, poverty.  I found the paper super useful and inspiring for the analyses of our database. "
446,Pardoe 2018,Climate change and the water–energy–food nexus: insights from policy and practice in Tanzania,Consensus,Sub-Saharan Africa,Tanzania,National (whole country),"Challenge #3 – Nexus Governance Challenge (effective governance of the nexus) ; Challenge #4 – Nexus Financial Challenge (ensuring adequate financing for the nexus); Challenge #5 – Nexus Knowledge and Scaling Challenge (ensuring adequate data, information, and monitoring)",,,X,,,,"X
",,,,,,,,X,,X,X,,,,,,,,,,,,,,,,X,,X,,,X,X,,,,,,,,,,,,X,,,,,,,,,,,,,,,,,,,,,,,,,,,,,,,,,,,,,,,,,,,,,,,,,,,,Data sharing,The emphasis on formal modes of contact,No,"Coordinated approaches are mostly valued as enabler

""The 'Level of alignment with international priorities' is considered an enabler because Tanzania has received support from external agents. However, it can also be seen as a barrier because climate change is often considered an externally derived priority.""

A power imbalance between the energy sector, agriculture and water, limits cross-sectoral collaboration and is considered a barrier.",Hierarchical Governance,,Legal and Regulatory Instruments,"Food and Nutrition Policy, National Energy Policy, Agricultural Sector Development Strategy, National Water Policy, National Energy Policy, National Irrigation Master Plan, Agricultural Sector Development Programme, National Water Sector Development Strategy, Electricity Act, National Irrigation Policy Draft, Water Resources Management Act, Livestock Sector Development Programme, SAGCOT Investment Blueprint, Tanzania Agriculture and Food Security Investment Plan, Energy Strategic Plan, EIA Guidelines for Energy Sector, Power System Master Plan, National Agriculture Policy, Big Results Now - Agriculture, Natural Gas Policy, National Irrigation Act, Water Resources Management Strategic Interventions and Action Plan for Climate Change Adaptation, Agriculture Climate Smart Resilience Plan, Electricity Supply Reform Strategy Roadmap, Water Sector Development Programme Phase II, Climate Smart Agriculture Programme, Draft Energy Policy, National Energy Policy, Agriculture Sector Development Programme Phase II.",,,Private; Academia; NGOs; Other: Research organisations,,,,Climate; Food; Water,,Energy,,Review; Empirical,,Maybe,,
453,Al-Saidi 2018,"Institutional arrangements for beneficial regional cooperation on water, energy and food priority issues in the Eastern Nile Basin",Consensus,Sub-Saharan Africa,Egypt; Sudan; Ethiopia,"Regional (multiple countries, whole continents)",Challenge #1 - Nexus Complexity Challenge (addressing and embracing nexus complexity),,,x,,,,x,,,,,,,,,,x,,x,,,,,x,x,,,,,,,,,,,,,x,,x,,x,,x,,,,x,,,x,,,,,,,,,,,,,,,,,,,,x,,,,,,,,,,,,,,,,,,,,,,,,,,,,,,,,,"Trust, benefit-sharing, cooperation",Climate change or variability risk,No,,Network Governance,,Legal and Regulatory Instruments; Social and Cultural Instruments,"Transboundary cooperation (resource/water basin integration, transboundary water/nexus cooperation, regional economic community, sector based bilateral or multilateral cooperation)","No specific instrument proposed, but the situation was assessed","We argue that thinking of water basins as resource basins can help approximate to the WEF Nexus idea on a basin level, and it adds cooperation issues and negotiation leverage.",Private; Funders; Civil Society; Regional Organisations; Multilateral Organisations,"All of the above were mentioned - interviewers were with people from working in ministries, research institutes or universities, the Eastern Nile Technical Regional Office, the Egyptian Embassy in Ethiopia, and independent consultants",,,Food; Water,,Energy,,Empirical,Through surveys,Maybe,"It is a case study, but there is no specific one response option - but would be a good reference for the need for trans-boundary cooperation. ",The paper is all about enhancing trans-boundary cooperation. 
456,Hunt 2018,"Comparison between seasonal pumped-storage and conventional reservoir dams from the water, energy and land nexus perspective",Consensus,Latin America and the Caribbean,Brazil,National (whole country),Other: Physical Energy Storage Challenge,,,,,,,,,,,,,,x,,,,,,,,,,,,,,,,,,,,,,,,,,,,,,,,,,x,,,,,,,,,,,,,,,,,,,,,,,,,,,,,,,,,,,,,,,,,,,,,,,,,,,,,,,,,,,,,,Economic and Financial Instruments,,,,Private,,,,Biodiversity; Climate; Water,,Energy; Other: Land,,Review; Empirical,,No,"Not so much about an intervention rather a comparison of how energy and water storage services, such as hydropower generation, electricity grid and water management, are provided with Seasonal Pumped-Storage (SPS) and Conventional Reservoir Dams (CRD) plants in Brazil. ",
460,Newell 2018,Governing food and agriculture in a warming world,Consensus,Sub-Saharan Africa,Kenya,National (whole country),Challenge #1 - Nexus Complexity Challenge (addressing and embracing nexus complexity); Challenge #2 – Nexus Values Challenge (considering multiple values and trade-offs); Challenge #3 – Nexus Governance Challenge (effective governance of the nexus) ,,,,X,,X,,,,,,,,,,X,,X,,,,,,,X,X,,,,,,X,,,,,X,,X,,,,X,,,,,,,,,X,,,,,,,,,,,,,,,,X,,,,,,,,,,,,,,,,,,,,,,,,,,,,,,,,,,,,,,No,,,,Economic and Financial Instruments,Funding from international development aid,,,Funders; Regional Organisations; Multilateral Organisations,"Multilateral development banks, Comprehensive African Agricultural Development Programme, FAO, World bank, CGIAR, new economic partnership for african development, National and county governments",,,Biodiversity; Climate; Food; Water,,Equity; Energy,,Review; Empirical,,Maybe,,"Focus on the power dynamics that shape Climate smart agriculture in Kenya, and the tensions between international funders and national/subnational actors"
461,Schmidt 2018,From state to system: Financialization and the water-energy-food-climate nexus,Consensus,Not applicable (no specific spatial location),,Not applicable (no specific spatial location),Challenge #3 – Nexus Governance Challenge (effective governance of the nexus) ,,,,,,,,,,,,X,,,,,,X,,,,,,,X,,,,,,,,,,,,,,,X,,,,,,,,,X,X,X,X,,,,,,,,,X,X,,,,,X,X,,,,,,,,,,,,,,,,,,,,X,,,,,,,,,,,,,,,,,,No,,"Hierarchical Governance; Other: system governance, integrated water resources management",,Economic and Financial Instruments,,,,Private; Funders; Multilateral Organisations; Governments,"development funders, corporate banking, municipalities, regional agencies, world bank, international finance corporation, regional development bank",,,Climate; Food; Water,,Energy,,Review,,No,,Focuses on the role of global finacial networks in the nexus: it reviews the strength and weaknesses of financing global initiatives
462,Harwood 2018,In search of a (WEF) nexus approach,Consensus,South-eastern Asia,Thailand,Subnational >100 km² (watershed),Challenge #1 - Nexus Complexity Challenge (addressing and embracing nexus complexity); Challenge #3 – Nexus Governance Challenge (effective governance of the nexus) ,,,,,,,,,,,,,x,,x,,,,x,,,,,x,,,,,,,,,,,,,,,,,,,x,x,,,,,,,,,,,,,,,,,,,,,,,,,,,,,,,,x,,,,,,,,,,,,,,,,,,,,,,,,,,,,,,,,Hierarchical Governance; Market Governance,,Legal and Regulatory Instruments,,,,Private; Academia; Governments,Mekong River Commission ,,,Food; Water,,Energy,,Conceptual/theoretical,,No,"While there is a case study, it is still conceptual (through the Cybernetic Methodology, a Problem Structuring Method)",
465,Kurian 2018,Governance of water-energy-food nexus: A social network analysis approach to understanding agency behaviour,Consensus,Not applicable (no specific spatial location),,Not applicable (no specific spatial location),Challenge #3 – Nexus Governance Challenge (effective governance of the nexus) ,,,,,,,,,,,,,,,,,,,,,,,,,,,,,,,,,,,X,,X,,,,X,,,,,,,,,,,X,,,,,,,,,,,,,,,,,,,,,,,,,,,,,,,,,,,,,,,,,,,,,,,X,,X,,X,,"capacity to implement policy, critical mass of interests to permit collective action, capacity to create interlinkages among actors",No,,Hierarchical Governance; Network Governance; Community Governance; Other: multi-level governance,,,,No specific policy instruments discussed,,Private; Governments,,,,Food; Water,,Energy,,Perspective,,No,,Paper is really just a perspective on the use of social network analysis in understanding the nexus
466,Mochizuki 2018,Games for aiding stakeholder deliberation on nexus policy issues,Consensus,Not applicable (no specific spatial location),,Not applicable (no specific spatial location),Challenge #1 - Nexus Complexity Challenge (addressing and embracing nexus complexity); Challenge #2 – Nexus Values Challenge (considering multiple values and trade-offs); Challenge #3 – Nexus Governance Challenge (effective governance of the nexus) ,,,X,X,,,,,X,X,,,x,x,,,,,X,X,,,,,,,,,,,X,X,,,,X,,,,x,X,,,,,,,,,,,,,,,,,,,,,,,,,,,X,,,,x,x,,,x,x,,,,,,,,,,,,,,,,X,X,,,,,,,,,,,,No,,Hierarchical Governance; Market Governance; Network Governance,"The authors rather speak of ""regimes"" and not governance approaches",Legal and Regulatory Instruments; Economic and Financial Instruments,"Subsidies, cost-benefit analysis, regulations on harvesting, ",,,,,,,Biodiversity; Food; Water,,"Energy; Other: Soi, Waste",,Perspective,,No,,"The paper describes 3 integrated serious games that adress nexus issues, applied to flood/drougt risk and forest management. It presents the rules of the games, and describe what insights these games can bring to nexus issues"
470,Collier 2018,"System Properties Determine Food Security and Biodiversity Outcomes at Landscape Scale: A Case Study from West Flores, Indonesia",Consensus,South-eastern Asia,Indonesia,Local >1 km² to 100 km² (neighbourhood to municipality),Challenge #1 - Nexus Complexity Challenge (addressing and embracing nexus complexity),,,x,,,,x,,,,,,,,,,,,,x,,,x,,x,,,,,,,,,x,,,,x,,,,,,,,,,,,,x,,,,,,,x,,,,,,,,,,,,x,,x,,,,x,,,,,,,,,,,x,,,,,,,,,x,,x,,x,,x,,Social-ecological systems of ‘win-win’ landscapes are composed of strong social capital and enabling infrastructure,"Access by road and the remoteness of the landscape are barriers to increasing this income stream. The poor road quality is an impediment to accessing the landscape, but it may also be a barrier to expanded exploitation of natural resources in the area.",No,"These enablers and barriers fell under three clusters in the analysis: ""Cluster one focussed on agriculture and improving production sensu ‘sustainable intensification’. Cluster two focussed on improving the nodes of the natural system, but in a relatively holistic fashion by trying to harmonise natural asset protection with agriculture. Cluster three—perhaps the most important—identified institutions, infrastructure, and processes as important nodes that we suggest would enable the system to improve along its technical and biophysical dimensions.""",Network Governance; Community Governance,,Legal and Regulatory Instruments,NRM (Natural Resource Management) agreement: a multi-village landscape management agreement brokered by Burung Indonesia focussed on both biodiversity conservation and agriculture.,,,Private; Funders; Civil Society; NGOs; Governments; Other: Farmers, James Cook University; Burung Indonesia (bird conservation group affiliated with Birdlife International).,,,Biodiversity; Food; Water,,Equity; Poverty; Economic growth; Education,,Empirical,Cluster analysis ,Yes,A graphical representation of the Mbeliling district (Indonesia) food-biodiversity nexus was created by local experts.,
475,Avellán 2018,Considering Resources Beyond Water: Irrigation and Drainage Management in the Context of the Water–Energy–Food Nexus,Consensus,Not applicable (no specific spatial location),,Not applicable (no specific spatial location),"Challenge #1 - Nexus Complexity Challenge (addressing and embracing nexus complexity); Challenge #5 – Nexus Knowledge and Scaling Challenge (ensuring adequate data, information, and monitoring); Other: Lack of capacity",,,,x,,,x,,,,,,,,,,,,x,,x,,,x,x,,x,,,,,,,,x,,,,,,,x,,,,,,x,x,,x,,x,,,,,,,,,,,x,,,,,,x,,,,,,x,,,,,,,,,,,x,,,,x,,,,,x,,,,,,,,"Active stakeholder involvement, incentives, capacity building, ","Increasing pressures on environmental resources, risks (climate change, droughts, declining groundwater resources, and salinization), poor water use efficiency",,,Community Governance,,Legal and Regulatory Instruments; Economic and Financial Instruments,,,"Water, energy and fertilizer management practices at plot level are key levers for improvement",Private; Civil Society; Regional Organisations; Multilateral Organisations; Governments,,,,Climate; Food; Water,,Energy,,Perspective,,No,,"This paper is based upon recent discussions before and during the 2nd World Irrigation Forum in Chiang Mai, Thailand. This paper takes stock of current knowledge and analyses the most recent trends in water, irrigation and the environment."
488,Branche 2018,The multipurpose water uses of hydropower reservoirs: The SHARE concept ,Consensus,Sub-Saharan Africa; Latin America and the Caribbean; Northern America; Southern Asia; Australia and New Zealand,Peru; Costa Rica; United States of America; France; Cameroon; Niger; Nepal; India; China; Australia,Subnational >100 km² (watershed),Challenge #3 – Nexus Governance Challenge (effective governance of the nexus) ,,,,,,,,,x,,x,,x,,x,,,,,x,,,,,,,,,,,,,,x,,x,,,,x,,,,,,,,x,,,x,,,,,,,,,,,,,,,,,,,,,x,,,,x,,,,,,,,,,,,,,,,,,,,x,,,,,,,,"Sustainability approach for all users, Higher efficiency and equity among sectors, Adaptability for all solutions, River basin perspectives for all, and Engaging all stakeholders",Political commitment,No,,Community Governance,,Economic and Financial Instruments,"The SHARE concept, Water saving conventions",,,Private; NGOs; Multilateral Organisations; Governments; Other: Hydropower utilities,,,,Biodiversity; Climate; Food; Water,,"Equity; Economic growth; Energy; Other: Tourism, resilience, social cohesion",,Review,,Yes,"Multipurpose water uses of hydropower reservoir - governance recommendations are all about stakeholder engagement aligning with a set of principles which the authors call the ""SHARE concept"".",
491,Seeliger 2018,"Applying the water-energy-food nexus to farm profitability in the middle breede catchment, South Africa",Consensus,Sub-Saharan Africa,Southern Africa,Subnational >100 km² (watershed),"Challenge #1 - Nexus Complexity Challenge (addressing and embracing nexus complexity); Challenge #2 – Nexus Values Challenge (considering multiple values and trade-offs); Challenge #4 – Nexus Financial Challenge (ensuring adequate financing for the nexus); Challenge #5 – Nexus Knowledge and Scaling Challenge (ensuring adequate data, information, and monitoring)",,,x,,x,,x,,x,,,,,x,,,,,x,,x,,x,,x,,,,,,,,,,,,,,,,x,,,x,,,,,x,,x,,,,,,,,,,,,,,,,,,,,,,,,,,,,,,,,,,,,,,,,,,,,,,,,,,,,,,,No,,,"The article primarily discusses the adoption of a gravity-led piped irrigation system and its potential impact on farm profitability and water-energy-food nexus issues. While it mentions the role of governance in managing water resources and infrastructure, it does not explicitly propose or assess specific governance approaches as solutions to the nexus challenges.",,,The article does not explicitly mention or discuss specific policy instruments to operationalize the response options proposed or assessed.,The article does not explicitly mention or discuss specific leverage points or levers in the context of changing social-ecological systems or addressing nexus challenges.,Private; Civil Society; Academia; NGOs; Governments,"Farmers and irrigation board members
Government agencies
Water specialists
Emerging farmers
Producers
Cellars
Researchers",,,Food; Water,,Economic growth; Indigenous values and knowledge; Energy,,Modelling,,Maybe,,
501,Bouman-Dentener 2017,Women's agency in water governance: Lessons from the water and health nexus in Armenia and Ukraine,Consensus,Western Asia; Eastern Europe,Armenia; Ukraine,National (whole country),Challenge #3 – Nexus Governance Challenge (effective governance of the nexus) ; Challenge #4 – Nexus Financial Challenge (ensuring adequate financing for the nexus),,,,,,,,,,,,,,,,,,,,,,,,,,,,,,,,,,,X,,X,,X,,,,,,,,,,,,,X,,,,,,,,,,,,,,,,,,,,,,,X,,,,,,,,,,,,,,,,,,,,,,,,,,X,X,,,,Yes,Trust discussed as a barrier,"Community Governance; Other: Human Rights-based Approach (RBA), Participatory Water Governance",Discusses the Protocol on Water and Health was adopted by the parties UNECE Water Convention,Legal and Regulatory Instruments; Rights-Based Instruments and Customary Norms,Human-rights based approaches,,,Private; Civil Society; NGOs; Multilateral Organisations; Governments,Armenian Women for Health and Healthy Environment; MAMA-86 (Ukraine); NECE Water Convention  ,,,Health; Water,,Equity; Other: Gender,,Perspective,,No,,
504,deLoë 2017,Rethinking water governance: Moving beyond water-centric perspectives in a connected and changing world,Consensus,Not applicable (no specific spatial location),,Not applicable (no specific spatial location),Challenge #3 – Nexus Governance Challenge (effective governance of the nexus) ,"Focusses on the problem of ""water-centric"" approaches. Also identifies watershed boundaries as potentially inappropriate.",,,x,x,,,,,,,,x,,,,,,,x,,,,x,x,,x,,,,,,,,,x,X,,,,X,,,x,,,,x,,,,,,,,,,,,,,,,,,,,,,,X,,,,,x,,,,,,,,,,,,,,,,,,,,,,,,,,,,,"Lack of political will, corruption, path dependency, transaction costs, boundary settings",No,"Enhancing transparency, increasing accountability, engaging the public more effectively, reforming institutions, and focusing more on incentive structures is important. Political and social transaction costs identified as barriers.","Hierarchical Governance; Network Governance; Other: Adaptive governance, polycentric governance, multi-level governance",Polycentric governance and Multi-level governance interpreted as Hierarchical and Network governance. Path dependency identified as a barrier. External connections important but need to  be strategic. ,Legal and Regulatory Instruments; Economic and Financial Instruments; Social and Cultural Instruments,None specifically,Water-centric policy approaches,Exposure of financial institutions and investors to risks,Private; Funders; Civil Society; Academia; NGOs; Regional Organisations; Multilateral Organisations; Governments,,,No specific actors discussed,Food; Water,,Equity; Poverty; Economic growth; Indigenous values and knowledge; Energy,,Review; Perspective,,No,Hard to find specific examples in this paper. ,
508,Artioli 2017,The water-energy-food nexus: An integration agenda and implications for urban governance,Consensus,Not applicable (no specific spatial location),,Not applicable (no specific spatial location),Challenge #1 - Nexus Complexity Challenge (addressing and embracing nexus complexity); Challenge #3 – Nexus Governance Challenge (effective governance of the nexus) ,"The main goal of the paper is to explore how to advance in WEF nexus in the urban context; thus I would say it softly explores many challenges but the main one is to apply the concept in a specific scale/context (i.e.urban), thus I checked the first box.",,,,,,,,,,,,,,,,,,,,,,,,,,,,,,,,,,,,,,,,,,,,,,,,,,,,,,,,,,,,,,,,,,,,,,X,,,,,,,,,,,,,,,,,,,,,,,,,,,,,,,,,,"local governance,",No,Is the difficulty to incorporate the concept in local government a barrier?,,"The paper does not focus on a specific governance approach, but discuss governance issues.",Legal and Regulatory Instruments; Economic and Financial Instruments,,,"making the nexus discussion in a broader perspective, scaling to the urban context the nexus concept usually discussed at the global scale.",Private; Civil Society; Academia; Governments,,,,Food; Water,,Energy,,Perspective,,No,,
510,Abbott 2017,Examining the food–energy–water and conflict nexus,Consensus,Not applicable (no specific spatial location),,Not applicable (no specific spatial location),Other: Political instability,"""This short review is focused on the key observation....there is a positive, and statistically
significant, relationship observed in a simple bivariate
comparison of FEW insecurity and political instability""",,,x,,,,,,,,,,,,,,,,x,,,,,,,,,,,,,,,,,,,,,,,x,,,,,,,,,,,,,,,,,,,,,,,,,,,,,,,,,,,,,,,,,,,,,,,,,,,,,,,,,,,,,"Effectiveness of water governance, Information exchange","Political stability, Social stability, Being ill-prepared for climate change, Lack of understanding around whether resources are better spent reducing the fragility of all at-risk countries or developing rapid response capabilities for emerging crises, Resources that cross borders (eg. freshwater)",,,Other: multilateral governance/international cooperation,,Legal and Regulatory Instruments,"The establishment of food policy to mitigate the impact of price shocks to the urban population, water allocation treaties","Although this was a promise of the paper, not many were really delivered.",,,None mentioned. ,,,Food; Water,,Energy; Other: Political instability,,Opinion,,No,"Not assessing an intervention, the paper shows the relationship between the food-water-energy nexus and political instability ",
517,Howarth 2017,Opportunities for knowledge co-production across the energy-food-water nexus: Making interdisciplinary approaches work for better climate decision making,Consensus, Northern Europe,,National (whole country),Challenge #1 - Nexus Complexity Challenge (addressing and embracing nexus complexity); Challenge #2 – Nexus Values Challenge (considering multiple values and trade-offs); Challenge #3 – Nexus Governance Challenge (effective governance of the nexus) ; Challenge #4 – Nexus Financial Challenge (ensuring adequate financing for the nexus),,,x,,,,,,,,,,x,,x,,x,,x,,,,,x,x,,x,,,,,,,x,,x,,,,,,x,,,,,,x,x,,x,,,,,x,,,,,,,,,,,,,,x,,,,x,,,,,,x,,,,,,,,,,,,,x,,,x,,,,,,,,"Clarifying what we consider as a cost, resilience and efficiency to enable flexible planning and procedures, complementary and flexible mechanisms and institutions able to operate swiftly when needed, innovation to decentralise decision making to better manage tailored case-by-case solutions to cope with nexus shocks",,No,,Other: Multi-level governance,,,,,,Private; Media; Funders; Academia; NGOs; Regional Organisations; Multilateral Organisations; Governments; Other: Policy makers and practitioners,,,,Food; Water,,Energy,,Empirical,,No,"It doesn't assess a particular intervention, workshop participants were brought together from across sectors and communities to facilitate constructive dialogue on possible challenges and solutions to the impacts of climate and weather related shocks to the nexus.",
520,Weitz 2017,Closing the governance gaps in the water-energy-food nexus: Insights from integrative governance,Consensus,Not applicable (no specific spatial location),,Not applicable (no specific spatial location),Challenge #1 - Nexus Complexity Challenge (addressing and embracing nexus complexity); Challenge #2 – Nexus Values Challenge (considering multiple values and trade-offs); Challenge #3 – Nexus Governance Challenge (effective governance of the nexus) ,,,,X,,,,,,,,,,,X,X,,,x,x,,,,X,,x,,,,,,,,,,X,X,,x,x,X,X,X,,x,,,,,,,,,,,,,,,,,,,,,,,x,,,,,,,,,x,,,,,,,,,,,,,,,,,,,,,,,,,,x,,,No,,"Other: Adaptive governance, integrative environmental governance",,Legal and Regulatory Instruments; Economic and Financial Instruments; Social and Cultural Instruments,"eco-atxes, tradable permits, eco-labels, voluntary agreements, green criterias, network building","The papers discuss of the interactions between policy intruments, what they call policy mixes",,,,,,Food; Water,,Energy,,Review,,No,,"The paper review the literature focusing on three main gaps of the WEF nexus: cross-sector coordination, dynamics of coordination and political and cognitive factors of change. "
523,Larcom 2017,"Regulating the water-energy-food nexus: Interdependencies, transaction costs and procedural justice",Consensus, Northern Europe,United Kingdom of Great Britain and Northern Ireland,Subnational >100 km² (watershed),Challenge #1 - Nexus Complexity Challenge (addressing and embracing nexus complexity); Challenge #2 – Nexus Values Challenge (considering multiple values and trade-offs); Challenge #3 – Nexus Governance Challenge (effective governance of the nexus) ,,,,,,,,,,,,,,,,,,,,,,,,,,,,,,,,,,,,,,,,,,,,,,,,X,,,,,,,,,,,,,,,,,,,,,,,,,,,,,,,,,,,,,,,,,,,,,,,,,,,,,,,,,,No,Transaction costs mentioned as a barrier,Hierarchical Governance; Community Governance; Other: decentralised governance ,,Legal and Regulatory Instruments; Social and Cultural Instruments,,,,Private; NGOs; Regional Organisations; Governments,"private landowners, UK government, West Devon, Teighnbridge and South Hams, Devon County Council, Dartmoor Commoners
Council, Dartmoor Preservation Association, Dartmoor Farmers Association, Duchy of Cornwall, British Hydropower Association, Dartmoor National Park Authority, the Dartmoor Society, the Council for the Preservation of Rural England (CPRE), the Council for British Archaeology",,,Food; Water,,Equity; Energy; Other: procedural justice,,Empirical,Qualitative analysis,Yes,Good case study for a specific regulatory setting (but only for water and food).,"Paper conclusion: ""We conclude that while regulators have much to learn from nexus analysis, in particular the identification and quantification of interconnections and interdependencies, the nexus does not
require a radical overhaul of regulatory and governance frame-works as some have suggested"" and ""Our analysis has shown
how a highly decentralised and fragmented regulatory framework with different sources of authority and competing objectives has
effectively dealt with each component of the nexus and its interactions through a process largely based on procedural justice""."
524,Spiegelberg 2017,"Unfolding livelihood aspects of the Water–Energy–Food Nexus in the Dampalit Watershed, Philippines",Consensus,South-eastern Asia,Philippines,Subnational >100 km² (watershed),Challenge #3 – Nexus Governance Challenge (effective governance of the nexus) ,,,X,,,,,,,,,,,,,,,,,,,,,,X,,,,,,,,,,,X,,,,,,,,,,,,,,,,,,,,,,,,,,,,,,,,,,,,,,,,,,,,,,,,,,,,,,,,,,,,,,,,,,,,,,No,,Other: Integrated lake bassin approach,,Legal and Regulatory Instruments,"Zoning and management plans, ",,,Private; Civil Society; NGOs; Governments,"Fishers, farmers, Laguna lake development authority, Makiling forest reserve, university of the Philippines Los Banos', municipalities, NGO samalup, FARMC, BFAR",,,Food; Water,,Energy,,Empirical,,No,,"This paper uses a social network analysis to analyse the links between farmers and fishermens of the Dampalit watershed, and with institutional actors (university, municipality gov agencies) throught the WEF nexus. "
525,Glamann 2017,The intersection of food security and biodiversity conservation: a review,Consensus,Not applicable (no specific spatial location),,Not applicable (no specific spatial location),Challenge #1 - Nexus Complexity Challenge (addressing and embracing nexus complexity),,,,x,,,,,,,,,,,,,,,,,,,,,,,,,,,,,,,,,,,,,,,,,,,,,,,,,,,,,,,,,,,,,,,,,,,,,,,,,,,,,,,,,,,,,,,,,,,,,x,,,,,,,,,,,,,,,,,,,,,Biodiversity; Food,,,,Review,,No,,
528,O’Connor 2017,"Living with insecurity: Food security, resilience, and the world food programme (WFP)",Consensus,Sub-Saharan Africa,,Multi-regional (multiple continents/geographic regions),Challenge #3 – Nexus Governance Challenge (effective governance of the nexus) ,,,,,,,,,,,,,,,,,,x,,,,,,,,,,,,,,,,,,X,,,,,,,,,,,,,,,X,X,,,,,,,,,,,,X,,,,,,,,,,,,X,,,,,,X,,,,,,,,,,,,,,,,,,,,,,,,No,,,,,,,,Private; Funders; IPLCs; Multilateral Organisations,"farmers, Gates foundation, World Food Program, UN, private corporations (caterpillar, citigroup, Google, Pepsi, TNT express, United parcel service), ",,,Health; Food,,Poverty; Other: Security,,Opinion,,No,,"The paper investigates to which extent the World Food Program fostered a conceptual shift from a ""development-security"" nexus to a ""resilience-disaster"" framing. Authors call for a come back to the security framing, as ""resilience"" implies to accept and cope with the problems, and not fighting them, and is percived as a way to minimize interventions. "
534,Kurian 2017,"The water-energy-food nexus: Trade-offs, thresholds and transdisciplinary approaches to sustainable development",Consensus,Not applicable (no specific spatial location),,Not applicable (no specific spatial location),"Challenge #1 - Nexus Complexity Challenge (addressing and embracing nexus complexity); Challenge #2 – Nexus Values Challenge (considering multiple values and trade-offs); Challenge #3 – Nexus Governance Challenge (effective governance of the nexus) ; Challenge #5 – Nexus Knowledge and Scaling Challenge (ensuring adequate data, information, and monitoring)",,,,x,,,,,,,,,,,,,,,,x,,x,,,,x,,,,,,x,,,,,x,,,,,,,,,,,x,,,,,,,x,x,,,,,,,,,,,,,,,,,,,,,,,,,,,,,,,,,,,,,,,,,x,,,,,,,,,,,Hierarchical Governance,,Legal and Regulatory Instruments,,,Nexus Observatory,Multilateral Organisations; Governments,,,,Climate; Water,,,,Conceptual/theoretical; Empirical,,Yes,,
554,Schwerdtle 2017,The health impacts of climate-related migration,Consensus,Sub-Saharan Africa; Latin America and the Caribbean; Northern America; Southern Europe; Australia and New Zealand; Melanesia,"Colombia, Spain, Australia, South Sudan, USA (Alaska), Papua New Guinea",Subnational >100 km² (watershed); National (whole country),Challenge #1 - Nexus Complexity Challenge (addressing and embracing nexus complexity),,,,x,,,,,,,,,,,,,,,x,x,,,x,x,,,,,,,,,,,,,,,,x,,,,,,,,,,,,,,,,,,,,,,,,,,,,,,x,x,,,,,,,,,,,,,x,x,,,,,,,,,,,,,,,,,,,,,No,,Network Governance,I don't think it can be considered a network governance approach but I think it fits better what is being considered in the manuscript... Governance among sectors!,Rights-Based Instruments and Customary Norms,,,,Civil Society; Governments,migrants,,,Climate; Health,,Poverty; Economic growth; Education,,Review; Perspective,,Maybe,It provides several case studies on how climate-driven migration  interacts with health-related issues in different countries.,
556,Badran 2017,Climate change and water science policy in management,Consensus,Northern Africa,MENA Region,"Regional (multiple countries, whole continents)","Challenge #5 – Nexus Knowledge and Scaling Challenge (ensuring adequate data, information, and monitoring)",,,,,,,,,,,,,,,,,,,,,,,,,,,,,,,,,,,,,,,,,,,,,,,,,,,,,,,,,,,,,,,,,,,,,,,,,,,,,,,,,,,,,,,,,,,,,,,,,,,,,,,,"scientific knowledge, science for policy",,No,,,Not cited.,,,,,Academia,,,,Climate; Water,Not sure about climate...,,,Perspective; Conceptual/theoretical,,No,,"The manuscript explores the role of scientific knowledge to deal with freshwater problems, with an almost invisible link with climate change. It did not explore a governance approach/challenge. Maybe this is not a nexus contribution."
558,Klümper 2017,The land-water-food nexus: Expanding the social-ecological system framework to link land and water governance,Consensus,Central Asia,Tajikistan;,National (whole country),Challenge #3 – Nexus Governance Challenge (effective governance of the nexus) ,,,,,,,,x,,,,,,,x,,,,,,,,x,,x,,,,,,,,,,,x,,,,x,,,,,,,x,,,,x,,,,,,x,,,,,,,,,,,,,,,,,,,,,,,,,,,,,,,,,,x,,,,,,,,,,,,,"Trust towards the managing authority that oversees the distribution of and advocating for land certificates, Trust in local authorities, Cooperation",,Yes,"Scaling up these findings to other transition countries, and also to other areas of intense irrigation is generally possible yet requires context-specific adaptation",Community Governance,,Economic and Financial Instruments; Social and Cultural Instruments,,Not assessing a policy instrument,,Private; NGOs; Governments,"Land Committee, Water Ministry, Agricultural Ministry, statistical offices and local NGOs",,,Food; Water,,Other: Land,,Empirical,Survey-based,Maybe,"No interventions are assessed, but governance interactions between resources are assessed, findings suggest that land system variables contribute to the willingness to cooperate in irrigation management.",
560,Al-Saidi 2017,"Towards understanding the integrative approach of the water, energy and food nexus",Consensus,Not applicable (no specific spatial location),,Not applicable (no specific spatial location),Challenge #1 - Nexus Complexity Challenge (addressing and embracing nexus complexity),,,x,,,,,,,,x,,,,,,x,,x,,x,,,,x,,,,,,,,,,,,x,,,x,,,,,,,,x,,,x,,,,x,,,,,,,,,,,,,,,,,x,,,,,,x,,,,,,,,,,,,,,,,,,x,,,,,,,,"Ability to change current policy debates, issue and thinking novelty, and clearness and implementation roadmap","Decision making processes, and nature of responses to shocks",No,"Other barriers: lack of tools experimentation and development, and lack of case-study
based recommendations",Market Governance; Network Governance,,Legal and Regulatory Instruments; Economic and Financial Instruments,,,,Funders; Civil Society; Governments,state; civil society; market; civic movements,,,Climate; Food; Water,,Economic growth; Energy; Other: Trade,,Review,"Paper isn't really about solutions, but more about ""understanding"" the nexus - so not alot of response options were assessed (in terms of effectiveness) but they were talked about (and the majority are conceptual).",Maybe,"There are alot of relevant papers, but largely conceptual papers and not many tangible case studies (but there are a few examples, eg. see Table 2)",
561,Matthew 2016,Rethinking the water-food-energy-climate security nexus,Consensus,Not applicable (no specific spatial location),,Not applicable (no specific spatial location),Challenge #1 - Nexus Complexity Challenge (addressing and embracing nexus complexity); Challenge #3 – Nexus Governance Challenge (effective governance of the nexus) ,,,,,,,,,,,,x,x,x,,,,,x,x,,,,,,,,,,,,,,,,,,,,,,,,,,,,,,,,,,,,,,,,,,,,,,,,,,,,,,,,,,,,,,,,,,,x,,,,,,x,,,,,,,,,,,,,Yes,,,It is a conclusion chapter that highlights the importance of integrating social and ecological systems in the Anthropocene to ensure human well-being in the sense of water-food-energy-climate security. It is not cristal-clear but I suppose it could be linked to networ governance.,Legal and Regulatory Instruments; Rights-Based Instruments and Customary Norms; Social and Cultural Instruments,,,,Academia; Governments,,,"As the paper highlights the importance of research on complex systems to inform and guide regulations design as a critical point, I checked those boxes...",Climate; Food; Water,,Education; Energy,,Review; Perspective,"It is conclusion chapter, thus maybe there are more interesting content in the previous chapters.",No,,I am not sure about this piece of paper. It is a conclusion chapter that discuss things in wider perspective because I suppose it was discussed in a deeper way previously. I have tried to extract as much as information I could from it.
565,Cooke 2016,On the sustainability of inland fisheries: Finding a future for the forgotten,Consensus,Micronesia; Not applicable (no specific spatial location),,Not applicable (no specific spatial location),"Challenge #3 – Nexus Governance Challenge (effective governance of the nexus) ; Challenge #5 – Nexus Knowledge and Scaling Challenge (ensuring adequate data, information, and monitoring)",,,,x,,,,,,,,,,,,,,,,,,,,,,,,,,,,,,,,,,,,x,,,,,,,,,,,,,,,,,,,,,,,,,,,,,,,,,,,,,,,,,,,,,,,,,,,,,,,,x,,,,,,,,,,Yes,,Network Governance,,Legal and Regulatory Instruments; Rights-Based Instruments and Customary Norms,,,build capacity,Private; Civil Society; Academia; IPLCs; Regional Organisations; Governments,fishermans organizations,,,Biodiversity; Food,,Equity; Poverty; Energy,,Perspective; Conceptual/theoretical,,Maybe,,"This is an interesting paper because it discusses nexus approach centered in a specific activity ""inland fisheries"" not much about governance but the importance of multiple actors and the need for information to ensure the sustainable use and protect inland ecosystems. "
569,Nasr 2016,Ethiopia’s challenge to Egyptian hegemony in the Nile River Basin: The case of the grand Ethiopian renaissance dam,Consensus,Northern Africa; Sub-Saharan Africa,,"Regional (multiple countries, whole continents)",Challenge #1 - Nexus Complexity Challenge (addressing and embracing nexus complexity),,,x,,,,,,,,,,,,,,,,,,,,,,,,,,,,,,,,,,,,,,x,,x,,,,,,,,,,,,,,,,,,,,,,,,,,,,,,,,,,,,,,,,,,,,,,,,,,,,,,,,,,,,,,,No,,, the study primarily focuses on geopolitical and hydro-political aspects rather than proposing or assessing specific governance approaches to address nexus challenges. none of the four governance approaches are explicitly proposed or assessed in the study.,Other: none,,,no,Private; Civil Society; Regional Organisations; Multilateral Organisations; Governments,countries,,,Food; Water,,Economic growth; Employment; Energy,,Conceptual/theoretical,,Maybe,,
574,Howarth 2016,Understanding barriers to decision making in the UK energy-food-water nexus: The added value of interdisciplinary approaches,Consensus, Northern Europe,United Kingdom of Great Britain and Northern Ireland,National (whole country),"Challenge #1 - Nexus Complexity Challenge (addressing and embracing nexus complexity); Challenge #2 – Nexus Values Challenge (considering multiple values and trade-offs); Challenge #3 – Nexus Governance Challenge (effective governance of the nexus) ; Challenge #5 – Nexus Knowledge and Scaling Challenge (ensuring adequate data, information, and monitoring); Other: To explore the impact of climate and weather shocks across the energy-food-water nexus and barriers to related responses",,,x,,,,,,,,,,x,,x,,,,x,,,,,x,,x,,x,,,x,,,,,,,x,,x,,,,,,,,x,,,x,,,,,,,,,,,,,,,,,,,x,,x,,x,,,x,,,x,,,x,,,,,,,,,,,x,,x,,,,,,,,,"Evidence production, Process, Communication, Audience needs, Conventional and social media, Response, Responsibility, Informing and lessons, Culture, Judgement versus evidence, Disconnection from the issue, Uncertainty of science, Cost of resilience, Complexities of processes",No,,,,Legal and Regulatory Instruments,,,,"Private; Academia; NGOs; Other: Practitioners (directly involved in implementation of climate-related solutions or decision making processes on the ground), policy communities (involved in formulating policies and decisions on climate change and nexus related issues)",,,,Food; Water,,Energy,,Empirical,Findings from workshop interviews,No,"Summary of workshops that identified key stakeholders’ concerns, opportunities and barriers to better inform decision making, no focus on any one particularly intervention. ",
576,Boas 2016,Cross-sectoral strategies in global sustainability governance: towards a nexus approach,Consensus,Not applicable (no specific spatial location),,Not applicable (no specific spatial location),Other: Operationalize the nexus concept for the arrangement of integrated agendas (Maybe challenge #1),I am not sure it coul be fitted in other challenge but I think the manuscript focuses on how nexus concept can contribute to implement 2030 Agenda. ,,X,X,,,,,,,,,,,,,x,,x,,,,,,,,,,,,,,,,,,,,,,,,,,,,,,,,,,,,,,,,,,,,,,,,,,,,,,,,,,,,,,,,,,,,,,,,,,,,,,,,,,,,,,,Yes,"In a specific way, the 2030 Agenda can be considered an enabler to implement nexus and vice-versa.",,"The 2030 Agenda is a Transformative Governance approcah, right?",Legal and Regulatory Instruments,2030 Agenda; high-level policy,,,Private; Academia; Multilateral Organisations; Governments,,,,Biodiversity; Climate; Health; Food; Water,They do not cite a specific dimension but reinforce the role of the concept to implement an agenda tha explicitly cite all nexus dimension (SDGs) then I checked all boxes.,Equity; Poverty; Economic growth; Employment; Education; Energy,They do not cite a specific cross-cutting issue but reinforce the role of the concept to implement an agenda tha explicitly should incorporate all targets in the 2030 Agenda. Then I checked all boxes that have a specific SDG..,Perspective,,Maybe,,
581,Parkes 2016,"Pacific connections for health, ecosystems and society: New approaches to the land-water-health nexus",Consensus,Not applicable (no specific spatial location),Pacific basin,Multi-regional (multiple continents/geographic regions),Challenge #1 - Nexus Complexity Challenge (addressing and embracing nexus complexity),,,X,,,,,,,,,,X,,,,X,,,,,,,,,,,,,,X,,,X,,X,,,,,,,,,,,,,,,,,,,,,,,,,,,,,,,,,,X,,X,,X,,X,,,,,,,,,,,X,,,,,,,,,,,,,,,,,,,No,,Network Governance,,,,,,Civil Society,,,,Biodiversity; Health; Water,,Indigenous values and knowledge,,Review,,No,,
592,Corona 2016,Forest-food nexus: A topical opportunity for human well-being and silviculture,Consensus,Southern Europe,Italy,National (whole country),"Challenge #5 – Nexus Knowledge and Scaling Challenge (ensuring adequate data, information, and monitoring)",,,,x,,,,,,,,,,,,,,,,,,,,x,x,,,,,,,,,,,x,,,,,,,,,,,,x,,,,,,,,,,,,,,,,,,,,,,,,,,,,x,,,,,,,,,,,,,,,,,,,,x,,,,,,,,,Lack of governance and cooperation ,No,,Other: An integrated governance is thus needed for securing these multi-functional landscapes.,Doesn't get more specific than that,"Other: In particular, a supportive policy framework  needs  to  be  developed  that  considers  both the forestry and agriculture sectors in tandem.",,,,Civil Society; Governments,,,,Biodiversity; Climate; Food,,Economic growth,,Opinion,,No,Its a commentary so not alot of good evidence,
605,Jiang 2015,"China's water security: Current status, emerging challenges and future prospects",Consensus,Central Asia,China,National (whole country),"Other: Elaborates on emerging challenges for achieving water security in China, including climate change, continuous socio-economic development, population growth and urbanization in particular, and the water-food-energy nexus. How do these three challenges play out affecting China's water security?",,,x,,x,,,,,,,,,,,,,,,,,,,x,,x,,x,,,,,,,,,,,,x,,,x,,,,,x,x,,x,,,,,,,,,,,,,,,,,,,,,,,,,,,,,,,,,,,,,,,,,,,,,x,,,,,,,,,"The management of water is further complicated by and vulnerable to the political structure that local water bureaus or departments under the leadership of the central authorities also depend politically and financially on local governments (Cheng and Hu, 2012), whose main interest is economic development. Such a complex, internally interdependent but poorly coordinated institution, in combination with the bureaucratic processes, is a significant barrier inhibiting effective water management and pollution control.",No,,Hierarchical Governance,,Legal and Regulatory Instruments; Other: Improved water management,"1. To reduce societal exposure to the water-related insecurity risk, and 2. Improving water security is to enhance resilience reducing societal vulnerability to water-related issues",,,Private; Civil Society; NGOs; Governments,The Chinese government,,,Biodiversity; Climate; Health; Food; Water,,Equity; Energy,,Review,,No,"Not assessing an intervention, the paper discusses China's future prospects on water security, including current achievements, government actions and policy initiatives, and recommendations for management improvement aimed at increasing water security.",
609,Halbe 2015,Governance of transitions towards sustainable development – the water–energy–food nexus in Cyprus,Consensus,Western Asia,Cyprus,Subnational >100 km² (watershed),"Challenge #1 - Nexus Complexity Challenge (addressing and embracing nexus complexity); Challenge #2 – Nexus Values Challenge (considering multiple values and trade-offs); Challenge #3 – Nexus Governance Challenge (effective governance of the nexus) ; Challenge #5 – Nexus Knowledge and Scaling Challenge (ensuring adequate data, information, and monitoring)",,,x,x,,,,,,,,,,,,,,,,,,,,,,,,,,,,,,,,,,,,,,,,,,,,,,,,,,,,,,,,,,,,,,,,,,,,,,,,,,,,,,,,,,,,,,,,,,,,,x,,,,,,,,,No,"The article mention various factors related to sustainability innovations, stakeholder involvement, and governance strategies in the context of addressing the water-energy-food nexus challenges in Cyprus. However, these factors are not explicitly categorized as enablers or barriers to addressing the nexus challenges, and their direct role as such is not clearly defined in the text.",Other: Reflexive Governance,"Reflexive Governance emphasizes the importance of actor networks, including policy-makers, civil society, and entrepreneurs, in addressing complex problems. It promotes strategies such as integrated knowledge production, experiments, adaptability of strategies and institutions, anticipation of long-term systemic effects, iterative and participatory goal formulation, and interactive strategy development. 
Peter H. Feindt & Sabine Weiland (2018) Reflexive governance: exploring the concept and assessing its critical potential for sustainable development. Introduction to the special issue, Journal of Environmental Policy & Planning, 20:6, 661-674, DOI: 10.1080/1523908X.2018.1532562
N., A. P., Kiss, B., Hirose, S., & Takahashi, W. (2021). Nature-Based Solutions or Debacles? The Politics of Reflexive Governance for Sustainable and Just Cities. Frontiers in Sustainable Cities, 2, 583833. https://doi.org/10.3389/frsc.2020.583833",Legal and Regulatory Instruments; Economic and Financial Instruments; Social and Cultural Instruments,Conscious Resource Use Practices; Support of Organic Agriculture; Decentralized Renewable Energy Systems; Urban Gardening and Community Gardens; Greywater Recycling; Rainwater Harvesting; Aquifer Recharge; Sustainable Tourism Strategy; Education and School Projects; Financial Support for Innovators; Water Pricing Policies; Support for Traditional Crops,,"The study provides a broad overview of sustainability innovations, policies, and stakeholder involvement in addressing WEF nexus issues, but it does not delve into detailed discussions of specific leverage points or identify which changes in social variables would have disproportionately large positive effects on the social-ecological system.",Private; Media; Funders; Civil Society; Academia; NGOs; Governments,"Water Development Department
Department of Agriculture
Department of Environment
Cyprus Energy Agency
Agriculture Research Institute
Cyprus Institute
University of Cyprus
urban gardening and community gardens
Farmers engaged in organic agriculture and adapted agriculture
Individuals implementing aquaponics systems
Businesses and individuals involved in decentralized renewable energy systems
Farmers' organizations",,,Food; Water,,Equity; Poverty; Education; Energy,,Modelling,,Yes,,
616,Lal 2015,Research and development priorities in water security,Consensus,Not applicable (no specific spatial location),,Not applicable (no specific spatial location),Challenge #2 – Nexus Values Challenge (considering multiple values and trade-offs),,,,,,,,,,,,,,,,,,,,,,,,,,,,,,,,,,,,,,,,,,,,,,,,X,,,,,,,,,,,,,,,,,,,,,,,,,,,,,,,,,,,,,,,,X,,,,X,,,,,,,,,,,,,,No,,,No specific governance approaches discussed,,,No specific policy instruments discussed,,,,,No specific actors discussed,Climate; Food; Water,,,No specific cross cutting issues discussed,Perspective,,No,,"This paper is mainly about research priorities for the water-food-climate nexus and makes some broad recommendation but mainly in terms of objectives, not policy and governance actions. Focuses more or less on minimising trade-offs."
617,Lal 2015,The soil–peace nexus: our common future,Consensus,Not applicable (no specific spatial location),,Not applicable (no specific spatial location),Other: Ensuring conditions to implement/promote nexus,The manuscript does not address a specific challenge but reinforces the role of soil protection/conservation as a base to promote a sustainable future towards nexus. ,,,,,,,,,,,,,,,,,,,,,,,,,,,,,,,,,,,,,,,,,,,,,,,,,,,,,,,,,,,,,,,,,,,,,,,,,,,,,,,,,,,,,,,,,,,,,,,X,,,,,,,,soil health and conservation,,,,,I am not sure that the proposal is related to transformative governance but the manuscript highlights the importance of soil protection to ensure peace in a sequential way revealing nexus...,Legal and Regulatory Instruments; Social and Cultural Instruments,,,,Civil Society; Governments,,,They do not cite specific actors but discuss considering a rationale that reinforces the role of civil society and governments. ,Biodiversity; Climate; Health; Food; Water,,Equity; Poverty; Education; Other: Political security,,Perspective; Conceptual/theoretical,,Maybe,,"This paper is interesting to understand a different perspective of nexus, but it is not structured in the way the other papers are."
625,Mbatu 2015,Domestic and international forest regime nexus in Cameroon: An assessment of the effectiveness of REDD+ policy design strategy in the context of the climate change regime,Consensus,Sub-Saharan Africa,Cameroon,National (whole country),Challenge #3 – Nexus Governance Challenge (effective governance of the nexus) ; Challenge #4 – Nexus Financial Challenge (ensuring adequate financing for the nexus),"the study does discuss various challenges related to the effectiveness of REDD+ policy design strategy in Cameroon, which may indirectly touch upon some of these Nexus challenges, particularly governance and financing aspects. ",,x,,,,,,,x,,,,,,,,x,,,,,x,,,,,,,,,,,,,,,x,,,,,,,,,,,,,,,,,,,,,,,,,,,,,,,,,,,,,,,,,,,,,,,,,,,,,,,x,,,,,,,,,,,,,No,,,none of the specified governance approaches are mentioned in the study.,Legal and Regulatory Instruments; Rights-Based Instruments and Customary Norms; Economic and Financial Instruments; Other: International Agreements and Initiatives,,,no,Civil Society; Academia; NGOs; Governments,,,,Biodiversity; Climate,,Equity,,Empirical,,Maybe,,
630,Lundqvist 2015,"Consumers, food supply chain and the nexus",Consensus,Not applicable (no specific spatial location),,Not applicable (no specific spatial location),Challenge #1 - Nexus Complexity Challenge (addressing and embracing nexus complexity); Challenge #3 – Nexus Governance Challenge (effective governance of the nexus) ,,,,x,,,,,,,,,,,,,,,,x,,,,,,,,,,,,,,,,,,,x,x,x,,,,,,,,x,x,,,,,,,,,,,,,,,,,,,,,,,,,,,,,,,,x,,x,,,,,,,,,,,,,,,,,,,,,,No,,,"Not sure  about the governance system, but it is focused on food system and as a system it is centred in its challenges and its relation with other dimensions... hierarchical?",Legal and Regulatory Instruments; Social and Cultural Instruments,,,change in consumers behaviour,Private; Civil Society,"producers, consumers",,The focus is in the producer-consumer aspects of food system then I checked the private and clivil society respectively...,Climate; Food; Water,"The focus is the food system, water is discussed in the sense of needs for food production and climate in the sense of how food systems produce GHG.",Energy,,Review; Perspective; Conceptual/theoretical,,No,,
640,Benson 2015,Water governance in a comparative perspective: From IWRM to a 'nexus' approach?,Consensus,Southern Asia; Western Europe,"United Kingdom of Great Britain and Northern Ireland, Bangladesh",National (whole country),Challenge #3 – Nexus Governance Challenge (effective governance of the nexus) ,This paper focusses on the integration and coordination of policy sectors as a challenge. Does look at economic approaches but not the challenge of financing the nexus.,,,X,,,,,,,,,,,,,,,,,,,,,,,,,,,,,,,X,,X,,,,X,,,,,,,,,,,,,,,,,,,,,,,,,,,,,,,,,,,,,,,,,,,,,,,,,,,,,,,,,,,,,,,,,No,"Level of transparency, corruption and trust in Bangladesh is a barrier. ","Hierarchical Governance; Network Governance; Other:  Integrated Water Resources Management (IWRM), Multi-level Governance ",,Legal and Regulatory Instruments; Economic and Financial Instruments,,,,Private; NGOs; Governments,,,,Climate; Food; Water,,Equity; Poverty; Energy; Other: gender,,Review; Perspective,,No,,Paper aims to distinguish the Nexus from IWRM. See Table 1.
641,Middleton 2015,The rise and implications of the water-energy-food nexus in Southeast Asia through an environmental justice lens,Consensus,South-eastern Asia,"Thailand, Cambodia, Laos, Vietnam, Myanmar, China, ","Regional (multiple countries, whole continents)",Challenge #1 - Nexus Complexity Challenge (addressing and embracing nexus complexity); Challenge #3 – Nexus Governance Challenge (effective governance of the nexus) ,Mismatch between scales of funders and action,,,,,,,,,X,,,,,,,,X,,,,,,,,X,,,,,,X,,,,,X,,X,,X,,,,,,,,,,,,,,,,,,,,,,,,,,,,,,,,,,,,,,,,,,,,,,,,,,,,,,,,,,,,,,,,,No,,Hierarchical Governance,,,,,,Funders; Civil Society; Academia; NGOs; Multilateral Organisations; Governments,"Asian development bank, challenge program on water and food-mekong, World bank, IUCN, WWF, Mekong river commission, CGIAR,  Stockholm International water institute, UNESCAP, UNEP, International water asssociation, International water institute, CSIRO, Stockholm Environment Institute, Governments, farmers",,,Biodiversity; Food; Water,,Equity; Energy,,Review,"Not very clear what the paper aim at doing (review, perspective ?)",No,,"I did not find the paper very useful. The position is not clear (review vs perspective), and it reads like a collection of concept applied to South-East Asia, without any clear problematic "
645,Dubé 2014,"Agriculture, health, and wealth convergence: Bridging traditional food systems and modern agribusiness solutions",Consensus,Not applicable (no specific spatial location),,Not applicable (no specific spatial location),Challenge #3 – Nexus Governance Challenge (effective governance of the nexus) ,,,,x,,,x,,x,,x,,,,x,,x,,x,,x,,x,,,x,,x,,,,,,x,,x,,,,x,,,,x,,,,x,,,x,,,,,,,,,,,,,,,,,,,,,,,x,,,x,,,,,,,,,,,,,,,x,,,,,,x,,,,,,Novel public–private partnerships,,Yes,"Discussion bears on the potential of Big Data as a convergence enabler by facilitating greater reciprocity between traditional and modern food systems, both within and across developing and industrialized countries, enabling the production and consumption of accessible, affordable, and appealing nutritious food for all, and scaling up convergence in their single and combined human and economic development outcomes. 

Scaling up business engagement as a catalyst for new paths of convergence for agriculture, health, and wealth requires that changes be made to the institutional framework that has been in place since the onset of the Industrial Revolution, which posits a clear divide between private and public goods and between market and state responsibility",Community Governance,,Legal and Regulatory Instruments; Economic and Financial Instruments; Social and Cultural Instruments,"Partners in the pulse roadmap at the global level have spearheaded the long policy process of getting 2016 to be declared by the United Nations (UN) as the International Year of Pulses (IYOP), with a core component of the roadmap being the formation of a global pulse innovation platform (PIP) to be the food innovation platform. PIP is a platform where global organizations (businesses from along the pulse value chain as well as research and development organizations) work with their global counterparts in the food sector (MNCs) and at the country level.",,,Private; Civil Society; Academia; NGOs; Multilateral Organisations; Governments,,"Market intermediaries , Local communities often play a front and center role in helping the poorest segments of the population access basic necessities and employment acting as key intermediaries for higher-level state and market actors.",,Health; Food,,,,Other: Introduction to a special feature,,No,"Its a good paper, but case studies are only introduced with minor detail",
647,Kolinjivadi 2014,Recasting payments for ecosystem services (PES) in water resource management: A novel institutional approach,Consensus,Not applicable (no specific spatial location),"Examples mentioned: Costa Rica, Nepal, Colombia",Not applicable (no specific spatial location),"Challenge #3 – Nexus Governance Challenge (effective governance of the nexus) ; Challenge #4 – Nexus Financial Challenge (ensuring adequate financing for the nexus); Other: In what ways is human well-being dependent on the resiliency of ecosystem services, particularly for achieving social equality in terms of human capabilities?",,,x,,,,x,,x,,,,,,x,,,,x,,,,,x,,x,,,,,x,,,,,x,,,,x,,x,,x,,,,x,,,x,,x,,,,x,,,,x,,,,,,,,,,,x,,x,,,,,,,,,,,,,,,,,,,,,,x,,,,,,x,,,,Yes,"Markets in provisioning ecosystem services will need to be governed by collective institutions that take into account the other ecosystem services (e.g. regulating, supporting and cultural) that derive from provisioning services which are both costly to exclude and are non-rival in nature. Such a consideration of markets will transcend purely individual benefits of ecological structure to consider their benefits at broader scales. ",Other: Nested governance,Governance at nested scales to further link ecological integrity of the resource base with the welfare-enhancing values that characterize an improved capability set for stakeholders.,Legal and Regulatory Instruments; Economic and Financial Instruments,A re-conception of Payments for Ecosystem Service schemes within an appropriate governance framework would make greater advances in actualising an integrated and adaptive approach to water resource management agenda,,,Private; Civil Society; Governments,,"Sort of, ""Thus, in designing a well-being focused scheme for achieving capabilities improvements, it would be necessary to start by understanding the social context, traditional knowledge, current livelihoods, distributional issues, and the needs and values of ecosystem service beneficiaries and providers. This information would serve as a prelude for elucidating key design aspects of an incentive scheme, such as the nature of support and terms of a given contract, distributive equity of arrangements, length of contracts, and the potential role of local organizations and other external intermediaries (Vignola et al., 2012).""",,Biodiversity; Climate; Water,,Equity; Poverty; Other: Land,,Perspective,,Maybe,"Not assessing an existing intervention, but reformulating PES. ",
681,Vieira 2013,The energy-security-climate-change nexus in Brazil,Consensus,Latin America and the Caribbean,Brasil,National (whole country),Challenge #1 - Nexus Complexity Challenge (addressing and embracing nexus complexity); Challenge #3 – Nexus Governance Challenge (effective governance of the nexus) ,,,,x,,,,,,,,,,,,x,,,,x,,,,,,,,,,,,,,,,,,,,,x,,,,,,,,,,,,,,,,,,,,,,,,,,,,,,,,,,,,,,,,,,,,,,,,,,,,,,,,,,,,,,,,,No,,Hierarchical Governance,,Legal and Regulatory Instruments; Rights-Based Instruments and Customary Norms; Economic and Financial Instruments,,,,Private; Governments; Other: Industry,,,,Biodiversity; Climate,The manuscript is focused on energy and discusses the relationship with the environment and climate.,Economic growth; Energy,,Perspective; Conceptual/theoretical,,Maybe,,"Implement at the national scale the international commitments is considered kwy to ensure climate-biodiversity-energy nexus. However, it is importanta highlight that biodiversity is seem more than a dimension a cross-cutting issue in the energy-climate nexus."
689,Granit 2013,A scalable approach towards realizing tangible benefits in transboundary river basins and regions,Consensus,Not applicable (no specific spatial location),,Not applicable (no specific spatial location),"Challenge #1 - Nexus Complexity Challenge (addressing and embracing nexus complexity); Challenge #2 – Nexus Values Challenge (considering multiple values and trade-offs); Challenge #3 – Nexus Governance Challenge (effective governance of the nexus) ; Challenge #5 – Nexus Knowledge and Scaling Challenge (ensuring adequate data, information, and monitoring)",,,x,,,,,,x,x,,,,,,,,,,,,,,,,,x,,,,,,,,,,,,x,,x,,x,,,,,x,,,x,x,,,,,,,,,,,,,,,,,,,,,x,,,,x,,,,,,,,x,,,x,,,,,x,,,,x,,,,x,,,"Trust, investment in credible information to support credible analysis, a focus on development outcomes and impacts including related transaction steps, ","Corruption, market failures, patterns of international trade, the functions of international financing institutions, geopolitical interests and power of states,
economic policies of states, the existence of civil unrest or conflict",Yes,,Market Governance,,Legal and Regulatory Instruments; Economic and Financial Instruments,Stepwise approach (framework presented in chapter),,All countries having access to the same information to evaluate benefits and trade-offs of cooperation. ,Private; Civil Society; Governments,,,,Food,,Energy,,Conceptual/theoretical; Other: Book chapter,,Maybe,"Not something that was actually implemented, but a good example of a framework angled towards scalability. ",
695,Nilsson 2012,"Reprint of ""Can Earth system interactions be governed? Governance functions for linking climate change mitigation with land use, freshwater and biodiversity protection""",Consensus,Not applicable (no specific spatial location),,Not applicable (no specific spatial location),Challenge #1 - Nexus Complexity Challenge (addressing and embracing nexus complexity); Challenge #2 – Nexus Values Challenge (considering multiple values and trade-offs),,,,,,,x,,,,,,,,,,,,x,,,,,x,,x,,,,,,,,x,,x,,x,,x,,,,x,,,,,,,x,,,,x,,x,,x,,,,,,,,,,,,,,,,,,,,,,,,,,,,,,,,x,,,,,x,,x,,x,,x,,,,No,,"Network Governance; Other: cognitive modes of governance, ",,Legal and Regulatory Instruments; Economic and Financial Instruments; Social and Cultural Instruments,"Data Collection and Monitoring
Performance Measurement
Regulations and Standards
Economic Incentives
Sustainability Criteria
Voluntary Schemes",,no,Private; Civil Society; Academia; NGOs; Regional Organisations; Multilateral Organisations; Governments,,,,Biodiversity; Climate; Food; Water,,Equity; Indigenous values and knowledge,,Conceptual/theoretical,,Yes,,
699,Nilsson 2012,"Can Earth system interactions be governed? Governance functions for linking climate change mitigation with land use, freshwater and biodiversity protection",Consensus,Eastern Europe;  Northern Europe; Western Europe,,"Regional (multiple countries, whole continents)","Challenge #1 - Nexus Complexity Challenge (addressing and embracing nexus complexity); Challenge #2 – Nexus Values Challenge (considering multiple values and trade-offs); Challenge #3 – Nexus Governance Challenge (effective governance of the nexus) ; Challenge #5 – Nexus Knowledge and Scaling Challenge (ensuring adequate data, information, and monitoring)","The study discusses various aspects related to the complexity of Earth system interactions, the need to consider multiple values and trade-offs, the importance of effective governance, and the requirement for adequate data and information.",,x,,x,,x,,,x,,,,,,,,x,x,,,,,x,,x,,,,,,,,,x,,,,x,,,,,x,,,,x,,,,x,,x,,,,,,,,x,,,,,,,,,,,x,,x,,,,,,,,x,,,,,,,,,x,,x,,,x,,x,,x,,x,,,,Most factors are either indirectly identified in the article as enablers or barriers to addressing the nexus challenges.,Network Governance,"The study discusses the need for multi-level governance and recognizes the importance of interactions across various administrative levels. It suggests that addressing Earth system interactions requires governance arrangements that consider both regional and global dimensions. The article also mentions interactions with regions outside the EU, indicating a networked approach to address global impacts.",Legal and Regulatory Instruments; Economic and Financial Instruments; Social and Cultural Instruments,Biofuels Sustainability Criteria; Habitat and Birds Directives; Carbon Taxes; Feed-in Tariffs; Green Certificates; Investment Support; CAP Cross-Compliance Standards; Nitrate Vulnerable Zones; Energy Efficiency Measures,"These specific policy instruments are proposed or assessed in the article to address Earth system interactions and challenges, particularly in the context of climate change, biodiversity protection, and land use.","""Climate Targets""; ""Biofuels Sustainability Criteria""; ""Energy System Transition""; ""Regional Positive Externalities""; ""Natural Capital and Ecosystem Services Valuation""; ""Cross-Level Coherence"" ",Private; Funders; Civil Society; Academia; NGOs; Regional Organisations; Multilateral Organisations; Governments,,,,Biodiversity; Climate; Food; Water,,,,Conceptual/theoretical,,Yes,,
703,Higgitt 2012,Perspectives on environmental management and technology in Asian river basins,Consensus,Central Asia; Eastern Asia; South-eastern Asia; Southern Asia; Western Asia,,Not applicable (no specific spatial location),"Challenge #1 - Nexus Complexity Challenge (addressing and embracing nexus complexity); Challenge #2 – Nexus Values Challenge (considering multiple values and trade-offs); Challenge #3 – Nexus Governance Challenge (effective governance of the nexus) ; Challenge #5 – Nexus Knowledge and Scaling Challenge (ensuring adequate data, information, and monitoring)",,,,,x,,x,,,,,,,,,,x,,x,,x,,,x,,,,x,,,,,,,,x,,,x,,,,,,,,,x,,,,x,,,,,,x,,,,,,,,,,,,,,x,,x,,x,,,,,,,,,,,,,,,x,,,,,,,,,,,,,,,Yes,Barrier: All these governance dilemmas hinge in part on the fact that MRC is predicated on assimilating the national interests of riparian nation states into basin-wide developmental interests. Such an approach to transboundary governance misses key dimensions of commonality and divergence of interest at various scales.,Hierarchical Governance; Market Governance; Network Governance,,Legal and Regulatory Instruments,,,,Private; Civil Society; Academia; IPLCs; NGOs; Governments,,,,Biodiversity; Climate; Food; Water,,Economic growth; Education; Energy,,Review; Other: Book,,No,"Its more of a review, not really assessing or speaking to the effectiveness of interventions in particular. ",
2544,FAO 2014,The water-energy-food nexus: A new approach in support of food security and sustainable agriculture,Consensus,Not applicable (no specific spatial location),,Not applicable (no specific spatial location),Challenge #1 - Nexus Complexity Challenge (addressing and embracing nexus complexity); Challenge #2 – Nexus Values Challenge (considering multiple values and trade-offs),,,,,,,,,,,,,,,,,,,,,,,,,,,,,,,,,,,,,,,,,,,,,,,,,,,,,,,,,,,,,,,,,,,,,,,,,,,,,,,,,,,,,,,,,,,,,,,,,,,,,,,,,"lack of data,  targeting sector-specific optima",No,Few enablers and barriers explicitly identified.,Network Governance; Other: coordinated management,,Legal and Regulatory Instruments; Economic and Financial Instruments; Social and Cultural Instruments,,Policy instruments are only discussed very broadly and broad suggestions made. There is a strong focus on tools: monitoring and scenario development. ,,,,,No specific actors and identified,Food; Water,,Employment; Energy,,Perspective,,No,,FAO report - mainly to provide information on the WEF nexus and the FAO approach to it.
2547,Flammini 2014,Walking the nexus talk: assessing the water-energy-food nexus in the context of the sustainable energy for all initiative,Consensus,Sub-Saharan Africa; Eastern Asia; South-eastern Asia; Southern Asia; Western Asia; Southern Europe,"Kenya, South Africa, India, China, Myanmar, 
Thailand, Lao PDR, Cambodia, Viet Nam, Qatar, Jordon, Spain","Site <1 km² (field to farm); Local >1 km² to 100 km² (neighbourhood to municipality); Subnational >100 km² (watershed); National (whole country); Regional (multiple countries, whole continents)",Challenge #2 – Nexus Values Challenge (considering multiple values and trade-offs),,,,,,,,,,X,,,,,,,,,,,,X,,,,,,,,,,,,,,,,,,,,,,,,,X,,X,,X,X,,,,,,,,,,,,,,,,,,,,,,,,,,,,,,,,,,,X,X,,,,,,,,,,,,,,,,"labour, capital","land rights, water rights, over subsidisation of electricity for irrigation",No,,,"Doesn't really look at governance, but rather on-ground actions",Economic and Financial Instruments; Social and Cultural Instruments,"new irrigation technology financed by NGOs, private finance for new biofuel crops (sugar beet) that does not compete with food production","Doesn't really look at policy instruments but on-ground actions - e.g., bioenergy, power irrigation, etc.",,Private; NGOs; Governments,,,,Food; Water,,Economic growth; Employment; Energy; Other: capital,,Review; Conceptual/theoretical; Other: Assessment,,No,,Report is about how to carry our a WEF nexus assessment so mainly about tools rather then specifically about response options.
2548,Carmona-Moreno 2021,Implementing the water-energy-food-ecosystems nexus and achieving the sustainable development goals,Consensus,Not applicable (no specific spatial location),,Not applicable (no specific spatial location),"Challenge #1 - Nexus Complexity Challenge (addressing and embracing nexus complexity); Challenge #2 – Nexus Values Challenge (considering multiple values and trade-offs); Challenge #3 – Nexus Governance Challenge (effective governance of the nexus) ; Challenge #4 – Nexus Financial Challenge (ensuring adequate financing for the nexus); Challenge #5 – Nexus Knowledge and Scaling Challenge (ensuring adequate data, information, and monitoring)",,,x,,,,x,,,,,,x,,x,,,,x,,,,,x,x,,x,,,,,,,x,,x,,,,x,,,,,,,,X,X,,X,,,,,,,,,,,,,,,,,,,x,,,,,,x,,,,,,,,,,,,,,,x,,,,,x,,,,x,,,,"Understand the interdependence of resources within a system across space and time, Recognize the interdependence between water, energy, food, and ecosystem, Identify integrated policy solutions to optimize trade-offs and maximize synergies across sectors","Bureaucracy and inefficient institutional structures, Lack of
policy support, Fossil fuel/electricity subsidies",Yes,,Hierarchical Governance,,Legal and Regulatory Instruments; Economic and Financial Instruments,"The document summaries how many EU policies link to the SDGs and the Nexus (although they aren't assessed for effectiveness) p. 11, others include: Improving energy efficiency, Developing a well-functioning regional energy market and exploring opportunities for energy–water exchanges between countries, the development of alternative energy sources, and improving overall energy efficiency, Lowering barriers to trading food and agricultural goods thus promoting their more cost-, water-, and energy-efficient production and exchange within the region, Developing mechanisms to incorporate wider impacts in sector-based policy development, and improving inter-sectorial coordination at the basin level by increasing representation of and consultation with the relevant ministries, Improving basin-wide monitoring, data verification and exchange, and knowledge-sharing, including joint monitoring (e.g., of water flows and quality) and joint forecasting.",,"There is table on ""entry points"" in p. 18. ",Private; Funders; Civil Society; Academia; IPLCs; NGOs; Regional Organisations; Multilateral Organisations; Governments,There are many actors mentioned through the various case studies of this report. ,,,Biodiversity; Climate; Health; Food; Water,,Equity; Poverty; Economic growth; Employment; Indigenous values and knowledge; Education; Energy,"Since it likes the WEFE nexus to the SDGs, it relates to all elements",Review; Other: Report ,,Yes,"There are numerous good case studies in this report, eg. the "" The Songwe River Basin Development Programme Case Study""",It is a UNESCO/EU report - and has a specific section for each region. 
2550,Gyawali 2015,Nexus Governance: Harnessing Contending Forces at Work. Nexus Dialogue Synthesis Papers,Consensus,Southern Asia,,"Regional (multiple countries, whole continents)","Challenge #1 - Nexus Complexity Challenge (addressing and embracing nexus complexity); Challenge #2 – Nexus Values Challenge (considering multiple values and trade-offs); Challenge #3 – Nexus Governance Challenge (effective governance of the nexus) ; Challenge #4 – Nexus Financial Challenge (ensuring adequate financing for the nexus); Challenge #5 – Nexus Knowledge and Scaling Challenge (ensuring adequate data, information, and monitoring)",,,x,,x,,x,,,x,,,,x,,x,,,x,,,,,x,,,,,,,,,,,,x,,,,,x,,,,,,,x,,x,,x,,,,,,,,,,,,x,,,,,,,,,,,x,,x,,,,,,x,,,,,x,,,,,,,,,x,,x,,x,,x,,,,,Network Governance; Community Governance,"it does mention various governance approaches and concepts such as community-based management, multi-stakeholder platforms, and oversight bodies. These can be broadly considered as elements of network governance and community governance. However, the synthesis doesn't explicitly propose or assess these approaches as solutions to nexus challenges in a structured manner. Instead, it highlights the importance of constructive engagement between different styles of organizing (bureaucratic hierarchism, market individualism, and activist egalitarianism) to address nexus challenges effectively.","Legal and Regulatory Instruments; Economic and Financial Instruments; Social and Cultural Instruments; Other: community-based management, multi-stakeholder platforms, and the need for inclusive and responsive policy platforms.",,,The synthesis provides a broad overview of governance challenges and considerations but does not delve into specific interventions or leverage points for effecting change in social-ecological systems.,Funders; Civil Society; NGOs; Governments,,,,Food; Water,,Equity; Poverty; Economic growth; Indigenous values and knowledge; Energy,,Conceptual/theoretical,,Yes,,
2551,Weitz 2017,Governance in the water-energy-food nexus: Gaps and future research needs,Consensus,Not applicable (no specific spatial location),,Not applicable (no specific spatial location),Challenge #1 - Nexus Complexity Challenge (addressing and embracing nexus complexity); Challenge #3 – Nexus Governance Challenge (effective governance of the nexus) ,,,,X,,X,X,,,,,x,,,x,x,,,,,,,,,,X,,x,,,,X,,,,X,x,,X,X,x,x,x,,,,,,x,,,,,,,,,,,,,,,,,X,X,X,,,,,,,,,,,,,,,,,,,,,,,,,,,,,,,,,,,,"communication, economic instruments","mismatch between how institutions are organized and the ways nexus pbm materialize, lack of strategic clarity among institutions, slowness to adopt the nexus concept and related assessements and tools in institutions and policy, lack of clairty on rights and responsabilities across sectors",No,,Other: Integrative environmental governance,,,,,,,,,,Food; Water,,Equity; Energy,,Review,,No,,"Very interesting paper, that focuses precisely on the nexus governance. By reviewing existing literature, the authors capture the diversity of discourse about nexus governance (risk, economic rationality and political economy) and identify key gaps for research."
2552,Bao 2018,Governing the Water-Energy-Food Nexus Approach for Creating Synergies and Managing Trade-offs,Consensus,South-eastern Asia; Southern Asia,"Bangladesh, India, Viet Nam","Regional (multiple countries, whole continents)",Challenge #2 – Nexus Values Challenge (considering multiple values and trade-offs),,,,,,,,,,,,,,,,X,,,,,,,,X,,,,,,,,,,,X,,X,,,,X,,X,,,,,,,,,X,,,,,,,,,,,,,,,,,,,,,,,,,,,,,,,,,,,,,,,,,,,,,,,,,,,,,"lack of institutional coordination, lack of understanding of interlinkages, lack of incentives, lack of policy coherence",No,,Hierarchical Governance,"A nexus-based policymaking 
process requires horizontal integration across different ministries/departments and vertical integration across the different level of governments (national and sub-national level). ",Legal and Regulatory Instruments; Social and Cultural Instruments,,There is a lack of detail on what specific policy instruments are proposed but inferred to be largely regulatory or legal and some aspects of social/cultural instruments.,,,,,No specific actors identified,Food; Water,,Energy,,Perspective,Issue Brief,No,,Grey literature
2559,Change 2022,Mitigation of climate change—IPCC,Consensus,Not applicable (no specific spatial location),,Not applicable (no specific spatial location),Challenge #3 – Nexus Governance Challenge (effective governance of the nexus) ,,,x,,x,,x,,x,,x,,x,,x,,x,,x,,x,,,x,x,,,,,,,,,x,,x,,,x,,x,,x,,x,,,x,x,,x,,,,x,,x,,,,,,,x,,,,,,x,,,x,,,x,,x,,x,,,x,,,,x,,,x,,,,,,x,,,,,,x,,,Ways of managing risk.,Yes,"On scaling:
Specific to the nexus - ""The multi-sectoral planning and investments that are needed to upscale the project require cooperation among the water, agriculture,
and energy sectors and an active involvement of local actors, private companies, and investors. These cooperation and involvement mechanisms are currently being established in Jordan. Given the emphasis on the economic value of the project, public-private partnerships are considered as the appropriate business and governance model, when the project is upscaled. Scenarios for upscaling
(seawater use primarily in low-lying areas close to the sea, to avoid energy-intensive pumping) include 50 MW of CSP, 50 hectares of greenhouses, which would produce 34,000 tonnes of vegetables annually, provide employment for over 800 people, and sequester more than 8000 tonnes of CO2-eq annually.""

An example of agroforestry is touched on ""Successful examples of how more complex agroforestry can be upscaled do exist in Brazil. For example, on farm trials and consistent investments over several years have enabled Rizoma Agro to develop a citrus production system that integrates commercial and native trees in a large-scale multi-layered agroforestry system. The success of their transition resulted in part from their corporate structure that allowed them to tap into the certified Green Bonds market (CBI 2020). However, different transition strategies need to be developed for family farmers and their distinct socio-economic conditions.""

Also - ""National governments can help scale up transitions by allocating resources and can provide the technical support that can spread innovative solutions""

Less relevant - some content on upscaling renewable energy technologies. 

Related to ""Level to which financial incentives crowd out other incentives"" - ""Financial incentives are more effective if combined with strategies addressing
non-financial barriers.""","Hierarchical Governance; Other: Multi-centred or polycentric forms of governance, and cross-sectoral governance",,Legal and Regulatory Instruments; Economic and Financial Instruments; Social and Cultural Instruments,"Multi-level governance, ""sustainable development often requires not one but a mix of policy instruments to bring about the multiple policy effects needed for social and
technological change""","I know the above aren't specific policies that were assessed, more like high level recommendations. ","Innovation, a ‘multilateral’ sovereign guarantee structure, cross-sectoral synergies, existing frameworks (eg. REDD+). ",Private; Media; Funders; Civil Society; Academia; IPLCs; NGOs; Regional Organisations; Multilateral Organisations; Governments,"Everyone is considered, and there are many specific examples in the case studies. The one specifically focusing (details in case study section) on the nexus included water sector, the agricultural sector, and public and private sector partners from Jordan. ","Financial intermediaries, Middle actors (professionals, experts, and regulators), Social influencers and thought leaders",,Climate; Food; Water,,Energy; Other: Land,,Other: IPCC Report,,Yes,"See p. 1317, the ""Sahara Forest Project in Aqaba, Jordan"". This seems like a good case study. ",
2574,SashaKoo-Oshima 2020,Addressing Food Security Challenges in Lebanon: A Water-Energy-Food-Health Nexus Approach,Consensus,Western Asia,Lebanon,National (whole country),Challenge #1 - Nexus Complexity Challenge (addressing and embracing nexus complexity),"The policy brief primarily focuses on issues related to water, energy, food, and agriculture in Lebanon, and it discusses the importance of coordination, trade-offs, and scenario planning in addressing these challenges. ",,x,,,,,,,,,,,,,,x,,x,,,,,x,,,,,,,,,,,,,,x,,x,,,x,,x,,,x,,x,,x,,,,,,,,x,,x,,x,,x,,x,,,x,x,x,x,x,x,x,,,,,,,,,,,x,,,,,,,,,,,,,,,,,,,,,"It primarily discusses challenges and strategies related to water, energy, food, and agriculture in Lebanon and emphasizes the need for coordination, trade-off analysis, and scenario planning. Therefore, there is no specific governance approach mentioned in the text in relation to addressing these challenges.",,,it does not specify the types of policy instruments that should be used to implement these strategies. ,it does not provide information on specific leverage points or levers mentioned in the study.,Funders; Civil Society; Academia; Multilateral Organisations; Governments,FAO,,,Food; Water,,Equity; Poverty; Economic growth; Employment; Education; Energy,,Perspective,,Maybe,,
2575,,Addressing the Climate-SDGs Synergies and Trade-offs for the Water-Energy-Food Nexus Solutions,Consensus,Not applicable (no specific spatial location),,Not applicable (no specific spatial location),Challenge #2 – Nexus Values Challenge (considering multiple values and trade-offs),,,,,,,,,,,,,,,,,,,,,,,,,,,,,,,,,,,,,,,,,,,,,,,X,,X,,X,,,,,,,,,,,,,,,,,,,,,,,,,,,,,,,,,,,,X,,,,,,,,,,,,,,,,,"knowledge, resource use efficiency","siloed approach, fragmented approach",Yes,The fragmented approach is identified as a barrier to scaling up,Network Governance; Community Governance,"Keep fostering multi-stakeholder dialogues at all levels and with a wide variety of partners, including the private sector. Strengthen participatory approaches and address power differences, in particular regarding the implementation of WEF-related interventions at the local level.",,,No specific policy instruments discussed,,,,,No specific actors discussed,Climate; Health; Food; Water,,"Employment; Energy; Other: peace, justice, strong institutions",,Perspective; Other: technical brief,,No,,FAO Technical Brief. Grey literature.
2587,GEO-6 2018,GEO-6: Global Environment Outlook: Regional assessment for Asia and the Pacific,Consensus,Central Asia; Eastern Asia; South-eastern Asia; Southern Asia; Western Asia; Australia and New Zealand; Melanesia; Micronesia; Polynesia,,Multi-regional (multiple continents/geographic regions),"Challenge #3 – Nexus Governance Challenge (effective governance of the nexus) ; Challenge #4 – Nexus Financial Challenge (ensuring adequate financing for the nexus); Challenge #5 – Nexus Knowledge and Scaling Challenge (ensuring adequate data, information, and monitoring)",,,,,,,,,,,,,,X,,,,X,,,,,,X,,,,,,,,,,,X,,X,,,,X,,,,,,,X,,X,,X,,,,,,,,,,,,,,,,,,,,,,X,,,,,,,,,,,,,,,,,,,,,,,,,,,,,,diversity in mechanisms and institutions,"poor scientific base, lack of institutional coordination, institutional barriers",No,,"Hierarchical Governance; Market Governance; Network Governance; Community Governance; Other: collaborative governance, transformative governance",,Legal and Regulatory Instruments; Economic and Financial Instruments,,,,Private; NGOs; Regional Organisations; Multilateral Organisations; Governments,,,,Biodiversity; Climate; Health; Food; Water,,Equity; Poverty; Economic growth; Energy,,Review; Perspective; Empirical; Other: Assessment,,No,,
2588,GEO-6 2018,GEO-6: Global Environment Outlook: Regional assessment for Latin America and the Caribbean,Consensus,Latin America and the Caribbean,,"Regional (multiple countries, whole continents)","Challenge #2 – Nexus Values Challenge (considering multiple values and trade-offs); Challenge #3 – Nexus Governance Challenge (effective governance of the nexus) ; Challenge #4 – Nexus Financial Challenge (ensuring adequate financing for the nexus); Challenge #5 – Nexus Knowledge and Scaling Challenge (ensuring adequate data, information, and monitoring)",,,,X,,,,X,,X,,,,,,,,,,,,,,X,,,,,,X,,,,,X,,X,,X,,X,,,,,,,,,,,X,,,,,,,,,,,,,,,,,,,,,,,,,,,,,,,,,,,,X,,,,,,,,,,,,,X,,,,"coordination among government ministers, outdated regulatory legislative frameworks, lack of knowledge and information, corruption, enforcement",No,,"Hierarchical Governance; Community Governance; Other: transformative policy, transformative governance","Transformative policy is not based solely on developing new policies but rather on reorienting existing frameworks and platforms to achieve the targets in the SDGs and others, such as the SAMOA Pathway.",Legal and Regulatory Instruments; Economic and Financial Instruments,,,,Private; Civil Society; Regional Organisations; Governments,,,,Biodiversity; Climate; Health; Food; Water,,"Equity; Poverty; Economic growth; Employment; Energy; Other: trade, resources consumption",,Review; Perspective; Other: assessment,,No,,
2589,GEO-6 2018,GEO-6: Global Environment Outlook: Regional assessment for North America,Consensus,Northern America,,"Regional (multiple countries, whole continents)",Challenge #1 - Nexus Complexity Challenge (addressing and embracing nexus complexity); Challenge #3 – Nexus Governance Challenge (effective governance of the nexus) ,,,x,,,,,x,,,,,,,x,,x,,x,,,,,x,,,,,x,,x,,,x,,x,,,,x,,,,,,,,x,x,,x,,x,,,,x,,x,,x,,x,,,,,,,x,,,,x,,x,,x,,x,,,,,,,,,,,,,,,,x,,x,,x,,x,,"Citizen science, interactive planning and mapping tools",Regulatory/political barriers,No,,Hierarchical Governance; Community Governance,,Legal and Regulatory Instruments; Economic and Financial Instruments,"There are many policy instruments highlighted throughout the report in different case studies, all of which appear to be incentives or regulations. For example the Conservation Reserve Programme—which provided financial incentives to farmers to take highly erodible and other marginal land out of production, and many financial incentive programmes (helping to educate landowners and improve their decision-making, targeting renewable fuels, including British Columbia, Alberta, Saskatchewan, Manitoba and Ontario, Environmental Quality Incentives Programme (EQIP) will continue to assist producers to install and maintain conservation practices on eligible agricultural and forest land, for homeowners to reduce their waste generation). There are many more examples in Chapter 3. ","""Chapter 3 - Policies, goals and objectives: review of policy responses and options"" is particularly relevant. ","Adaptive governance, new uses of data, and city-based innovation.",Private; Media; Funders; Civil Society; Academia; IPLCs; NGOs; Regional Organisations; Multilateral Organisations; Governments,,,,Biodiversity; Climate; Health; Food; Water,,Energy,,Review; Other: Report,,Yes,Chapter 3 has some good case studies. ,
2590,GEO-6 2018,GEO-6: Global Environment Outlook: Regional assessment for West Asia,Consensus,Western Asia,,"Regional (multiple countries, whole continents)","Challenge #2 – Nexus Values Challenge (considering multiple values and trade-offs); Challenge #3 – Nexus Governance Challenge (effective governance of the nexus) ; Challenge #4 – Nexus Financial Challenge (ensuring adequate financing for the nexus); Challenge #5 – Nexus Knowledge and Scaling Challenge (ensuring adequate data, information, and monitoring)",,,,,,,,X,X,,,,,,,,,,,,,,,X,,,,,,,,,,,X,,X,,,,X,,,,,,X,X,,,X,X,,,,,,,,,X,,,,,,,,,,X,,,,X,,X,,,,,,,,,,X,X,,,,,,,,,,,,X,,,,"equity, inclusiveness","conflict, inadequate institutional arrangements, lack of enforcement, lack of data",No,,"Hierarchical Governance; Network Governance; Other: good governance, multi-level governance, pluralistic mechanisms",Not very explicit about governance approaches - these are mainly inferred.,Legal and Regulatory Instruments; Economic and Financial Instruments,,,,Private; Media; Civil Society; Academia; NGOs; Regional Organisations; Governments,,,,Biodiversity; Climate; Health; Water,,"Equity; Economic growth; Education; Energy; Other: peace, transport",,Review; Other: assessment,,No,,This is an assessment and although it covers multiple nexus elements it is not very explicit about addressing the nexus itself.
2591,GEO-6 2018,GEO-6: Global Environment Outlook: Regional assessment for the Pan-European Region,Consensus,Eastern Europe;  Northern Europe; Southern Europe; Western Europe,,"Regional (multiple countries, whole continents)",,"The assessment primarily focuses on environmental challenges, impacts, and responses in the pan-European region, as well as potential policy responses and actions needed to address these challenges. It does not directly reference or elaborate on the Nexus Challenges framework or provide specific evidence related to those challenges.",,x,,,,x,,,x,,,,x,,,x,,x,,x,,,,,,,,,,,,,,,,,,x,,x,,x,,,,,,,,,,,,,,,,,,,,,,,,,,,,,,,,,,,,,,,,,,,,,,,,,,,,,,,,,,,,,,,,,,"the GEO-6 Assessment for the pan-European region does not explicitly mention specific governance approaches proposed or assessed as solutions to the nexus challenges. It primarily discusses environmental challenges, impacts, and responses, but it does not go into detail about governance approaches in the context of addressing these challenges. ",,,the GEO-6 Assessment for the pan-European region does not explicitly mention specific policy instruments that are proposed or assessed.,it does not delve into specific leverage points or levers for effecting large positive effects on social-ecological systems.,Civil Society; Regional Organisations; Governments; Other: Businesses,UNEP,,,Biodiversity; Climate; Health; Food; Water,,Equity; Indigenous values and knowledge,,Review; Other: Assessement,,Maybe,,
2592,GEO-6 2018,GEO-6 for youth,Consensus,Not applicable (no specific spatial location),,Not applicable (no specific spatial location),"Challenge #2 – Nexus Values Challenge (considering multiple values and trade-offs); Challenge #3 – Nexus Governance Challenge (effective governance of the nexus) ; Challenge #5 – Nexus Knowledge and Scaling Challenge (ensuring adequate data, information, and monitoring)",,,x,,,,x,,,x,,,,,,,,,x,,,,,,,,,,,,,,,x,,,,,,,,,,,,,,,,,x,,,,,,,,,,,,x,,,,,,,,,,x,x,,x,,,,x,,,,x,,,x,,,,x,,,,,,,,,,,,,Green jobs,,No,,Hierarchical Governance; Market Governance,,Legal and Regulatory Instruments; Rights-Based Instruments and Customary Norms; Economic and Financial Instruments; Social and Cultural Instruments,"Sharing economy, Circular economy, The ‘One Health’ Approach","""To better understand the impacts of land grabbing, and develop appropriate policy and regulatory responses, an approach that considers both sustainable development and human rights is needed""",,Private; Media; IPLCs; NGOs; Governments,,,,Biodiversity; Climate; Health; Food; Water,,"Equity; Poverty; Economic growth; Employment; Indigenous values and knowledge; Education; Energy; Other: Mining, Waste",,Review; Other: Report,,No,,
2593,GEO-6 2018,"Global Environment Outlook For Youth, Africa",Consensus,Northern Africa; Sub-Saharan Africa,,"Regional (multiple countries, whole continents)","Challenge #2 – Nexus Values Challenge (considering multiple values and trade-offs); Challenge #3 – Nexus Governance Challenge (effective governance of the nexus) ; Challenge #4 – Nexus Financial Challenge (ensuring adequate financing for the nexus); Challenge #5 – Nexus Knowledge and Scaling Challenge (ensuring adequate data, information, and monitoring)",,,x,,x,,x,,,,,,x,,,,,,x,,x,,,,,,,,,,,,,x,,,,,,,,,,,,,,x,,,x,,,,,,,,,,,,,,,,,,,,,,,,,x,,,,x,,,,,,,,,,,,,,,,x,,,,x,,x,,"Entrepreneurship, Young people need to keep investing in self-organisation which will enable them to contribute optimally towards policy implementation.",Unemployment,Yes,Entrepreneurship,,,Legal and Regulatory Instruments; Economic and Financial Instruments,,,,Private; Media; Funders; IPLCs; NGOs; Regional Organisations; Multilateral Organisations; Governments; Other: Youth and youth leaders,,,,Biodiversity; Climate; Health; Food; Water,,Equity; Poverty; Economic growth; Employment; Indigenous values and knowledge; Education; Energy,,Review; Other: Report,,Yes,"There are many good examples, see ""youth action"" 1-31 (pg. vii), and also list of boxes on pg. vi. ",
