Covidence #,Study ID,Title,Reviewer Name,Select all geographic regions the paper focusses on according to UN standard area codes (https://unstats.un.org/unsd/methodology/m49/),"If relevant, enter names of the countries the study focusses on (separating multiple country names with "","") according to UN standard country names (https://unstats.un.org/unsd/methodology/m49/)",Select the relevant spatial scales (extent) of the study. Choose all that apply.,Does the study provide evidence for addressing any of the following nexus challenges?,Nexus Challenges Notes,Policy Effectiveness:,"Level of consideration of synergies and trade-offs (e.g., among nexus elements) Enabler","Level of consideration of synergies and trade-offs (e.g., among nexus elements) Barrier",Diversity of approaches employed to reach targets Enabler,Diversity of approaches employed to reach targets Barrier,Effectiveness of monitoring and evaluation Enabler,Effectiveness of monitoring and evaluation Barrier,Level of consideration of distributional implications Enabler,Level of consideration of distributional implications Barrier,Clarity and measurability of targets Enabler,Clarity and measurability of targets Barrier,Level of alignment with social values and priorities Enabler,Level of alignment with social values and priorities Barrier,Level of alignment with political values and priorities Enabler,Level of alignment with political values and priorities Barrier,Level of alignment with international priorities Enabler,Level of alignment with international priorities Barrier,Level of common understanding of nexus challenges and opportunities Enabler,Level of common understanding of nexus challenges and opportunities Barrier,Level of tailoring of policies/instruments to specific regional nexus relations Enabler,Level of tailoring of policies/instruments to specific regional nexus relations Barrier,"Level of complexity (e.g., in dynamics, uncertainty, and policy solutions) Enabler","Level of complexity (e.g., in dynamics, uncertainty, and policy solutions) Barrier",Spatial scale of implementation Enabler,Spatial scale of implementation Barrier,Temporal scale of implementation Enabler,Temporal scale of implementation Barrier,Level of intergenerational thinking Enabler,Level of intergenerational thinking Barrier,Level of consideration of diversity in institutional and actor values Enabler,Level of consideration of diversity in institutional and actor values Barrier,Institutional Capacity:,Number and quality of strategic partnerships Enabler,Number and quality of strategic partnerships Barrier,Level of participatory and collaborative planning Enabler,Level of participatory and collaborative planning Barrier,Level of attention to power asymmetries and redistribution of power Enabler,Level of attention to power asymmetries and redistribution of power Barrier,Level of coordination among sectors Enabler,Level of coordination among sectors Barrier,Characteristics of political systems and political cycles Enabler,Characteristics of political systems and political cycles Barrier,Level of organisational learning and course correction capability Enabler,Level of organisational learning and course correction capability Barrier,Economics & Financing:,Cost (including opportunity costs) Enabler,Cost (including opportunity costs) Barrier,Cost-benefit ratio Enabler,Cost-benefit ratio Barrier,Level of investment/financing Enabler,Level of investment/financing Barrier,Adequacy of economic valuation of nature Enabler,Adequacy of economic valuation of nature Barrier,Level of evaluation of environmental externalities Enabler,Level of evaluation of environmental externalities Barrier,Level to which property rights are well defined and/or accepted Enabler,Level to which property rights are well defined and/or accepted Barrier,Level of quantification of spatial heterogeneity in social-ecological costs and benefits Enabler,Level of quantification of spatial heterogeneity in social-ecological costs and benefits Barrier,Level of commodification of nature Enabler,Level of commodification of nature Barrier,Level to which financial incentives crowd out other incentives Enabler,Level to which financial incentives crowd out other incentives Barrier,Ratio of short-term to long-term funding Enabler,Ratio of short-term to long-term funding Barrier,Extent to which funding is siloed Enabler,Extent to which funding is siloed Barrier,Behaviour & Lifestyle:,Level and acceptability of social movements and citizen engagement Enabler,Level and acceptability of social movements and citizen engagement Barrier,"Nature of habits, beliefs, and values Enabler","Nature of habits, beliefs, and values Barrier",Extrent of individual and collective agency and leadership Enabler,Extrent of individual and collective agency and leadership Barrier,Amount and quality of awareness and education Enabler,Amount and quality of awareness and education Barrier,Ability to implement environmental litigation Enabler,Ability to implement environmental litigation Barrier,Extent and quality of media coverage Enabler,Extent and quality of media coverage Barrier,Level of focus on individual behaviour versus broader systemic change Enabler,Level of focus on individual behaviour versus broader systemic change Barrier,Level of ethical concerns about influencing behaviour/lifestyle changes Enabler,Level of ethical concerns about influencing behaviour/lifestyle changes Barrier,Technology:,Access to technology Enabler,Access to technology Barrier,Level of technology lock-in/path dependencies Enabler,Level of technology lock-in/path dependencies Barrier,Level of access to monitoring systems for integrated monitoring of the nexus Enabler,Level of access to monitoring systems for integrated monitoring of the nexus Barrier,Level of trust in technological solutions Enabler,Level of trust in technological solutions Barrier,Material Endowment (Non-financial):,Availability of natural capital Enabler,Availability of natural capital Barrier,Availability of produced capital Enabler,Availability of produced capital Barrier,Availability of human capital Enabler,Availability of human capital Barrier,Availability of social capital Enabler,Availability of social capital Barrier,"Are any other enablers mentioned? Separate multiple enablers with "","". ","Are any other barriers mentioned? Separate multiple barriers with "","".",Are any enablers or barriers mentioned specifically with respect to scaling?,Enablers & Barriers Notes,"Are any of the following governance approaches proposed or assessed as solutions to the above nexus challenges? Use your judgement to select one of the four governance approaches listed and then use the ""other"" category to list any specific governance approaches referred to in the study (separate multiple governance approaches with "","")",Governance Approaches Notes,What type of policy instruments are considered to operationalise the response options proposed or assessed?,"What specific policy instruments are proposed or assessed? Separate multiple policy instruments with "","".",Policy Instruments Notes,"Are any leverage points or levers specifically mentioned? Separate multiple leverage points with "","".",Which types of actors are involved in the implementation of the response options proposed or assessed?,"Which specific actors are considered? Separate multiple actors/institutions with "","".",Is there any evidence of intermediaries facilitating change? If so describe this below.,Actors Notes,Which nexus elements are considered?,Nexus Elements Notes,Which of the following cross cutting issues are considered?,Cross Cutting Issues Notes,What type of paper is this?,Type of Paper Notes,Would this paper make a good case study?,Case Studies Notes,"Do you have any other notes, comments, or insights on this paper?"
2623,MacKenzie 2011,Historical ecology provides new insights for ecosystem management: Eastern Baltic cod case study,Consensus,Western Asia; Southern Europe,"Black sea (bordered by Bulgaria, Romania, Ukraine, Russia, Georgia, and Turkey)",Local >1 km² to 100 km² (neighbourhood to municipality),Challenge #3 – Nexus Governance Challenge (effective governance of the nexus) ,"","",X,"","","",X,"","","",X,"","","","","","","","","","","","","","","","","","","","","","","","","","","","","","","","","","","","","","","","","","","","","","","","","","","","","","","","","","","","","","","","","","","","","","","","","","","","","","","","","","","","","","","","","","","","","Definition of management goalsm, available knowledge (process-based knowledge of environmental impacts), development of new dataset, stakeholders engagement, historical ecological investigations","",No,"","","",Legal and Regulatory Instruments,"EU’s Marine Strategy Framework Directive (MSFD), Baltic Sea Action Plan (BSAP)","",Transition to maximum sustainable yield (MSY) based approaches and establisment of good environmental status (GES) for fish stocks,Multilateral Organisations; Governments,"International Council for the Exploration of the Sea, EU, Helsinki Commission for the Protection of the Baltic Marine Environment (HELCOM)","","",Biodiversity; Food,"",Economic growth,"",Review; Modelling,"",Maybe,"",""
2622,Cóndor 2012,The Contribution of Rural Development Programmes in Mitigating Greenhouse Gas Emissions in Italy,Consensus,Southern Europe,Italy,National (whole country),Challenge #1 - Nexus Complexity Challenge (addressing and embracing nexus complexity); Challenge #2 – Nexus Values Challenge (considering multiple values and trade-offs),"","",X,"",X,"",X,"","","",X,"",X,"",X,"",X,"","","","","","","","","",X,"","","","","","","","","","","","","","","","","","","",X,"",X,"",X,"","","","","","","","","","","","","","","","","","","","","","","","","","","","","","","","","","","",X,"","","","","",X,"","",X,"",X,"","","","","","Establishment and development of integrated agricultural production (eg to rationalize the use of fertilizers), organic farming actions, supporting areas development (training courses, bioenergy programmes, material structures), market interventions and direct payments (agro-environmental payments, animal welfare payments, non-productive investments, environmental forestry payments, investment in training and farm advisory services),  policies for training/information and assistance, improvement in scientific/technical knowledge (eg inventories)","",No,"","","",Legal and Regulatory Instruments; Economic and Financial Instruments; Other: International conventions,"National Rural Development Plan, Directive 2000/60, Health Check reform, Common Agricultural Policy (CAP), The United Nations Framework Convention on Climate Change, Law No. 65 of 15 January 1994, EU Burden Sharing Agreement, Kyoto Protocol, Law No. 120 of 1 June 2002, European Union’s Greenhouse Gas Monitoring Mechanism, National Inventory Report, National Communication report, Italian National Communication, European Community Nitrates Directive and IPCC Directive","","",Civil Society; Governments,Ministry for the Environment/Land and Sea,"","",Climate; Food; Water,"",Energy,"",Review,"",Maybe,"",""
2621,AtaurRahman 2015,Natural and traditional defense mechanisms to reduce climate risks in coastal zones of Bangladesh,Consensus,Southern Asia,Bangladesh,National (whole country),Challenge #1 - Nexus Complexity Challenge (addressing and embracing nexus complexity); Challenge #3 – Nexus Governance Challenge (effective governance of the nexus) ,"","","","","","","",X,"","","",X,X,"",X,"","","","","","","","","","","","","","","","","","","","","",X,"","","",X,"","","",X,"","","","","",X,X,"","","","","","","","","","","","","","","","","",X,"",X,"","","",X,"","","","","","","","","","",X,"","","","","","","","","","",X,"",X,X,"","","Technical expertise, natural defense systems (natural vegetation and protected areas with resistant species and natural adaptation features, such as Sundarban Biosphere Reserve), local and indigenous knowledge and traditional adaptation practices (e.g rainwater harvesting/season-based cropping/floating agriculture/deepwater rice cultivation, mangrove plantation program outside the protective coastal embankments","Wrong selection of species and methods of afforestation, unplanned development, policies formulated with narrow sector-oriented objectives, lack of proper participation of natural resource dependent occupational groups in policies, lack of participation of farmers in research activities, lack of priority actions for coastal development in policies, limited linkages between government agencies and NGOs, institutional fragmentation, absence of coastal policies at local level, top-bottom approach, lack of scientific information",No,"""Local communities developed many adaptation techniques, innovations and knowledge to address climatic vulnerability. Rural people, farmers and others developed their location specific knowledge and practices of agriculture, natural resource management, human and animal health care.""",Community Governance,"",Legal and Regulatory Instruments,"Coastal Afforestation Scheme, Coastal Zone Policy, National Strategy for Economic Growth and Poverty Reduction, National Adaptation Programme of Action, Bangladesh Climate Change Strategy and Action Plan, Bangladesh Resource Centre for Indigenous knowledge","","",Private; Media; Funders; Civil Society; Academia; NGOs; Governments,"PRECIS (Providing REgional Climates for Impacts Studies), orest Department, Research institutions, rural and urban administrative bodies, men and women and yoyth communities,","","",Biodiversity; Climate; Health; Food; Water,"",Poverty; Indigenous values and knowledge,"",Review; Empirical,"",Maybe,"",""
2620,Claret 2018,Understanding the integration of ecosystem services and natural capital in Scottish policy,Consensus,Western Europe,Scotland,National (whole country),Challenge #1 - Nexus Complexity Challenge (addressing and embracing nexus complexity); Challenge #3 – Nexus Governance Challenge (effective governance of the nexus) ,"","","",X,"","","","","","","",X,"","","","",X,X,"","","","","",X,"","","","","","","","","","","","",X,"","","",X,"",X,"","","","","","","",X,"",X,X,"","","","","","","","","","","","","","","","","","","","","","","","","","","","","","","","","","","","","","","","","","","","","","","","","","Scotland's proactive approach to the European Union demonstrating a willingness to exceed the mandated requirements, development of environmental assessments to contribute to the integration of ES/NC into Scottish policy, decision-support indicators, targeted research, best-practice promotion","Gaps in available and acessible data, potential opportunity costs, lack of binding legislative acts, lack of full implementation of explicit and comprehensive political objectives, 
discrepancies between political sectors often reflect differences in integration at the European level, difficulties in turning the patchy knowledge of ecosystem functioning into proactive policy intervention and concrete measures,",No,"","","",Legal and Regulatory Instruments,"Land Use Strategy for Scotland, 2006 Forest Strategy, Deear Management on the National Forest Estate, The right tree in the right place, Woodland expansion Advisory Group, The role of Scotland's National Forest Estate and strategic directions for 2013-2016, River Basin Management Plans, European Agricultural Fund for Rural Development",The author reviewed 212 policy documents,"",Regional Organisations; Governments,"Forestry Commission, Forest Enterprise Scotland","","",Biodiversity; Climate; Food; Water,"",Economic growth; Energy,"",Review,"",No,"",""
2617,Singh 2021,"Assessment of flood recession farming for livelihood provision, food security and environmental sustainability in the Ganga River Basin",Consensus,Southern Asia,India,Subnational >100 km² (watershed),"","","","","","","","","","","","","","",X,"","","","","","","","","","","","","","","","","","","","","","","","","","","","","","","","","","",X,"","",X,"","","","","",X,"","","","","","","","","","","",X,"",X,"","","",X,"","","","","","","","","","",X,"","","","","","","","","","","",X,"","","","","","Lack of skills, unfavorable policies (uncertain policy and regulatory frameworks negatively affected the flood recession farming), lack of access to credit and insurance facilities","","Women's involvement and ownership in FRF (flood recession farming) empowers them, reducing gender inequalities",Community Governance,"",Legal and Regulatory Instruments,"Ganga Action Plan of 1986, Namami Gange Plan of 2014","","",Civil Society,"Farmers, households","","",Biodiversity; Climate; Health; Food; Water,"",Equity; Poverty; Indigenous values and knowledge; Other: Soil ,"",Review; Empirical,"",No,"",The authors explored in detail the dynamics of flood recession agriculture but did not delve into governance. I was able to extract a few pieces of information
2614,Shahbaz 2022,"Food, Energy, and Water Nexus at Household Level: Do Sustainable Household Consumption Practices Promote Cleaner Environment?",Consensus,Southern Asia,Pakistan,Site <1 km² (field to farm),Challenge #1 - Nexus Complexity Challenge (addressing and embracing nexus complexity),"","","","","","","","","","","","","","","","","","","","","","","","","","","","","","","","","","","","","","","","","","","","","","","","","","","","","","","","","","","","","","","","","","","","","",X,"",X,"","","",X,"","","","","","","","","","","","","","","","","","","","","","","","","","","","Households in urban areas, higher education levels, larger family sizes, higher-income households, daily household consumption practices rather than sector-specific policies.","",No,Environmental and climate change knowledge considered the primary driver of clean and green consumption behavior.,"","","","","","",Civil Society; Governments,Households,"","",Climate; Food; Water,"",Energy,"",Review; Empirical; Modelling,"",No,"",""
2613,Vanino 2023,Barriers and opportunities of soil knowledge to address soil challenges: Stakeholders’ perspectives across Europe,Consensus,Eastern Europe;  Northern Europe; Southern Europe; Western Europe,"Some countries were considered as Central Europe: Austria, Hungary, Poland, Slovakia, Slovenia, Switzerland","Regional (multiple countries, whole continents)","Challenge #5 – Nexus Knowledge and Scaling Challenge (ensuring adequate data, information, and monitoring)","","","","","","","","","","","","","","","","","","","","","","","","","","","","","","","","","",x,x,"","","","",x,"","","","","","","","","","","",x,"","","","","","","","","","","","","",x,"","","","","","","","","","","","","","","","","","","","","","","","","","","","","","","","","","","","","","Development, sharing and transfer, harmonization organization and storage, application","Development, sharing and transfer, harmonization organization and storage, application",No,"The paper brings a specific list of ""opportunities"" and barriers that fits some of the enablers in our list, but not all, because it is focused on knowledge.","",The paper does not present a clear governance scheme.,"","","","",Private; Civil Society; Academia; IPLCs; NGOs; Regional Organisations,"","","",Biodiversity; Climate; Health; Food; Water,The paper is focused on soil and it correlates with different nexus dimensions from an analysis of the stakeholder perspective. ,"","",Empirical,Consultation of stakeholders perspectives on barriers and opportunities for soil knowldge.,Maybe,"","I have inclueded this paper because it relates to nexus in a indirect way on the perspective of soil knowledge... But it did not explore nexus, REALLY. "
2612,Demirel 2023,Uncovering ecological regime shifts in the Sea of Marmara and reconsidering management strategies,Consensus,Central Asia; Eastern Europe,Türkiye,Subnational >100 km² (watershed),Challenge #1 - Nexus Complexity Challenge (addressing and embracing nexus complexity),"","","","","","","","","","","","","","","","","","","","","","","","","","","","","","","","","","","","","","","","","","","","","","","","","","","","","","","","","","","","","","","","","","","","","","","","","","","","","","","","","","","","","","","","","","","","","","","","","","","","","","","","","",No,"","","","","","","","","","","",Biodiversity; Climate; Food,"","","",Empirical,"",No,"","This paper does not focus on governance, but rather on the links between different newus elements (biodiversity, food-fish and climate)."
2609,Lü 2012,A policy-driven large scale ecological restoration: Quantifying ecosystem services changes in the loess plateau of China,Consensus,Eastern Asia,China,Subnational >100 km² (watershed),Challenge #3 – Nexus Governance Challenge (effective governance of the nexus) ; Challenge #4 – Nexus Financial Challenge (ensuring adequate financing for the nexus),"","",X,"","","",X,"","","",X,"","","",X,"","","","","","","","","","","","","","","","","","","","","","","","","","","","","","","","","",X,"",X,"","","","","","","","","","","","","","","","","","",X,"","","","","",X,"","","","","","","","","","",X,"","","","","","","","","","",X,"","","","","","Close cooperation between local government and staholders, external funding, preliminary adaptive approach informed by ongoing monitoring/evaluation and performance assessment","",Yes,"","","",Legal and Regulatory Instruments,Grain to Green Program (GTGP) ,"",Establishment of an adaptive management approach,Private; Civil Society; Multilateral Organisations; Governments,"Rural households, Chinese Central Government, private sectors, enterprises, the World Bank","","",Biodiversity; Climate; Food; Water,"",Economic growth,"Evaluation of four ecosystem services: water regulation, soil conservation, carbon sequestration and grain production",Modelling,"",Maybe,"","""As the GTGP has been implemented in over 200 counties across seven provinces in the region, data insufficiency and uncertainty excluded a cost benefit analysis of the GTGP across the whole Loess Plateau. A local scale analysis in Dunhua county indicated that the net benefit (sometimes negative) varied widely according to geographical location (or environmental context), land productivity and discount rate. Subsequently, the risk of re-cultivation of re-vegetated croplands will remain high if the policy-related economic compensation measures from the government are terminated"""
2607,Scott 2014,Irrigation efficiency and water-policy implications for river basin resilience,Consensus,Latin America and the Caribbean; Northern America; Southern Europe,"Chile, USA, Spain",Subnational >100 km² (watershed),Challenge #1 - Nexus Complexity Challenge (addressing and embracing nexus complexity); Challenge #2 – Nexus Values Challenge (considering multiple values and trade-offs),"","","","","","","","","","","","","","","","","","","","","","","","","","","","","","","","","","","","","","","","","","","","","","","","","","",X,"","","","","","","","","","","","","","","","","","","","","","","","","","","","","","","","","","","",X,"","","","","","","","","","",X,"","","","","","Economic incentives (production-based subsidies; Spain),",Financial constraint (especially in small-scale agriculture),No,"","","",Legal and Regulatory Instruments,"Ley de Fomento al Riego No. 18.450 (Chile), Quantification Settlement Agreement (US), European Common Agricultural Policy (Spain), Spanish Water Act 29/1985  (Spain), Spanish National Irrigation Plan (2002–2008), Emergency Plan for the Modernization of Irrigation (2006–2008), ","","",Civil Society; Governments,"Junta de Vigilancia Rio Limarí (Chile),  Metropolitan Water District (US), Imperial Irrigation District (US)","","",Biodiversity; Food; Water,"","","",Review; Conceptual/theoretical,"",No,"","The authors analyze three case studies focusing on efficiency, scale and sectoral paradoxes. 

Additionally, authors mention that policy mechanisms to reserve surplus water in the reservoir or aquifer instead of expanding irrigation include regulated controls on irrigated area, price incentives, and provision of information to support farmer and irrigation district decision-making to better adapt to future contingencies"
2606,Karlberg 2015,Tackling complexity: Understanding the food-energy-environment nexus in Ethiopia's lake TANA sub-basin,Consensus,Sub-Saharan Africa,Ethiopia,Subnational >100 km² (watershed),Challenge #1 - Nexus Complexity Challenge (addressing and embracing nexus complexity); Challenge #2 – Nexus Values Challenge (considering multiple values and trade-offs),"","","",X,"","","",X,"","","","","","","",X,"","","","","","","",X,"","","","","","","","","","","","","","","","",X,"",X,"",X,"","","","","",X,X,"","","","","","","","","","","","","","","","","","","","","","","","","","","","","","","","","","",X,"","","","","",X,"","","","",X,"","","","","","","Cross border water conflicts, unregulated water use, lack of available data",No,"","","",Legal and Regulatory Instruments,"Growth and Transformation Plan, Climate-Resilient Green Economy, Plan for Accelerated and Sustained Development to End Poverty,  ","","",Civil Society; Academia; Governments,"Bureau of Agriculture, Bureau of Energy and Mines, Bureau of Environmental Protection/Land Administration and Use, the Abbay Basin Authority, the Ethiopian Electric Power Corporation, the 
Amhara Regional Agriculture Research Institute, Bahir Dar University, the Organization for Rehabilitation and Development in Amhara.","","",Biodiversity; Climate; Food,"",Energy,"",Empirical; Modelling,"",No,"",""
2605,Ofiara 2015,The New York Bight 25years later: Use impairments and policy challenges,Consensus,Northern America,USA,Subnational >100 km² (watershed),Challenge #3 – Nexus Governance Challenge (effective governance of the nexus) ,"","",X,"",X,"",X,"",X,"",X,"",X,"",X,"",X,"","","","","","","","","","","","","","","","","","",X,"","","",X,"","","",X,"","","","","","",X,X,"","","","","","","","","","","","","","","","","",X,"",X,"","","",X,"","","","","","","","","","",X,X,"","",X,X,"","","","","",X,X,"",X,"","","Available data, alignment with research findings, development of policies directed towards identified gaps","Lack of a more effective educational advertising, Need for reexamination to strengthen and refine policy directives",No,"","","",Legal and Regulatory Instruments; Economic and Financial Instruments; Other,"NY Bight Restoration Plan, NY-NJ Harbor Estuary Program (Bight-Harbor-Estuary Program), Natural Resource Damage Assessment, National Estuary Program, New Bedford
Harbor Estuary Program and Buzzards Bay Program, Operation Clean Shores,  Water Quality Act of 1987,  Ocean Dumping Ban Act, The Shore Protection Act,  Short-term Floatables Action Plan, US-Japan Fishery Agreement Approval Act of 1987,  the Marine Plastic Pollution/Research and Control Act of 1987, Comprehensive Conservation and Management Plan (CCMP)",Several additional policy instruments were referenced,"",Civil Society; Academia; Governments,"US Environmental Protection Agency, Office of Technology Assessment, House Subcommittee on Fisheries & Wildlife Conservation, Subcommittee on Oceanograph","",Several additional institutional actors were referenced,Biodiversity; Health; Food; Water,"",Economic growth; Employment; Other,"",Review; Conceptual/theoretical,"",Maybe,"",""
2604,Kaihura 2016,Experiences with adopting the catchment approach in sustainable land management: The case of kagera TAMP Tanzania,Consensus,Sub-Saharan Africa,"Burundi, Rwanda, Tanzania, Uganda","Regional (multiple countries, whole continents)",Challenge #1 - Nexus Complexity Challenge (addressing and embracing nexus complexity),"","","","",X,"","","","","","","","","","","","","","","","","","","","","","","","","",X,"","",X,"",x,"","","","","","","","","","","","","","","","","","","","","","","","","","","","","","","","","","","","","","","","","","","","","","","","","","","","","","","","","","","","","","","","","","","","","",No,"","","","","","","",Funders; Multilateral Organisations; Governments,"FAO, Global Environment Facility","","",Biodiversity; Food; Water,"",Equity,"",Perspective,"",No,"","This paper proposes a synthesis of interventions conducted by FAO in sub-saharan africa to adress causes of land degradation and restore ecosystems. Governance is not the main focus of the paper, which rather insists on the actions on the ground. "
2602,Oviedo 2016,Implementing climate variability at the community level in the Amazon floodplain,Consensus,Latin America and the Caribbean,Brazil,Local >1 km² to 100 km² (neighbourhood to municipality),Challenge #3 – Nexus Governance Challenge (effective governance of the nexus) ,"","","","","","",X,"","","","","",X,"","","","","","","","","","",X,"","","","","","","","","","","","","","",X,"","","",X,"","","","","","","","",X,"","","","","","","","","","","","","","","","","",X,"",X,"",X,"",X,"","","","","","","","","","","","","","","","","","","","","",X,"",X,"",X,"","Adoption of risk reduction land use strategies, establishment of informal and formal rules related to mobility/storage/diversification and communal pooling, partnerships between government and civil society institutions for the implementation of fishing agreements, collective actions, scientifc knowledge, technical assistance from local NGO, establishment of collective agreements, local monitoring, effective leadership, establishment of integrated solutions","Lack of public resources to undertake patrols, lack of acceptance by IBAMA (national environmental agency) to share authority with community members, lack of institutional mechanisms for incorporating local knowledge into higher level planning and policy making for climate change adaptation",No,"",Community Governance,"",Legal and Regulatory Instruments,Terms of Adjustment of Conduct (TACs),"",Strong partnerships between government and communities,Civil Society; NGOs; Regional Organisations; Governments,"Municipal Fishers Union, community members, fishers, farmers, cattle ranchers, community residents, IBAMA (National Environmental Agency), Federal Public Ministry ","","",Climate; Food; Water,"",Indigenous values and knowledge,"",Empirical,"",Yes,"",""
2601,Akamani 2018,Socioeconomic and policy considerations in the adoption of agroforestry systems: An ecosystem-based adaptive governance approach,Consensus,Sub-Saharan Africa,Ghana,National (whole country),Challenge #3 – Nexus Governance Challenge (effective governance of the nexus) ,"","","","","","","","","","","","",X,"",X,"","","","","","","","","","","","","","","","","","","","","",X,"","","","","",X,"",X,"","","","",X,"",X,"","","","","","","","","","","","","",X,"","","","","","","","","","",X,"","","","","","","","","","",X,"","","","","","","","","","",X,"","","",X,"collaborative nature, benefit-sharing attributes","Lack of knowledge integration/social learning and adaptive management, absence of legal contractual agreements on the benefit-sharing scheme, competition and conflicts among participants, lack of transparency in forest land allocation, absence of funding and equipment, inadequacy of socioeconomic resources (credit/farm inputs/transporation/marketing services)",No,"","","",Legal and Regulatory Instruments,"Forest and Wildlife Policy, National Forest Plantation Development Program","","",Civil Society; Academia; Multilateral Organisations; Governments,"Farmers, Communities, Ghana Forestry Commission,  Government of Ghana,  World Bank, Food and Agriculture Organization, Scientists, Community Forest Committees, Land Allocation and Tangya Management Committees","","",Biodiversity; Climate; Food,"",Poverty,"",Review,"",No,"",""
2599,Mao 2019,Diverse policies leading to contrasting impacts on land cover and ecosystem services in Northeast China,Consensus,Southern Asia,China,Subnational >100 km² (watershed),Challenge #1 - Nexus Complexity Challenge (addressing and embracing nexus complexity),"","","",X,"","","","","",X,"","","","","","","","","","","","","","","","","","","","","","","","","","","","","","","","","","","","","","","","","",X,"","","","","","","","","","","","","","","","","","","","","","","","","","","","","","","","","","","","","","","","","","","","","","","","","","","","","Illegal crop increase due to household responsibility system and agricultural tax repeal, neglected urbanization quality, unscientific policies, ineffective ecological projects, water yield versus vegetation increase trade-off",No,"","","",Legal and Regulatory Instruments; Economic and Financial Instruments,"Revitalizing Old Industrial Base of Northeast China, Food Security Program, Economic Corridor among China-Mongolia-Russia, Grow First Clean up Later"",","","",Civil Society; Governments,"","","",Biodiversity; Climate; Food; Water,"","","The authors evaluated six ecosystem services: water yield, ecosystem carbon storage, soil retention, sandstorm prevention, habitat suitability, and grain production",Modelling,"",No,"",""
2598,Jiang 2021,Ecological restoration is not sufficient for reconciling the trade-off between soil retention and water yield: A contrasting study from catchment governance perspective,Consensus,Eastern Asia,China,Subnational >100 km² (watershed),Challenge #2 – Nexus Values Challenge (considering multiple values and trade-offs),"","","",X,"","","",X,"",X,"",X,"","","","","","","","","","","","","",X,"","","","","","","","","","","","","","","","","","","","","","","","",X,"","","","","","","","","","","","","","","","","","","","","","","","","","","","","","","","","","","","","","","","","","","","","","",X,X,"","","","",Improved water-use efficiency through water-saving techniques and better agronomic practices,"Excessive afforestation programs, trade-off and conflict of water demand between the midstream and the downstream, spatial mismatch between supply and demand of soil and water resources, mining activities, overexploitation of groundwater, lack of transparerency/inclusion and informed water management, methodological limitations (accuracy and robustness of input purameters for the modelling), lack of feedback from natural ecosystem to human interventions",Yes,"The Green for Green Porgram compensates participating farmers for converting their cropland back to forest or grassland with a cash subsidy, grain subsidy, and free saplings when they start to reforest","","",Legal and Regulatory Instruments; Economic and Financial Instruments,"The Green for Green Program (GFGP), Soil and Water Conservation Programs (SWCP), Water Resources Bulletin of the Yellow River (YRCC)","","",Civil Society; Academia; Governments,Farmers,"","",Biodiversity; Water,"",Other: Soil (erosion),"",Modelling,"",Maybe,"",""
2597,Bueno 2021,Site-specific framework of sustainable practices for a Brazilian contaminated site case study,Consensus,Latin America and the Caribbean,Brazil,Local >1 km² to 100 km² (neighbourhood to municipality),Challenge #1 - Nexus Complexity Challenge (addressing and embracing nexus complexity); Challenge #3 – Nexus Governance Challenge (effective governance of the nexus) ,"","","","","","",x,"","","","","",x,"","","","","",x,"","","","","","","","","","","","","","",x,"","","","","","","","","",x,"","","",x,"","",x,"","","","","","","","","","","","","","","","","","","","","","","","",x,"","","","","","","","","","","","","","","","","","","","","","","","","","","","","",No,"",Hierarchical Governance; Community Governance,"","",Site-specific mining remediation framework,"","",Academia; Governments,"","","",Biodiversity; Health; Water,"","","",Review; Conceptual/theoretical,"",Maybe,"Its a framework for mine site remediation, so technically there are a few nexus elements it addresses, but maybe not the best example. ",""
2596,Morri 2022,"Ecosystem Services Valuation for the Sustainable Land Use Management by Nature-Based Solution (NbS) in the Common Agricultural Policy Actions: A Case Study on the Foglia River Basin (Marche Region, Italy)",Consensus,Southern Europe,Italy,Subnational >100 km² (watershed),Challenge #1 - Nexus Complexity Challenge (addressing and embracing nexus complexity),"","","","","","","","","","","","","","","","","","","","","","","","","","","","","","","","","","","","","","","","","","","","","","","","",X,"","","","","","","","","","","","","","","","","","","","","","","","","","",X,"","","","","","","","","","",X,"","","","","","","","",X,"","","","","","","","","",No,"","","",Legal and Regulatory Instruments; Economic and Financial Instruments,"Agro-Environmental Scheme, Urban Development plan, Water Directive (WFD 2000/60/EC), Directive 2007/60/EC, National Law n. 221, Ministerial Decree 39/2015, WFD (2000/60/EC), Directive 2007/60/EC,  new rura development programs (RDP 2023–2027), Farm to Fork (F2F) strategy, European Reg. n 1305/2013","","",Civil Society; Regional Organisations; Multilateral Organisations; Governments,"Italian Nitrogen Network (data supply), Agency for Agro-food Sector Services of the Marche (data supply), Agriculture Regional Information System (data supply),  LIFE project HELPSOI (data supply),  Marche Region data bank, Pesaro Urbino Protection of territory Service, farmers, Consorzio di Bonifica delle Marche,  regional agricultural sector, European Commission","","",Biodiversity; Climate; Food; Water,"","","",Modelling,"",No,"",""
2595,Imran 2022,Sustainability and efficiency analysis w.r.t adoption of climate-smart agriculture (CSA) in Pakistan: a group-wise comparison of adopters and conventional farmers,Consensus,Southern Asia,Pakistan,Local >1 km² to 100 km² (neighbourhood to municipality),Challenge #1 - Nexus Complexity Challenge (addressing and embracing nexus complexity),"","","","","","","","","","","","","","","","","","","","","","","","","","","","","","","","","","","","","","","","","","","","","","","","",X,"",X,X,"","","","","","","","","","","","","","","","","",X,"",X,"","","",X,"","","",X,"","","","","","",X,"","","","","","","","",X,"",X,"","","","","","Adoption of climate/water-smart practices, higher farming experience, land holding, access to information (through social media, TV, radio, extension agent and progressive farmers), improved credit access, availability of high-quality groundwater, tubewell ownership, extension services","Resource constraints, socioeconomic attributes, capabilities of climate-smart agriculture adopters in wheat-based cropping systems, climate change, poor agricultural practice, market failures, insect and pest attack, limited supply of surface water, depletion of water resources (resulting in low yield and intensive use of inputs as well as the high cost of production) ",No,"","","","","","","",Media; Civil Society,"Farmers, growers, households","","",Climate; Food; Water,"","","",Empirical; Modelling,"",Maybe,"","Climate-smart agriculture is economically, environmentally and socially superior to convention farming, but there is significant variation in resouce use efficiency among adopters in CSA of wheat-based cropping systems"
2594,IPBES 2022,"Methodological assessment regarding the diverse conceptualization of multiple values of nature and its benefits, including biodiversity and ecosystem functions and services",Consensus,Not applicable (no specific spatial location),"",Not applicable (no specific spatial location),"Challenge #1 - Nexus Complexity Challenge (addressing and embracing nexus complexity); Challenge #2 – Nexus Values Challenge (considering multiple values and trade-offs); Challenge #3 – Nexus Governance Challenge (effective governance of the nexus) ; Challenge #4 – Nexus Financial Challenge (ensuring adequate financing for the nexus); Challenge #5 – Nexus Knowledge and Scaling Challenge (ensuring adequate data, information, and monitoring)","","",x,"",x,"",x,"","","","","",x,"",x,"","","",x,"",x,"",x,"",x,"",x,"",x,"","","","",x,"",x,"",x,"",x,"",x,"","","","","",x,x,"","",x,x,"",x,"",x,"",x,"","","","","","","","","","",x,"",x,"",x,"",x,"",x,"","","",x,"",x,"","","","","","",x,"","","","",x,"","","",x,"",x,"","","",Yes,Reforms to institutions ,Hierarchical Governance; Market Governance; Network Governance; Community Governance,"",Legal and Regulatory Instruments; Rights-Based Instruments and Customary Norms; Economic and Financial Instruments; Social and Cultural Instruments,"","","undertaking valuation, embedding values in decision-making, reforming policy, shifting societal goals",Private; Media; Funders; Civil Society; Academia; IPLCs; NGOs; Regional Organisations; Multilateral Organisations; Governments,"",Certification intermediaries along the commodity supply and value chains,"",Biodiversity; Climate; Health; Food; Water,"",Equity; Poverty; Economic growth; Employment; Indigenous values and knowledge; Education; Energy,"",Review; Other: Report,"",No,"",""
2593,GEO-6 2018,"Global Environment Outlook For Youth, Africa",Consensus,Northern Africa; Sub-Saharan Africa,"","Regional (multiple countries, whole continents)","Challenge #2 – Nexus Values Challenge (considering multiple values and trade-offs); Challenge #3 – Nexus Governance Challenge (effective governance of the nexus) ; Challenge #4 – Nexus Financial Challenge (ensuring adequate financing for the nexus); Challenge #5 – Nexus Knowledge and Scaling Challenge (ensuring adequate data, information, and monitoring)","","",x,"",x,"",x,"","","","","",x,"","","","","",x,"",x,"","","","","","","","","","","","",x,"","","","","","","","","","","","","",x,"","",x,"","","","","","","","","","","","","","","","","","","","","","","","",x,"","","",x,"","","","","","","","","","","","","","","",x,"","","",x,"",x,"","Entrepreneurship, Young people need to keep investing in self-organisation which will enable them to contribute optimally towards policy implementation.",Unemployment,Yes,Entrepreneurship,"","",Legal and Regulatory Instruments; Economic and Financial Instruments,"","","",Private; Media; Funders; IPLCs; NGOs; Regional Organisations; Multilateral Organisations; Governments; Other: Youth and youth leaders,"","","",Biodiversity; Climate; Health; Food; Water,"",Equity; Poverty; Economic growth; Employment; Indigenous values and knowledge; Education; Energy,"",Review; Other: Report,"",Yes,"There are many good examples, see ""youth action"" 1-31 (pg. vii), and also list of boxes on pg. vi. ",""
2592,GEO-6 2018,GEO-6 for youth,Consensus,Not applicable (no specific spatial location),"",Not applicable (no specific spatial location),"Challenge #2 – Nexus Values Challenge (considering multiple values and trade-offs); Challenge #3 – Nexus Governance Challenge (effective governance of the nexus) ; Challenge #5 – Nexus Knowledge and Scaling Challenge (ensuring adequate data, information, and monitoring)","","",x,"","","",x,"","",x,"","","","","","","","",x,"","","","","","","","","","","","","","",x,"","","","","","","","","","","","","","","","",x,"","","","","","","","","","","",x,"","","","","","","","","",x,x,"",x,"","","",x,"","","",x,"","",x,"","","",x,"","","","","","","","","","","","",Green jobs,"",No,"",Hierarchical Governance; Market Governance,"",Legal and Regulatory Instruments; Rights-Based Instruments and Customary Norms; Economic and Financial Instruments; Social and Cultural Instruments,"Sharing economy, Circular economy, The ‘One Health’ Approach","""To better understand the impacts of land grabbing, and develop appropriate policy and regulatory responses, an approach that considers both sustainable development and human rights is needed""","",Private; Media; IPLCs; NGOs; Governments,"","","",Biodiversity; Climate; Health; Food; Water,"","Equity; Poverty; Economic growth; Employment; Indigenous values and knowledge; Education; Energy; Other: Mining, Waste","",Review; Other: Report,"",No,"",""
2591,GEO-6 2018,GEO-6: Global Environment Outlook: Regional assessment for the Pan-European Region,Consensus,Eastern Europe;  Northern Europe; Southern Europe; Western Europe,"","Regional (multiple countries, whole continents)","","The assessment primarily focuses on environmental challenges, impacts, and responses in the pan-European region, as well as potential policy responses and actions needed to address these challenges. It does not directly reference or elaborate on the Nexus Challenges framework or provide specific evidence related to those challenges.","",x,"","","",x,"","",x,"","","",x,"","",x,"",x,"",x,"","","","","","","","","","","","","","","","","",x,"",x,"",x,"","","","","","","","","","","","","","","","","","","","","","","","","","","","","","","","","","","","","","","","","","","","","","","","","","","","","","","","","","","","","","","","","","the GEO-6 Assessment for the pan-European region does not explicitly mention specific governance approaches proposed or assessed as solutions to the nexus challenges. It primarily discusses environmental challenges, impacts, and responses, but it does not go into detail about governance approaches in the context of addressing these challenges. ","","",the GEO-6 Assessment for the pan-European region does not explicitly mention specific policy instruments that are proposed or assessed.,it does not delve into specific leverage points or levers for effecting large positive effects on social-ecological systems.,Civil Society; Regional Organisations; Governments; Other: Businesses,UNEP,"","",Biodiversity; Climate; Health; Food; Water,"",Equity; Indigenous values and knowledge,"",Review; Other: Assessement,"",Maybe,"",""
2590,GEO-6 2018,GEO-6: Global Environment Outlook: Regional assessment for West Asia,Consensus,Western Asia,"","Regional (multiple countries, whole continents)","Challenge #2 – Nexus Values Challenge (considering multiple values and trade-offs); Challenge #3 – Nexus Governance Challenge (effective governance of the nexus) ; Challenge #4 – Nexus Financial Challenge (ensuring adequate financing for the nexus); Challenge #5 – Nexus Knowledge and Scaling Challenge (ensuring adequate data, information, and monitoring)","","","","","","","",X,X,"","","","","","","","","","","","","","",X,"","","","","","","","","","",X,"",X,"","","",X,"","","","","",X,X,"","",X,X,"","","","","","","","",X,"","","","","","","","","",X,"","","",X,"",X,"","","","","","","","","",X,X,"","","","","","","","","","","",X,"","","","equity, inclusiveness","conflict, inadequate institutional arrangements, lack of enforcement, lack of data",No,"","Hierarchical Governance; Network Governance; Other: good governance, multi-level governance, pluralistic mechanisms",Not very explicit about governance approaches - these are mainly inferred.,Legal and Regulatory Instruments; Economic and Financial Instruments,"","","",Private; Media; Civil Society; Academia; NGOs; Regional Organisations; Governments,"","","",Biodiversity; Climate; Health; Water,"","Equity; Economic growth; Education; Energy; Other: peace, transport","",Review; Other: assessment,"",No,"",This is an assessment and although it covers multiple nexus elements it is not very explicit about addressing the nexus itself.
2589,GEO-6 2018,GEO-6: Global Environment Outlook: Regional assessment for North America,Consensus,Northern America,"","Regional (multiple countries, whole continents)",Challenge #1 - Nexus Complexity Challenge (addressing and embracing nexus complexity); Challenge #3 – Nexus Governance Challenge (effective governance of the nexus) ,"","",x,"","","","",x,"","","","","","",x,"",x,"",x,"","","","",x,"","","","",x,"",x,"","",x,"",x,"","","",x,"","","","","","","",x,x,"",x,"",x,"","","",x,"",x,"",x,"",x,"","","","","","",x,"","","",x,"",x,"",x,"",x,"","","","","","","","","","","","","","","",x,"",x,"",x,"",x,"","Citizen science, interactive planning and mapping tools",Regulatory/political barriers,No,"",Hierarchical Governance; Community Governance,"",Legal and Regulatory Instruments; Economic and Financial Instruments,"There are many policy instruments highlighted throughout the report in different case studies, all of which appear to be incentives or regulations. For example the Conservation Reserve Programme—which provided financial incentives to farmers to take highly erodible and other marginal land out of production, and many financial incentive programmes (helping to educate landowners and improve their decision-making, targeting renewable fuels, including British Columbia, Alberta, Saskatchewan, Manitoba and Ontario, Environmental Quality Incentives Programme (EQIP) will continue to assist producers to install and maintain conservation practices on eligible agricultural and forest land, for homeowners to reduce their waste generation). There are many more examples in Chapter 3. ","""Chapter 3 - Policies, goals and objectives: review of policy responses and options"" is particularly relevant. ","Adaptive governance, new uses of data, and city-based innovation.",Private; Media; Funders; Civil Society; Academia; IPLCs; NGOs; Regional Organisations; Multilateral Organisations; Governments,"","","",Biodiversity; Climate; Health; Food; Water,"",Energy,"",Review; Other: Report,"",Yes,Chapter 3 has some good case studies. ,""
2588,GEO-6 2018,GEO-6: Global Environment Outlook: Regional assessment for Latin America and the Caribbean,Consensus,Latin America and the Caribbean,"","Regional (multiple countries, whole continents)","Challenge #2 – Nexus Values Challenge (considering multiple values and trade-offs); Challenge #3 – Nexus Governance Challenge (effective governance of the nexus) ; Challenge #4 – Nexus Financial Challenge (ensuring adequate financing for the nexus); Challenge #5 – Nexus Knowledge and Scaling Challenge (ensuring adequate data, information, and monitoring)","","","",X,"","","",X,"",X,"","","","","","","","","","","","","",X,"","","","","",X,"","","","",X,"",X,"",X,"",X,"","","","","","","","","","",X,"","","","","","","","","","","","","","","","","","","","","","","","","","","","","","","","","","","",X,"","","","","","","","","","","","",X,"","","","coordination among government ministers, outdated regulatory legislative frameworks, lack of knowledge and information, corruption, enforcement",No,"","Hierarchical Governance; Community Governance; Other: transformative policy, transformative governance","Transformative policy is not based solely on developing new policies but rather on reorienting existing frameworks and platforms to achieve the targets in the SDGs and others, such as the SAMOA Pathway.",Legal and Regulatory Instruments; Economic and Financial Instruments,"","","",Private; Civil Society; Regional Organisations; Governments,"","","",Biodiversity; Climate; Health; Food; Water,"","Equity; Poverty; Economic growth; Employment; Energy; Other: trade, resources consumption","",Review; Perspective; Other: assessment,"",No,"",""
2587,GEO-6 2018,GEO-6: Global Environment Outlook: Regional assessment for Asia and the Pacific,Consensus,Central Asia; Eastern Asia; South-eastern Asia; Southern Asia; Western Asia; Australia and New Zealand; Melanesia; Micronesia; Polynesia,"",Multi-regional (multiple continents/geographic regions),"Challenge #3 – Nexus Governance Challenge (effective governance of the nexus) ; Challenge #4 – Nexus Financial Challenge (ensuring adequate financing for the nexus); Challenge #5 – Nexus Knowledge and Scaling Challenge (ensuring adequate data, information, and monitoring)","","","","","","","","","","","","","",X,"","","",X,"","","","","",X,"","","","","","","","","","",X,"",X,"","","",X,"","","","","","",X,"",X,"",X,"","","","","","","","","","","","","","","","","","","","","",X,"","","","","","","","","","","","","","","","","","","","","","","","","","","","","",diversity in mechanisms and institutions,"poor scientific base, lack of institutional coordination, institutional barriers",No,"","Hierarchical Governance; Market Governance; Network Governance; Community Governance; Other: collaborative governance, transformative governance","",Legal and Regulatory Instruments; Economic and Financial Instruments,"","","",Private; NGOs; Regional Organisations; Multilateral Organisations; Governments,"","","",Biodiversity; Climate; Health; Food; Water,"",Equity; Poverty; Economic growth; Energy,"",Review; Perspective; Empirical; Other: Assessment,"",No,"",""
2584,IPCC 2014,"AR5 Climate Change 2014: Impacts, Adaptation, and Vulnerability",Consensus,Not applicable (no specific spatial location),"",Not applicable (no specific spatial location),"Challenge #1 - Nexus Complexity Challenge (addressing and embracing nexus complexity); Challenge #2 – Nexus Values Challenge (considering multiple values and trade-offs); Challenge #3 – Nexus Governance Challenge (effective governance of the nexus) ; Challenge #4 – Nexus Financial Challenge (ensuring adequate financing for the nexus); Challenge #5 – Nexus Knowledge and Scaling Challenge (ensuring adequate data, information, and monitoring)","","",x,"",x,"",x,"",x,"","","","","","","","","",x,"",x,"","",x,x,"",x,"",x,"","","","",x,"",x,"","",x,x,"","","",x,"","",x,"",x,"","",x,"",x,x,"",x,"",x,"","","","","","","","","","",x,"",x,"","","",x,"",x,"",x,"","","","","","",x,"","","",x,"",x,"","",x,"","","",x,"",x,"","key actors advocates and champions initiating mainstreaming and sustaining momentum for climate adaptation, horizontal interplay between sectors actors and policies operating at similar administrative levels, political dimensions in planning and implementation, access to and quality of information","Unmitigated climate change would likely exceed the adaptive capacity of natural managed and human systems in the long term, cultural and social barriers, lack of human and institutional capacity financial resources awareness and communication, lack of action, elite capture and corruption, poor survival of institutions without social roots, lack of attention to the institutional requirements of new technological interventions",No,"","Hierarchical Governance; Market Governance; Network Governance; Community Governance; Other: Cooperative multilevel governance, flexible governance approaches","",Legal and Regulatory Instruments; Rights-Based Instruments and Customary Norms,"","","",Private; Media; Civil Society; Academia; IPLCs; NGOs; Governments,"","","",Biodiversity; Climate; Health; Food; Water,"",Equity; Poverty; Economic growth; Employment; Indigenous values and knowledge; Education; Energy,"",Review; Other: Report (IPCC),"",No,"",""
2583,,"Climate Change 2022:Impacts, Adaptation and Vulnerability",Consensus,Northern Africa; Sub-Saharan Africa; Latin America and the Caribbean; Northern America; Antarctica; Central Asia; Eastern Asia; South-eastern Asia; Southern Asia; Western Asia; Eastern Europe;  Northern Europe; Southern Europe; Western Europe; Australia and New Zealand; Melanesia; Micronesia; Polynesia,"",Multi-regional (multiple continents/geographic regions),Challenge #1 - Nexus Complexity Challenge (addressing and embracing nexus complexity); Challenge #3 – Nexus Governance Challenge (effective governance of the nexus) ,"","","","","","","","","","","","","","","","","","","","","","","","","","","","","","","","","","","","","","","","","","","","","","","","","","","","","","","","","","","","","","","","","","","","","","","","","","","","","","","","","","","","","","","","","","","","","","","","","","","","","","","","","",No,"","Market Governance; Network Governance; Community Governance; Other: inclusive governance, multi-lateral governance","",Legal and Regulatory Instruments; Rights-Based Instruments and Customary Norms; Economic and Financial Instruments; Social and Cultural Instruments,"","","",IPLCs; Multilateral Organisations; Governments,"","","",Biodiversity; Climate; Health; Food; Water,"",Equity; Poverty; Indigenous values and knowledge; Education; Energy,"",Review; Other: Assessment,This an assessment ,No,"","This is a 3000 page assessment! Therefore, I based my revie primarily on the Summary for Policy Makers and the Technical Summary."
2582,,The regional assessment report on BIODIVERSITY AND ECOSYSTEM SERVICES FOR EUROPE AND CENTRAL ASIA,Consensus,Central Asia; Western Asia; Eastern Europe;  Northern Europe; Southern Europe; Western Europe,"",Multi-regional (multiple continents/geographic regions),"Challenge #1 - Nexus Complexity Challenge (addressing and embracing nexus complexity); Challenge #2 – Nexus Values Challenge (considering multiple values and trade-offs); Challenge #3 – Nexus Governance Challenge (effective governance of the nexus) ; Challenge #4 – Nexus Financial Challenge (ensuring adequate financing for the nexus); Challenge #5 – Nexus Knowledge and Scaling Challenge (ensuring adequate data, information, and monitoring)","","",x,"","","",x,"","","","","","","",x,"","","",x,"",x,"","",x,x,"",x,"","","","","","",x,"",x,"","","",x,"","","","","","","",x,x,"","",x,x,"","","",x,"",x,"","","","","","","","","","","","","","","","",x,"",x,"",x,"","","","","","","","","","",x,"","","","",x,"","","",x,"",x,"","","",No,"","Hierarchical Governance; Market Governance; Network Governance; Community Governance; Other: Collaborative, adaptive","",Legal and Regulatory Instruments; Rights-Based Instruments and Customary Norms; Economic and Financial Instruments,"","","",Private; Media; Civil Society; Academia; IPLCs; NGOs; Governments,"","","",Biodiversity; Climate; Health; Food; Water,"",Equity; Poverty; Economic growth; Employment; Indigenous values and knowledge; Education; Energy,"",Review; Other: Report,"",No,"",""
2581,,The regional assessment report on BIODIVERSITY AND ECOSYSTEM SERVICES FOR AFRICA,Consensus,Northern Africa; Sub-Saharan Africa,"","Regional (multiple countries, whole continents)","Challenge #1 - Nexus Complexity Challenge (addressing and embracing nexus complexity); Challenge #2 – Nexus Values Challenge (considering multiple values and trade-offs); Challenge #3 – Nexus Governance Challenge (effective governance of the nexus) ; Challenge #4 – Nexus Financial Challenge (ensuring adequate financing for the nexus); Challenge #5 – Nexus Knowledge and Scaling Challenge (ensuring adequate data, information, and monitoring)","","",x,"","","",x,"","","","","","","",x,"","","",x,"","","",x,"",x,"",x,"",x,"","","","",x,"",x,"","","","","","","","","","","",x,"",x,"",x,x,"","","",x,"","","",x,"","","","","","","","","","",x,"","","",x,"","","",x,"","","","","","","","","","",x,"","","","","",x,"","",x,"",x,"","","To the transformation of the power sector - the low level of tax collection and the failure of governments to build credible tax systems; barriers facing implementation of energy
projects in Africa - fluctuating exchange rates, political and institutional challenges, and falling international commodity prices.",No,"",Hierarchical Governance; Community Governance; Other: Adaptive Governance,"",Legal and Regulatory Instruments; Rights-Based Instruments and Customary Norms; Economic and Financial Instruments; Social and Cultural Instruments,"","",Regional strength to access and develop sustainable global markets without compromising local ecosystem integrity,Private; Media; Funders; Civil Society; IPLCs; NGOs; Governments,"","","",Biodiversity; Climate; Health; Food; Water,"",Equity; Poverty; Economic growth; Employment; Indigenous values and knowledge; Education; Energy,"",Review; Other: Report,"",No,"",""
2580,,The assessment report on LAND DEGRADATION AND RESTORATION,Consensus,Not applicable (no specific spatial location),"",Not applicable (no specific spatial location),"Challenge #1 - Nexus Complexity Challenge (addressing and embracing nexus complexity); Challenge #2 – Nexus Values Challenge (considering multiple values and trade-offs); Challenge #3 – Nexus Governance Challenge (effective governance of the nexus) ; Challenge #4 – Nexus Financial Challenge (ensuring adequate financing for the nexus); Challenge #5 – Nexus Knowledge and Scaling Challenge (ensuring adequate data, information, and monitoring)","","",x,"",x,"",x,"","","","","",x,"",x,"","","","","","","","",x,x,"","","",x,"","","","",x,"","","","","",x,"","",x,"","","","",x,"","","",x,"","","",x,x,"",x,"","","","","","","","","","",x,"","","","","",x,"","","","","","","","","","","","","","",x,"","","","","","","","","","","","","",Widespread lack of awareness of land degradation as a problem is a major barrier to action,"","",Hierarchical Governance,"",Legal and Regulatory Instruments; Economic and Financial Instruments,"","","",Private; Civil Society; IPLCs; Governments,"","","",Biodiversity; Climate; Health; Food; Water,"",Equity; Poverty; Economic growth; Employment; Indigenous values and knowledge; Education; Energy,"",Review; Other: Report,"",No,"",""
2579,,The regional assessment report on BIODIVERSITY AND ECOSYSTEM SERVICES FOR ASIA AND THE PACIFIC,Consensus,Central Asia; Eastern Asia; South-eastern Asia; Southern Asia; Western Asia; Australia and New Zealand; Melanesia; Micronesia; Polynesia,"",Multi-regional (multiple continents/geographic regions),"Challenge #1 - Nexus Complexity Challenge (addressing and embracing nexus complexity); Challenge #2 – Nexus Values Challenge (considering multiple values and trade-offs); Challenge #3 – Nexus Governance Challenge (effective governance of the nexus) ; Challenge #4 – Nexus Financial Challenge (ensuring adequate financing for the nexus); Challenge #5 – Nexus Knowledge and Scaling Challenge (ensuring adequate data, information, and monitoring)","","",x,"","","",x,"","","","","",x,"","","","","","","","","",x,"",x,"",x,"","","","","","",x,"",x,"","","",x,"","","","","","","",x,"","",x,"",x,"","","","","","","","","","","","","","","","","","",x,"","","",x,"","","","","","","",x,"","","","","",x,x,"","","","",x,"","","","","","","",Emerging governance systems,"",Yes,"Innovative partnerships with the private sector can significantly scale-up funding for a range of
biodiversity protection and ecosystem conservation efforts throughout the Asia-Pacific region (well
established).","Community Governance; Other: Collaborative, participatory and decentralized governance involving Governments, local communities, private sector, and non-governmental organizations in decision-making processes facilitate the sustainable use of biodiversity and nature’s contributions to people. ","",Legal and Regulatory Instruments; Economic and Financial Instruments,"","","",Private; Civil Society; IPLCs; NGOs; Regional Organisations; Governments,"","","",Biodiversity; Climate; Health; Food; Water,"",Poverty; Economic growth; Employment; Indigenous values and knowledge; Education; Energy,"",Review; Other: Report,"",No,"",""
2578,,The global assessment report on BIODIVERSITY AND ECOSYSTEM SERVICES,Consensus,Not applicable (no specific spatial location),"",Not applicable (no specific spatial location),Challenge #1 - Nexus Complexity Challenge (addressing and embracing nexus complexity); Challenge #3 – Nexus Governance Challenge (effective governance of the nexus) ,"","",x,"","","",x,"","","","","","","","","","","","","",x,"","","",x,"",x,"",x,"",x,"","",x,"",x,"","","",x,"","","","","","","",x,x,"",x,"",x,"","","",x,"","","","",x,x,"","","","","","",x,"",x,"","","",x,"","","","","","","","","","","","","","","","","","","",x,"",x,"",x,"",x,"","Changes in laws and policies,  combining the findings from different interdisciplinary approaches,  a diverse set of actors taking action ","",No,"",Hierarchical Governance; Community Governance,"",Legal and Regulatory Instruments; Rights-Based Instruments and Customary Norms; Economic and Financial Instruments; Social and Cultural Instruments,"","","Engage with local community members to leverage traditional knowledge, Embrace diverse visions of a good life, Reduce total consumption and waste, Unleash values and action, Reduce inequalities, Practice justice and inclusion in conservation, Internalize externalities and telecouplings, Ensure environmentally friendly technology, innovation and investment, Promote education and knowledge generation and sharing. ",Private; Media; Funders; Civil Society; Academia; IPLCs; NGOs; Regional Organisations; Multilateral Organisations; Governments,"","Pre-existing collective arrangements have been important in PES, leveraging members’ existing collective motivations and facilitating the coordination with intermediaries, while commercialization may maintain and even improve livelihoods, market chains with many intermediaries can lower local economic returns and increase overexploitation of the products, the facilitators of impact investing","",Biodiversity; Climate; Health; Food; Water,"",Equity; Poverty; Economic growth; Employment; Indigenous values and knowledge; Education; Other,"",Review; Other: IPBES Report,"",No,"","No a good case study, but here is a nexus section in chapter 5 which is worth looking at. "
2575,,Addressing the Climate-SDGs Synergies and Trade-offs for the Water-Energy-Food Nexus Solutions,Consensus,Not applicable (no specific spatial location),"",Not applicable (no specific spatial location),Challenge #2 – Nexus Values Challenge (considering multiple values and trade-offs),"","","","","","","","","","","","","","","","","","","","","","","","","","","","","","","","","","","","","","","","","","","","","","",X,"",X,"",X,"","","","","","","","","","","","","","","","","","","","","","","","","","","","","","","","","","","",X,"","","","","","","","","","","","","","","","","knowledge, resource use efficiency","siloed approach, fragmented approach",Yes,The fragmented approach is identified as a barrier to scaling up,Network Governance; Community Governance,"Keep fostering multi-stakeholder dialogues at all levels and with a wide variety of partners, including the private sector. Strengthen participatory approaches and address power differences, in particular regarding the implementation of WEF-related interventions at the local level.","","",No specific policy instruments discussed,"","","","",No specific actors discussed,Climate; Health; Food; Water,"","Employment; Energy; Other: peace, justice, strong institutions","",Perspective; Other: technical brief,"",No,"",FAO Technical Brief. Grey literature.
2574,SashaKoo-Oshima 2020,Addressing Food Security Challenges in Lebanon: A Water-Energy-Food-Health Nexus Approach,Consensus,Western Asia,Lebanon,National (whole country),Challenge #1 - Nexus Complexity Challenge (addressing and embracing nexus complexity),"The policy brief primarily focuses on issues related to water, energy, food, and agriculture in Lebanon, and it discusses the importance of coordination, trade-offs, and scenario planning in addressing these challenges. ","",x,"","","","","","","","","","","","","",x,"",x,"","","","",x,"","","","","","","","","","","","","",x,"",x,"","",x,"",x,"","",x,"",x,"",x,"","","","","","","",x,"",x,"",x,"",x,"",x,"","",x,x,x,x,x,x,x,"","","","","","","","","","",x,"","","","","","","","","","","","","","","","","","","","","It primarily discusses challenges and strategies related to water, energy, food, and agriculture in Lebanon and emphasizes the need for coordination, trade-off analysis, and scenario planning. Therefore, there is no specific governance approach mentioned in the text in relation to addressing these challenges.","","",it does not specify the types of policy instruments that should be used to implement these strategies. ,it does not provide information on specific leverage points or levers mentioned in the study.,Funders; Civil Society; Academia; Multilateral Organisations; Governments,FAO,"","",Food; Water,"",Equity; Poverty; Economic growth; Employment; Education; Energy,"",Perspective,"",Maybe,"",""
2573,,Implementation and Governance Issues in the Water-Energy Food Nexus,Consensus,Sub-Saharan Africa; Latin America and the Caribbean; Southern Asia; Not applicable (no specific spatial location),"Ecuador, Ethiopia, India",Subnational >100 km² (watershed); Not applicable (no specific spatial location),Challenge #3 – Nexus Governance Challenge (effective governance of the nexus) ,"","",X,"","","","","","","","","","",X,X,X,"","","",X,"","","","","","","","","","",X,"","",X,"",X,"","","",X,"",X,"","","","","",X,"","","","","","","","","","","",X,"","","","","","","","","",X,"",X,"","","",X,"","","","","","","","","","","",X,"","","","","","","","","","","","","","","","Co-optimization of resources (in the case, to meet energy demands without depleting remaining freshwater reserve), stakeholders engagement, strenghtening capacity of existing institutions","Policies fragmentation, ""silo mentality"", lack of political support, lack of open data, lack of communication among the institutions that collect data and the decision makers, lack of easily acessible data, lack of step-by-step frameworks for nexus operationalization, lack of local institutional structure",Yes,"Barriers: the development of frameworks that are data-heavy and costly, the development of tools that can only address specific concerns (in this case, agricultural crop production) rather than broader issues, and data availability

Enablers: the consideration of political systems and stakeholders into account rather than just technical variables, to build and encourage the establishment of inclusive institutions with the capacity to take on policy-building via the nexus approach, with both horizontal and vertical coordination",Hierarchical Governance,"",Legal and Regulatory Instruments,"","",Interdisciplinary research availability,Private; Civil Society; Academia; Governments,"","","",Climate; Food; Water,"",Energy,Climate as cross cutting issue,Review,"",Maybe,"","Authors discuss mainly three case studies, however, they also provide interesting insights about other locations, which were incorporated into the extraction. Authors emphasize the ""need for a social science and governance lens rather than a technical perspective""."
2569,OrganizationforEconomicCooperationandDevelopment 2018,"Managing the water-energy-land-food nexus in Korea: policies and Governance Options, OECD Studies on Water",Consensus,Eastern Asia,Korea,National (whole country),Challenge #1 - Nexus Complexity Challenge (addressing and embracing nexus complexity),"WELF is considered in the planning strategy described on the report, although water is the mais focus","",X,"","","",X,"","","",X,"","","","",X,"","","","","",x,"","","","","","","","","",X,"","",X,X,"","","","",X,"","",X,"","","","",X,"",X,"","","",X,"","","","","","","",X,"","",X,"","","","","","","","",X,X,"","","","","","","","","","",X,"","","",X,"","","","","",X,"","",X,"",X,"","","",Yes,Access to integrated access to monitoring,Hierarchical Governance,"",Legal and Regulatory Instruments,Water quality Standards; pollution taxes; minimum environmental flow,The majority of policy instruments cited are related to water management,"",Governments,Various ministries and government agencies,"","",Food; Water,"the report asso consider energy and land, with some points on ecosystem services and biodiversity",Equity; Economic growth; Energy,"",Other: OECD Report,Gray literature,Maybe,"",""
2568,Fischer 2018,The regional assessment report on biodiversity and ecosystem services for Europe and Central Asia: Summary for policymakers,Consensus,Central Asia; Eastern Europe;  Northern Europe; Southern Europe; Western Europe,"","Regional (multiple countries, whole continents)","Challenge #2 – Nexus Values Challenge (considering multiple values and trade-offs); Challenge #3 – Nexus Governance Challenge (effective governance of the nexus) ; Challenge #4 – Nexus Financial Challenge (ensuring adequate financing for the nexus); Challenge #5 – Nexus Knowledge and Scaling Challenge (ensuring adequate data, information, and monitoring)","","",x,"",x,"",x,"","","",x,"",x,"",x,"","","",x,"","","","","",x,"",x,"","","",x,"","",x,"",x,"",x,"",x,"","","","","","","",x,"","","",x,"",x,x,"",x,"","","","",x,"","","","","","","","","","","",x,"",x,"","","",x,"","","","","","","","","","","","","","","",x,"","","","","","","","Adopt and translate international and regional targets and standards into national and local strategies and action plans, develop context appropriate targets and objectives to stimulate positive change, increase transparency and participation of a wide range of actors including indigenous peoples and local communities in decision making","Gaps in knowledge of: the contribution of indigenous and local knowledge, our understanding of the status and trends of nature, drivers of biodiversity change, lack of integrated scenario and modelling studies,  quantification and timing of pathways towards desired futures, understanding of how to mainstream policy objectives within different sectors and integrate them across sectors and scales",Yes,Gaps in knowledge of the the quantification and timing of pathways towards desired futures,Community Governance; Other: Collaborative governance approaches,"",Legal and Regulatory Instruments; Rights-Based Instruments and Customary Norms; Economic and Financial Instruments; Social and Cultural Instruments,"See p. 12 ""PROMISING GOVERNANCE OPTIONS FOR EUROPE AND CENTRAL ASIA"" section - there is too much to list here! ","","",Private; Media; Funders; Civil Society; Academia; IPLCs; NGOs; Regional Organisations; Multilateral Organisations; Governments,"","","",Biodiversity; Climate; Health; Food; Water,"",Equity; Economic growth; Employment; Indigenous values and knowledge; Education,"",Review; Other: Report,"",No,"",""
2567,Archer 2018,The regional assessment report on biodiversity and ecosystem services for Africa: summary for policymakers,Consensus,Northern Africa; Sub-Saharan Africa,"","Regional (multiple countries, whole continents)",Challenge #2 – Nexus Values Challenge (considering multiple values and trade-offs),"","","","","","","","","","","","","","","","","","","","","","","","","","","","","","","","","","","","","","","","","","","","","","","","","","","","","","","","","","","","","","","","","","","","","","","","","","","","","","","","","","","","","","","","","","","","","","","","","","","","","","","",Indigenous and local knowledge,weak adaptive capacity,No,Enablers and barriers not really discussed,"Hierarchical Governance; Network Governance; Other: multilevel governance, adaptive governance, polycentric governance, good governance, policy coherence","",Legal and Regulatory Instruments; Rights-Based Instruments and Customary Norms; Economic and Financial Instruments; Social and Cultural Instruments,"","","",IPLCs; Regional Organisations; Multilateral Organisations; Governments,"","","",Biodiversity; Climate; Health; Food; Water,"","Equity; Poverty; Energy; Other: urbanisation, justice","",Review; Other: Assessment,"",No,"",""
2565,Karki 2018,The regional assessment report on biodiversity and ecosystem services for Asia and the Pacific. Summary for policymakers,Consensus,Not applicable (no specific spatial location),"",Not applicable (no specific spatial location),Challenge #3 – Nexus Governance Challenge (effective governance of the nexus) ,"","",X,"","","","","","","","","",X,"",X,"",X,"","","","","","","","","","","","","","","","",X,"",X,"","","",X,"","","",X,"","","","","","",X,"",X,"","","","","","","","","","","","","","","","",X,"",X,"","","",X,"","","",X,"","","","","","",X,"","","","","","","","","","",X,"",X,"","","","Advances in scientific research, improved means of communitcation/transportation and social netwoking, colaborative and adaptative governance, more democratic/transparent and inclusive governance systems, cross-scale governance, enhancing policy coherence, building partnerhsips with the private sector, scaling up collaborative management and governance mechanisms, combining various policies, partnership with financial institutions, implementation of approaches such as life-cycle costing/stimulating the market with financial incentives and eco-labbeling/certification/regional knowledge/experience sharing","Inappropriate institutional arrangement (overly centralized management, weak governance and poor coordination), policy inertia, perverse incentives, high costs, limited replicability, lack of cross-sectoral coordination ",No,"",Community Governance,"",Legal and Regulatory Instruments,"","","",Civil Society; Academia; Multilateral Organisations; Governments,Multilateral development banks,"","",Biodiversity; Climate; Food; Water,"",Indigenous values and knowledge; Energy,"",Review; Conceptual/theoretical,"",Maybe,"",""
2564,Díaz 2019,The global assessment report on biodiversity and ecosystem services: Summary for policy makers,Consensus,Not applicable (no specific spatial location),"",Not applicable (no specific spatial location),Challenge #1 - Nexus Complexity Challenge (addressing and embracing nexus complexity); Challenge #2 – Nexus Values Challenge (considering multiple values and trade-offs); Challenge #3 – Nexus Governance Challenge (effective governance of the nexus) ; Challenge #4 – Nexus Financial Challenge (ensuring adequate financing for the nexus),"","",x,"",x,"",x,"","","",x,"",x,"","","",x,"",x,"",x,"","",x,x,"",x,"",x,"","","","",x,"",x,"","","",s,"","","","","","","",x,"","",x,"",x,"",x,"",x,"","","","","","","","","","","","","","","","",x,"",x,"","","","","","","","","","","","","","",x,"","","","",x,"","","","","","","","Implementing existing and new instruments through place-based governance interventions that are integrative, informed, inclusive and adaptive, using strategic policy mixes and learning from feedback.","",No,"",Hierarchical Governance; Community Governance,"",Legal and Regulatory Instruments; Rights-Based Instruments and Customary Norms,"","","• Embrace diverse visions of a good life
• Reduce total consumption and waste
• Unleash values and action
• Reduce inequalities
• Practice justice and inclusion in conservation
• Internalize externalities and telecouplings
• Ensure environmentally friendly technology, innovation and investment
• Promote education and knowledge generation and sharing",Private; Civil Society; IPLCs; Governments,"","","",Biodiversity; Climate; Health; Food; Water,"",Equity; Poverty; Economic growth; Employment; Indigenous values and knowledge; Education; Energy,"",Review; Other: Report,"",No,"",""
2563,Change 2014,"AR5 Climate change 2014: Impacts, adaptation and vul‐nerability",Consensus,Northern Africa; Sub-Saharan Africa; Latin America and the Caribbean; Northern America; Antarctica; Central Asia; Eastern Asia; South-eastern Asia; Southern Asia; Western Asia; Eastern Europe;  Northern Europe; Southern Europe; Western Europe; Australia and New Zealand; Melanesia; Micronesia; Polynesia,"",Multi-regional (multiple continents/geographic regions),"Challenge #1 - Nexus Complexity Challenge (addressing and embracing nexus complexity); Challenge #2 – Nexus Values Challenge (considering multiple values and trade-offs); Challenge #3 – Nexus Governance Challenge (effective governance of the nexus) ; Challenge #4 – Nexus Financial Challenge (ensuring adequate financing for the nexus); Challenge #5 – Nexus Knowledge and Scaling Challenge (ensuring adequate data, information, and monitoring)","","","","","","","","","","","","","",X,"","","","","","","","","",X,"","","","","","","","","","","","","","","","","","","","","","","","","","","",X,"","","","","","","","","","","","","","","","","","","","",X,"","","",X,"","","","","","","","","","",X,"","","","","",X,"","","","","","",X,"","","","lack of horizontal and vertical integration, knowledge, awareness, education ",No,"","Hierarchical Governance; Community Governance; Other: transformational adaptation, multi-level governance","",Legal and Regulatory Instruments; Rights-Based Instruments and Customary Norms; Economic and Financial Instruments; Social and Cultural Instruments,"","","",Private; Funders; Civil Society; IPLCs; NGOs; Regional Organisations; Multilateral Organisations; Governments,"","","",Biodiversity; Climate; Health; Food; Water,"",Equity; Poverty; Economic growth; Indigenous values and knowledge; Education; Energy; Other: gender,"",Review; Other: Assessment,"",No,"",This was a very difficult one to assess as it is so long and comprehensive. Note that the data collected here is only in relation to Part A (not Part B which are the regional assessments)
2560,Parmesan 2022,"Climate change 2022: Impacts, adaptation and vulnerability",Consensus,Not applicable (no specific spatial location),"",Not applicable (no specific spatial location),"Challenge #1 - Nexus Complexity Challenge (addressing and embracing nexus complexity); Challenge #2 – Nexus Values Challenge (considering multiple values and trade-offs); Challenge #3 – Nexus Governance Challenge (effective governance of the nexus) ; Challenge #4 – Nexus Financial Challenge (ensuring adequate financing for the nexus); Challenge #5 – Nexus Knowledge and Scaling Challenge (ensuring adequate data, information, and monitoring)","","",x,"",x,"",x,"","","","","",x,"",x,"",x,"",x,"",x,"","",x,x,"",x,"",x,"",x,"","",x,"",x,"",x,"",x,"","",x,x,"","",x,"",x,"",x,"","",x,"","",x,"","","","","","","","",x,"","","","",x,"",x,x,"",x,"",x,"",x,"","",x,x,"","",x,"","","",x,"","","","","",x,"","","",x,"",x,"Public finance, experiments and pilots can help design effective actions, incentives for ecosystem-based adaptation & nature-based solutions, mitigation option designed as nature-based solutions, national & international policies for protection, monitoring & early-warning systems
for climate change, indigenous knowledge practices, low population growth & demand for food can make land available, experiments and pilots can help design effective actions, effective governance, adaptation finance, nature-based solutions, technological innovation, strengthening policy instruments, institutional capacity, multi-level governance and changes in human behaviour and lifestyles.

In coastal regions -  building and strengthening governance capacity and capabilities to tackle complex problems, taking a long-term perspective in making short term decisions, enabling more effective coordination across scales, sectors and policy domains, reducing injustice, inequity and social
vulnerability, and unlocking the productive potential of coastal conflict while strengthening local democracy.

In food fibre and other ecosystem provisioning services - policies and technologies that support diversification at landscape and farm levels: programmes that reward farmers for diversification practices, reduced incentives for intensified monocultures, extension support and market infrastructure for diverse crops, and productivity research on a greater variety of crops with support for post-harvest processing and regional markets, indigenous knowledge and local knowledge can facilitate adaptation when combined with scientific knowledge and utilised in
management regimes, partnerships between key stakeholders such as researchers forest managers and indigenous and local forest dependent communities will facilitate sustainable forest management, governance that recognises unexploited biological and socioeconomic food system synergies and equity would lead to positive adaptation strategy development and implementation, but options may be limited for those most at risk due to technological cost and low financial access, differentiated responses based on food security level and climate risk
can be effective, focus on meaningful participation in governance, design and implementation of adaptation strategies of those groups who are
vulnerable including gender.","Gender inequalities, changing precipitation patterns will increase competition for limited freshwater supplies, uncertainties exist concerning the scalability of integrated systems - their uptake faces particular barriers around risk land tenure social inclusion information and management skill and the nature and timing of benefit flows, the extent to which adaptation activities beyond harvest are cost-effective and the limits to such adaptation are location-specific and largely unknown, underutilisation of climate services",Yes,"Enablers - climate-smart agriculture (CSA) packages, climate finance from developed countries

Barriers - inequality",Hierarchical Governance; Market Governance; Network Governance; Community Governance; Other: Polycentric governance,"",Legal and Regulatory Instruments; Rights-Based Instruments and Customary Norms; Economic and Financial Instruments; Social and Cultural Instruments,"","","Public mechanisms and finance can leverage private sector finance for adaptation by addressing real and perceived regulatory cost and market barriers for example via public-private partnerships, developed-country climate finance, combined solutions, envisioning development alternatives through adaptation as a first step toward transformative adaptation can leverage social learning, a green financial mechanism, public mechanisms can help leverage private sector finance for adaptation, investment in non-fossil energies like renewables, nature based solutions, mitigation finance from the private sector",Private; Media; Funders; Civil Society; Academia; IPLCs; NGOs; Regional Organisations; Multilateral Organisations; Governments,"","Financial investors pool their investments through intermediaries, universities, think tanks, development cooperation agencies, national development banks","",Biodiversity; Climate; Health; Food; Water,"",Equity; Poverty; Economic growth; Employment; Indigenous values and knowledge; Education; Energy,"",Other: IPCC report,"",No,"",""
2559,Change 2022,Mitigation of climate change—IPCC,Consensus,Not applicable (no specific spatial location),"",Not applicable (no specific spatial location),Challenge #3 – Nexus Governance Challenge (effective governance of the nexus) ,"","",x,"",x,"",x,"",x,"",x,"",x,"",x,"",x,"",x,"",x,"","",x,x,"","","","","","","","",x,"",x,"","",x,"",x,"",x,"",x,"","",x,x,"",x,"","","",x,"",x,"","","","","","",x,"","","","","",x,"","",x,"","",x,"",x,"",x,"","",x,"","","",x,"","",x,"","","","","",x,"","","","","",x,"","",Ways of managing risk.,Yes,"On scaling:
Specific to the nexus - ""The multi-sectoral planning and investments that are needed to upscale the project require cooperation among the water, agriculture,
and energy sectors and an active involvement of local actors, private companies, and investors. These cooperation and involvement mechanisms are currently being established in Jordan. Given the emphasis on the economic value of the project, public-private partnerships are considered as the appropriate business and governance model, when the project is upscaled. Scenarios for upscaling
(seawater use primarily in low-lying areas close to the sea, to avoid energy-intensive pumping) include 50 MW of CSP, 50 hectares of greenhouses, which would produce 34,000 tonnes of vegetables annually, provide employment for over 800 people, and sequester more than 8000 tonnes of CO2-eq annually.""

An example of agroforestry is touched on ""Successful examples of how more complex agroforestry can be upscaled do exist in Brazil. For example, on farm trials and consistent investments over several years have enabled Rizoma Agro to develop a citrus production system that integrates commercial and native trees in a large-scale multi-layered agroforestry system. The success of their transition resulted in part from their corporate structure that allowed them to tap into the certified Green Bonds market (CBI 2020). However, different transition strategies need to be developed for family farmers and their distinct socio-economic conditions.""

Also - ""National governments can help scale up transitions by allocating resources and can provide the technical support that can spread innovative solutions""

Less relevant - some content on upscaling renewable energy technologies. 

Related to ""Level to which financial incentives crowd out other incentives"" - ""Financial incentives are more effective if combined with strategies addressing
non-financial barriers.""","Hierarchical Governance; Other: Multi-centred or polycentric forms of governance, and cross-sectoral governance","",Legal and Regulatory Instruments; Economic and Financial Instruments; Social and Cultural Instruments,"Multi-level governance, ""sustainable development often requires not one but a mix of policy instruments to bring about the multiple policy effects needed for social and
technological change""","I know the above aren't specific policies that were assessed, more like high level recommendations. ","Innovation, a ‘multilateral’ sovereign guarantee structure, cross-sectoral synergies, existing frameworks (eg. REDD+). ",Private; Media; Funders; Civil Society; Academia; IPLCs; NGOs; Regional Organisations; Multilateral Organisations; Governments,"Everyone is considered, and there are many specific examples in the case studies. The one specifically focusing (details in case study section) on the nexus included water sector, the agricultural sector, and public and private sector partners from Jordan. ","Financial intermediaries, Middle actors (professionals, experts, and regulators), Social influencers and thought leaders","",Climate; Food; Water,"",Energy; Other: Land,"",Other: IPCC Report,"",Yes,"See p. 1317, the ""Sahara Forest Project in Aqaba, Jordan"". This seems like a good case study. ",""
2558,McMullen 2019,Global Environment Outlook 6,Consensus,Northern Africa; Sub-Saharan Africa; Latin America and the Caribbean; Northern America; Antarctica; Central Asia; Eastern Asia; South-eastern Asia; Southern Asia; Western Asia; Eastern Europe;  Northern Europe; Southern Europe; Western Europe; Australia and New Zealand; Melanesia; Micronesia; Polynesia,"",Multi-regional (multiple continents/geographic regions),"","it focuses on issues related to data, knowledge, and the importance of actions based on available information but does not offer detailed evidence regarding the specific challenges.","","","","","","","","","","","","","","","","","","","","","","","","","","","","","","","","","","","","","","","","","","","","","","","","","","","","","","","","","","","","","","","","","","","","","","","","","","","","","","","","","","","","","","","","","","","","","","","","","","","","","","","","","",it does not explicitly mention whether the factors listed are identified as enablers or barriers to addressing the nexus challenges.,"","","","","It focuses on the challenges, opportunities, and approaches related to environmental sustainability, data, and knowledge but do not delve into the specific policy instruments.","doesn't explicitly mention specific leverage points or levers. The focus is more on general concepts related to data, knowledge, challenges, and opportunities for achieving sustainability goals. ","","","",doesn't explicitly mention specific actors involved in the implementation of response options. ,Biodiversity; Climate; Health; Food; Water,"",Equity; Indigenous values and knowledge,"",Other:  assessment report ,"",No,"",I used SUMMARY FOR POLICYMAKER
2556,Siala 2017,The Energy-water-food Nexus: Managing Key Resources for Sustainable Development,Consensus,Not applicable (no specific spatial location),"",Not applicable (no specific spatial location),"Challenge #1 - Nexus Complexity Challenge (addressing and embracing nexus complexity); Challenge #2 – Nexus Values Challenge (considering multiple values and trade-offs); Challenge #3 – Nexus Governance Challenge (effective governance of the nexus) ; Challenge #4 – Nexus Financial Challenge (ensuring adequate financing for the nexus); Challenge #5 – Nexus Knowledge and Scaling Challenge (ensuring adequate data, information, and monitoring)","","",x,"",x,"",x,"","","","","","","","","","","","","","","","","","","","","","","","","","",x,"","","","","",x,"","","",x,"","","","","","",x,"","","","","","","","","","","","","","","","","","","","","","","","","","","","","","","","","","","",x,"","","","","","","","",x,"",x,"",x,"",x,"","","","","","",it doesn't explicitly mention specific governance approaches in the context of nexus challenges,"","",it does not explicitly mention the types of policy instruments considered to operationalize the response options,"",Private; Civil Society; Academia; NGOs; Regional Organisations; Multilateral Organisations; Governments,"","","",Food; Water,"",Equity; Poverty; Economic growth; Employment; Indigenous values and knowledge; Education; Energy,"",Opinion,"",Maybe,"",""
2553,Jalonen 2022,Gender equity and social inclusion in the water-energy-food-ecosystems (WEFE) nexus: Frameworks and tools for moving from resource-centric to people-centric WEFE nexus approaches,Consensus,South-eastern Asia,Indonesia,Not applicable (no specific spatial location),Challenge #2 – Nexus Values Challenge (considering multiple values and trade-offs),"","","","","","","","","","","","","","","","","","","","","","","","","","","","","","","","","","","","","","","","","","","","","","","","","","","","","","","","","","","","","","","","","","","","","",X,"","","",X,"",X,"","","","","","","","","","","","","","","","","","","","","","","",X,"",X,"","Interaction, interdisciplinarity, multi-level engagement, multi-stakeholder involvement, collaboration, and iteration","",No,"",Hierarchical Governance; Community Governance,"","","","","",Civil Society; Regional Organisations; Governments,"First community: nomadic orang Rimba (women and men), Original community (women and men), settler community (women and men), village elite, youth, customary institution, village government, religious institution, women's groups. Second and third communities: farmer groups (women and men), Youth (women and men), Forest workers (men), elderly (men), Village elite (formal government officials and customary leaders)","","",Biodiversity; Food; Water,"",Equity; Energy; Other: Social inclusion,"",Empirical,"",No,"",Employment of ACM approach (Adaptative collaborative management) to empower multiple users to co-manage forest resources
2552,Bao 2018,Governing the Water-Energy-Food Nexus Approach for Creating Synergies and Managing Trade-offs,Consensus,South-eastern Asia; Southern Asia,"Bangladesh, India, Viet Nam","Regional (multiple countries, whole continents)",Challenge #2 – Nexus Values Challenge (considering multiple values and trade-offs),"","","","","","","","","","","","","","","",X,"","","","","","","",X,"","","","","","","","","","",X,"",X,"","","",X,"",X,"","","","","","","","",X,"","","","","","","","","","","","","","","","","","","","","","","","","","","","","","","","","","","","","","","","","","","","","","","","","","","","","lack of institutional coordination, lack of understanding of interlinkages, lack of incentives, lack of policy coherence",No,"",Hierarchical Governance,"A nexus-based policymaking 
process requires horizontal integration across different ministries/departments and vertical integration across the different level of governments (national and sub-national level). ",Legal and Regulatory Instruments; Social and Cultural Instruments,"",There is a lack of detail on what specific policy instruments are proposed but inferred to be largely regulatory or legal and some aspects of social/cultural instruments.,"","","","",No specific actors identified,Food; Water,"",Energy,"",Perspective,Issue Brief,No,"",Grey literature
2551,Weitz 2017,Governance in the water-energy-food nexus: Gaps and future research needs,Consensus,Not applicable (no specific spatial location),"",Not applicable (no specific spatial location),Challenge #1 - Nexus Complexity Challenge (addressing and embracing nexus complexity); Challenge #3 – Nexus Governance Challenge (effective governance of the nexus) ,"","","",X,"",X,X,"","","","",x,"","",x,x,"","","","","","","","","",X,"",x,"","","",X,"","","",X,x,"",X,X,x,x,x,"","","","","",x,"","","","","","","","","","","","","","","","",X,X,X,"","","","","","","","","","","","","","","","","","","","","","","","","","","","","","","","","","","","communication, economic instruments","mismatch between how institutions are organized and the ways nexus pbm materialize, lack of strategic clarity among institutions, slowness to adopt the nexus concept and related assessements and tools in institutions and policy, lack of clairty on rights and responsabilities across sectors",No,"",Other: Integrative environmental governance,"","","","","","","","","",Food; Water,"",Equity; Energy,"",Review,"",No,"","Very interesting paper, that focuses precisely on the nexus governance. By reviewing existing literature, the authors capture the diversity of discourse about nexus governance (risk, economic rationality and political economy) and identify key gaps for research."
2550,Gyawali 2015,Nexus Governance: Harnessing Contending Forces at Work. Nexus Dialogue Synthesis Papers,Consensus,Southern Asia,"","Regional (multiple countries, whole continents)","Challenge #1 - Nexus Complexity Challenge (addressing and embracing nexus complexity); Challenge #2 – Nexus Values Challenge (considering multiple values and trade-offs); Challenge #3 – Nexus Governance Challenge (effective governance of the nexus) ; Challenge #4 – Nexus Financial Challenge (ensuring adequate financing for the nexus); Challenge #5 – Nexus Knowledge and Scaling Challenge (ensuring adequate data, information, and monitoring)","","",x,"",x,"",x,"","",x,"","","",x,"",x,"","",x,"","","","",x,"","","","","","","","","","","",x,"","","","",x,"","","","","","",x,"",x,"",x,"","","","","","","","","","","",x,"","","","","","","","","","",x,"",x,"","","","","",x,"","","","",x,"","","","","","","","",x,"",x,"",x,"",x,"","","","",Network Governance; Community Governance,"it does mention various governance approaches and concepts such as community-based management, multi-stakeholder platforms, and oversight bodies. These can be broadly considered as elements of network governance and community governance. However, the synthesis doesn't explicitly propose or assess these approaches as solutions to nexus challenges in a structured manner. Instead, it highlights the importance of constructive engagement between different styles of organizing (bureaucratic hierarchism, market individualism, and activist egalitarianism) to address nexus challenges effectively.","Legal and Regulatory Instruments; Economic and Financial Instruments; Social and Cultural Instruments; Other: community-based management, multi-stakeholder platforms, and the need for inclusive and responsive policy platforms.","","",The synthesis provides a broad overview of governance challenges and considerations but does not delve into specific interventions or leverage points for effecting change in social-ecological systems.,Funders; Civil Society; NGOs; Governments,"","","",Food; Water,"",Equity; Poverty; Economic growth; Indigenous values and knowledge; Energy,"",Conceptual/theoretical,"",Yes,"",""
2549,Scott 2017,Making governance work for water–energy–food nexus approaches,Consensus,Sub-Saharan Africa; Latin America and the Caribbean; South-eastern Asia,"Indonesia, Kenya, Amazon basin (Brazil, Colombia and Peru)",Subnational >100 km² (watershed); National (whole country),Challenge #3 – Nexus Governance Challenge (effective governance of the nexus) ,"","",X,X,"","","","","","","","","","",X,X,"","","",X,"",X,"",X,"","","","","","","","","",X,X,X,X,"",X,"",X,"","",X,X,"","","","","","",X,"","","","","","","","","","","","","","","","","",X,X,"",X,"","","",X,"","","","","",X,"","","","","","","","","","","","","","","",X,"",X,"","","Efficient vertical and horizontal coordination across sectors, strenghtening of the capacity of local government organizations to adopt a nexus approach, strong legal architecture connecting WEF sectors, variety of stakeholders identified in the research, strong top-down and vertical coordination, establishment of ""nexus groups"" comprising senior expert from different ministries and sectores to share information/ identify policy gaps/ and define priorities, researches engaments, implementation of platforms for sharing knowledge and information,  absence of standardised information ","Legislation orientation towards maximising production, lack of clarity on the relative hierarchy of various regulations/policies and plans, lack of alignment of sectoral legislation with the develop responsibilities, lack of policy coherence (in the absence of a legal framework for integrated approaches, coordination and collaboration across sectors is dependent on the behaviour of individual actors), lack of integrated planning, lack of clarity about political roles, insufficient appreciation of the value of nexus approaches",No,"Authors highlight the disconnection between the national 
legal framework and implementation at provincial and district levels. Local governments have significant responsibiities. ",Hierarchical Governance,"",Legal and Regulatory Instruments,"National Medium-Term Development Plan (Indonesia), County Integrated Development Plan (Kenya), National Climate Change Response Strategy (Kenya), Water Act (Kenya)","",The authors highlight two major challenges in all study cases for improving coordination and integration: institutional/power relations and capacity/capabilities,Media; Civil Society; Regional Organisations; Multilateral Organisations; Governments,"Kenya: Water Resources Management Authority, Anglican Church of Kenya, Africa Legal Network, African Wildlife Foundation, British American Tobacco, Centre for Training and Integrated Research in ASAL Development, Community Forest Association, Forest Service, Wildlife Service, National Environment Management Authority, National Drought Management Authority, Northern Water Services Board, Protestant Reformed Church, Sustainable Agriculture Community Development Programme, Tree is Life Trust, United Nations Development Programme, United Nations Environment Programme, Water Resources Management Authority, Water Resource Users Association, World Agroforestry Centre ","","",Climate; Food; Water,"",Energy,"",Review; Empirical,"",Maybe,"", 
2548,Carmona-Moreno 2021,Implementing the water-energy-food-ecosystems nexus and achieving the sustainable development goals,Consensus,Not applicable (no specific spatial location),"",Not applicable (no specific spatial location),"Challenge #1 - Nexus Complexity Challenge (addressing and embracing nexus complexity); Challenge #2 – Nexus Values Challenge (considering multiple values and trade-offs); Challenge #3 – Nexus Governance Challenge (effective governance of the nexus) ; Challenge #4 – Nexus Financial Challenge (ensuring adequate financing for the nexus); Challenge #5 – Nexus Knowledge and Scaling Challenge (ensuring adequate data, information, and monitoring)","","",x,"","","",x,"","","","","",x,"",x,"","","",x,"","","","",x,x,"",x,"","","","","","",x,"",x,"","","",x,"","","","","","","",X,X,"",X,"","","","","","","","","","","","","","","","","","",x,"","","","","",x,"","","","","","","","","","","","","","",x,"","","","",x,"","","",x,"","","","Understand the interdependence of resources within a system across space and time, Recognize the interdependence between water, energy, food, and ecosystem, Identify integrated policy solutions to optimize trade-offs and maximize synergies across sectors","Bureaucracy and inefficient institutional structures, Lack of
policy support, Fossil fuel/electricity subsidies",Yes,"",Hierarchical Governance,"",Legal and Regulatory Instruments; Economic and Financial Instruments,"The document summaries how many EU policies link to the SDGs and the Nexus (although they aren't assessed for effectiveness) p. 11, others include: Improving energy efficiency, Developing a well-functioning regional energy market and exploring opportunities for energy–water exchanges between countries, the development of alternative energy sources, and improving overall energy efficiency, Lowering barriers to trading food and agricultural goods thus promoting their more cost-, water-, and energy-efficient production and exchange within the region, Developing mechanisms to incorporate wider impacts in sector-based policy development, and improving inter-sectorial coordination at the basin level by increasing representation of and consultation with the relevant ministries, Improving basin-wide monitoring, data verification and exchange, and knowledge-sharing, including joint monitoring (e.g., of water flows and quality) and joint forecasting.","","There is table on ""entry points"" in p. 18. ",Private; Funders; Civil Society; Academia; IPLCs; NGOs; Regional Organisations; Multilateral Organisations; Governments,There are many actors mentioned through the various case studies of this report. ,"","",Biodiversity; Climate; Health; Food; Water,"",Equity; Poverty; Economic growth; Employment; Indigenous values and knowledge; Education; Energy,"Since it likes the WEFE nexus to the SDGs, it relates to all elements",Review; Other: Report ,"",Yes,"There are numerous good case studies in this report, eg. the "" The Songwe River Basin Development Programme Case Study""",It is a UNESCO/EU report - and has a specific section for each region. 
2547,Flammini 2014,Walking the nexus talk: assessing the water-energy-food nexus in the context of the sustainable energy for all initiative,Consensus,Sub-Saharan Africa; Eastern Asia; South-eastern Asia; Southern Asia; Western Asia; Southern Europe,"Kenya, South Africa, India, China, Myanmar, 
Thailand, Lao PDR, Cambodia, Viet Nam, Qatar, Jordon, Spain","Site <1 km² (field to farm); Local >1 km² to 100 km² (neighbourhood to municipality); Subnational >100 km² (watershed); National (whole country); Regional (multiple countries, whole continents)",Challenge #2 – Nexus Values Challenge (considering multiple values and trade-offs),"","","","","","","","","",X,"","","","","","","","","","","",X,"","","","","","","","","","","","","","","","","","","","","","","","",X,"",X,"",X,X,"","","","","","","","","","","","","","","","","","","","","","","","","","","","","","","","","","",X,X,"","","","","","","","","","","","","","","","labour, capital","land rights, water rights, over subsidisation of electricity for irrigation",No,"","","Doesn't really look at governance, but rather on-ground actions",Economic and Financial Instruments; Social and Cultural Instruments,"new irrigation technology financed by NGOs, private finance for new biofuel crops (sugar beet) that does not compete with food production","Doesn't really look at policy instruments but on-ground actions - e.g., bioenergy, power irrigation, etc.","",Private; NGOs; Governments,"","","",Food; Water,"",Economic growth; Employment; Energy; Other: capital,"",Review; Conceptual/theoretical; Other: Assessment,"",No,"",Report is about how to carry our a WEF nexus assessment so mainly about tools rather then specifically about response options.
2546,unece 2015,Reconciling resource uses in transboundary basins: assessment of the water-food-energy-ecosystems nexus,Consensus,Central Asia; Western Asia; Eastern Europe; Southern Europe,"Azerbaijan, Georgia, Bosnia and Herzegovina, Croatia, Montenegro, Serbia, Slovenia, Kazakhstan, Kyrgystan, Tajikistan, Uzbekistan",Multi-regional (multiple continents/geographic regions),"Challenge #1 - Nexus Complexity Challenge (addressing and embracing nexus complexity); Challenge #3 – Nexus Governance Challenge (effective governance of the nexus) ; Challenge #5 – Nexus Knowledge and Scaling Challenge (ensuring adequate data, information, and monitoring)","","","",x,"","",x,"","",x,x,"","","x
","",x,x,"",x,"","","","","","","","","","","","",x,"","","","",x,"","","",x,"","","","","","","",x,"","","","","","","","","","","","","",x,"","","","","","","","","","","","","","","","","","","","","","","","","","","",X,"","","","",x,"","","","","","","","","","","",Network Governance,"",Legal and Regulatory Instruments; Economic and Financial Instruments,"Transboundary Environmental Impact Asessment, Strategic Environmental Assessement, Minimum environmental flow, Intersectoral coordination instruments","","",Private; Funders; Regional Organisations; Governments,"","","",Biodiversity; Food; Water,"",Economic growth; Energy,"",Review; Perspective; Empirical,Report (gray literature),Yes,"",Very nice document and many insights for our assessment!
2545,Michel 2015,Water for food security and nutrition,Consensus,Not applicable (no specific spatial location),"",Not applicable (no specific spatial location),"",do not contain explicit evidence or information addressing specific Nexus Challenges,"","","","","","","","","","","","","","","","","","","","","","","","","","","","","","","","","","","","","","","","","","","","","","","","","","","","","","","","","","","","","","","","","","","","","","","","","","","","","","","","","","","","","","","","","","","","","","","","","","","","","","","","","",does not explicitly mention enablers or barriers related to the factors listed,Network Governance; Community Governance,"",Legal and Regulatory Instruments; Rights-Based Instruments and Customary Norms; Economic and Financial Instruments; Social and Cultural Instruments,"","","",Private; Civil Society; Academia; Regional Organisations; Multilateral Organisations; Governments,"","","",Food; Water,"",Equity; Poverty; Indigenous values and knowledge,"",Perspective,report,Maybe,"",""
2544,FAO 2014,The water-energy-food nexus: A new approach in support of food security and sustainable agriculture,Consensus,Not applicable (no specific spatial location),"",Not applicable (no specific spatial location),Challenge #1 - Nexus Complexity Challenge (addressing and embracing nexus complexity); Challenge #2 – Nexus Values Challenge (considering multiple values and trade-offs),"","","","","","","","","","","","","","","","","","","","","","","","","","","","","","","","","","","","","","","","","","","","","","","","","","","","","","","","","","","","","","","","","","","","","","","","","","","","","","","","","","","","","","","","","","","","","","","","","","","","","","","","","lack of data,  targeting sector-specific optima",No,Few enablers and barriers explicitly identified.,Network Governance; Other: coordinated management,"",Legal and Regulatory Instruments; Economic and Financial Instruments; Social and Cultural Instruments,"",Policy instruments are only discussed very broadly and broad suggestions made. There is a strong focus on tools: monitoring and scenario development. ,"","","","",No specific actors and identified,Food; Water,"",Employment; Energy,"",Perspective,"",No,"",FAO report - mainly to provide information on the WEF nexus and the FAO approach to it.
2542,Srigiri 2021,Governance of the water-energy-food nexus for an integrated implementation of the 2030 Agenda: Conceptual and methodological framework for analysis,Consensus,Not applicable (no specific spatial location),"",Not applicable (no specific spatial location),Challenge #1 - Nexus Complexity Challenge (addressing and embracing nexus complexity); Challenge #3 – Nexus Governance Challenge (effective governance of the nexus) ,"","",X,"","","","","","","","","","","","","",X,"",X,"","","","",X,"","","","","","","","","","","",X,"",X,"",X,"","","",X,"","","","","","","","","","","","","","","","","","","","","","","","","","","","","","","","","","","","","","","","","","","","","","","","","","","",X,"","","","","","","","Cross-sectoral coordination (vertical and horizontal), identification and distinguishment of the relevant decision-making/action situations that are 
interlinked within relative issues, use of a multi-level approach to bridge the governance gap and better coordinate decision-making at various levels and scales, inovative research approaches, the combination of different governance modes (collaborative networks/market-based approaches/regulatory frameworks), a context-based assessment of possible interactions within and beyond policy mixes ","Insufficient development of methods and tools to quantify and assess social, political and interlinkages and interdependencies (heavy reliance on quantitative approaches), lack of recognition of the social connections between individuals, lack of understanding of the political and cognitive factors that influence policy changes within related sectors, policies fragmentation,",Yes,"According to authors, the establishment of composite bodies constituted by representatives from different key ministries, representatives of private sector, civil society and academia could have a positive influence on the balancing of interests across ministries and spatial scales",Hierarchical Governance; Market Governance; Network Governance,"","","","","",Private; Civil Society; Academia; Regional Organisations; Governments,"","","",Food; Water,"",Energy,"",Review; Conceptual/theoretical; Other: Discussion paper,"",No,"",""
726,Wahlqvist 2009,Why food in health security (FIHS)?,Consensus,Eastern Asia; South-eastern Asia; Southern Asia; Australia and New Zealand,"","Regional (multiple countries, whole continents)","","While the text addresses challenges related to food and health security, it does not specifically provide evidence or discussions related to the Nexus-specific challenges ","","","","","","","","","","","","","","","","","","","","","","","","","","","","","","","","","","","","","","","","","","","","","","","","","","","","","","","","","","","","","","","","","","","","","","","","","","","","","","","","","","","","","","","","","","","","","","","","","","","","","","","","","",does not explicitly discuss or identify enablers or barriers r,"",Not mentioned,"","",not explicitly mentioned,not explicitly mentioned,"","","",not explicitly mentioned,Health; Food,"",Equity; Poverty; Economic growth; Employment; Indigenous values and knowledge,"",Review,"",Maybe,"",""
703,Higgitt 2012,Perspectives on environmental management and technology in Asian river basins,Consensus,Central Asia; Eastern Asia; South-eastern Asia; Southern Asia; Western Asia,"",Not applicable (no specific spatial location),"Challenge #1 - Nexus Complexity Challenge (addressing and embracing nexus complexity); Challenge #2 – Nexus Values Challenge (considering multiple values and trade-offs); Challenge #3 – Nexus Governance Challenge (effective governance of the nexus) ; Challenge #5 – Nexus Knowledge and Scaling Challenge (ensuring adequate data, information, and monitoring)","","","","",x,"",x,"","","","","","","","","",x,"",x,"",x,"","",x,"","","",x,"","","","","","","",x,"","",x,"","","","","","","","",x,"","","",x,"","","","","",x,"","","","","","","","","","","","","",x,"",x,"",x,"","","","","","","","","","","","","","",x,"","","","","","","","","","","","","","",Yes,Barrier: All these governance dilemmas hinge in part on the fact that MRC is predicated on assimilating the national interests of riparian nation states into basin-wide developmental interests. Such an approach to transboundary governance misses key dimensions of commonality and divergence of interest at various scales.,Hierarchical Governance; Market Governance; Network Governance,"",Legal and Regulatory Instruments,"","","",Private; Civil Society; Academia; IPLCs; NGOs; Governments,"","","",Biodiversity; Climate; Food; Water,"",Economic growth; Education; Energy,"",Review; Other: Book,"",No,"Its more of a review, not really assessing or speaking to the effectiveness of interventions in particular. ",""
699,Nilsson 2012,"Can Earth system interactions be governed? Governance functions for linking climate change mitigation with land use, freshwater and biodiversity protection",Consensus,Eastern Europe;  Northern Europe; Western Europe,"","Regional (multiple countries, whole continents)","Challenge #1 - Nexus Complexity Challenge (addressing and embracing nexus complexity); Challenge #2 – Nexus Values Challenge (considering multiple values and trade-offs); Challenge #3 – Nexus Governance Challenge (effective governance of the nexus) ; Challenge #5 – Nexus Knowledge and Scaling Challenge (ensuring adequate data, information, and monitoring)","The study discusses various aspects related to the complexity of Earth system interactions, the need to consider multiple values and trade-offs, the importance of effective governance, and the requirement for adequate data and information.","",x,"",x,"",x,"","",x,"","","","","","","",x,x,"","","","",x,"",x,"","","","","","","","",x,"","","",x,"","","","",x,"","","",x,"","","",x,"",x,"","","","","","","",x,"","","","","","","","","","",x,"",x,"","","","","","","",x,"","","","","","","","",x,"",x,"","",x,"",x,"",x,"",x,"","","",Most factors are either indirectly identified in the article as enablers or barriers to addressing the nexus challenges.,Network Governance,"The study discusses the need for multi-level governance and recognizes the importance of interactions across various administrative levels. It suggests that addressing Earth system interactions requires governance arrangements that consider both regional and global dimensions. The article also mentions interactions with regions outside the EU, indicating a networked approach to address global impacts.",Legal and Regulatory Instruments; Economic and Financial Instruments; Social and Cultural Instruments,Biofuels Sustainability Criteria; Habitat and Birds Directives; Carbon Taxes; Feed-in Tariffs; Green Certificates; Investment Support; CAP Cross-Compliance Standards; Nitrate Vulnerable Zones; Energy Efficiency Measures,"These specific policy instruments are proposed or assessed in the article to address Earth system interactions and challenges, particularly in the context of climate change, biodiversity protection, and land use.","""Climate Targets""; ""Biofuels Sustainability Criteria""; ""Energy System Transition""; ""Regional Positive Externalities""; ""Natural Capital and Ecosystem Services Valuation""; ""Cross-Level Coherence"" ",Private; Funders; Civil Society; Academia; NGOs; Regional Organisations; Multilateral Organisations; Governments,"","","",Biodiversity; Climate; Food; Water,"","","",Conceptual/theoretical,"",Yes,"",""
695,Nilsson 2012,"Reprint of ""Can Earth system interactions be governed? Governance functions for linking climate change mitigation with land use, freshwater and biodiversity protection""",Consensus,Not applicable (no specific spatial location),"",Not applicable (no specific spatial location),Challenge #1 - Nexus Complexity Challenge (addressing and embracing nexus complexity); Challenge #2 – Nexus Values Challenge (considering multiple values and trade-offs),"","","","","","",x,"","","","","","","","","","","",x,"","","","",x,"",x,"","","","","","","",x,"",x,"",x,"",x,"","","",x,"","","","","","",x,"","","",x,"",x,"",x,"","","","","","","","","","","","","","","","","","","","","","","","","","","","","","","",x,"","","","",x,"",x,"",x,"",x,"","","",No,"","Network Governance; Other: cognitive modes of governance, ","",Legal and Regulatory Instruments; Economic and Financial Instruments; Social and Cultural Instruments,"Data Collection and Monitoring
Performance Measurement
Regulations and Standards
Economic Incentives
Sustainability Criteria
Voluntary Schemes","",no,Private; Civil Society; Academia; NGOs; Regional Organisations; Multilateral Organisations; Governments,"","","",Biodiversity; Climate; Food; Water,"",Equity; Indigenous values and knowledge,"",Conceptual/theoretical,"",Yes,"",""
689,Granit 2013,A scalable approach towards realizing tangible benefits in transboundary river basins and regions,Consensus,Not applicable (no specific spatial location),"",Not applicable (no specific spatial location),"Challenge #1 - Nexus Complexity Challenge (addressing and embracing nexus complexity); Challenge #2 – Nexus Values Challenge (considering multiple values and trade-offs); Challenge #3 – Nexus Governance Challenge (effective governance of the nexus) ; Challenge #5 – Nexus Knowledge and Scaling Challenge (ensuring adequate data, information, and monitoring)","","",x,"","","","","",x,x,"","","","","","","","","","","","","","","","",x,"","","","","","","","","","","",x,"",x,"",x,"","","","",x,"","",x,x,"","","","","","","","","","","","","","","","","","","","",x,"","","",x,"","","","","","","",x,"","",x,"","","","",x,"","","",x,"","","",x,"","","Trust, investment in credible information to support credible analysis, a focus on development outcomes and impacts including related transaction steps, ","Corruption, market failures, patterns of international trade, the functions of international financing institutions, geopolitical interests and power of states,
economic policies of states, the existence of civil unrest or conflict",Yes,"",Market Governance,"",Legal and Regulatory Instruments; Economic and Financial Instruments,Stepwise approach (framework presented in chapter),"",All countries having access to the same information to evaluate benefits and trade-offs of cooperation. ,Private; Civil Society; Governments,"","","",Food; Water,"",Energy,"",Conceptual/theoretical; Other: Book chapter,"",Maybe,"Not something that was actually implemented, but a good example of a framework angled towards scalability. ",""
681,Vieira 2013,The energy-security-climate-change nexus in Brazil,Consensus,Latin America and the Caribbean,Brasil,National (whole country),Challenge #1 - Nexus Complexity Challenge (addressing and embracing nexus complexity); Challenge #3 – Nexus Governance Challenge (effective governance of the nexus) ,"","","",x,"","","","","","","","","","","",x,"","","",x,"","","","","","","","","","","","","","","","","","","","",x,"","","","","","","","","","","","","","","","","","","","","","","","","","","","","","","","","","","","","","","","","","","","","","","","","","","","","","","","","","","","","","","","",No,"",Hierarchical Governance,"",Legal and Regulatory Instruments; Rights-Based Instruments and Customary Norms; Economic and Financial Instruments,"","","",Private; Governments; Other: Industry,"","","",Biodiversity; Climate,The manuscript is focused on energy and discusses the relationship with the environment and climate.,Economic growth; Energy,"",Perspective; Conceptual/theoretical,"",Maybe,"","Implement at the national scale the international commitments is considered kwy to ensure climate-biodiversity-energy nexus. However, it is importanta highlight that biodiversity is seem more than a dimension a cross-cutting issue in the energy-climate nexus."
647,Kolinjivadi 2014,Recasting payments for ecosystem services (PES) in water resource management: A novel institutional approach,Consensus,Not applicable (no specific spatial location),"Examples mentioned: Costa Rica, Nepal, Colombia",Not applicable (no specific spatial location),"Challenge #3 – Nexus Governance Challenge (effective governance of the nexus) ; Challenge #4 – Nexus Financial Challenge (ensuring adequate financing for the nexus); Other: In what ways is human well-being dependent on the resiliency of ecosystem services, particularly for achieving social equality in terms of human capabilities?","","",x,"","","",x,"",x,"","","","","",x,"","","",x,"","","","",x,"",x,"","","","",x,"","","","",x,"","","",x,"",x,"",x,"","","",x,"","",x,"",x,"","","",x,"","","",x,"","","","","","","","","","",x,"",x,"","","","","","","","","","","","","","","","","","","","","",x,"","","","","",x,"","","",Yes,"Markets in provisioning ecosystem services will need to be governed by collective institutions that take into account the other ecosystem services (e.g. regulating, supporting and cultural) that derive from provisioning services which are both costly to exclude and are non-rival in nature. Such a consideration of markets will transcend purely individual benefits of ecological structure to consider their benefits at broader scales. ",Other: Nested governance,Governance at nested scales to further link ecological integrity of the resource base with the welfare-enhancing values that characterize an improved capability set for stakeholders.,Legal and Regulatory Instruments; Economic and Financial Instruments,A re-conception of Payments for Ecosystem Service schemes within an appropriate governance framework would make greater advances in actualising an integrated and adaptive approach to water resource management agenda,"","",Private; Civil Society; Governments,"","Sort of, ""Thus, in designing a well-being focused scheme for achieving capabilities improvements, it would be necessary to start by understanding the social context, traditional knowledge, current livelihoods, distributional issues, and the needs and values of ecosystem service beneficiaries and providers. This information would serve as a prelude for elucidating key design aspects of an incentive scheme, such as the nature of support and terms of a given contract, distributive equity of arrangements, length of contracts, and the potential role of local organizations and other external intermediaries (Vignola et al., 2012).""","",Biodiversity; Climate; Water,"",Equity; Poverty; Other: Land,"",Perspective,"",Maybe,"Not assessing an existing intervention, but reformulating PES. ",""
645,Dubé 2014,"Agriculture, health, and wealth convergence: Bridging traditional food systems and modern agribusiness solutions",Consensus,Not applicable (no specific spatial location),"",Not applicable (no specific spatial location),Challenge #3 – Nexus Governance Challenge (effective governance of the nexus) ,"","","",x,"","",x,"",x,"",x,"","","",x,"",x,"",x,"",x,"",x,"","",x,"",x,"","","","","",x,"",x,"","","",x,"","","",x,"","","",x,"","",x,"","","","","","","","","","","","","","","","","","","","","","",x,"","",x,"","","","","","","","","","","","","","",x,"","","","","",x,"","","","","",Novel public–private partnerships,"",Yes,"Discussion bears on the potential of Big Data as a convergence enabler by facilitating greater reciprocity between traditional and modern food systems, both within and across developing and industrialized countries, enabling the production and consumption of accessible, affordable, and appealing nutritious food for all, and scaling up convergence in their single and combined human and economic development outcomes. 

Scaling up business engagement as a catalyst for new paths of convergence for agriculture, health, and wealth requires that changes be made to the institutional framework that has been in place since the onset of the Industrial Revolution, which posits a clear divide between private and public goods and between market and state responsibility",Community Governance,"",Legal and Regulatory Instruments; Economic and Financial Instruments; Social and Cultural Instruments,"Partners in the pulse roadmap at the global level have spearheaded the long policy process of getting 2016 to be declared by the United Nations (UN) as the International Year of Pulses (IYOP), with a core component of the roadmap being the formation of a global pulse innovation platform (PIP) to be the food innovation platform. PIP is a platform where global organizations (businesses from along the pulse value chain as well as research and development organizations) work with their global counterparts in the food sector (MNCs) and at the country level.","","",Private; Civil Society; Academia; NGOs; Multilateral Organisations; Governments,"","Market intermediaries , Local communities often play a front and center role in helping the poorest segments of the population access basic necessities and employment acting as key intermediaries for higher-level state and market actors.","",Health; Food,"","","",Other: Introduction to a special feature,"",No,"Its a good paper, but case studies are only introduced with minor detail",""
642,Shah 2014,"Towards a Managed Aquifer Recharge strategy for Gujarat, India: An economist's dialogue with hydro-geologists",Consensus,Southern Asia,India,Subnational >100 km² (watershed),Challenge #3 – Nexus Governance Challenge (effective governance of the nexus) ; Challenge #4 – Nexus Financial Challenge (ensuring adequate financing for the nexus),"","","","","","","","","","","","","",X,X,"","","","","","","","","","","","","","","","","","","","","","","","","","","","","","","","","",X,"",X,"","","","","","","","","","","",X,"","","","","","",X,"","","","","",X,"","","","","","","","","","",X,"","","","","",X,"","","","","","","","","","",Engagement of specialized stakeholders,"Partial cross-sector perspective (surface-groundwater-energy instead of water-centric, economic and technical methodological limitations (eg. variability of water demand and supply in space and time and economic analysis), Lack of implementation of an adaptive, inter-sectoral, and multi-scalar approach, emphasis on economic aspects",No,"",Hierarchical Governance,"",Legal and Regulatory Instruments,"Managed Aquifer Recharge strategy, National Groundwater Recharge Plan, Central Groundwater Board ","","",Civil Society; Governments; Other: Specialized taskforce composed by hydro-geologists and irrigation engineers to conduct the study evaluated. ,"Farmers, rural communities, public agencies with hydro-geology expertise, canal system managers","","",Climate; Food; Water,"",Energy,"",Empirical,"",No,"","I don't believe it's a good example to consider, as the article briefly touches on climate-related, land use, and energy aspects, but primarily focuses on water management."
641,Middleton 2015,The rise and implications of the water-energy-food nexus in Southeast Asia through an environmental justice lens,Consensus,South-eastern Asia,"Thailand, Cambodia, Laos, Vietnam, Myanmar, China, ","Regional (multiple countries, whole continents)",Challenge #1 - Nexus Complexity Challenge (addressing and embracing nexus complexity); Challenge #3 – Nexus Governance Challenge (effective governance of the nexus) ,Mismatch between scales of funders and action,"","","","","","","","",X,"","","","","","","",X,"","","","","","","",X,"","","","","",X,"","","","",X,"",X,"",X,"","","","","","","","","","","","","","","","","","","","","","","","","","","","","","","","","","","","","","","","","","","","","","","","","","","","","","","","","","","","","","","","",No,"",Hierarchical Governance,"","","","","",Funders; Civil Society; Academia; NGOs; Multilateral Organisations; Governments,"Asian development bank, challenge program on water and food-mekong, World bank, IUCN, WWF, Mekong river commission, CGIAR,  Stockholm International water institute, UNESCAP, UNEP, International water asssociation, International water institute, CSIRO, Stockholm Environment Institute, Governments, farmers","","",Biodiversity; Food; Water,"",Equity; Energy,"",Review,"Not very clear what the paper aim at doing (review, perspective ?)",No,"","I did not find the paper very useful. The position is not clear (review vs perspective), and it reads like a collection of concept applied to South-East Asia, without any clear problematic "
640,Benson 2015,Water governance in a comparative perspective: From IWRM to a 'nexus' approach?,Consensus,Southern Asia; Western Europe,"United Kingdom of Great Britain and Northern Ireland, Bangladesh",National (whole country),Challenge #3 – Nexus Governance Challenge (effective governance of the nexus) ,This paper focusses on the integration and coordination of policy sectors as a challenge. Does look at economic approaches but not the challenge of financing the nexus.,"","",X,"","","","","","","","","","","","","","","","","","","","","","","","","","","","","","",X,"",X,"","","",X,"","","","","","","","","","","","","","","","","","","","","","","","","","","","","","","","","","","","","","","","","","","","","","","","","","","","","","","","","","","","","","","","",No,"Level of transparency, corruption and trust in Bangladesh is a barrier. ","Hierarchical Governance; Network Governance; Other:  Integrated Water Resources Management (IWRM), Multi-level Governance ","",Legal and Regulatory Instruments; Economic and Financial Instruments,"","","",Private; NGOs; Governments,"","","",Climate; Food; Water,"",Equity; Poverty; Energy; Other: gender,"",Review; Perspective,"",No,"",Paper aims to distinguish the Nexus from IWRM. See Table 1.
635,Sluka 2015,Stakeholder dynamics in the EU forest energy sector: Key issues to manage and ways forward,Consensus,Eastern Europe;  Northern Europe; Southern Europe; Western Europe,"","Regional (multiple countries, whole continents)","Challenge #3 – Nexus Governance Challenge (effective governance of the nexus) ; Other: Stakeholders attitutudes, priorities and concerns","","",X,"","","",X,"","","",X,"",X,"",X,"",X,"","",X,"","","",X,"","","","","","","","","","","","","","",X,"","","","","","","","","","","","","","","","","","","","","","","","","","","","","","",X,"",X,"","","",X,"","","","","","","","","","","","","","","","","","","","","","","","","","","","Implementation of third-party certification and accreditation of sustainability certificaton schemes, regular third-party assessment of local conditions, chain of custody processes for woody biomas sourcing, adherence to the ISEAL code of standard setting, representation of stakeholders from different geographical regions, establishmente of complaint procedures, meaningful sanctions against free-riders and non-compliers, business risk",Doubt regarding the potential for forest bioenergy systems to contribute to sustainable development,No,"","","",Legal and Regulatory Instruments; Economic and Financial Instruments,"Regulation (EU) No 995/2010 (Timber Regulation),","","",Private; Civil Society; Academia; NGOs; Regional Organisations; Multilateral Organisations; Governments,"AEBIOM, ÄFAB/IRETIse, Agencija za prestrukturiranje energetike, ApE d.o.o., Agentschap NL, Agriforest SA, Angus Biofuels, Birldlife Europe, Birldlife International, Black Sea Energy Research Centre, BLT Wieselburg, Bowland Bioenergy Ltd., Buccleuch BioEnergy Ltd, Cambridge University, CEI-Bois, CIRAD, Confor: Promoting forestry and wood, Control Union, Certifications Copernicus Institute - Utrecht University DBFZ, Department of Energy & Climate Change (UK), DNV KEMA, Dovetail Partners, Inc., Drima Marketing, E.ON Climate & Renewables, Ecofys, Enova SF, European Commission, European Forest Institute, European Parliament, FAO, Federacja Zielonych ""GAJA"", Federal Ministry of Food, Agriculture and Consumer protection (Germany), Federal Office for the Environment (Germany), Federal Statistical Office (Germany), Fern, Finnish Forest Industries Federation, Finnish Forest Research Institute, Flemish Energy Agency, FOPER project, FORCE Technology, Forest Products Association of Canada, GDF SUEZ Energy Netherlands, German Federal Agency for Nature Conservation, German Federal Ministry for Food, Agriculture and Consumer Protection, Global Fire Monitoring Center (GFMC), Greens/EFA in the European Parliament, GDF SUEZ Energy Netherlands, IEA Task 40/First Bioenergy AB, IEEP, IFEU, IIIEE, Imperial College London, Institute for Ecological Economy Research, IUCN NL, Joanneum Research, Lappeenranta University of Technology, Leuphana University Lüneburg, Louisiana Forest Products Development Center, Louisiana State University, Massachusetts Forest Watch, Ministry of Agriculture, Forestry and Water Economy, NEPCon, Norwegian University of Life Sciences, O.Oe. Energiesparverband, Oeko-Institut, Organisation for Security and Co-operation in Europe, Østkraft A/S, Partners for Innovation, Pathfinder Renewable Energy, PEFC International, PEFC Netherlands, Probos Foundation, Saint-Petersburg Forestry Research Institute, 
Swedish Bioenergy Association, Swedish Forest Agency, The Biomass Monitor, The Forestry Commission of Great Britain, Treelogic Wood Energy Ltd UNECE/FAO Forestry and Timber Section, University of Copenhagen, University of Eastern, University of Leeds, University of Natural Resources and Life Sciences, Vienna, UPM Tilhill, Utrecht University, Vienna University of Technology, VITO, VTT, Technical Research Centre of Finland, Wood Pellet Association of Canada, World Bioenergy Association, WWF International



","","",Biodiversity; Climate,"",Energy; Other: Land use (deforestation),"",Review; Empirical,"",No,"",""
631,Oliver 2015,"Cross-sectoral governance of the climate, energy and water sectors: A ‘Rubik’s cube’ analysis of cross-sectoral co-ordination",Consensus,Northern America,United States of America,Subnational >100 km² (watershed),Challenge #1 - Nexus Complexity Challenge (addressing and embracing nexus complexity); Challenge #2 – Nexus Values Challenge (considering multiple values and trade-offs); Challenge #3 – Nexus Governance Challenge (effective governance of the nexus) ,"","","","","","","","","","","","","","","","","","","","","","","",X,"",X,"",X,"","","","","","","","","","","","",X,"","","",X,"","","","","","","","","","","","","","","","","","","","","","",X,"","","","","","","","","","","","","","","","","","","","","","","",X,"","","","","","","","","","","","","governance mismatches, regulatory fragmentation, lack of financial incentives, cultural inertia, path dependencies, lack of integrative research, institutional mismatches",No,"","Hierarchical Governance; Market Governance; Other: meta-governance, coordinated governance, multi-modal governance, cross-sectoral governance","Looks at governance across five modes: hierarchy,
markets, associations, community engagement and persuasion.","","",Policy instruments not specifically addressed.,"",Governments,"","","",Climate; Water,"",Energy,"",Review; Perspective,"",No,"",""
630,Lundqvist 2015,"Consumers, food supply chain and the nexus",Consensus,Not applicable (no specific spatial location),"",Not applicable (no specific spatial location),Challenge #1 - Nexus Complexity Challenge (addressing and embracing nexus complexity); Challenge #3 – Nexus Governance Challenge (effective governance of the nexus) ,"","","",x,"","","","","","","","","","","","","","","",x,"","","","","","","","","","","","","","","","","","",x,x,x,"","","","","","","",x,x,"","","","","","","","","","","","","","","","","","","","","","","","","","","","","","","",x,"",x,"","","","","","","","","","","","","","","","","","","","","",No,"","","Not sure  about the governance system, but it is focused on food system and as a system it is centred in its challenges and its relation with other dimensions... hierarchical?",Legal and Regulatory Instruments; Social and Cultural Instruments,"","",change in consumers behaviour,Private; Civil Society,"producers, consumers","",The focus is in the producer-consumer aspects of food system then I checked the private and clivil society respectively...,Climate; Food; Water,"The focus is the food system, water is discussed in the sense of needs for food production and climate in the sense of how food systems produce GHG.",Energy,"",Review; Perspective; Conceptual/theoretical,"",No,"",""
625,Mbatu 2015,Domestic and international forest regime nexus in Cameroon: An assessment of the effectiveness of REDD+ policy design strategy in the context of the climate change regime,Consensus,Sub-Saharan Africa,Cameroon,National (whole country),Challenge #3 – Nexus Governance Challenge (effective governance of the nexus) ; Challenge #4 – Nexus Financial Challenge (ensuring adequate financing for the nexus),"the study does discuss various challenges related to the effectiveness of REDD+ policy design strategy in Cameroon, which may indirectly touch upon some of these Nexus challenges, particularly governance and financing aspects. ","",x,"","","","","","",x,"","","","","","","",x,"","","","",x,"","","","","","","","","","","","","","",x,"","","","","","","","","","","","","","","","","","","","","","","","","","","","","","","","","","","","","","","","","","","","","","","","","","","","","","",x,"","","","","","","","","","","","",No,"","",none of the specified governance approaches are mentioned in the study.,Legal and Regulatory Instruments; Rights-Based Instruments and Customary Norms; Economic and Financial Instruments; Other: International Agreements and Initiatives,"","",no,Civil Society; Academia; NGOs; Governments,"","","",Biodiversity; Climate,"",Equity,"",Empirical,"",Maybe,"",""
617,Lal 2015,The soil–peace nexus: our common future,Consensus,Not applicable (no specific spatial location),"",Not applicable (no specific spatial location),Other: Ensuring conditions to implement/promote nexus,The manuscript does not address a specific challenge but reinforces the role of soil protection/conservation as a base to promote a sustainable future towards nexus. ,"","","","","","","","","","","","","","","","","","","","","","","","","","","","","","","","","","","","","","","","","","","","","","","","","","","","","","","","","","","","","","","","","","","","","","","","","","","","","","","","","","","","","","","","","","","","","","",X,"","","","","","","",soil health and conservation,"","","","",I am not sure that the proposal is related to transformative governance but the manuscript highlights the importance of soil protection to ensure peace in a sequential way revealing nexus...,Legal and Regulatory Instruments; Social and Cultural Instruments,"","","",Civil Society; Governments,"","",They do not cite specific actors but discuss considering a rationale that reinforces the role of civil society and governments. ,Biodiversity; Climate; Health; Food; Water,"",Equity; Poverty; Education; Other: Political security,"",Perspective; Conceptual/theoretical,"",Maybe,"","This paper is interesting to understand a different perspective of nexus, but it is not structured in the way the other papers are."
616,Lal 2015,Research and development priorities in water security,Consensus,Not applicable (no specific spatial location),"",Not applicable (no specific spatial location),Challenge #2 – Nexus Values Challenge (considering multiple values and trade-offs),"","","","","","","","","","","","","","","","","","","","","","","","","","","","","","","","","","","","","","","","","","","","","","","",X,"","","","","","","","","","","","","","","","","","","","","","","","","","","","","","","","","","","","","","","",X,"","","",X,"","","","","","","","","","","","","",No,"","",No specific governance approaches discussed,"","",No specific policy instruments discussed,"","","","",No specific actors discussed,Climate; Food; Water,"","",No specific cross cutting issues discussed,Perspective,"",No,"","This paper is mainly about research priorities for the water-food-climate nexus and makes some broad recommendation but mainly in terms of objectives, not policy and governance actions. Focuses more or less on minimising trade-offs."
612,Tejada-Guibert 2015,Sustainable development and integrated water resources management,Consensus,Not applicable (no specific spatial location),"",Not applicable (no specific spatial location),Challenge #1 - Nexus Complexity Challenge (addressing and embracing nexus complexity); Challenge #3 – Nexus Governance Challenge (effective governance of the nexus) ,"The paper explores synergies and trade-offs among nexus dimensions considering water as an entry point (nexus complexity), but it focuses on governance considering actors, institutions and approaches.","",x,x,"","","","","","","","",x,"",x,"",x,"",x,"",x,"",x,"",x,"","","","","",x,"","","","","","","","","","","","","","","","","","","","","","","","","","","","","","","","","","","","","","",x,"",x,"","","","","","","","","","","","","","","","","","","","","","","","","","","","","","","","","",Yes,"IWRM is presented considering its ability to be an approach that allow to discuss policies/instruments to specific regional nexus relations, then I would say that this enabler can be considered in the sense of scaling down.",Network Governance,"Decentralization is presented as key to promote governance in the implementation of IWRM, that it could be an aspect of the governance.",Legal and Regulatory Instruments; Rights-Based Instruments and Customary Norms,"","","",Private; Civil Society; Multilateral Organisations; Governments,"United Nation, Global Water Paternship,","",It explores several UN initiatives.,Climate; Health; Food; Water,"","Equity; Energy; Other: Gender, human-rights","",Review; Perspective; Conceptual/theoretical,Book chapter,No,"",""
609,Halbe 2015,Governance of transitions towards sustainable development – the water–energy–food nexus in Cyprus,Consensus,Western Asia,Cyprus,Subnational >100 km² (watershed),"Challenge #1 - Nexus Complexity Challenge (addressing and embracing nexus complexity); Challenge #2 – Nexus Values Challenge (considering multiple values and trade-offs); Challenge #3 – Nexus Governance Challenge (effective governance of the nexus) ; Challenge #5 – Nexus Knowledge and Scaling Challenge (ensuring adequate data, information, and monitoring)","","",x,x,"","","","","","","","","","","","","","","","","","","","","","","","","","","","","","","","","","","","","","","","","","","","","","","","","","","","","","","","","","","","","","","","","","","","","","","","","","","","","","","","","","","","","","","","","","","","",x,"","","","","","","","",No,"The article mention various factors related to sustainability innovations, stakeholder involvement, and governance strategies in the context of addressing the water-energy-food nexus challenges in Cyprus. However, these factors are not explicitly categorized as enablers or barriers to addressing the nexus challenges, and their direct role as such is not clearly defined in the text.",Other: Reflexive Governance,"Reflexive Governance emphasizes the importance of actor networks, including policy-makers, civil society, and entrepreneurs, in addressing complex problems. It promotes strategies such as integrated knowledge production, experiments, adaptability of strategies and institutions, anticipation of long-term systemic effects, iterative and participatory goal formulation, and interactive strategy development. 
Peter H. Feindt & Sabine Weiland (2018) Reflexive governance: exploring the concept and assessing its critical potential for sustainable development. Introduction to the special issue, Journal of Environmental Policy & Planning, 20:6, 661-674, DOI: 10.1080/1523908X.2018.1532562
N., A. P., Kiss, B., Hirose, S., & Takahashi, W. (2021). Nature-Based Solutions or Debacles? The Politics of Reflexive Governance for Sustainable and Just Cities. Frontiers in Sustainable Cities, 2, 583833. https://doi.org/10.3389/frsc.2020.583833",Legal and Regulatory Instruments; Economic and Financial Instruments; Social and Cultural Instruments,Conscious Resource Use Practices; Support of Organic Agriculture; Decentralized Renewable Energy Systems; Urban Gardening and Community Gardens; Greywater Recycling; Rainwater Harvesting; Aquifer Recharge; Sustainable Tourism Strategy; Education and School Projects; Financial Support for Innovators; Water Pricing Policies; Support for Traditional Crops,"","The study provides a broad overview of sustainability innovations, policies, and stakeholder involvement in addressing WEF nexus issues, but it does not delve into detailed discussions of specific leverage points or identify which changes in social variables would have disproportionately large positive effects on the social-ecological system.",Private; Media; Funders; Civil Society; Academia; NGOs; Governments,"Water Development Department
Department of Agriculture
Department of Environment
Cyprus Energy Agency
Agriculture Research Institute
Cyprus Institute
University of Cyprus
urban gardening and community gardens
Farmers engaged in organic agriculture and adapted agriculture
Individuals implementing aquaponics systems
Businesses and individuals involved in decentralized renewable energy systems
Farmers' organizations","","",Food; Water,"",Equity; Poverty; Education; Energy,"",Modelling,"",Yes,"",""
605,Jiang 2015,"China's water security: Current status, emerging challenges and future prospects",Consensus,Central Asia,China,National (whole country),"Other: Elaborates on emerging challenges for achieving water security in China, including climate change, continuous socio-economic development, population growth and urbanization in particular, and the water-food-energy nexus. How do these three challenges play out affecting China's water security?","","",x,"",x,"","","","","","","","","","","","","","","","","","",x,"",x,"",x,"","","","","","","","","","","",x,"","",x,"","","","",x,x,"",x,"","","","","","","","","","","","","","","","","","","","","","","","","","","","","","","","","","","","","","","","","","","","",x,"","","","","","","","","The management of water is further complicated by and vulnerable to the political structure that local water bureaus or departments under the leadership of the central authorities also depend politically and financially on local governments (Cheng and Hu, 2012), whose main interest is economic development. Such a complex, internally interdependent but poorly coordinated institution, in combination with the bureaucratic processes, is a significant barrier inhibiting effective water management and pollution control.",No,"",Hierarchical Governance,"",Legal and Regulatory Instruments; Other: Improved water management,"1. To reduce societal exposure to the water-related insecurity risk, and 2. Improving water security is to enhance resilience reducing societal vulnerability to water-related issues","","",Private; Civil Society; NGOs; Governments,The Chinese government,"","",Biodiversity; Climate; Health; Food; Water,"",Equity; Energy,"",Review,"",No,"Not assessing an intervention, the paper discusses China's future prospects on water security, including current achievements, government actions and policy initiatives, and recommendations for management improvement aimed at increasing water security.",""
592,Corona 2016,Forest-food nexus: A topical opportunity for human well-being and silviculture,Consensus,Southern Europe,Italy,National (whole country),"Challenge #5 – Nexus Knowledge and Scaling Challenge (ensuring adequate data, information, and monitoring)","","","",x,"","","","","","","","","","","","","","","","","","","",x,x,"","","","","","","","","","",x,"","","","","","","","","","","",x,"","","","","","","","","","","","","","","","","","","","","","","","","","","",x,"","","","","","","","","","","","","","","","","","","",x,"","","","","","","","",Lack of governance and cooperation ,No,"",Other: An integrated governance is thus needed for securing these multi-functional landscapes.,Doesn't get more specific than that,"Other: In particular, a supportive policy framework  needs  to  be  developed  that  considers  both the forestry and agriculture sectors in tandem.","","","",Civil Society; Governments,"","","",Biodiversity; Climate; Food,"",Economic growth,"",Opinion,"",No,Its a commentary so not alot of good evidence,""
581,Parkes 2016,"Pacific connections for health, ecosystems and society: New approaches to the land-water-health nexus",Consensus,Not applicable (no specific spatial location),Pacific basin,Multi-regional (multiple continents/geographic regions),Challenge #1 - Nexus Complexity Challenge (addressing and embracing nexus complexity),"","",X,"","","","","","","","","",X,"","","",X,"","","","","","","","","","","","","",X,"","",X,"",X,"","","","","","","","","","","","","","","","","","","","","","","","","","","","","","","","","",X,"",X,"",X,"",X,"","","","","","","","","","",X,"","","","","","","","","","","","","","","","","","",No,"",Network Governance,"","","","","",Civil Society,"","","",Biodiversity; Health; Water,"",Indigenous values and knowledge,"",Review,"",No,"",""
576,Boas 2016,Cross-sectoral strategies in global sustainability governance: towards a nexus approach,Consensus,Not applicable (no specific spatial location),"",Not applicable (no specific spatial location),Other: Operationalize the nexus concept for the arrangement of integrated agendas (Maybe challenge #1),I am not sure it coul be fitted in other challenge but I think the manuscript focuses on how nexus concept can contribute to implement 2030 Agenda. ,"",X,X,"","","","","","","","","","","","",x,"",x,"","","","","","","","","","","","","","","","","","","","","","","","","","","","","","","","","","","","","","","","","","","","","","","","","","","","","","","","","","","","","","","","","","","","","","","","","","","","","","","","","","","","","","",Yes,"In a specific way, the 2030 Agenda can be considered an enabler to implement nexus and vice-versa.","","The 2030 Agenda is a Transformative Governance approcah, right?",Legal and Regulatory Instruments,2030 Agenda; high-level policy,"","",Private; Academia; Multilateral Organisations; Governments,"","","",Biodiversity; Climate; Health; Food; Water,They do not cite a specific dimension but reinforce the role of the concept to implement an agenda tha explicitly cite all nexus dimension (SDGs) then I checked all boxes.,Equity; Poverty; Economic growth; Employment; Education; Energy,They do not cite a specific cross-cutting issue but reinforce the role of the concept to implement an agenda tha explicitly should incorporate all targets in the 2030 Agenda. Then I checked all boxes that have a specific SDG..,Perspective,"",Maybe,"",""
574,Howarth 2016,Understanding barriers to decision making in the UK energy-food-water nexus: The added value of interdisciplinary approaches,Consensus, Northern Europe,United Kingdom of Great Britain and Northern Ireland,National (whole country),"Challenge #1 - Nexus Complexity Challenge (addressing and embracing nexus complexity); Challenge #2 – Nexus Values Challenge (considering multiple values and trade-offs); Challenge #3 – Nexus Governance Challenge (effective governance of the nexus) ; Challenge #5 – Nexus Knowledge and Scaling Challenge (ensuring adequate data, information, and monitoring); Other: To explore the impact of climate and weather shocks across the energy-food-water nexus and barriers to related responses","","",x,"","","","","","","","","",x,"",x,"","","",x,"","","","",x,"",x,"",x,"","",x,"","","","","","",x,"",x,"","","","","","","",x,"","",x,"","","","","","","","","","","","","","","","","","",x,"",x,"",x,"","",x,"","",x,"","",x,"","","","","","","","","","",x,"",x,"","","","","","","","","Evidence production, Process, Communication, Audience needs, Conventional and social media, Response, Responsibility, Informing and lessons, Culture, Judgement versus evidence, Disconnection from the issue, Uncertainty of science, Cost of resilience, Complexities of processes",No,"","","",Legal and Regulatory Instruments,"","","","Private; Academia; NGOs; Other: Practitioners (directly involved in implementation of climate-related solutions or decision making processes on the ground), policy communities (involved in formulating policies and decisions on climate change and nexus related issues)","","","",Food; Water,"",Energy,"",Empirical,Findings from workshop interviews,No,"Summary of workshops that identified key stakeholders’ concerns, opportunities and barriers to better inform decision making, no focus on any one particularly intervention. ",""
573,Brondizio 2016,A conceptual framework for analyzing deltas as coupled social–ecological systems: an example from the Amazon River Delta,Consensus,Latin America and the Caribbean,Brazil,Local >1 km² to 100 km² (neighbourhood to municipality),Challenge #3 – Nexus Governance Challenge (effective governance of the nexus) ,"The paper does not clearly deals with the Nexus elements but with the governance of socio-ecological systems. The paper outline a ""conceptual framework to help define delta
SES according to different problems and to diagnose the
components of complex sustainability dilemmas and their
interdependencies""","",X,"",X,"","","","","","","","","","","","","","","","","","","","","","","","","","","","","","","","","","","","","","","","","","","","","","","","","","","","","","","","","","","","","","","","",x,"","","","","","","","","","","","","","","","","",x,"","","","","","","",x,"","","","","","","","","","","",Network Governance; Community Governance,"",Other: Framework proposed offering flexible structural configuration (which can reflect policy options) ,"","","",Civil Society; Regional Organisations; Governments,"","","",Biodiversity; Water,"",Poverty; Economic growth; Indigenous values and knowledge,"",Perspective; Modelling,"",Maybe,"",The paper deals with a conceptual framework for multi-level social-ecological 
569,Nasr 2016,Ethiopia’s challenge to Egyptian hegemony in the Nile River Basin: The case of the grand Ethiopian renaissance dam,Consensus,Northern Africa; Sub-Saharan Africa,"","Regional (multiple countries, whole continents)",Challenge #1 - Nexus Complexity Challenge (addressing and embracing nexus complexity),"","",x,"","","","","","","","","","","","","","","","","","","","","","","","","","","","","","","","","","","","","",x,"",x,"","","","","","","","","","","","","","","","","","","","","","","","","","","","","","","","","","","","","","","","","","","","","","","","","","","","","","","","","","","","","","",No,"","", the study primarily focuses on geopolitical and hydro-political aspects rather than proposing or assessing specific governance approaches to address nexus challenges. none of the four governance approaches are explicitly proposed or assessed in the study.,Other: none,"","",no,Private; Civil Society; Regional Organisations; Multilateral Organisations; Governments,countries,"","",Food; Water,"",Economic growth; Employment; Energy,"",Conceptual/theoretical,"",Maybe,"",""
568,Alba 2016,"The politics of water payments and stakeholder participation in the Limpopo River Basin, Mozambique",Consensus,Sub-Saharan Africa,Mozambique,Subnational >100 km² (watershed),Challenge #3 – Nexus Governance Challenge (effective governance of the nexus) ; Challenge #4 – Nexus Financial Challenge (ensuring adequate financing for the nexus),"","","","","","","","","",X,"","","","","","","","","","","","","",X,"",X,"","","","","","","","","","","","",X,"",X,"","","","","","","","","","",X,"","","","","","","","","","","","","","","","","","",X,"",X,"",X,"",X,"","","","","","","","","","",X,"","","","","","","","","","",X,"",X,"","",Water permits/charges serve as a means for recovering costs and generating revenue for private Water Resource Agencies (ARAs) due to the limited state finances available to support new decentralized institutions,"Complex institutional framework (responsabilities are spread between several entities at regional/national and local levels), increasing competition over water at the international level (dowstream position), financial and decision-making power dependence of descentralized institutions on the central administration, technical and financial issues hindered the improvement projects in infrastructure and technology,  lack of a culture of payment for water, local geography, inequallity between water users (political connections/ availability of financial resources/ volume of water abstracted/ position in relation to the source), non-payment (or suspension) of fees by parastatal companies, which benefit from preferential treatment due to their relationship with the government, conflicting political negotiations with private companies",Yes,"",Community Governance,"",Legal and Regulatory Instruments; Economic and Financial Instruments,"Water Act (1991), the National Water Policies, Water Tariff Policy, Business Plan (to guarantee financial sustainability of the ARA and promote rational use of water), Water Licences and Concession, ","","",Private; Civil Society; Academia; Regional Organisations; Governments; Other: Parastatal institutions,"Southern Region Water Administration (ARA-Sul), Regional Water Administration (ARA), Southern African Development Community, Limpopo Water Course Commission, National Directorate of Water, Limpopo River Basin Committee, Council of Ministers, Regional Water Authorities, Cobalt mining company, Massingir Agro-Industria,  Limpopo Agro-Industrial Investment Company, Ministry of Public Works,  Ministry of Agriculture","1. ""The Limpopo River Basin Committee"": a consultative body for coordinating various users and institutions involved in land and water management within the river basin. It is primarily composed of representatives from district administrations, large- and medium-scale agricultural users, and irrigation associations representing smallholder farmers.  
2. Focal Points: village leader or a well-known and respected individual appointed by the water users to theoreticall address challenges related to payments, registration, water fee collection, land use inventory , and to enhance communication and information exchange. However, they often serve more as a mens of water collection. The Focal Points play a limited role in decision-making","",Food; Water,"","","",Review; Empirical,"",Maybe,"","Recommendation by the authrs: transforming Focal Points from cash-oriented to influential roles, and ensuring the representation of small-scale users"
565,Cooke 2016,On the sustainability of inland fisheries: Finding a future for the forgotten,Consensus,Micronesia; Not applicable (no specific spatial location),"",Not applicable (no specific spatial location),"Challenge #3 – Nexus Governance Challenge (effective governance of the nexus) ; Challenge #5 – Nexus Knowledge and Scaling Challenge (ensuring adequate data, information, and monitoring)","","","",x,"","","","","","","","","","","","","","","","","","","","","","","","","","","","","","","","","","","",x,"","","","","","","","","","","","","","","","","","","","","","","","","","","","","","","","","","","","","","","","","","","","","","","","","","","","","","","",x,"","","","","","","","","",Yes,"",Network Governance,"",Legal and Regulatory Instruments; Rights-Based Instruments and Customary Norms,"","",build capacity,Private; Civil Society; Academia; IPLCs; Regional Organisations; Governments,fishermans organizations,"","",Biodiversity; Food,"",Equity; Poverty; Energy,"",Perspective; Conceptual/theoretical,"",Maybe,"","This is an interesting paper because it discusses nexus approach centered in a specific activity ""inland fisheries"" not much about governance but the importance of multiple actors and the need for information to ensure the sustainable use and protect inland ecosystems. "
563,Nyangon 2016,Entangled systems at the energy-water-food nexus: Challenges and opportunities,Consensus,Northern America,United States.,National (whole country),"Challenge #1 - Nexus Complexity Challenge (addressing and embracing nexus complexity); Challenge #3 – Nexus Governance Challenge (effective governance of the nexus) ; Challenge #4 – Nexus Financial Challenge (ensuring adequate financing for the nexus); Challenge #5 – Nexus Knowledge and Scaling Challenge (ensuring adequate data, information, and monitoring)","","","","","","","","","","","","","","","","","","","","","","","","","","","","","","","","","","","","","","","","","","","","","","","","","","","","","","","","","","","","","","","","","","","","","","","","","","","","","","","","","","","","","","","","","","","","","","","","","","","","","","","","","","",it primarily discusses challenges and policy options but does not explicitly discuss each factor's role as an enabler or barrier. ,"",it does not provide explicit information about the governance approaches to address the nexus challenges.,"","",it does not explicitly mention the type of policy instruments considered to operationalize the response options.,it does not explicitly mention specific leverage points or levers in the context of changing social–ecological systems,"","","",there is no explicit mention of the types of actors involved in the implementation of the response options ,Food; Water,"",Equity; Economic growth; Energy,"",Conceptual/theoretical,"",No,"",""
562,Matthew 2016,Conclusion: Rethinking the water-food-energy-climate security nexus,Consensus,Not applicable (no specific spatial location),"",Not applicable (no specific spatial location),Challenge #3 – Nexus Governance Challenge (effective governance of the nexus) ,"","","","","","","","","","","","","","","","","","","","","","","","","","","","","","","","","","","","","","","","","","","","","","","","","","","","","","","","","","","","","","","","","","","","","","","","","","","","","","","","","","","","","","",X,X,"","","","",X,"","","","",X,"",X,"","","","Growing role of science and scientists in the core processes of governance, inclusion of various producers and user of knowledge and expertise, actively incorporate the needs of communities, to reinforce cross-collaboration, form partnerships across various domains (public, private, civic) and scales ","Political gridlock, ","","","","","","","","",Private; Civil Society; Academia; Governments,"","","",Biodiversity; Climate; Health; Food; Water,"","Equity; Other: Land cover, Safety","",Review; Conceptual/theoretical; Opinion,"",No,"","This document is a concluding chapter. I'm not sure if the others have been included in the documents to be analyzed, but I believe that if they have, they would enable the extraction of more information"
561,Matthew 2016,Rethinking the water-food-energy-climate security nexus,Consensus,Not applicable (no specific spatial location),"",Not applicable (no specific spatial location),Challenge #1 - Nexus Complexity Challenge (addressing and embracing nexus complexity); Challenge #3 – Nexus Governance Challenge (effective governance of the nexus) ,"","","","","","","","","","","",x,x,x,"","","","",x,x,"","","","","","","","","","","","","","","","","","","","","","","","","","","","","","","","","","","","","","","","","","","","","","","","","","","","","","","","","","","","","","","","","","",x,"","","","","",x,"","","","","","","","","","","","",Yes,"","",It is a conclusion chapter that highlights the importance of integrating social and ecological systems in the Anthropocene to ensure human well-being in the sense of water-food-energy-climate security. It is not cristal-clear but I suppose it could be linked to networ governance.,Legal and Regulatory Instruments; Rights-Based Instruments and Customary Norms; Social and Cultural Instruments,"","","",Academia; Governments,"","","As the paper highlights the importance of research on complex systems to inform and guide regulations design as a critical point, I checked those boxes...",Climate; Food; Water,"",Education; Energy,"",Review; Perspective,"It is conclusion chapter, thus maybe there are more interesting content in the previous chapters.",No,"",I am not sure about this piece of paper. It is a conclusion chapter that discuss things in wider perspective because I suppose it was discussed in a deeper way previously. I have tried to extract as much as information I could from it.
560,Al-Saidi 2017,"Towards understanding the integrative approach of the water, energy and food nexus",Consensus,Not applicable (no specific spatial location),"",Not applicable (no specific spatial location),Challenge #1 - Nexus Complexity Challenge (addressing and embracing nexus complexity),"","",x,"","","","","","","",x,"","","","","",x,"",x,"",x,"","","",x,"","","","","","","","","","","",x,"","",x,"","","","","","","",x,"","",x,"","","",x,"","","","","","","","","","","","","","","","",x,"","","","","",x,"","","","","","","","","","","","","","","","","",x,"","","","","","","","Ability to change current policy debates, issue and thinking novelty, and clearness and implementation roadmap","Decision making processes, and nature of responses to shocks",No,"Other barriers: lack of tools experimentation and development, and lack of case-study
based recommendations",Market Governance; Network Governance,"",Legal and Regulatory Instruments; Economic and Financial Instruments,"","","",Funders; Civil Society; Governments,state; civil society; market; civic movements,"","",Climate; Food; Water,"",Economic growth; Energy; Other: Trade,"",Review,"Paper isn't really about solutions, but more about ""understanding"" the nexus - so not alot of response options were assessed (in terms of effectiveness) but they were talked about (and the majority are conceptual).",Maybe,"There are alot of relevant papers, but largely conceptual papers and not many tangible case studies (but there are a few examples, eg. see Table 2)",""
559,Olanya 2017,Land-Water-Security Nexus: Changing Geopolitics in the Nile Basin Cooperative Framework Agreement,Consensus,Sub-Saharan Africa,"Nile basin (Burundi, Ethiopia, Kenya, Tanzania, Uganda, Southern Sudan)","Regional (multiple countries, whole continents)",Challenge #3 – Nexus Governance Challenge (effective governance of the nexus) ,"","","","","","","","","","","","","","","",X,"","","","","","","","","",X,"","","","","",X,"","",X,"",X,"",X,"",X,"",X,"","","","","","",X,"",X,"","","","","","","",X,"","","","","","","","","","","","","","","","","","","","","","","","","","","",X,"","","","","","","","","","",X,"",X,"","","","State sovereignty, lack of cooperation for a shared control over water resources, inequalities between downstream and upstream countries, foreign control of water resources through land acquisitions, lack of regional perspective, lack of strong leadership and political will among the riparian states.",Yes,"",Hierarchical Governance,"",Legal and Regulatory Instruments,"Framework Agreement, 1997 UN Watercourses Convention","","",Private; Civil Society; Regional Organisations; Governments,"","","",Biodiversity; Climate; Water,"",Energy,"",Review,"",No,"",""
558,Klümper 2017,The land-water-food nexus: Expanding the social-ecological system framework to link land and water governance,Consensus,Central Asia,Tajikistan;,National (whole country),Challenge #3 – Nexus Governance Challenge (effective governance of the nexus) ,"","","","","","","",x,"","","","","","",x,"","","","","","","",x,"",x,"","","","","","","","","","",x,"","","",x,"","","","","","",x,"","","",x,"","","","","",x,"","","","","","","","","","","","","","","","","","","","","","","","","","","","","","","","","",x,"","","","","","","","","","","","","Trust towards the managing authority that oversees the distribution of and advocating for land certificates, Trust in local authorities, Cooperation","",Yes,"Scaling up these findings to other transition countries, and also to other areas of intense irrigation is generally possible yet requires context-specific adaptation",Community Governance,"",Economic and Financial Instruments; Social and Cultural Instruments,"",Not assessing a policy instrument,"",Private; NGOs; Governments,"Land Committee, Water Ministry, Agricultural Ministry, statistical offices and local NGOs","","",Food; Water,"",Other: Land,"",Empirical,Survey-based,Maybe,"No interventions are assessed, but governance interactions between resources are assessed, findings suggest that land system variables contribute to the willingness to cooperate in irrigation management.",""
556,Badran 2017,Climate change and water science policy in management,Consensus,Northern Africa,MENA Region,"Regional (multiple countries, whole continents)","Challenge #5 – Nexus Knowledge and Scaling Challenge (ensuring adequate data, information, and monitoring)","","","","","","","","","","","","","","","","","","","","","","","","","","","","","","","","","","","","","","","","","","","","","","","","","","","","","","","","","","","","","","","","","","","","","","","","","","","","","","","","","","","","","","","","","","","","","","","","","","","","","","","","scientific knowledge, science for policy","",No,"","",Not cited.,"","","","",Academia,"","","",Climate; Water,Not sure about climate...,"","",Perspective; Conceptual/theoretical,"",No,"","The manuscript explores the role of scientific knowledge to deal with freshwater problems, with an almost invisible link with climate change. It did not explore a governance approach/challenge. Maybe this is not a nexus contribution."
554,Schwerdtle 2017,The health impacts of climate-related migration,Consensus,Sub-Saharan Africa; Latin America and the Caribbean; Northern America; Southern Europe; Australia and New Zealand; Melanesia,"Colombia, Spain, Australia, South Sudan, USA (Alaska), Papua New Guinea",Subnational >100 km² (watershed); National (whole country),Challenge #1 - Nexus Complexity Challenge (addressing and embracing nexus complexity),"","","",x,"","","","","","","","","","","","","","",x,x,"","",x,x,"","","","","","","","","","","","","","","",x,"","","","","","","","","","","","","","","","","","","","","","","","","","","","","",x,x,"","","","","","","","","","","","",x,x,"","","","","","","","","","","","","","","","","","","","",No,"",Network Governance,I don't think it can be considered a network governance approach but I think it fits better what is being considered in the manuscript... Governance among sectors!,Rights-Based Instruments and Customary Norms,"","","",Civil Society; Governments,migrants,"","",Climate; Health,"",Poverty; Economic growth; Education,"",Review; Perspective,"",Maybe,It provides several case studies on how climate-driven migration  interacts with health-related issues in different countries.,""
550,Valli 2017,Water markets and the food–energy–water nexus in Australia,Consensus,Australia and New Zealand,Australia,Subnational >100 km² (watershed),Challenge #3 – Nexus Governance Challenge (effective governance of the nexus) ,"","","","","","","","","","","","","","",X,X,"","","","","","","","","","","","","","","","","","","","","","","","","","",X,"","","","","","","",X,"","","","","","","","","","","","","","","","","","","","",X,X,"","","","","","","","","","","","","",X,"","","","","","","","","","",X,"","","","","","",Political interventions,No,"",Market Governance,"",Legal and Regulatory Instruments; Rights-Based Instruments and Customary Norms,"National Strategy of Ecologically Sustainable Development, National Competition Policy, Water Resource Policy, National Water Initiative, The Water Act, Murray Darling Basin Agreement,  Water Resource Plans","","",Private; Civil Society; Regional Organisations; Governments; Other: Financial actors,"Council of Australian Governments (COAG), The Commonwealth Department of Environment, The Commonwealth Environmental Water Holder, industry groups, water brokers, awater utilities, Productivity Commission","","",Food; Water,"",Energy,"",Review,"",No,"",""
544,Nyangon 2017,Entangled systems at the energy-water-food nexus: Challenges and opportunities,Consensus,Northern America,United States,Subnational >100 km² (watershed),"Challenge #1 - Nexus Complexity Challenge (addressing and embracing nexus complexity); Challenge #3 – Nexus Governance Challenge (effective governance of the nexus) ; Challenge #4 – Nexus Financial Challenge (ensuring adequate financing for the nexus); Challenge #5 – Nexus Knowledge and Scaling Challenge (ensuring adequate data, information, and monitoring)","","",X,"","",X,"","",X,"","","","","",X,"","","",X,"","",X,"","","","","","","","","","","",X,"",X,"","","",X,"","","","","","","","",X,"",X,"","",X,"","","","","","","","","","","","","","","",X,"","","","","",X,"","","","","","","","","","",X,"","","","","","","","","","",X,"","","","","","Multi-stakeholder engagement, sociotechnical innovations, multiple funding sources, creation of a conducive environment to private investment, strengthening of local financial institutions, Implementing utility reforms to enhance electricity grid reliability and sustainable service delivery/values-based water management strategies/rules-based changes in food administration including legislative reform","Constraiment by economic and political undertones, top-down management",Yes,"Local level planning should be prioritized as it integrates community attributes — their choices and preferences regarding changes in food supply/distribution/processing/transportation. Authors emphasize legitimizing the role of local institutions in two domains: analytical-operative and policy perspective (eg. decentralized EWF management strategies prioritizing the local dimension through avenues like Farmers Markets, Farm to Table). They also mention developing adequate infrastructue options for scaling up adaptation, moderating competing water uses for energy generation and agricultural food production between upstream and downstream stakeholders, and balancing and adapting institutional arrangements at federal, state, city and local levels (eg for fishing/hydropower development/irrigation). This includes promoting dynamic processes revealing decision-making elements crucial in ‘transmitting’ ripple effects throughout the EWF nexus system. Additionally, developing mechanisms for cost-effective solutions/pricing structures/rate designs for energy, water and food resources, and implementing market-based instruments to control nonpoint sources of water pollution",Market Governance,"","","","","",Private; Civil Society; Regional Organisations; Governments,Delaware state government,"","",Food; Water,"",Energy,"",Review; Conceptual/theoretical,"",Maybe,"",""
536,Storey 2017,Urban Nexus: An Integrated Approach for the Implementation of the Sustainable Development Goals,Consensus,Eastern Asia; South-eastern Asia; Southern Asia,"India, China, Vietnam",Local >1 km² to 100 km² (neighbourhood to municipality),Challenge #1 - Nexus Complexity Challenge (addressing and embracing nexus complexity); Challenge #2 – Nexus Values Challenge (considering multiple values and trade-offs); Challenge #3 – Nexus Governance Challenge (effective governance of the nexus) ; Challenge #4 – Nexus Financial Challenge (ensuring adequate financing for the nexus),"","",X,"","","","","","","","","",X,"",X,"",X,"",X,"","","","","","","","","","","","","","",X,X,X,"","","",X,X,"","","","","","","",X,"",X,"",X,"","","","","","","","","","","","","","","","",X,X,X,"",X,"",X,"","","","","","","","","","",X,"","","","","",X,"","","","",X,"","","","","","Market-oriented reform in the water sector (China), establishment of a regulatory framework for water management (China), delineation of an urban growth boundary (several protection areas) (China), coherent allocation policies (China), advanced technologies (China), strong leadership (China), capacity building of concerned parties by academic institutions (India), interdepartmental coordination through the establishment of a multi-stakeholder group (India), strenghtening participatory approaches (India), preparation of funding proposals inclusive of multiple goverment agencies toward integrated policies (India), establishment of a Nexus Task Force with multiple stakeholders critically involved in the decision-making process (Vietnam), Public consultations and knowledge sharing among key players and beneficiaries (Vietnam)","Siloed institutions and departments, Lack of baseline data",No,"",Hierarchical Governance; Market Governance,"",Legal and Regulatory Instruments,"National Biogas and Manure Management Programme (India), Da Nang Sustainable City Development Program (Vietnam)","","",Private; Civil Society; Academia; Multilateral Organisations; Governments,"The Shenzhen Water Resource Bureau (China), The Shenzhen Water Group (China), Ministry of Commerce (China), Groundwater Survey and Development Agency (India), Nashik Municipal Corporation (India), World Bank (Vietnam), Department of Planning and Investment (Vietnam), Department of Natural Resources and Environment (Vietnam)","","",Food; Water,"","Poverty; Economic growth; Other: ""Land""","",Review; Conceptual/theoretical,"",Yes,"",""
534,Kurian 2017,"The water-energy-food nexus: Trade-offs, thresholds and transdisciplinary approaches to sustainable development",Consensus,Not applicable (no specific spatial location),"",Not applicable (no specific spatial location),"Challenge #1 - Nexus Complexity Challenge (addressing and embracing nexus complexity); Challenge #2 – Nexus Values Challenge (considering multiple values and trade-offs); Challenge #3 – Nexus Governance Challenge (effective governance of the nexus) ; Challenge #5 – Nexus Knowledge and Scaling Challenge (ensuring adequate data, information, and monitoring)","","","",x,"","","","","","","","","","","","","","","",x,"",x,"","","",x,"","","","","",x,"","","","",x,"","","","","","","","","","",x,"","","","","","",x,x,"","","","","","","","","","","","","","","","","","","","","","","","","","","","","","","","","","","","","","","","",x,"","","","","","","","","","",Hierarchical Governance,"",Legal and Regulatory Instruments,"","",Nexus Observatory,Multilateral Organisations; Governments,"","","",Climate; Water,"","","",Conceptual/theoretical; Empirical,"",Yes,"",""
528,O’Connor 2017,"Living with insecurity: Food security, resilience, and the world food programme (WFP)",Consensus,Sub-Saharan Africa,"",Multi-regional (multiple continents/geographic regions),Challenge #3 – Nexus Governance Challenge (effective governance of the nexus) ,"","","","","","","","","","","","","","","","","",x,"","","","","","","","","","","","","","","","","",X,"","","","","","","","","","","","","","",X,X,"","","","","","","","","","","",X,"","","","","","","","","","","",X,"","","","","",X,"","","","","","","","","","","","","","","","","","","","","","","",No,"","","","","","","",Private; Funders; IPLCs; Multilateral Organisations,"farmers, Gates foundation, World Food Program, UN, private corporations (caterpillar, citigroup, Google, Pepsi, TNT express, United parcel service), ","","",Health; Food,"",Poverty; Other: Security,"",Opinion,"",No,"","The paper investigates to which extent the World Food Program fostered a conceptual shift from a ""development-security"" nexus to a ""resilience-disaster"" framing. Authors call for a come back to the security framing, as ""resilience"" implies to accept and cope with the problems, and not fighting them, and is percived as a way to minimize interventions. "
525,Glamann 2017,The intersection of food security and biodiversity conservation: a review,Consensus,Not applicable (no specific spatial location),"",Not applicable (no specific spatial location),Challenge #1 - Nexus Complexity Challenge (addressing and embracing nexus complexity),"","","",x,"","","","","","","","","","","","","","","","","","","","","","","","","","","","","","","","","","","","","","","","","","","","","","","","","","","","","","","","","","","","","","","","","","","","","","","","","","","","","","","","","","","","","","","","","","","","",x,"","","","","","","","","","","","","","","","","","","","",Biodiversity; Food,"","","",Review,"",No,"",""
524,Spiegelberg 2017,"Unfolding livelihood aspects of the Water–Energy–Food Nexus in the Dampalit Watershed, Philippines",Consensus,South-eastern Asia,Philippines,Subnational >100 km² (watershed),Challenge #3 – Nexus Governance Challenge (effective governance of the nexus) ,"","",X,"","","","","","","","","","","","","","","","","","","","","",X,"","","","","","","","","","",X,"","","","","","","","","","","","","","","","","","","","","","","","","","","","","","","","","","","","","","","","","","","","","","","","","","","","","","","","","","","","","","","","","","","","","",No,"",Other: Integrated lake bassin approach,"",Legal and Regulatory Instruments,"Zoning and management plans, ","","",Private; Civil Society; NGOs; Governments,"Fishers, farmers, Laguna lake development authority, Makiling forest reserve, university of the Philippines Los Banos', municipalities, NGO samalup, FARMC, BFAR","","",Food; Water,"",Energy,"",Empirical,"",No,"","This paper uses a social network analysis to analyse the links between farmers and fishermens of the Dampalit watershed, and with institutional actors (university, municipality gov agencies) throught the WEF nexus. "
523,Larcom 2017,"Regulating the water-energy-food nexus: Interdependencies, transaction costs and procedural justice",Consensus, Northern Europe,United Kingdom of Great Britain and Northern Ireland,Subnational >100 km² (watershed),Challenge #1 - Nexus Complexity Challenge (addressing and embracing nexus complexity); Challenge #2 – Nexus Values Challenge (considering multiple values and trade-offs); Challenge #3 – Nexus Governance Challenge (effective governance of the nexus) ,"","","","","","","","","","","","","","","","","","","","","","","","","","","","","","","","","","","","","","","","","","","","","","","",X,"","","","","","","","","","","","","","","","","","","","","","","","","","","","","","","","","","","","","","","","","","","","","","","","","","","","","","","","","",No,Transaction costs mentioned as a barrier,Hierarchical Governance; Community Governance; Other: decentralised governance ,"",Legal and Regulatory Instruments; Social and Cultural Instruments,"","","",Private; NGOs; Regional Organisations; Governments,"private landowners, UK government, West Devon, Teighnbridge and South Hams, Devon County Council, Dartmoor Commoners
Council, Dartmoor Preservation Association, Dartmoor Farmers Association, Duchy of Cornwall, British Hydropower Association, Dartmoor National Park Authority, the Dartmoor Society, the Council for the Preservation of Rural England (CPRE), the Council for British Archaeology","","",Food; Water,"",Equity; Energy; Other: procedural justice,"",Empirical,Qualitative analysis,Yes,Good case study for a specific regulatory setting (but only for water and food).,"Paper conclusion: ""We conclude that while regulators have much to learn from nexus analysis, in particular the identification and quantification of interconnections and interdependencies, the nexus does not
require a radical overhaul of regulatory and governance frame-works as some have suggested"" and ""Our analysis has shown
how a highly decentralised and fragmented regulatory framework with different sources of authority and competing objectives has
effectively dealt with each component of the nexus and its interactions through a process largely based on procedural justice""."
520,Weitz 2017,Closing the governance gaps in the water-energy-food nexus: Insights from integrative governance,Consensus,Not applicable (no specific spatial location),"",Not applicable (no specific spatial location),Challenge #1 - Nexus Complexity Challenge (addressing and embracing nexus complexity); Challenge #2 – Nexus Values Challenge (considering multiple values and trade-offs); Challenge #3 – Nexus Governance Challenge (effective governance of the nexus) ,"","","",X,"","","","","","","","","","",X,X,"","",x,x,"","","",X,"",x,"","","","","","","","","",X,X,"",x,x,X,X,X,"",x,"","","","","","","","","","","","","","","","","","","","","","",x,"","","","","","","","",x,"","","","","","","","","","","","","","","","","","","","","","","","","",x,"","",No,"","Other: Adaptive governance, integrative environmental governance","",Legal and Regulatory Instruments; Economic and Financial Instruments; Social and Cultural Instruments,"eco-atxes, tradable permits, eco-labels, voluntary agreements, green criterias, network building","The papers discuss of the interactions between policy intruments, what they call policy mixes","","","","","",Food; Water,"",Energy,"",Review,"",No,"","The paper review the literature focusing on three main gaps of the WEF nexus: cross-sector coordination, dynamics of coordination and political and cognitive factors of change. "
517,Howarth 2017,Opportunities for knowledge co-production across the energy-food-water nexus: Making interdisciplinary approaches work for better climate decision making,Consensus, Northern Europe,"",National (whole country),Challenge #1 - Nexus Complexity Challenge (addressing and embracing nexus complexity); Challenge #2 – Nexus Values Challenge (considering multiple values and trade-offs); Challenge #3 – Nexus Governance Challenge (effective governance of the nexus) ; Challenge #4 – Nexus Financial Challenge (ensuring adequate financing for the nexus),"","",x,"","","","","","","","","",x,"",x,"",x,"",x,"","","","",x,x,"",x,"","","","","","",x,"",x,"","","","","",x,"","","","","",x,x,"",x,"","","","",x,"","","","","","","","","","","","","",x,"","","",x,"","","","","",x,"","","","","","","","","","","","",x,"","",x,"","","","","","","","Clarifying what we consider as a cost, resilience and efficiency to enable flexible planning and procedures, complementary and flexible mechanisms and institutions able to operate swiftly when needed, innovation to decentralise decision making to better manage tailored case-by-case solutions to cope with nexus shocks","",No,"",Other: Multi-level governance,"","","","","",Private; Media; Funders; Academia; NGOs; Regional Organisations; Multilateral Organisations; Governments; Other: Policy makers and practitioners,"","","",Food; Water,"",Energy,"",Empirical,"",No,"It doesn't assess a particular intervention, workshop participants were brought together from across sectors and communities to facilitate constructive dialogue on possible challenges and solutions to the impacts of climate and weather related shocks to the nexus.",""
510,Abbott 2017,Examining the food–energy–water and conflict nexus,Consensus,Not applicable (no specific spatial location),"",Not applicable (no specific spatial location),Other: Political instability,"""This short review is focused on the key observation....there is a positive, and statistically
significant, relationship observed in a simple bivariate
comparison of FEW insecurity and political instability""","","",x,"","","","","","","","","","","","","","","",x,"","","","","","","","","","","","","","","","","","","","","","",x,"","","","","","","","","","","","","","","","","","","","","","","","","","","","","","","","","","","","","","","","","","","","","","","","","","","","","","","","","","","","","Effectiveness of water governance, Information exchange","Political stability, Social stability, Being ill-prepared for climate change, Lack of understanding around whether resources are better spent reducing the fragility of all at-risk countries or developing rapid response capabilities for emerging crises, Resources that cross borders (eg. freshwater)","","",Other: multilateral governance/international cooperation,"",Legal and Regulatory Instruments,"The establishment of food policy to mitigate the impact of price shocks to the urban population, water allocation treaties","Although this was a promise of the paper, not many were really delivered.","","",None mentioned. ,"","",Food; Water,"",Energy; Other: Political instability,"",Opinion,"",No,"Not assessing an intervention, the paper shows the relationship between the food-water-energy nexus and political instability ",""
508,Artioli 2017,The water-energy-food nexus: An integration agenda and implications for urban governance,Consensus,Not applicable (no specific spatial location),"",Not applicable (no specific spatial location),Challenge #1 - Nexus Complexity Challenge (addressing and embracing nexus complexity); Challenge #3 – Nexus Governance Challenge (effective governance of the nexus) ,"The main goal of the paper is to explore how to advance in WEF nexus in the urban context; thus I would say it softly explores many challenges but the main one is to apply the concept in a specific scale/context (i.e.urban), thus I checked the first box.","","","","","","","","","","","","","","","","","","","","","","","","","","","","","","","","","","","","","","","","","","","","","","","","","","","","","","","","","","","","","","","","","","","","","",X,"","","","","","","","","","","","","","","","","","","","","","","","","","","","","","","","","","local governance,",No,Is the difficulty to incorporate the concept in local government a barrier?,"","The paper does not focus on a specific governance approach, but discuss governance issues.",Legal and Regulatory Instruments; Economic and Financial Instruments,"","","making the nexus discussion in a broader perspective, scaling to the urban context the nexus concept usually discussed at the global scale.",Private; Civil Society; Academia; Governments,"","","",Food; Water,"",Energy,"",Perspective,"",No,"",""
504,deLoë 2017,Rethinking water governance: Moving beyond water-centric perspectives in a connected and changing world,Consensus,Not applicable (no specific spatial location),"",Not applicable (no specific spatial location),Challenge #3 – Nexus Governance Challenge (effective governance of the nexus) ,"Focusses on the problem of ""water-centric"" approaches. Also identifies watershed boundaries as potentially inappropriate.","","",x,x,"","","","","","","",x,"","","","","","",x,"","","",x,x,"",x,"","","","","","","","",x,X,"","","",X,"","",x,"","","",x,"","","","","","","","","","","","","","","","","","","","","","",X,"","","","",x,"","","","","","","","","","","","","","","","","","","","","","","","","","","","","Lack of political will, corruption, path dependency, transaction costs, boundary settings",No,"Enhancing transparency, increasing accountability, engaging the public more effectively, reforming institutions, and focusing more on incentive structures is important. Political and social transaction costs identified as barriers.","Hierarchical Governance; Network Governance; Other: Adaptive governance, polycentric governance, multi-level governance",Polycentric governance and Multi-level governance interpreted as Hierarchical and Network governance. Path dependency identified as a barrier. External connections important but need to  be strategic. ,Legal and Regulatory Instruments; Economic and Financial Instruments; Social and Cultural Instruments,None specifically,Water-centric policy approaches,Exposure of financial institutions and investors to risks,Private; Funders; Civil Society; Academia; NGOs; Regional Organisations; Multilateral Organisations; Governments,"","",No specific actors discussed,Food; Water,"",Equity; Poverty; Economic growth; Indigenous values and knowledge; Energy,"",Review; Perspective,"",No,Hard to find specific examples in this paper. ,""
501,Bouman-Dentener 2017,Women's agency in water governance: Lessons from the water and health nexus in Armenia and Ukraine,Consensus,Western Asia; Eastern Europe,Armenia; Ukraine,National (whole country),Challenge #3 – Nexus Governance Challenge (effective governance of the nexus) ; Challenge #4 – Nexus Financial Challenge (ensuring adequate financing for the nexus),"","","","","","","","","","","","","","","","","","","","","","","","","","","","","","","","","","",X,"",X,"",X,"","","","","","","","","","","","",X,"","","","","","","","","","","","","","","","","","","","","","",X,"","","","","","","","","","","","","","","","","","","","","","","","","",X,X,"","","",Yes,Trust discussed as a barrier,"Community Governance; Other: Human Rights-based Approach (RBA), Participatory Water Governance",Discusses the Protocol on Water and Health was adopted by the parties UNECE Water Convention,Legal and Regulatory Instruments; Rights-Based Instruments and Customary Norms,Human-rights based approaches,"","",Private; Civil Society; NGOs; Multilateral Organisations; Governments,Armenian Women for Health and Healthy Environment; MAMA-86 (Ukraine); NECE Water Convention  ,"","",Health; Water,"",Equity; Other: Gender,"",Perspective,"",No,"",""
498,Sperling 2018,"Cities and “budget-based” management of the energy-water-climate nexus: Case studies in transportation policy, infrastructure systems, and urban utility risk management",Consensus,Northern America; Western Europe,"UK, USA",Local >1 km² to 100 km² (neighbourhood to municipality); Subnational >100 km² (watershed),Challenge #3 – Nexus Governance Challenge (effective governance of the nexus) ; Challenge #4 – Nexus Financial Challenge (ensuring adequate financing for the nexus),"","",X,X,"","",X,"","","",X,"","","",X,"","","","","","","","","","","","","","","","","","",X,"",X,"",X,"",X,"","","","","","","","",X,"",X,"","","","","","","","","","","","","","","",X,X,"",X,"","","","","","","","","",X,"","","","","","",X,"","","","","","","","","","",X,"",X,"","","","Designing carbon budget programs to avoid hindering population or economic growth, availability of information and expertise, policy and technical considerations at the local and regional levels, provide financial support and technical advice, carbon budgets setting mandatory, public outreach campaigns, meeting with customer groups, clearly define the boundaries of resources and user groups, devise rules that are congruent with local ecological conditions, involve resource users in developing and modifying rules, devise accountability mechanisms, apply graduated sanctions for violations, establish/use low-cost mechanisms for conflict resolution, allocate authority at multiple levels from local to global (nesting), employ a mixture of institutional types with local collective choice arrangements not challenged by larger government agencies, address participation rates","Inability to address cross-sector infrastructure issues (measurement of only transport emissions), ""Water is taken much more seriously than carbon in budget-based programs""","",The significant transboundary water requirements for energy and food production were ignored from the analysis,"","",Legal and Regulatory Instruments; Economic and Financial Instruments,"UK Local Carbon Framework, UK Department of Energy and Climate Change,  Carbon Reduction Delivery Plan (UK), the Low Carbon Cities program (UK), Sustainable Communities and Climate Protection Act (US), California Environmental Quality Act","","",Private; Civil Society; Regional Organisations; Multilateral Organisations; Governments; Other: Environmental Commissions,"UK Department for Communities and Local Government (DCLG), State of California’s Air Resources Board, US Federal Government, California Strategic Growth Council, UK Department for Environment Food and Rural Affairs, Stockholm Environmental Institute, Southern California Association of Governments,  Metropolitan Transportation Commission (MTC), Sacramento Council of Governments (SACOG), San Diego Association of Governments (SANDAG), The State of California Air Resources Board","","",Climate; Water,"",Energy,"",Review,"",Yes,"","The article reviews two sets of cities and metropolitan region programs; those with carbon budgets and those with water budgets. The article reviews thirteen cities: eight implementing carbon budget programs and five implementing water budget programs. The objective was to review carbon and water budget programs as separate programs and suggest improvements in baseline measurements, modeling effectiveness of interventions, and governance. "
491,Seeliger 2018,"Applying the water-energy-food nexus to farm profitability in the middle breede catchment, South Africa",Consensus,Sub-Saharan Africa,Southern Africa,Subnational >100 km² (watershed),"Challenge #1 - Nexus Complexity Challenge (addressing and embracing nexus complexity); Challenge #2 – Nexus Values Challenge (considering multiple values and trade-offs); Challenge #4 – Nexus Financial Challenge (ensuring adequate financing for the nexus); Challenge #5 – Nexus Knowledge and Scaling Challenge (ensuring adequate data, information, and monitoring)","","",x,"",x,"",x,"",x,"","","","",x,"","","","",x,"",x,"",x,"",x,"","","","","","","","","","","","","","","",x,"","",x,"","","","",x,"",x,"","","","","","","","","","","","","","","","","","","","","","","","","","","","","","","","","","","","","","","","","","","","","","","","","","","","","","",No,"","","The article primarily discusses the adoption of a gravity-led piped irrigation system and its potential impact on farm profitability and water-energy-food nexus issues. While it mentions the role of governance in managing water resources and infrastructure, it does not explicitly propose or assess specific governance approaches as solutions to the nexus challenges.","","",The article does not explicitly mention or discuss specific policy instruments to operationalize the response options proposed or assessed.,The article does not explicitly mention or discuss specific leverage points or levers in the context of changing social-ecological systems or addressing nexus challenges.,Private; Civil Society; Academia; NGOs; Governments,"Farmers and irrigation board members
Government agencies
Water specialists
Emerging farmers
Producers
Cellars
Researchers","","",Food; Water,"",Economic growth; Indigenous values and knowledge; Energy,"",Modelling,"",Maybe,"",""
488,Branche 2018,The multipurpose water uses of hydropower reservoirs: The SHARE concept ,Consensus,Sub-Saharan Africa; Latin America and the Caribbean; Northern America; Southern Asia; Australia and New Zealand,Peru; Costa Rica; United States of America; France; Cameroon; Niger; Nepal; India; China; Australia,Subnational >100 km² (watershed),Challenge #3 – Nexus Governance Challenge (effective governance of the nexus) ,"","","","","","","","",x,"",x,"",x,"",x,"","","","",x,"","","","","","","","","","","","","",x,"",x,"","","",x,"","","","","","","",x,"","",x,"","","","","","","","","","","","","","","","","","","","",x,"","","",x,"","","","","","","","","","","","","","","","","","","",x,"","","","","","","","Sustainability approach for all users, Higher efficiency and equity among sectors, Adaptability for all solutions, River basin perspectives for all, and Engaging all stakeholders",Political commitment,No,"",Community Governance,"",Economic and Financial Instruments,"The SHARE concept, Water saving conventions","","",Private; NGOs; Multilateral Organisations; Governments; Other: Hydropower utilities,"","","",Biodiversity; Climate; Food; Water,"","Equity; Economic growth; Energy; Other: Tourism, resilience, social cohesion","",Review,"",Yes,"Multipurpose water uses of hydropower reservoir - governance recommendations are all about stakeholder engagement aligning with a set of principles which the authors call the ""SHARE concept"".",""
475,Avellán 2018,Considering Resources Beyond Water: Irrigation and Drainage Management in the Context of the Water–Energy–Food Nexus,Consensus,Not applicable (no specific spatial location),"",Not applicable (no specific spatial location),"Challenge #1 - Nexus Complexity Challenge (addressing and embracing nexus complexity); Challenge #5 – Nexus Knowledge and Scaling Challenge (ensuring adequate data, information, and monitoring); Other: Lack of capacity","","","",x,"","",x,"","","","","","","","","","","",x,"",x,"","",x,x,"",x,"","","","","","","",x,"","","","","","",x,"","","","","",x,x,"",x,"",x,"","","","","","","","","","",x,"","","","","",x,"","","","","",x,"","","","","","","","","","",x,"","","",x,"","","","",x,"","","","","","","","Active stakeholder involvement, incentives, capacity building, ","Increasing pressures on environmental resources, risks (climate change, droughts, declining groundwater resources, and salinization), poor water use efficiency","","",Community Governance,"",Legal and Regulatory Instruments; Economic and Financial Instruments,"","","Water, energy and fertilizer management practices at plot level are key levers for improvement",Private; Civil Society; Regional Organisations; Multilateral Organisations; Governments,"","","",Climate; Food; Water,"",Energy,"",Perspective,"",No,"","This paper is based upon recent discussions before and during the 2nd World Irrigation Forum in Chiang Mai, Thailand. This paper takes stock of current knowledge and analyses the most recent trends in water, irrigation and the environment."
470,Collier 2018,"System Properties Determine Food Security and Biodiversity Outcomes at Landscape Scale: A Case Study from West Flores, Indonesia",Consensus,South-eastern Asia,Indonesia,Local >1 km² to 100 km² (neighbourhood to municipality),Challenge #1 - Nexus Complexity Challenge (addressing and embracing nexus complexity),"","",x,"","","",x,"","","","","","","","","","","","",x,"","",x,"",x,"","","","","","","","",x,"","","",x,"","","","","","","","","","","","",x,"","","","","","",x,"","","","","","","","","","","",x,"",x,"","","",x,"","","","","","","","","","",x,"","","","","","","","",x,"",x,"",x,"",x,"",Social-ecological systems of ‘win-win’ landscapes are composed of strong social capital and enabling infrastructure,"Access by road and the remoteness of the landscape are barriers to increasing this income stream. The poor road quality is an impediment to accessing the landscape, but it may also be a barrier to expanded exploitation of natural resources in the area.",No,"These enablers and barriers fell under three clusters in the analysis: ""Cluster one focussed on agriculture and improving production sensu ‘sustainable intensification’. Cluster two focussed on improving the nodes of the natural system, but in a relatively holistic fashion by trying to harmonise natural asset protection with agriculture. Cluster three—perhaps the most important—identified institutions, infrastructure, and processes as important nodes that we suggest would enable the system to improve along its technical and biophysical dimensions.""",Network Governance; Community Governance,"",Legal and Regulatory Instruments,NRM (Natural Resource Management) agreement: a multi-village landscape management agreement brokered by Burung Indonesia focussed on both biodiversity conservation and agriculture.,"","",Private; Funders; Civil Society; NGOs; Governments; Other: Farmers, James Cook University; Burung Indonesia (bird conservation group affiliated with Birdlife International).,"","",Biodiversity; Food; Water,"",Equity; Poverty; Economic growth; Education,"",Empirical,Cluster analysis ,Yes,A graphical representation of the Mbeliling district (Indonesia) food-biodiversity nexus was created by local experts.,""
466,Mochizuki 2018,Games for aiding stakeholder deliberation on nexus policy issues,Consensus,Not applicable (no specific spatial location),"",Not applicable (no specific spatial location),Challenge #1 - Nexus Complexity Challenge (addressing and embracing nexus complexity); Challenge #2 – Nexus Values Challenge (considering multiple values and trade-offs); Challenge #3 – Nexus Governance Challenge (effective governance of the nexus) ,"","",X,X,"","","","",X,X,"","",x,x,"","","","",X,X,"","","","","","","","","","",X,X,"","","",X,"","","",x,X,"","","","","","","","","","","","","","","","","","","","","","","","","","",X,"","","",x,x,"","",x,x,"","","","","","","","","","","","","","","",X,X,"","","","","","","","","","","",No,"",Hierarchical Governance; Market Governance; Network Governance,"The authors rather speak of ""regimes"" and not governance approaches",Legal and Regulatory Instruments; Economic and Financial Instruments,"Subsidies, cost-benefit analysis, regulations on harvesting, ","","","","","","",Biodiversity; Food; Water,"","Energy; Other: Soi, Waste","",Perspective,"",No,"","The paper describes 3 integrated serious games that adress nexus issues, applied to flood/drougt risk and forest management. It presents the rules of the games, and describe what insights these games can bring to nexus issues"
465,Kurian 2018,Governance of water-energy-food nexus: A social network analysis approach to understanding agency behaviour,Consensus,Not applicable (no specific spatial location),"",Not applicable (no specific spatial location),Challenge #3 – Nexus Governance Challenge (effective governance of the nexus) ,"","","","","","","","","","","","","","","","","","","","","","","","","","","","","","","","","","",X,"",X,"","","",X,"","","","","","","","","","",X,"","","","","","","","","","","","","","","","","","","","","","","","","","","","","","","","","","","","","","","","","","","","","","",X,"",X,"",X,"","capacity to implement policy, critical mass of interests to permit collective action, capacity to create interlinkages among actors",No,"",Hierarchical Governance; Network Governance; Community Governance; Other: multi-level governance,"","","",No specific policy instruments discussed,"",Private; Governments,"","","",Food; Water,"",Energy,"",Perspective,"",No,"",Paper is really just a perspective on the use of social network analysis in understanding the nexus
462,Harwood 2018,In search of a (WEF) nexus approach,Consensus,South-eastern Asia,Thailand,Subnational >100 km² (watershed),Challenge #1 - Nexus Complexity Challenge (addressing and embracing nexus complexity); Challenge #3 – Nexus Governance Challenge (effective governance of the nexus) ,"","","","","","","","","","","","",x,"",x,"","","",x,"","","","",x,"","","","","","","","","","","","","","","","","","",x,x,"","","","","","","","","","","","","","","","","","","","","","","","","","","","","","","",x,"","","","","","","","","","","","","","","","","","","","","","","","","","","","","","","",Hierarchical Governance; Market Governance,"",Legal and Regulatory Instruments,"","","",Private; Academia; Governments,Mekong River Commission ,"","",Food; Water,"",Energy,"",Conceptual/theoretical,"",No,"While there is a case study, it is still conceptual (through the Cybernetic Methodology, a Problem Structuring Method)",""
461,Schmidt 2018,From state to system: Financialization and the water-energy-food-climate nexus,Consensus,Not applicable (no specific spatial location),"",Not applicable (no specific spatial location),Challenge #3 – Nexus Governance Challenge (effective governance of the nexus) ,"","","","","","","","","","","",X,"","","","","",X,"","","","","","",X,"","","","","","","","","","","","","","",X,"","","","","","","","",X,X,X,X,"","","","","","","","",X,X,"","","","",X,X,"","","","","","","","","","","","","","","","","","","",X,"","","","","","","","","","","","","","","","","",No,"","Hierarchical Governance; Other: system governance, integrated water resources management","",Economic and Financial Instruments,"","","",Private; Funders; Multilateral Organisations; Governments,"development funders, corporate banking, municipalities, regional agencies, world bank, international finance corporation, regional development bank","","",Climate; Food; Water,"",Energy,"",Review,"",No,"",Focuses on the role of global finacial networks in the nexus: it reviews the strength and weaknesses of financing global initiatives
460,Newell 2018,Governing food and agriculture in a warming world,Consensus,Sub-Saharan Africa,Kenya,National (whole country),Challenge #1 - Nexus Complexity Challenge (addressing and embracing nexus complexity); Challenge #2 – Nexus Values Challenge (considering multiple values and trade-offs); Challenge #3 – Nexus Governance Challenge (effective governance of the nexus) ,"","","",X,"",X,"","","","","","","","","",X,"",X,"","","","","","",X,X,"","","","","",X,"","","","",X,"",X,"","","",X,"","","","","","","","",X,"","","","","","","","","","","","","","","",X,"","","","","","","","","","","","","","","","","","","","","","","","","","","","","","","","","","","","","",No,"","","",Economic and Financial Instruments,Funding from international development aid,"","",Funders; Regional Organisations; Multilateral Organisations,"Multilateral development banks, Comprehensive African Agricultural Development Programme, FAO, World bank, CGIAR, new economic partnership for african development, National and county governments","","",Biodiversity; Climate; Food; Water,"",Equity; Energy,"",Review; Empirical,"",Maybe,"","Focus on the power dynamics that shape Climate smart agriculture in Kenya, and the tensions between international funders and national/subnational actors"
456,Hunt 2018,"Comparison between seasonal pumped-storage and conventional reservoir dams from the water, energy and land nexus perspective",Consensus,Latin America and the Caribbean,Brazil,National (whole country),Other: Physical Energy Storage Challenge,"","","","","","","","","","","","","",x,"","","","","","","","","","","","","","","","","","","","","","","","","","","","","","","","","",x,"","","","","","","","","","","","","","","","","","","","","","","","","","","","","","","","","","","","","","","","","","","","","","","","","","","","","","","","","","","","","",Economic and Financial Instruments,"","","",Private,"","","",Biodiversity; Climate; Water,"",Energy; Other: Land,"",Review; Empirical,"",No,"Not so much about an intervention rather a comparison of how energy and water storage services, such as hydropower generation, electricity grid and water management, are provided with Seasonal Pumped-Storage (SPS) and Conventional Reservoir Dams (CRD) plants in Brazil. ",""
453,Al-Saidi 2018,"Institutional arrangements for beneficial regional cooperation on water, energy and food priority issues in the Eastern Nile Basin",Consensus,Sub-Saharan Africa,Egypt; Sudan; Ethiopia,"Regional (multiple countries, whole continents)",Challenge #1 - Nexus Complexity Challenge (addressing and embracing nexus complexity),"","",x,"","","",x,"","","","","","","","","",x,"",x,"","","","",x,x,"","","","","","","","","","","","",x,"",x,"",x,"",x,"","","",x,"","",x,"","","","","","","","","","","","","","","","","","","",x,"","","","","","","","","","","","","","","","","","","","","","","","","","","","","","","","","Trust, benefit-sharing, cooperation",Climate change or variability risk,No,"",Network Governance,"",Legal and Regulatory Instruments; Social and Cultural Instruments,"Transboundary cooperation (resource/water basin integration, transboundary water/nexus cooperation, regional economic community, sector based bilateral or multilateral cooperation)","No specific instrument proposed, but the situation was assessed","We argue that thinking of water basins as resource basins can help approximate to the WEF Nexus idea on a basin level, and it adds cooperation issues and negotiation leverage.",Private; Funders; Civil Society; Regional Organisations; Multilateral Organisations,"All of the above were mentioned - interviewers were with people from working in ministries, research institutes or universities, the Eastern Nile Technical Regional Office, the Egyptian Embassy in Ethiopia, and independent consultants","","",Food; Water,"",Energy,"",Empirical,Through surveys,Maybe,"It is a case study, but there is no specific one response option - but would be a good reference for the need for trans-boundary cooperation. ",The paper is all about enhancing trans-boundary cooperation. 
446,Pardoe 2018,Climate change and the water–energy–food nexus: insights from policy and practice in Tanzania,Consensus,Sub-Saharan Africa,Tanzania,National (whole country),"Challenge #3 – Nexus Governance Challenge (effective governance of the nexus) ; Challenge #4 – Nexus Financial Challenge (ensuring adequate financing for the nexus); Challenge #5 – Nexus Knowledge and Scaling Challenge (ensuring adequate data, information, and monitoring)","","",X,"","","","X
","","","","","","","",X,"",X,X,"","","","","","","","","","","","","","","",X,"",X,"","",X,X,"","","","","","","","","","","",X,"","","","","","","","","","","","","","","","","","","","","","","","","","","","","","","","","","","","","","","","","","","","","","","","","","","",Data sharing,The emphasis on formal modes of contact,No,"Coordinated approaches are mostly valued as enabler

""The 'Level of alignment with international priorities' is considered an enabler because Tanzania has received support from external agents. However, it can also be seen as a barrier because climate change is often considered an externally derived priority.""

A power imbalance between the energy sector, agriculture and water, limits cross-sectoral collaboration and is considered a barrier.",Hierarchical Governance,"",Legal and Regulatory Instruments,"Food and Nutrition Policy, National Energy Policy, Agricultural Sector Development Strategy, National Water Policy, National Energy Policy, National Irrigation Master Plan, Agricultural Sector Development Programme, National Water Sector Development Strategy, Electricity Act, National Irrigation Policy Draft, Water Resources Management Act, Livestock Sector Development Programme, SAGCOT Investment Blueprint, Tanzania Agriculture and Food Security Investment Plan, Energy Strategic Plan, EIA Guidelines for Energy Sector, Power System Master Plan, National Agriculture Policy, Big Results Now - Agriculture, Natural Gas Policy, National Irrigation Act, Water Resources Management Strategic Interventions and Action Plan for Climate Change Adaptation, Agriculture Climate Smart Resilience Plan, Electricity Supply Reform Strategy Roadmap, Water Sector Development Programme Phase II, Climate Smart Agriculture Programme, Draft Energy Policy, National Energy Policy, Agriculture Sector Development Programme Phase II.","","",Private; Academia; NGOs; Other: Research organisations,"","","",Climate; Food; Water,"",Energy,"",Review; Empirical,"",Maybe,"",""
437,Liu 2018,China's environment on a metacoupled planet,Consensus,Eastern Asia,China,National (whole country),Challenge #1 - Nexus Complexity Challenge (addressing and embracing nexus complexity); Challenge #3 – Nexus Governance Challenge (effective governance of the nexus) ,"","",x,"","","",x,"","","","","",x,"","","",x,"","","","","","","",x,"","","","","","","","","","",x,"","","","","","","","","","",x,"","","",x,"","","","","","","","","","","","","","","","","","","","","","","","","","","","","","","","","","","","","","","","","","","","",x,"","","","","","","","""The new integrated framework of metacoupling can account for human-environment interactions within a specific place, between adjacent places, and between distant places""","""Water shortages remain a big barrier to economic and environmental sustainability""",No,"",Hierarchical Governance,"","Legal and Regulatory Instruments; Economic and Financial Instruments; Other: They pitch ""nexus approaches"" and ""flow centered governance""","Two main strategies: (a) nexus approaches (linking various aspects of the environment and human dimensions), and (b) flow centered governance (connecting movement of material, energy, information, people, capital, and organisms across different regions within China as well as between China and other countries nearby and far away)","","",Civil Society; Governments,The Chinese Government,"","",Biodiversity; Climate; Water,"",Economic growth; Energy,"",Review,"",No,"",""
435,Wiegleb 2018,"What is driving the water-energy-food nexus? Discourses, knowledge, and politics of an emerging resource governance concept",Consensus,Not applicable (no specific spatial location),"",Not applicable (no specific spatial location),Challenge #1 - Nexus Complexity Challenge (addressing and embracing nexus complexity); Challenge #2 – Nexus Values Challenge (considering multiple values and trade-offs); Challenge #3 – Nexus Governance Challenge (effective governance of the nexus) ,"","","","","","",X,"","","","","",x,x,"","","","",x,x,"","","",x,"","","","","","","","","","","",X,"","",X,X,"",x,x,"","","","","","","","","","","","","","","",x,x,"",X,"","","","","","","","","",x,x,"","","","","","","","","","","","","",X,"","","","","","","","","","","","","","","","","socio-political  and historical context of nexus, transparency of governance, ","",No,"","","",Economic and Financial Instruments,market instruments (pricing signals),"","",Multilateral Organisations; Governments,"UN, FAO, IPCC, SDG, World economic forum","UN, FAO, IPCC, SDG, World economic forum","",Food; Water,"",Equity; Poverty; Indigenous values and knowledge; Energy; Other: Power relations,"",Review,"",No,"","The paper proposes a critical analyses of the WEF nexus using discourse analysis: it questions the web of interests,  powers, ideologies which underpin the nexus approaches. it opposes technical-managerial nexus framing to more critical social science framing focusing on equity, poverty.  I found the paper super useful and inspiring for the analyses of our database. "
432,Romero-Lankao 2018,"Interdependencies and Risk to People and Critical Food, Energy, and Water Systems: 2013 Flood, Boulder, Colorado, USA",Consensus,Northern America,USA,Subnational >100 km² (watershed),Challenge #1 - Nexus Complexity Challenge (addressing and embracing nexus complexity); Challenge #2 – Nexus Values Challenge (considering multiple values and trade-offs); Challenge #3 – Nexus Governance Challenge (effective governance of the nexus) ,"","",X,"","","",X,"","","",X,"","","",X,"","","","","","","","","","","","","","","","","","",X,"",X,"","","",X,"","","",X,"","","","","","","","","","","","","","","","","","","","","","","","","",X,"",X,"","","",X,"","","","","",X,X,"","","",X,"","","","","",X,"","","","",X,"",X,"","","","Zoning regulations and development restrictions, existence of an integrated Office of Emergency Management, relationships built between organizations and actors within domains, additional hiring process based on flexibility and adaptability to alleviate some of the stresses of the response and recovery phases, implementation of adaptation strategies","Structural sociodemographic factors (race, language barriers, isolation, minority status) as risk-amplifying factors related to higher levels of vulnerability among some of the elderly/disabled/Latino/lower-income populations, unequal distribution of resources and assets such as secured land and affourdable housing",No,"",Hierarchical Governance; Community Governance,"",Legal and Regulatory Instruments; Economic and Financial Instruments,"","","","Private; Funders; Civil Society; Academia; Governments; Other: Authors applied interviews, but defined the actors as ""stakeholders from the social-institutional and infrastructural realms""","","","",Health; Food; Water,"The author focuses on critical infrastructures, including governance, electric power, natural gas, oil, water supply, and food and agriculture. They also acknowledge the importance of transportation, telecommunications, health, emergency, and other services. Therefore, they suggest the term ""critical FEW systems"" to encompass both FEW and other systems. These networks interact, communicate, and exchange inputs and outputs, such as water and energy resources, services, food and other products, as well as information like weather forecasts and emergency response guidelines.","Equity; Poverty; Energy; Other: Emergency response, Infrastructure, Public health, Flood recovery","",Conceptual/theoretical; Empirical; Modelling,"",Maybe,"",""
431,Tejada 2018,"Seeing land deals through the lens of the ‘land–water nexus’: the case of biofuel production in Piura, Peru",Consensus,Latin America and the Caribbean,Peru,Subnational >100 km² (watershed),Challenge #1 - Nexus Complexity Challenge (addressing and embracing nexus complexity); Challenge #3 – Nexus Governance Challenge (effective governance of the nexus) ,"","","",X,"","","","","",x,"","","","","",x,"",x,"","","","","","","",x,"","","","","","","","","","",x,"",x,"","","",x,"","","","","","","","",x,"","","","","",x,"","","","","","","",x,"","","","","","","","","","","",x,"","","","","","","","","",x,"",x,"","","","","","","","",x,"",x,"",x,"","insufficient regulatory capacity (institutional), access to fundings for small-scale farmers, access to authorities ",No,"",Hierarchical Governance,"",Legal and Regulatory Instruments; Rights-Based Instruments and Customary Norms; Economic and Financial Instruments; Social and Cultural Instruments,"property rights, coercive mechanisms (intimidation), constitution, law on land titling, law on water, efficiency certificate, discourse about water abundance and agriculture potential","Most of the instruments listed in the study are not supporting the nexus, but rather preventing it (by creating more inequities)","",Private; Funders; Civil Society; IPLCs; Multilateral Organisations; Governments,"foreign investments, large-scale investors, local authorities, artisanal associations, labor unions, religious authorities, municipalities, farmers, pruvian government, world bank, interamerican development bank","","",Food; Water,"",Equity; Other: Land,"",Empirical,"",Yes,Super interesting study case of what to avoid,"The papers analyzes changes in land and water regulations, along with infrastructures, and how they contributed to the concentration of lands in the hands of large biofuel investors. It applies the theory of access developped by Ribot and Peluso (2003), and show how neoliberal reforms, creation of a biofuel market by the state, and powerfuk discourses about agricutlure legitimized the massive transfers of ands from local population to biofuel companies. "
429,Franz 2018,Globalization and the water-energy-food nexus – Using the global production networks approach to analyze society-environment relations,Consensus,Western Europe,Germany,Local >1 km² to 100 km² (neighbourhood to municipality),Challenge #1 - Nexus Complexity Challenge (addressing and embracing nexus complexity),"","",x,"","","","","","","","","","","","","","","",x,"","","","",x,x,"","","","","","","","","","","","","",x,"","","","","","","","","","","",x,"","",x,"","","","","","","","","",x,"","","","","","","","","",x,"","","","","","","","","","","","","","","",x,"","","","","",x,"",x,"",x,"",x,"","Strong collective agency of farmers & agribusiness based on strong network embeddedness & importance of agricultural sector for regional value capture, Lobbying by collective agents of farmers & agri-businesses lowers regulatory risks, Lobbying by collective agents of farmers & agri-businesses & public relations activities to reduce economic risks","Association of farmers & agribusinesses try to belittle environmental & products risks, Collective power of consumers can express itself in a boycott of products, Collective power of consumers and inhabitants of the region can influence the institutional power on national or supranational level, Institutional power can establish stricter enforcement of existing regulations and new regulations",Yes,This infrastructure enabled the import of fertilizers and feedstuff and increased the accessibility of markets − the production network scaled up its reach,Hierarchical Governance,"",Legal and Regulatory Instruments,"Not really an instrument but the ""global production networks"" approach","","",Private; Media; Civil Society; NGOs; Regional Organisations; Multilateral Organisations; Governments,"Owners and operators of biogas plants, farmers, association of farmers & agribusinesses, lobby organizations, service providers, feedmill operators","","",Food; Water,"",Energy,"",Empirical; Other: Survey based,"",No,No intervention assessed,""
428,Stein 2018,Towards a relational understanding of the water-energy-food nexus: an analysis of embeddedness and governance in the Upper Blue Nile region of Ethiopia,Consensus,Sub-Saharan Africa,Ethiopia,Subnational >100 km² (watershed),Challenge #1 - Nexus Complexity Challenge (addressing and embracing nexus complexity); Challenge #3 – Nexus Governance Challenge (effective governance of the nexus) ,"","","","","","","","","","","","","","","","","","","","",x,x,"","","","","","","","",x,x,"","","",X,X,"",X,X,X,"","",x,"","","","","","","","","","","","","","","","","","","","","","","","","","","","","","",X,"","","","","","","","","","","","","","","","","","","","","","","","","","",X,X,"coherence of policies, vertical interactions between leves of governance",fragmentation of policies,No,"",Hierarchical Governance,"","","","","",Private; Funders; Civil Society; Governments,"Federal, regional and local governments, Environemental protecion agency, River basin organisations, sugarcane plantations, hydropower production actors, World bank","","",Biodiversity; Food; Water,"",Energy,"",Empirical,"",Maybe,"","The papers analyzes the interactions between actors (=network structure) and the implications of this embededness for cross-sectoral cooperation, using SNA. They observe a mismatch between policies and governance practices. "
426,SotoGolcher 2018,"Framing and integration in the global forest, agriculture and climate change nexus",Consensus,Not applicable (no specific spatial location),"",Not applicable (no specific spatial location),"Challenge #1 - Nexus Complexity Challenge (addressing and embracing nexus complexity); Challenge #5 – Nexus Knowledge and Scaling Challenge (ensuring adequate data, information, and monitoring)","","","","","","","",X,"","","","","","","","",x,x,"",x,"","","","","","","","","","","",x,"","","","","","","",X,X,"","","","","","","","","",x,"","","","","","",X,"","","","","","","","","",X,"","","","","","","","","","","","","","","","","","","","","","","","","","","","","","","","","","","","degree of legalisation (density and types of norms and rules), policy integration (inclusion of sector-specific objectives, considerations or concerns)","",No,"",Other: integrative governance,"",Legal and Regulatory Instruments; Economic and Financial Instruments,"treaties, resolutions, decisions, codes of conduct from public or private actors,tarde agreements, ecolabeling, certification schemes, traceability standards, voluntary carbon markets, trading systems, REDD+","hard law = legally binding agreements (treaties), soft law = non-legally binding agreements (resolutions, decisions, codes of conduct from public or private actors); Hard and soft laws governing agriculture forests and climate at global scale are detailed in the paper. ","",Funders; Academia; Regional Organisations; Multilateral Organisations; Governments,"UNFCCC, WTO, WFP, FAO, EU, WHO, International tropical timber agreeement, CBD, UNEP, World bank, IUFRO, IPBES, World, Agroforestry Center, ","","",Biodiversity; Climate; Food,"","","",Review; Perspective,"",No,"","The papers analyzes the different instruments for food, forests and climate (separatly), and for cross-sector integration. "
424,Märker 2018,Integrated governance for the food–energy–water nexus – The scope of action for institutional change,Consensus,Western Europe,Germany,National (whole country),Challenge #3 – Nexus Governance Challenge (effective governance of the nexus) ,"","",X,"","","","","","","",X,"",X,"",X,"",X,"","","","","","","","","","","","","","","","","","","","","","",X,"","","","","","","","","","",X,"","","","","","","","","","","","","","","","","","","","","","","","","","","","","","","","","","","","","","","","","","","","","","","","","","","","",High level of horizontal policy integration,"Lack of specified instruments to ensure promoted targets, long-term gols and its difficulty of implementation and monitoring, general underrepresentaiton of cross-sectoral approaches",No,"",Hierarchical Governance,"",Legal and Regulatory Instruments,"German Sustainable Development Strategy (GSDS) of 2016 and Section 90 of the Renewable Energy Sources Act (Erneuerbare-Energien-Gesetz - EEG), Federal Water Act (Wasserhaushaltgesetz - WHG)","56 documents were considered from the following categories: i) german sustainable development strategies, progress and monitoring reports, ii) action plans, iii) legal rules from the energy, water, agriculture, climate, and environmental sectors.","External events (in this case, the adoption of SGDs, which interrupted the former path dependency), according to the authors","Governments; Other: ""Stte and non-state actors and stakeholders""","State Secretaries' Committee for Sustainable Development (StsA), Federal Ministry of Food and Agriculture (BMEL), Federal Ministry for Economic Affairs nd Energy (BMWi), Federal Ministry for the Envornment, Nature Conservation and Nuclear Safety (BMU), ","","",Climate; Food; Water,Mostly Food-Energy-Water,Energy,"",Review; Conceptual/theoretical; Empirical,"",Maybe,"",""
423,Yunusa 2018,"Analysis of the nexus between population, water resources and Global Food Security highlights significance of governance and research investments and policy priorities",Consensus,Not applicable (no specific spatial location),"",National (whole country),Challenge #1 - Nexus Complexity Challenge (addressing and embracing nexus complexity),"","","",x,"","","","","","","","","","",x,x,"","","","","","","","","","","","","","","","","","","","","",x,x,"","",x,x,"","","","","","","","","","","","","","","","","","","","","","","","","","","","","","","","","","","","","","","","","","","",x,"",x,"","","","","","","","","","","","","","","",population growth,No,"","","","","","","","","","","",Food; Water,"","Other: population growth,  corruption","",Empirical,"",No,"","The papers uses different types of second hand data to quantify the correlation between water & food consumption, along with population growth and corruption at global scale. There is no detailed analysis of instruments, and limited information about the enablers / barriers. Not very interesting. "
418,Dombrowsky 2018,Governing the water-energy-food nexus related to hydropower on shared rivers-the role of regional organizations,Consensus,Sub-Saharan Africa; South-eastern Asia,Laos; Rwanda; Tanzania,Subnational >100 km² (watershed),Challenge #3 – Nexus Governance Challenge (effective governance of the nexus) ,"Drawing on regime theory in international relations and the literature on benefit sharing, this paper asks what role regional organizations may play in governing hydropower-related WEF nexus impacts. It compares three cases of hydropower planning on shared rivers. ","","",x,"","","","",x,"","","","","","","",x,"","","","","","","","",x,"","","","","","","",x,"","","","","",x,"","","","","","","",x,"","",x,"","","","","","","","","","","","","","","","","","","","","","","","","","","","","","","","","","","","","","","","","","","","","","","","","","","","","","",No,"","Community Governance; Other: ""Nexus Governance"", ""Collaborative Governance""","",Economic and Financial Instruments; Social and Cultural Instruments,"","","",Private; Media; Funders; Civil Society; NGOs; Governments,"","","",Food; Water,"",Energy,"",Review,"",Yes,There are three case studies in this paper which speak to community/collaborative governance,""
416,Ricart 2019,Ecosystem services and multifunctional agriculture: Unravelling informal stakeholders' perceptions and water governance in three European irrigation systems,Consensus,Southern Europe,"Spain, France, Italy",Local >1 km² to 100 km² (neighbourhood to municipality); Subnational >100 km² (watershed),Challenge #2 – Nexus Values Challenge (considering multiple values and trade-offs); Challenge #3 – Nexus Governance Challenge (effective governance of the nexus) ,"","","","","","","","","","","","",X,"",X,X,"","","","","","","","","","","","","","","","","",X,"",X,"","","","","","","","","","","","","","",X,"","","","",X,"","","","","","",X,"","","","","","",X,"",X,"","","",X,"","","","","","",X,"","","",X,X,"","","","","","","","","","","","","","","","Involvement of different/multiple stakeholders, interaction between public administrations, private services and civil society",Nonbinding nature of political initiatives (Patto per l'Acqua/water alliance),No,"",Hierarchical Governance,"","","","","",Private; Civil Society; Academia; Regional Organisations; Governments,"Ebro Hydrographic Confederation, Catalan Water Agency, Catalan Rural Administration, County offices of the Catalan Rural, Regional Irrigation Office, Catalan Administration Infrastructures, Segarra‐Garrigues Water Company, Segarra‐Garrigues Irrigators' Association, ENDESA, Farmers' Union of Catalonia, Young Farmers Agricultural Association—Lleida Agricultural Employers Association, Catalan Young Farmers and Cattlemen Association, Sant Isidre Agricultural Catalan Institute, Catalan Federation of Agricultural Cooperatives, SEO/BirdLife, Catalan Institution for the Study and Conservation Regional water administration of the Natural Environment, Institute for the Study/ Management and Recovery of Lleida Ecosystems, Environmental Lleida platform, Commitment for Lleida platform, Platform for the Defense of the Ebro river, Regional Department of Territory Hautes‐Pyrénées, Adour‐Garonne Water Agency, Agricultural Regional Administration Hautes‐Pyrénées, Coteaux de Gascogne Management Company, Coteaux Gascogne Irrigation Union, Water User Association La Ribière, Water User Association La Basoïle, Departmental Federation of Farmers' Trade Unions Hautes‐Pyrénées, Peasant Confederation Union Hautes‐Pyrénées, Rural Coordination Union Hautes‐Pyrénées, France Nature Environment Hautes‐Pyrénées, Lombardy Region—Environment/Energy and Networks section, Lombardy Region—Territory and Planning section, Lombardy Region—Agriculture section, Po Water Agency, Muzza Bassa Lodigiana Reclamation Consortium, Adda river Water Consortium, Irrigation, reclamation and land
improvement Regional Union, ENEL Lombardy energy company, General Confederation of Italian Agriculture
Lombardy, Italian Farmers Confederation Lombardy, Coldiretti National Confederation Lombardy, Legambiente Association Lombardy, WWF Lombardy, Italian Forum for Water Platforms","","",Biodiversity; Food; Water,Ecosystem services and Multifunctional agriculture nexus,"","",Review; Empirical,"",No,"",This paper focus on stakeholders' perceptions
409,Simpson 2019,The development of the water-energy-food nexus as a framework for achieving resource security: A review,Consensus,Not applicable (no specific spatial location),"",Not applicable (no specific spatial location),"Challenge #1 - Nexus Complexity Challenge (addressing and embracing nexus complexity); Challenge #5 – Nexus Knowledge and Scaling Challenge (ensuring adequate data, information, and monitoring)","","",X,"","","","",X,"","","",X,"","","","","","","","","",X,"","","",x,"",x,"","","","","","","","","","","",X,X,"","","","","","","","","","","","","","","","","","","","","","","","","",X,X,"","","","","","","","","","","","","","","","","","","","","","","","","","","","","","","","","","","","","","","",Other: Integrated natural resource management,"","","","","","","","","",Food; Water,"","Equity; Poverty; Employment; Energy; Other: Livelihoods,","",Review,"",No,"","The paper review existing literature focusing on te WEF nexus, through an historical approach. One section focuses on the governance considerations "
403,Kimmich 2019,Assessing Action Situation Networks: A Configurational Perspective on Water and Energy Governance in Irrigation Systems,Consensus,Southern Asia; Southern Europe,"Spain, India","Regional (multiple countries, whole continents)",Challenge #3 – Nexus Governance Challenge (effective governance of the nexus) ,"","","","","","",x,"",x,"","","",x,"",x,"","","","","","","","","","",x,"","","","","","","","","","","","","",x,"","","",x,"","","",x,x,"",x,"","","","","","","","","","","",x,"","","","","","","","","","",x,"",x,"",x,"","","","","","","","","","","","",x,"","","","","",x,"","","","","","","","",No,"","","",Legal and Regulatory Instruments; Economic and Financial Instruments,"Infrastructure investment, infrastructure maintenance, subsidisation, infrastructure capacity provision, ","","",Private; Governments,"","","",Food; Water,"",Energy,"",Other: Network analysis,"",No,"The analysis looks at the governance networks of irrigation systems, I think its a stretch to call these addressing the nexus, although technically they do. ",""
400,Shahid 2019,"Integrated irrigation and agriculture planning in punjab: Toward a multiscale, multisector framework",Consensus,Southern Asia,Pakistan,Subnational >100 km² (watershed),Challenge #1 - Nexus Complexity Challenge (addressing and embracing nexus complexity); Challenge #3 – Nexus Governance Challenge (effective governance of the nexus) ,"","",X,"","","",X,"","","","","",X,"",X,"","","","","","",X,"","",X,"","","","","","","","","","",X,"","",X,"",X,"","","","","","","","","",X,"","","","","","","","","","","","","","",X,"","","",X,"","","","","","","","","","","","","","","","",X,"","","","","",X,"","","","",X,"","","","","","Integrated water resources management, multi-objective planning and integrated planning, vertical integration within departments, enactment of a groundwater policy, setting up of a Decision Support System","Relevant government departments functioning in sectoral silos, poor mechanisms for integrating meso-and micro-level stakeholders, Political influence, top-down decision-making",Yes,"At the macro or provincial scale, the competing demands for water between agricultural, domestic, industrial, and environmental uses. At the meso and micro scales (subprovincial district, tehsil, village, and farm) head-tail inequities in water conveyance are the major causes of the yield gap and poor agricultural output. For successful environmental outcomes at the watershed level to be replicated at the basin scale requires robust feedback loops that support both vertical and horizontal institutional linkages that can respond to vagaries of both socioeconomic heterogeneity and also bio-physical change and variability.","","",Legal and Regulatory Instruments,"Punjab Water Policy, Canal and Drainage Act of 1873, Mid-Term Development Framework and the Annual Development Plans, World Bank-assisted Punjab Irrigated-Agriculture Productivity Improvement Project","","",Private; Civil Society; Regional Organisations; Multilateral Organisations; Governments,"Punjab Planning and Development Department, individual farmers and irrigator,  Punjab Agriculture and Irrigation Department,  Provincial Irrigation and Drainage Authority, Department of Agriculture,  The Irrigation Department, Planning Works Department,  Irrigation Department, Pakistan Water and Power Development Authority, Food and Agriculture Commission, Strategic Planning and Reform Unit, Asian Development Bank","","",Food; Water,"",Energy,"",Review; Empirical,"",Maybe,"",""
394,Tankibayeva 2019,Relational equity management in water-energy-food nexus governance the case of the aral sea basin restoration programmes,Consensus,Central Asia,"Kazakhstan, Uzbekistan","Regional (multiple countries, whole continents)",Challenge #1 - Nexus Complexity Challenge (addressing and embracing nexus complexity); Challenge #3 – Nexus Governance Challenge (effective governance of the nexus) ; Challenge #4 – Nexus Financial Challenge (ensuring adequate financing for the nexus),"","","",x,"","",x,"","","","","","","","","",X,X,"","",X,X,"","","","","","","","",x,X,"",x,x,x,x,"","",x,"","","","","","","","","","","",x,"","","","","","","","","","","","","","","","","","","","","","","","","","","","","","","","","","","","","","","","","","","","","","","","","","","","","",No,"","","","","","","",Private; Funders; Civil Society; Regional Organisations; Governments,"International Fund for Saving the Aral Sea (IFAS), GIZ, World Bank, CAREC, fish processing plants, water users' associations, Asian Development Bank","","",Biodiversity; Climate; Food; Water,"",Equity; Energy,"",Perspective,"",Maybe,"","This paper analyze the governance of the Aral Sea Basin WEF nexus. It presentsthe programs implemented by countries over the last 30 years, and discusses of the factors responsible for some success / failure. "
385,Phillips 2019,International law and marine ecosystem governance: The climate change nexus,Consensus,Sub-Saharan Africa; Latin America and the Caribbean; Eastern Asia;  Northern Europe; Not applicable (no specific spatial location),"Finland, Costa Rica, China, Democratic Republic of the Congo",Local >1 km² to 100 km² (neighbourhood to municipality); Subnational >100 km² (watershed); National (whole country),"Challenge #1 - Nexus Complexity Challenge (addressing and embracing nexus complexity); Challenge #2 – Nexus Values Challenge (considering multiple values and trade-offs); Challenge #3 – Nexus Governance Challenge (effective governance of the nexus) ; Challenge #4 – Nexus Financial Challenge (ensuring adequate financing for the nexus); Challenge #5 – Nexus Knowledge and Scaling Challenge (ensuring adequate data, information, and monitoring)","","",X,"","","","","","","","","",X,"",X,"",X,"","","","","","","",X,"","","","","","","","",X,"",X,"","","",X,"","","","","","","","","","",X,"","","","","","","","","","","",X,"","","","","","",X,"",X,"","","",X,"","","","","","","","","","",X,"","","","","",X,"","","","","","","","","","","","",Yes,"Cooperative management, domestic incentive schemes, localized governance models, multistakeholder participation, preferential tax incentives",Hierarchical Governance; Community Governance,"",Legal and Regulatory Instruments,"United Nations Framework Convention on Climate Change, Kyoto Protocol, Paris Agreement, United Nations Convention on the Law of the Non-Navigational Uses of
International Watercourses (New York Convention), Convention on the Protection and Use of Transboundary Watercourses and International Lakes (Helsinki Convention), Convention on Wetlands of International Importance Especially as Waterfowl Habitat (Ramsar Convention), Convention on Biological Diversity, United Nations Convention on the Law of the Sea (UNCLOS), Ecological Conservation Compensation (China), Environmental Protection Law (China), National Environmental Management Act (South Africa), Integrated Coastal Management Act (South Africa), Biodiversity Act (South Africa), Regulations on Bioprospecting and Access and Benefit (South Africa)","","",Private; Funders; Civil Society; IPLCs; Multilateral Organisations; Governments,"Local communities, farmers, tribal councils of local communties, Global Landscape Fund, Livelihoods Fund, Danone, IUCN, Moringa Fund, Terra Bella Fund, The Conservation International Critical Ecosystem Partnership Fund, African Development Bank ""Congo Basin Forest Fund"", African Agricultural and Trade Investment Fund","","",Biodiversity; Climate,"Aquatic ecosystems, including watercourses, wetlands, and biodiversity",Economic growth; Indigenous values and knowledge,"",Review; Conceptual/theoretical,"",No,"",""
382,Andrews-Speed 2019,The Water-Energy-Food Nexus,Consensus,Eastern Asia,China,National (whole country),Challenge #1 - Nexus Complexity Challenge (addressing and embracing nexus complexity),"I would highlight two other points made by the authors: (i) the financial limits for implementing identified solutions; (ii) the government's preference for exploring national resources may limit our ability to design the best nexus solutions, but they are not key challenges adressed in the chapter.","",X,X,"","","","","","","","","","","","","","","","","","","","","","","","","","","","","","",X,"","","","","","","","","","","","",X,"","","","","","","","","","","","","","","","","","","","","","","","","","","","","","","","","","","","","","","","","","","","","","","","",X,"","","","","","","","",No,"",Hierarchical Governance,"","","","I am not sure what can be considered a RO in the chapter, because it focuses on the use of nitrogen fertilizer as an important moderator of the nexus linkages but they do not propose explicitly an instrument to deal with it.","",Governments,"","","",Food; Water,"",Energy,"",Review; Perspective; Conceptual/theoretical; Other: Book chapter,"",Maybe,"",""
378,Pahl-Wostl 2019,Governance of the water-energy-food security nexus: A multi-level coordination challenge,Consensus,Western Europe,Germany,"",Challenge #1 - Nexus Complexity Challenge (addressing and embracing nexus complexity); Challenge #3 – Nexus Governance Challenge (effective governance of the nexus) ,"","","",x,"","","","","","","","","","","","","",X,"",x,"",X,"","","",X ,"","","","","","","","","",X,X,"",X,X,X,"",x,"","","","","","","","",X,"","","",x,"","","","","","","","","","","","","","","","","","","","","","","","","","","","","","","","","","","","","","","","","","","","","","","","","",No,"",Market Governance; Network Governance; Other: regulatory processes,"According to the authors, polycentric governance requires the combination of market, network and regulatory processes",Rights-Based Instruments and Customary Norms; Economic and Financial Instruments,"voluntary agreements of farmers, tax on drinking water, land acquisition","","",Private; Civil Society; Multilateral Organisations; Governments,"farmers, the general public, EU, German government, biogas producers, drinking water suplliers","",Nice graph showing the interactions between actors about the nexus,Food; Water,"",Energy,"Equity and Povety are also mentioned in relation to the nexus, but not analyzed in details",Review; Perspective,"",Yes,"","Really interesting paper, with an in-depth study case"
377,Gonzalez-Redin 2019,Exploring sustainable land use in forested tropical social-ecological systems: A case-study in the Wet Tropics,Consensus,Australia and New Zealand,Australia ,National (whole country),"","","",x,"",X,"",X,"",X,"","","","","","","","","","","","","","",X,"",X,"",X,"",X,"","","","","","","","",X,"",X,"","","","","","",X,"","","","","","","","","","","","","","","","","","","","","","","","","","","","","","","","","","","","","","","","","","","","","","","","","","","","","","","","","",No,"",Other: None,"",Other: None,"","","The primary focus of the study is on modeling and analyzing the impacts of different land-use change scenarios and understanding the factors influencing these impacts, rather than explicitly discussing leverage points or levers for system change. ",Other: None,"","","",Biodiversity; Climate; Food,"","","",Empirical,"",Maybe,"",""
371,Li 2019,Developing interpretive structural modeling based on factor analysis for the water-energy-food nexus conundrum,Consensus,Eastern Asia,China,Subnational >100 km² (watershed),"Challenge #1 - Nexus Complexity Challenge (addressing and embracing nexus complexity); Challenge #2 – Nexus Values Challenge (considering multiple values and trade-offs); Challenge #3 – Nexus Governance Challenge (effective governance of the nexus) ; Challenge #5 – Nexus Knowledge and Scaling Challenge (ensuring adequate data, information, and monitoring)","","","","",x,"","","","","","",x,"",x,"",x,"",x,x,"","","","","","","","","","","","","","",x,"",x,"","","",x,"","","",x,"","","","","","",x,"",x,"",x,"","","",x,"",x,"","",x,"",x,"",x,"","",x,"",x,"",x,"",x,"",x,"",x,"",x,"",x,"",x,"","",x,x,"","",x,"",x,"",x,"",x,"",x,"","","",No,"","","The article primarily focuses on interpretive structural modeling and the identification of representative factors in the water-energy-food nexus context in Beijing. It does not explicitly discuss governance approaches or solutions to nexus challenges in the context of hierarchical, market, network, or community governance.","","",there is no information provided regarding the type of policy instruments considered in the study.,no,Other: none,"","","",Food; Water,"",Equity; Poverty; Energy,"",Conceptual/theoretical,"",Maybe,"",""
366,Zimmerer 2019,The biodiversity of food and agriculture (Agrobiodiversity) in the anthropocene: Research advances and conceptual framework,Consensus,Latin America and the Caribbean,Peru,Subnational >100 km² (watershed),Challenge #1 - Nexus Complexity Challenge (addressing and embracing nexus complexity); Challenge #3 – Nexus Governance Challenge (effective governance of the nexus) ,"","","","","","",X,"","","","","","","","","",X,X,"","","","",X,"","","","","","","",X,"","","","","","","",X,X,"","","","","","","","","","","","","","","","","",X,"","","","","","","","","","","","","",X,"","","",X,"","","","","","","","","","",X,"","","","","","","","",X,"","","","","","","",Informal economy (markets),"",No,"",Other: Biocultural governance approaches,"Biocultural governance seems interesting, and not yet included in our review of governance approaches",Rights-Based Instruments and Customary Norms; Economic and Financial Instruments; Social and Cultural Instruments,"Support of the economic value chain, crop diversification, scoial corporate responsibility scheme, Payments for ecosystem services, restaurants, seed fairs, seeed banks, seed networks, ","","",IPLCs; NGOs; Multilateral Organisations; Governments,"CGIARs, Bioversity International, NGOs, farmers, communities, national agencies for agriculture","","",Biodiversity; Climate; Health; Food,"","Indigenous values and knowledge; Other: Urbanization, migration","",Review; Conceptual/theoretical; Empirical,The papers develop a conceptual framework and then applies it to a study case in Peru,Maybe,"","The papers review existing literature on agrobiodiversity, and builds a framework for agrobiodiversity knowledge. It analyzes each dimension of agrobiodiversity nexus, and provides insigths on the governance approaches that can foster it. "
361,Bréthaut 2019,Power dynamics and integration in the water-energy-food nexus: Learning lessons for transdisciplinary research in Cambodia,Consensus,South-eastern Asia,Cambodia,Subnational >100 km² (watershed),Challenge #1 - Nexus Complexity Challenge (addressing and embracing nexus complexity); Challenge #3 – Nexus Governance Challenge (effective governance of the nexus) ,"","","",x,"","",x,"",x,"","","",x,"",x,"","","","","","","","","","","","","","","","","","",x,"","","",x,"",x,"","","",x,"","","",x,"","",x,"","","","","",x,"","","","","","","","","","","","","","",x,"",x,"",x,"","","","","","","","","","","","","",x,"","","","","","","","","","","","","","Though overwhelmed by the complexity of their water-energy-food nexus, participants also recognised integration, cooperation, collaboration as ways to navigate this complexity to taking action","A lack of integrated planning in the sub-national (commune-level, provincial-level and district-level) development planning processes was identified as a major reason for preventing reinforced coordination",No,Political factors － and in particular the role of power relations were important in enabling and blocking momentum for WEF nexus integration,"Network Governance; Other: Adaptive ecosystem and resource governance, resource based governance","",Legal and Regulatory Instruments,"","","",Civil Society; NGOs; Multilateral Organisations; Governments,"Five major stakeholder engagements with national-level staff of the General Secretariat to the National Council on Sustainable Development, officials from Kratie and Stung Treng provincial governments, national researchers, WWF staff from the national-level and their Mekong Flooded Forest landscape teams, international government and non-governmental organisation staff based in Phnom Penh, and local representatives of those members of the community depending on farming and fishing for livelihoods and food.","","",Food; Water,"",Energy,"",Empirical; Other: Analysis based on surveys,"",Yes,"The paper is not assessing an intervention but the article provides first (1) learning on existing challenges regarding integration in the nexus, then (2) it analyses effects of coproduction processes when considering power dynamics in the nexus both in terms of stalemate and enabling conditions for reinforced integration. ",""
358,Romero-Lankao 2019,Risk Inequality and the Food-Energy-Water (FEW) Nexus: A Study of 43 City Adaptation Plans,Consensus,Sub-Saharan Africa; Latin America and the Caribbean; Northern America; Eastern Asia; South-eastern Asia; Southern Asia;  Northern Europe; Southern Europe; Western Europe,"Ethiopia, USA, Colombia, Argentina, South Africa, Venezuela, India, Peru, Australia, Mexico, Canada, Ecuador, Brazil, Netherlands, Thailand, Germany, Greece, Denmark, United Kingdom, Sweden, Spain, France, South Korea, Vietnam, China, Pakistan, Republic of Korea, Singapore ",Not applicable (no specific spatial location),Challenge #3 – Nexus Governance Challenge (effective governance of the nexus) ; Challenge #4 – Nexus Financial Challenge (ensuring adequate financing for the nexus),"","","",X,"","",X,X,"","","","","","","",X,X,"",X,"","",X,"",X,"","","","","","","","","","",X,"",X,"",X,"",X,"","","","","","","","","","",X,"","","","","","","",X,"","","","","","","","","","","","",X,"","",X,X,"","","","","","","","","","",X,"","","","","","","","","","",X,"","","","","","Policies fragmentation, primarily addressing the links and feedbacks between critical FEW infrastructural systems rather than actions to manage each infrastructural system at a time, weak law enforcement, gaps in the levels of authority and autonomy to control investments and decisions, knowledge integration, cross-sector colaboration, economic priority ",No,"",Hierarchical Governance; Network Governance,"",Legal and Regulatory Instruments,Adaptation plans (43 of C40 cities),"","",Private; Civil Society; Governments,"","","",Biodiversity; Climate; Food; Water,"",Equity; Energy,"",Review; Conceptual/theoretical; Modelling,"",No,"",Authors emphasize that equality concern were not the priority 
357,Mercure 2019,System complexity and policy integration challenges: The Brazilian Energy- Water-Food Nexus,Consensus,Latin America and the Caribbean,Brazil,National (whole country),"Challenge #1 - Nexus Complexity Challenge (addressing and embracing nexus complexity); Challenge #2 – Nexus Values Challenge (considering multiple values and trade-offs); Challenge #3 – Nexus Governance Challenge (effective governance of the nexus) ; Challenge #4 – Nexus Financial Challenge (ensuring adequate financing for the nexus); Challenge #5 – Nexus Knowledge and Scaling Challenge (ensuring adequate data, information, and monitoring)","","",X,X,"","","",X,"",X,X,X,"","",X,X,X,"",X,X,"","","",X,"","","","","","","","","","",X,"",X,"","","",X,"","","",X,"","","","","","",X,"","","","","","","","","","","","","","","","","",X,"","","","","","",X,"","","","","","","","","",X,"","","","","","","","","","","","","","","","","Existing nexus legislation, partial consideration of nexus challenges in the relevant governing frameworks, scientific efforts, establishment of financial grants/ subsidies/ incentives on tax/finances and credits, failure to effectively enforce laws and government plans, development of projects/ research and the transfer of technologies aimed at achieving multiple goals, establishment of a national public electronic registry which is mandatory for all rural properties (CAR), establishment of certification and labelling requirements and moratorium (soy), establisment of an effective science-policy dialogue
","Policies fragmentation, current knowledge/data availability and their reflection on public policies and decison-makers engagement, lack of long-term power plans, lack of skilled technical assistance and insufficient technical support from public or private agencies, regional disparities, lack of monitoring to ensure compliance, deficient land registration, poor law enforcement, legal loopholes, bribes and risk-taking, insufficiently resilient governance structures, general missing knowledge (eg interlinkages between sectors), linking national policy with the international framework of global commodities governance, lack of stakeholders engagement, need to integrate and condense existing knowledge to be delivered to decison-makers across the various scales of governance",Yes,"",Hierarchical Governance; Market Governance,"",Legal and Regulatory Instruments; Economic and Financial Instruments,"2008 National Plan on Climate Change, 2009 National
Policy on Climate Change, 2016 National Adaptation Plan to Climate Change, Forest Code, National Strategy for the Implementation and Financing of the Brazilian NDC to the Paris Agreement, 2013 National Policy on Integration of Farming, Livestock and Forestry,  2013 National Irrigation Policy, Ten Year Plan 2024, Ten-Year Energy Plan 2026,  Incentive Programme for Alternative Sources of Electric Power, Free Trade Environment Law, Agro-Environmental Zoning, National Biofuels Policy, Agricultural Climate-Risk Zoning, Agricultural Activity Guarantee Programme, Family Agricultural Activity Guarantee Programme, The Low-Carbon (ABC) Plan, Action Plan for Prevention and Control of Deforestation in the Legal Amazon, moratoria on soy and beef, Environmental Rural Register ","","",Private; Civil Society; Academia; Regional Organisations; Multilateral Organisations; Governments,"Ministry of the Environment, ANEEL (water regulator agency), Brazilian Agricultural Research Corporation (EMBRAPA), ","","",Food; Water,"",Energy; Other: Land use,"",Review; Modelling,"",Yes,"",""
356,Yamineva 2019,"Cleaning the air, protecting the climate: Policy, legal and institutional nexus to reduce black carbon emissions in China",Consensus,Eastern Asia,China,National (whole country),"Challenge #2 – Nexus Values Challenge (considering multiple values and trade-offs); Challenge #3 – Nexus Governance Challenge (effective governance of the nexus) ; Challenge #5 – Nexus Knowledge and Scaling Challenge (ensuring adequate data, information, and monitoring)","","","",X,"",X,X,"","","","","","","","","",X,"","",X,"","","","","","","","","","","","","","",X,"",X,"","","",X,"","","","","","","","","","",X,"","","","","","","","","","","","","","","","","","","","","","","","","","","","","","","","","","","","","","","","","","","","","","","","","","","","","",No,"",Hierarchical Governance,"",Legal and Regulatory Instruments,"National Five-Year Plan for Economic and Social Development, National Five-Year Plan for Eco-Environmental Protection, Law on the Prevention and Control of Air Pollution, the Environmental Protection Law of 1979 (amended in 2014), the Law on the Prevention and Control of Air Pollution of 1987 (amended in 2015), the Cleaner Production Promotion Law of 1988 (amended in 2000), the Environmental Impact Assessment Law of 2003 (amended in 2012), The Ambient Air Quality Standards of 2012 (GB3095-2012), National Plan to Address Climate Change (2014–2020),","","",Governments,"","","",Climate; Health,"","","",Review; Conceptual/theoretical,"",No,"",Black carbon emissions in China have not yet been the focus of sustained policy attention as a result of a weak air-climate nexus and insufficient scientific knowledge.The authors emphasize the need to strengthen the science-policy relationship
354,Roidt 2019,Learning from integrated management approaches to implement the Nexus,Consensus,Not applicable (no specific spatial location),"",Not applicable (no specific spatial location),Challenge #1 - Nexus Complexity Challenge (addressing and embracing nexus complexity); Challenge #2 – Nexus Values Challenge (considering multiple values and trade-offs); Other: efficiency,"","",X,"",x,"","","","","","","","","","","","","","","","","","","","","","","","","","","","","","","","","","",x,"","","","","","","","","","","","","","","","","","","","","","","","","","","","","","","","","","","","","","","","","","","","","","","","","","","","","","","","","","","","","","","","","",No,"",Other: Integrated management approaches,"","","","","","","","","",Food; Water,"","Energy; Other: Soil, Waste","",Review,"",No,"","The paper basically aims at defining ""nexus"", and describing the difference with integrated management approaches. Poorly informative"
353,Covarrubias 2019,"Network governance and the Urban Nexus of water, energy, and food: Lessons from Amsterdam",Consensus,Western Europe,The Netherlands,Local >1 km² to 100 km² (neighbourhood to municipality),"","","",X,"","","","","","","","","","","","","","","","","","","","","","","","","","","","","","",X,"","","","","","","","","","","","","","","","","","","","","","","","","","","","","","","","","","","",X,"","","","","","","","","","","","","","","","",X,"","","","","","","","","","","","","","","","","","","","",Network Governance,"",Rights-Based Instruments and Customary Norms,Policies strategies in support for network governance (not explicitly),"","",Civil Society; Governments,"","","",Food; Water,Urban Nexus,Economic growth; Energy,"",Empirical,"",Yes,"",""
352,vanNoordwijk 2019,"Integrated natural resource management as pathway to poverty reduction: Innovating practices, institutions and policies",Consensus,Not applicable (no specific spatial location),"",Not applicable (no specific spatial location),"Challenge #1 - Nexus Complexity Challenge (addressing and embracing nexus complexity); Challenge #3 – Nexus Governance Challenge (effective governance of the nexus) ; Challenge #5 – Nexus Knowledge and Scaling Challenge (ensuring adequate data, information, and monitoring)","","",X,x,"","","","",X,X,"","","","","","","","",X,X,X,"","","","","","","","","","","","","","","","","",x,"","",x,x,X,x,"","","","","","","","","","","",x,x,"","",x,x,"","","","","","","","","","","","","","","","","","","","","","","","",X,"",X,"","","","","","","","","","","","","","","","",No,"","Other: integrated natural resources management, polycentric governance","",Rights-Based Instruments and Customary Norms; Economic and Financial Instruments,"PES, REDD+, ES markets, devolution of rights, certification schemes; ",discuss of the complementarity of instruments ,"","","","","",Food; Water,"",Equity; Poverty; Economic growth; Indigenous values and knowledge; Energy; Other: Safety,"",Review; Conceptual/theoretical,"",No,"","The paper proposes a a framework, based on existing literature, to analyse how technology, institutions and policies can contribute to sustainable agricultural practices. "
348,Rodríguez-de-Francisco 2019,Payment for ecosystem services and the water-energy-food nexus: Securing resource flows for the affluent?,Consensus,Latin America and the Caribbean,Colombia,Subnational >100 km² (watershed),Challenge #1 - Nexus Complexity Challenge (addressing and embracing nexus complexity); Challenge #2 – Nexus Values Challenge (considering multiple values and trade-offs); Challenge #3 – Nexus Governance Challenge (effective governance of the nexus) ,"","","",X,"","","","","",x,"","","",X,"",X,"","","","","","","","","","","","","","","",x,"","","","",X,"",x,"","","","","","","","","","","","","","","",X,x,"","","","","","","","","","","","","","","","","","","","","","","","","","","","",X,"","","","","","","","","","","","","","","","","","","","",No,"",Hierarchical Governance,"",Economic and Financial Instruments,PES,"","",Private; Funders; Civil Society; NGOs; Governments,"National government, energy generation companies, Environmental Authority, people living in communities, Censat Agua Viva, Fundación Natura and Compromiso, Corporación
para el Desarrollo del Oriente, ISAGEN (dam construction firm), BanCO2","","",Biodiversity; Food; Water,"",Equity; Poverty; Employment; Energy; Other: power dynamics,"",Empirical,"",Yes,"",Focuses on the social tradeoffs resulting from the construction of a DAM and an associated PES program in Colombia. Because of power asymmetries; there were no negociations and coordination with local actors before implementing the project.
334,Adela 2019,Small-scale irrigation scheme governance - poverty nexus: evidence from Ethiopia,Consensus,Sub-Saharan Africa,"",Subnational >100 km² (watershed),Challenge #3 – Nexus Governance Challenge (effective governance of the nexus) ,"","","","","","","","","","","","","","","","","","","","","","","","","","","","","","","","","","","","","","","","","","","","","","","","","","",x,"","","","","","","","","","","","","","","","","","","","","","","","","",x,"","","","","","","","","","",x,"","","","","",x,"",x,"","","","","",x,"","Market characteristics, effective governance, informal institutions, physical infrastructure, renovating and improving the canals","Corruption, trust",No,"",Other: Polycentric governance was proposed,"",Rights-Based Instruments and Customary Norms; Economic and Financial Instruments,Irrigation scheme,"","The involvement of the traditional leaders (i.e., the so-called “water
fathers”) is encouraged to build trust in the governance of irrigation
schemes. Several studies in Africa have documented the increasing importance of “institutional pluralism” that involves local communities (informal institutions) but provides local governments with more authority in the governance of small-scale irrigation schemes.",Civil Society; Governments,Farmers; local government,"","",Food; Water,"",Poverty,"",Empirical,"",Yes,"This study analyzes determinants of small-scale irrigation adoption and the impact this may have on
food security in Ethiopia, where agricultural land is extremely fragmented and densely populated",""
328,Ding 2019,Prominent Influence of Socioeconomic and Governance Factors on the Food-Energy-Water Nexus in sub-Saharan Africa,Consensus,Sub-Saharan Africa,"","Regional (multiple countries, whole continents)",Challenge #2 – Nexus Values Challenge (considering multiple values and trade-offs),"","","","","","","","","","","","","","","","","","","","","","","","","","","","","","","","","","","","","","","","","","","","","","","","","","",X,"","","","","","","","","","","","","","","","","","","","","","","","","","","","","","","","","","","","","","","","","","","","",X,"","","","","","","","governance quality, political stability, GDP, food supply variability, access to fossil fuels","",No,"From the results: SG metrics such as governance quality, political stability, and GDP per capita are the primary metrics capturing conversion of resources to services; access to drinking water and some of the food-specific access metrics are significant variables in the services to health outcomes.","",No specific governance approaches are discussed,"","",No specific policy instruments looked at,"","","","",No specific actors discussed,Health; Food; Water,"",Energy; Other: services,"",Empirical,"",No,"",This paper is really about assessing the factors that maximise synergies among nexus elements empirically.
327,Müller-Mahn 2019,Controversial Connections: The water-energy-food nexus in the Blue Nile basin of Ethiopia,Consensus,Sub-Saharan Africa,Ethiopia,Subnational >100 km² (watershed),Challenge #1 - Nexus Complexity Challenge (addressing and embracing nexus complexity),"","",x,"",x,"","",x,"","","","","","","","","","",x,"",x,"","","","","","","","","","","","","","",x,"",x,"","",x,"",x,"","","","",x,"","","",x,"","","","","","","","","","","","","","","","","","","","","","",x,"","","","","","","","","","","","","","","","","","","","","","","","","","","","","","",No,"","","
The article do not explicitly propose or assess specific governance approaches as solutions to the nexus challenges. The texts primarily focus on describing the impacts of hydro-development on local communities, livelihoods, and land use, as well as discussing the challenges related to the water-energy-food nexus in the Blue Nile Basin of Ethiopia. Governance approaches are not a central theme in the provided texts.",Other: none,"","",Specific leverage points or levers are not discussed,Civil Society; Academia; NGOs; Governments,"","","",Food; Water,"",Equity; Indigenous values and knowledge; Energy,"",Conceptual/theoretical,"",Maybe,"",""
315,Li 2019,Synergies within the water-energy-food nexus to support the integrated urban resources governance,Consensus,Eastern Asia,China (Shenzhen),Local >1 km² to 100 km² (neighbourhood to municipality),Challenge #1 - Nexus Complexity Challenge (addressing and embracing nexus complexity); Challenge #2 – Nexus Values Challenge (considering multiple values and trade-offs); Challenge #3 – Nexus Governance Challenge (effective governance of the nexus) ,"The focus of the paper is in the relationship between the different nexus dimensions (challenge #2), but it discuss aspects related to complexity and governance too. ","",x,x,"","","","",x,"","","","","","","","","","","","","","",x,"","","","","","","","","","","","","","","",x,x,"","","","","","","","","","","","","","","","","","","","","","","","","","","","","","","","","","","","","","","","","","","","","","","","","","","","","","","","","","","","","","","","",No,I would say that the proposal to identify centralities in each nexus element (subsystem) can be either considered a enabler and a barrier and is key in this paper.,Market Governance; Other,It is not clear what type of governance is described in the paper but I would bet in the market governance because it discuss the relationship between supply-demand in each and between nexus dimensions...,Legal and Regulatory Instruments,"","","",Other,"","","It is not clear what are the actor engaged in the paper, considering that to understand the relationship between multiple parameters that explain the WEF system in Shezhen is the proposal to promote nexus (technical response option?)",Food; Water,"",Energy,"",Conceptual/theoretical; Empirical; Modelling,"",Yes,"","I do like this paper because it discuss the relationship between paramenters within and between parameters of different nexus elements (subsystems). It highlights that the parameters in food system seems to be more convergent while water system affect more other dimensions, and its parameters behaves more independently... "
313,Salmoral 2019,Water diplomacy and nexus governance in a transboundary context: In the search for complementarities,Consensus,Sub-Saharan Africa; Western Asia,"Jordan, Israel, Palestine, Lebanon, Syria, angola, namibia, botswana, zimbabwe, tanzania, malawi, mozambique","Regional (multiple countries, whole continents)",Challenge #1 - Nexus Complexity Challenge (addressing and embracing nexus complexity); Challenge #2 – Nexus Values Challenge (considering multiple values and trade-offs); Challenge #3 – Nexus Governance Challenge (effective governance of the nexus) ,"","",X,"","","",x,"","","","","","","","","","","",x,"","","","","","","","",x,"","","","","","","",X,"","",x,X,"","",x,"","","","","","",x,"","","","","","","","","","","","","","","",x,"","","","","","","","","","","","","","","","","","","","",x,"","","","","","","","","","","","","","","","","","technical framing of the nexus, population growth, access to information,  lack of transparency, short-term thinking, uncertainty",No,"","Other: water diplomacy, adaptive management","",Rights-Based Instruments and Customary Norms; Economic and Financial Instruments; Other,"compensations (cash payments), land allocation, capacity building, energy price, ","","",Private; Funders; Civil Society; Governments,"banks, politicians, environmentalists, local farmers, wastewater treatment plant, ministry of water and irrigation and agriculture, international funding agencues","","",Food; Water,"",Equity; Energy,"",Review,"",Maybe,"","The paper proposes a ""water diplomacy"" lens to analyze two examples of water-energy-food nexus, and distinguishes technical approaches to the nexus, from more political ones, which include issues of equity"
306,Brack 2019,"Strengthen the European collaborative environmental research to meet European policy goals for achieving a sustainable, non-toxic environment",Consensus,Eastern Europe;  Northern Europe; Southern Europe; Western Europe,European Union,"Regional (multiple countries, whole continents)","Challenge #1 - Nexus Complexity Challenge (addressing and embracing nexus complexity); Challenge #4 – Nexus Financial Challenge (ensuring adequate financing for the nexus); Challenge #5 – Nexus Knowledge and Scaling Challenge (ensuring adequate data, information, and monitoring)",Focussed on monitoring and research needs.,"","","","","","","","","","","","","","","","","","","","","","","","","","","","","","","","","","","","","","","","","","","","","","","","","","","","","","","","","","","","","","","","","","","","","","","","","","","","","","","","","","","","","","","","","","","","","","","","","","","","","","","","",No,No specific enablers and barriers mentioned,Network Governance; Community Governance,"Recommendations: Foster the involvement of non-EU partners in European collaborative research (interpreted as a network governance approach), Encourage multi-stakeholder involvement in EU collaborative projects to capture added value and address complexity (interpreted as community governance).",Economic and Financial Instruments,Funding for research capacity building,"","",Funders; Academia; Governments,"Researchers, Government Funders","","",Biodiversity; Climate; Health; Food; Water,"","","",Perspective,"",No,"",This paper is really about research needs to address the nexus through reduced contamination/pollution. Not really about governance as such.
301,Olawuyi 2020,Sustainable development and the water-energy-food nexus: Legal challenges and emerging solutions,Consensus,Northern America;  Northern Europe; Not applicable (no specific spatial location),"United Kingdon, Canada","National (whole country); Regional (multiple countries, whole continents); Not applicable (no specific spatial location)",Challenge #3 – Nexus Governance Challenge (effective governance of the nexus) ,"","","",X,"","","","","","","","","","","",X,X,"","",X,"","","","","","","","","","","","","","","","",X,"","","",X,"","","","","","",X,"","","",X,"","","","","","","","","","","","","","","","","","","","","","","","","","","","","","","","","","","",X,"","","","","","","","","","",X,"",X,"","","structural integration of expertise/knowledg/information/ resources, transboundary cooperation and knowledge sharing, education and skills development","undercurrent conflict between the prevalent regulatory models in water, energy and food sectors, segregated and compartmentalized legislation/rules/procedures, interpretation gaps on the legal basis and source of responsibility, inadequate funding and understaffing, budget mismanagement, lack of sustained commitetment by governments",No,"","","",Legal and Regulatory Instruments,"Canadian Responsible Energy Development Act (REDA 2012), UK’s Environmental Permitting (England and Wales) Regulations (EPEWR)","","",Regional Organisations; Governments,Alberta Energy Regulator,"","",Food; Water,"",Energy,"",Conceptual/theoretical,"",No,"","Key consideration: ""comprehensive and specific legislation is critical in order to effectively advance
the WEF nexus approach from theory to practice. The absence of linked rules, procedures and obligations across the WEF domains makes it difficult to reflect WEF nexus considerations in the design, approval, financing and implementation of multi-scale and multi sectorial projects."""
300,Adams 2020,Water insecurity and urban poverty in the Global South: Implications for health and human biology,Consensus,Not applicable (no specific spatial location),"",Not applicable (no specific spatial location),"Challenge #5 – Nexus Knowledge and Scaling Challenge (ensuring adequate data, information, and monitoring)","Historically, water-health interventions have been based almost entirely on traditional indicators of water access such as availability, distance, price, and quality. But growing evidence suggests that these metrics do not
fully explain water insecurity experiences (Lucci et al., 2018; Smiley, 2017; Wutich et al., 2017), as newer ways of conceptualizing water insecurity emphasize how socio-
cultural, political, power relations and other dynamics shape water insecurity (Jepson et al., 2017).","","","","","","",X,"",X,"",X,"","","","","","","","","","","","","","","","","","","","","","","","","","","","","","","","","","","","","","","","","","","","","","","","","","","","","","","","","","","","","","","","","","","","","","","","","","","","","","","","","","","","","","","","","","","","","",No,Enablers and barriers not explicitly identified but the ones above are inferred.,"",No specific governance approaches are proposed.,"","",No specific policy instruments are proposed.,"",Private; Governments,"individuals, households","","",Health; Water,"",Equity; Poverty,"",Review,"",No,"",""
296,Papadopoulou 2020,Towards a low-carbon economy: A nexus-oriented policy coherence analysis in Greece,Consensus,Southern Europe,Greece,National (whole country),Challenge #2 – Nexus Values Challenge (considering multiple values and trade-offs),"","",x,x,"","",x,"","","",x,"","","","","","","","","","","","","","","","","","","","","","","","","","","","","","","","","","","","","","","","","","","","","","","","","","","","","","","","","","","","","","","","","","","","","","","","","","","","","","","","","","","","","","","","","","","","","","","","",Hierarchical Governance,"",Legal and Regulatory Instruments; Rights-Based Instruments and Customary Norms; Social and Cultural Instruments,"incentive-based instruments, direct regulatory instruments (command and control), voluntary regulation, informational instruments, technology-based policies","These instruments are described as general categories, but in Table 2 the authors present differents instruments present in each sector that is impossible to cite all of them here... But it is interesting to check it out.","",Private; Funders; Civil Society; Academia; NGOs; Governments,"","","",Climate; Food; Water,"Land, energy and tourism are presented as dimensions",Energy; Other: Land and tourism,"",Perspective; Conceptual/theoretical; Empirical; Other,"",Yes,It is interesting use this paper because it was able to map multiple instruments present in different nexus dimensions and identify the relationship between them in the context of Greece,""
294,Tanyanyiwa 2020,"Sanctuary in the City? Climate Change and Internally Displaced Persons in Harare, Zimbabwe",Consensus,Sub-Saharan Africa,Zimbabwe,Local >1 km² to 100 km² (neighbourhood to municipality),Challenge #1 - Nexus Complexity Challenge (addressing and embracing nexus complexity),"","","",X,"","","","","","","","","",X,"",X,"",X,"","","","","",X,"","","","","","","","","","","","","","","","","","",X,"","","","","","","","",X,"","","","","","","","","","","","","","","","","","","","",X,"","","",X,"","","","","","","","","","","","","","","","","","","","","","","","","","","","Government obstruction (efforts made by international agencies and local non-governmental organizations to provide assistance), legal and policy deficiencies, insufficient International and local protection, complexity of early warning systems, political persecution, lack of permission and cooperation (zimbabwean authorities do not grant permission or cooperate effectively with humanitarian agencies), human rights deficit, lack of political will, obstruction of international humanitarian assistance",No,"","","",Legal and Regulatory Instruments; Other: International policies and norms,"UN Guiding Principles on Internal Displacement, Secretary General’s Decision No. 2011/20 on Durable Solutions, The 1951 UN Refugee Convention, the 1998 Guiding Principles (30 Guiding Principles) on IDPs, Operation Murambatsvina/”Operation Restore Order”,  Zimbabwe’s Constitution, Kampala Convention","","",Civil Society; NGOs; Regional Organisations; Governments,"Mukuvisi Woodlands IDP (Internally displaced persons), United Nations, the Environmental Management Agency (EMA), Ministry of Local Government/Public Works and National Housing, Amani Trust and Zimbabwe Agricultural Welfare Trust, Department of Civil Protection","","",Climate; Health,"",Poverty,Political violence and persecution,Empirical,"",No,"",""
292,Squires 2020,Food security and land use change under conditions of climate variability: Synthesis and uniting perspectives,Consensus,Not applicable (no specific spatial location),The authors cited some locations but not as specific case studies.,Not applicable (no specific spatial location),Challenge #1 - Nexus Complexity Challenge (addressing and embracing nexus complexity),"","","","","","","","","","","","","","","","","","","","","","","",x,"","","","","","","","","","","","","","","","","","","",x,"","","","","","","","","","","","","","","","","","","","","","","","","","",x,"","","","","","","","","","","","","","","","","","","","","","","","","","","","","","","","","","",No,"","","Not cited, but it explores how different food systems are more affected by climate change issues.","","","The paper aims to identify potential threats of climate change to food production/system, thus it does not provide clear insruments/solutions to deal with it.","",Private; Civil Society; Governments,smallholders,"","",Climate; Food,"",Equity; Poverty; Other: Land,Land degradation could be considered a cross cutting issue in the climate-food nexus,Review; Perspective,Book chapter,No,"",""
290,Yambi 2020,Unravelling the Food-Health Nexus to Build Healthier Food Systems,Consensus,Not applicable (no specific spatial location),"",Not applicable (no specific spatial location),"Challenge #1 - Nexus Complexity Challenge (addressing and embracing nexus complexity); Challenge #2 – Nexus Values Challenge (considering multiple values and trade-offs); Challenge #3 – Nexus Governance Challenge (effective governance of the nexus) ; Challenge #4 – Nexus Financial Challenge (ensuring adequate financing for the nexus); Challenge #5 – Nexus Knowledge and Scaling Challenge (ensuring adequate data, information, and monitoring)","","","","","","","","","","","","","","","","","","","","","","","","","","","","","","","","","","","","","","","","","","","","","","","","","","","","","","","","","","","","","","","","","","","","","","","","","","","","","","","","","","","","","","","","","","","","","","","","","","","","","","","","","","","",Network Governance,"",Legal and Regulatory Instruments; Economic and Financial Instruments,"","","Promoting Food Systems Thinking,
Reasserting Scientific Integrity and Research as a Public Good,
Bringing the Alternatives to Light,
Adopting the Precautionary Principle,
Building Integrated Food Policies Under Participatory Governance",Private; Funders; Academia; NGOs; Governments,"","","",Health; Food,"",Equity; Poverty,"",Review,"",Maybe,"",""
287,Gyawali 2020,Grounding nexus governance: De-nexused developments in nepal,Consensus,Southern Asia,Nepal,Subnational >100 km² (watershed),Challenge #3 – Nexus Governance Challenge (effective governance of the nexus) ,"","",x,"","","","","",x,"","","","","","","","","","","","","",x,x,"","","","","","","","","","","","","","",x,x,"","","","","","","","","","",x,"","","",x,"","","","","",x,"","",x,"","","","","","","",x,"",x,x,"","","","","","","","","","","","","","","","","","",x,"",x,x,"","","","","","","","",No,"",Community Governance,"",Other: none,"","",none,Private; Media; Funders; Civil Society; NGOs; Regional Organisations; Multilateral Organisations; Governments,"","","",Food; Water,"",Equity; Poverty; Employment; Energy,"",Conceptual/theoretical,"",Maybe,"",""
281,vanGevelt 2020,The water–energy–food nexus: bridging the science–policy divide,Consensus,Not applicable (no specific spatial location),"",Not applicable (no specific spatial location),Challenge #1 - Nexus Complexity Challenge (addressing and embracing nexus complexity); Challenge #2 – Nexus Values Challenge (considering multiple values and trade-offs); Challenge #3 – Nexus Governance Challenge (effective governance of the nexus) ,"","","","","","",X,"","","","","",x,"",x,"","","",x,x,"","","",X,"","","","","","",X,x,"","","","","",x,x,x,x,X,x,"","","","","","","","","","","","","","","","","","","","","","","","","","","","","","","","","","","","","","","","","","","","","","",X,"","","","","","","","","","","","","",integration of ILK,"",No,"",Hierarchical Governance; Other: Centralized governance,Centralized governance could effectively internalise the effects of tradeoffs abd be incentivised (positivist and reductionist approaches to the study of the nexus). In contrast : cross-sectoral hierarchical strcutures,"","","","","","","","",Food; Water,"",Equity; Energy,"",Opinion,"",No,"","The paper questions the apolitical framing of the WEF nexus, and suggest, to move beyond positive conceptualization of the nexus, by including politics (power asymetries, tradeoffs in actors values and interests). "
280,GhafooriKharanagh 2020,An MCDM-based social network analysis of water governance to determine actors’ power in water-food-energy nexus,Consensus,Western Asia,Iran,Subnational >100 km² (watershed),Challenge #1 - Nexus Complexity Challenge (addressing and embracing nexus complexity); Challenge #3 – Nexus Governance Challenge (effective governance of the nexus) ,"","","","","","","","","","","","","","","","","","","",x,"","","",x,"","","","","","","","","",x,"",x,"","",x,x,"","","","","","","","","","","","","","","","","","","","","","","","","","","","","","","","","","","","","","","","","","","","","","","","","","","","","","","","","","","","","",x,"","","",No,"",Network Governance,"","","","","",Private; Civil Society; Academia; IPLCs; NGOs; Multilateral Organisations; Governments,See in notes,"","Yazd Agricultural and Natural Resources Research and Education Center; Agricultural expert; National Cloud Seeding Research Center; Department of Natural Resources and Watershed Management of Yazd; NGO ""Hafezan Tabiat Kaviri""; Religious Leader (Imam Jomeh); nternational Centre on Qanats and Historic Hydraulic Structures; Iran Water Resource Management Company; NGO ""Keshavarzan Khobre""; Livestock Support Company of Yazd; Ministry of Agriculture Jahad; Ministry of Energy; National Salinity Research Center; National Water and Wastewater Engineering Company; Power generation companies (production below 25 MW); Power generation companies (production over 25 MW); Representative of farmers; Representative of qanats; Rural Cooperative Organization of yazd; Rural social worker ; NGO ""Samat""; Solar Research Center; Tavanir(Management Company of Power Production, Transfer and Distribution); The largest consumer of water in the agricultural sector; The largest consumer of water in the industrial sector; Thermal Power Plants Holding Company; NGO ""Vaghefin Sabz""; Veterinary Department of Yazd; Water Research Institute; Yazd Agricultural Insurance Fund; Yazd Agricultural Support Services Company; Yazd Agriculture Jahad Organization; Yazd Alloy Steel company; Yazd District Government; Yazd City Council; Yazd County Agriculture Jahad Management; Yazd Education Organization; Yazd Electric Power Generation Company; Yazd Electrical Distribution Company	; Yazd Department of Environment; Yazd Government Office; Yazd Member of Parliament; Yazd Municipality; Yazd Organization of Industry, Mine and Trade; Yazd Provincial Government; Yazd Regional Electric Company; Yazd Regional Water Company; Yazd Rural Water and Wastewater Company; Yazd Science and Technology Park; Yazd Supporting Fund  Development in Agriculture Company; Yazd University; Yazd Water and Wastewater Company; Yazd Water Office; NGO ""Zanan Dostdar Bahar Sabz""
",Food; Water,"",Energy,"",Empirical; Modelling,"",No,A network analysis rather than a response option ,""
278,Opejin 2020,A bibliometric analysis of food-energy-water nexus literature,Consensus,Not applicable (no specific spatial location),The text primarily discusses trends and themes in the Food-Energy-Water (FEW) nexus literature without specifying particular geographic regions.,Not applicable (no specific spatial location),"Challenge #1 - Nexus Complexity Challenge (addressing and embracing nexus complexity); Challenge #2 – Nexus Values Challenge (considering multiple values and trade-offs); Challenge #5 – Nexus Knowledge and Scaling Challenge (ensuring adequate data, information, and monitoring)","","","","","","","","","","","","","","","","","","","","","","","","","","","","","","","","","","","","","","","","","","","","","","","","","","","","","","","","","","","","","","","","","","","","","","","","","","","","","","","","","","","","","","","","","","","","","","","","","","","","","","","","","",No,"",Other: none,"",Other: none,"","",no,Other: none,"","","",Food; Water,"",Energy,"",Review,"",No,"",""
277,Paim 2020,Mainstreaming the Water-Energy-Food Nexus through nationally determined contributions (NDCs): the case of Brazil,Consensus,Latin America and the Caribbean; Eastern Asia; Southern Asia; Eastern Europe;  Northern Europe; Southern Europe; Western Europe,"Brazil, but also India, China, EU and Mexico","National (whole country); Regional (multiple countries, whole continents); Multi-regional (multiple continents/geographic regions)",Challenge #1 - Nexus Complexity Challenge (addressing and embracing nexus complexity); Challenge #2 – Nexus Values Challenge (considering multiple values and trade-offs); Challenge #3 – Nexus Governance Challenge (effective governance of the nexus) ,The focus is on using NDC to implement nexus and vice-versa.,"",x,x,"","","","","","",x,"","","",x,"",x,"","",x,"","",x,x,"","","","","","","","","","",x,"","","",x,x,"",x,x,"","","","","","","","","","","","","","","","","","","","","","","","","","","","","","","","","","","","","","","","","","","","","","","","","","","","","","","","","","","","",NDC is presented as the main enabler to implement nexus ,"",No,"",Hierarchical Governance,"",Legal and Regulatory Instruments,"","","",Private; Governments," Inter-Ministerial Committee on Climate Change, agricultural sector","NDC implementation as an strategy, not as an actor","",Climate; Food; Water,"",Energy,"",Review; Perspective,"",Yes,"Very, very interesting because it discusses how a policy instrument defined in a multilateral agreements can trigger nexus and how it can help to achieve such agreements",""
268,Bozeman 2020,Overcoming climate change adaptation barriers: A study on food–energy–water impacts of the average American diet by demographic group,Consensus,Northern America,United States of America,National (whole country),Challenge #2 – Nexus Values Challenge (considering multiple values and trade-offs),"","","","","","","","","","","","","","","","","","","","","","","","","","","","","","","","","","","","","","","","","","","","",X,"","","","","","",X,"","","","","","","","","","","","","","","","","","","","","","","","","","","","","","","","","","","","","","","","","","","","","","",X,"","","","","","lack of knowledge, migration limitations, leadership",No,"These barriers include paucity of knowledge on adaptation measures, insufficient agricultural infrastructure, policy implementation challenges, and migration limitations (Azhoni, Jude, & Holman, 2018; Berchin, Valduga, Garcia, & Guerra, 2017; Castells-Quintana, Lopez-Uribe, & McDermott, 2018; Helm, Pollitt, Barnett, Curran, & Craig, 2018).","",None proposed or assessed,"","",None proposed or assessed,"",Private; Governments,"Individuals, U.S. Food and Drug Administration","","",Climate; Food; Water,"",Equity; Education; Energy,"",Empirical,"",No,"","This study looks at food consumption impacts on FEW Nexus (plus climate) based on race. Results show that Whites’ food consumption patterns yield the highest per capita GHG and water impact rates, whereas Blacks’ food consumption patterns yield the highest per capita land impact rate. This paper is really about impacts on the FEW trade-offs and barriers rather then solutions."
266,Greer 2020,The role of communication in managing complex water-energy-food governance systems,Consensus,Northern America,US,Subnational >100 km² (watershed),"Challenge #1 - Nexus Complexity Challenge (addressing and embracing nexus complexity); Challenge #3 – Nexus Governance Challenge (effective governance of the nexus) ; Challenge #5 – Nexus Knowledge and Scaling Challenge (ensuring adequate data, information, and monitoring)","While the study touches on these challenges, it primarily focuses on Challenge #3 (Nexus Governance Challenge) by examining communication networks and connections among organizations, which is crucial for effective governance.","",x,"",x,"",x,"","",x,"","","",x,"","","","",x,"","","","","","","","","","","","","","","","","","","","","",x,"","","",x,"","",x,"","","",x,"","","",x,"",x,"","","","","","","","","","","","","","","","","","","","","","","","","","","","","","","","","","","","","","","","","","","","","","","","","",Network Governance,"",Legal and Regulatory Instruments,"","",none,Academia; NGOs; Multilateral Organisations; Governments,"","","",Biodiversity; Climate; Health; Food; Water,"",Energy,"",Conceptual/theoretical,"",Yes,"",""
263,Thomson 2020,Cities and the Anthropocene: Urban governance for the new era of regenerative cities,Consensus,Australia and New Zealand,Australia,Site <1 km² (field to farm); Local >1 km² to 100 km² (neighbourhood to municipality),Challenge #3 – Nexus Governance Challenge (effective governance of the nexus) ,"","","","","","","",X,"","","",X,"","","","",X,"","","","","","","","","","","","","","","","","","",X,"","","",X,"","","",X,"","","","",X,"",X,"","","","","","","","","","","","","",X,"","","","",X,"",X,"",X,"",X,"","","","","","",X,"","","",X,"","","","","",X,"","","","",X,"",X,"","","","Infrastructure integration, integration of land use planning and transport, regular monitoring of urban regenerative performance, standardized reporting structure, political leadership, local funding mechanisms, performance metrics and indicators","At the macro scale, the creation of large centralised systems tends to reduce opportunities for citizen
engagement",Yes,"The author outlines actions to be undertaken within each of the scales (macro, meso, micro)",Network Governance; Community Governance,"","","","","",Private; Civil Society; Governments,"","","",Biodiversity; Climate; Food; Water,"","Other: Waster, Transport","",Review; Conceptual/theoretical,"",Maybe,"","Authors emphasize that the greatest potential for regenerative outcomes results from meso- or macro-scale urban development (actions at the micro scale tend to be the least effective). Macro-scale: infrastructure projects having a major influence on the urban fabric. Meso-scale: comprehensive precinct planning allows the coordinated delivery of social infrastructure and distributed infrastructure to deal with transport, energy, waste and water"
261,Dahlmann 2020,Nexus thinking in business: Analysing corporate responses to interconnected global sustainability challenges,Consensus,Not applicable (no specific spatial location),no specific. Focus on private sector,Not applicable (no specific spatial location),"","","","",X,"","","","","","","","","","","","","","","","","","","","","","","","","","","","","","","","","","","","","","","","","","","","","","","","","","","","","","","","","","","","","","","","","",X,"","","","","","","","","","","","","","","","",X,"","","","","","","","","","","","","","","","","","","","",Market Governance,"",Economic and Financial Instruments; Social and Cultural Instruments,"","","",Private,"14, identified as, “comprehensive-disclosers"" companies ","","",Climate; Water,"",Economic growth; Energy,"",Perspective,"",Yes,"","Nexus governance is not directly assessed, but several insights on sustainability governance in the private sector shall be useful for our assessment."
256,Sharma 2020,"The global governance of water, energy, and food nexus: allocation and access for competing demands",Consensus,Not applicable (no specific spatial location),"",Not applicable (no specific spatial location),Challenge #1 - Nexus Complexity Challenge (addressing and embracing nexus complexity); Challenge #3 – Nexus Governance Challenge (effective governance of the nexus) ,"","","","","","","","",X,X,"","","","","","","",x,"","",X,X,"","","",x,"",X,"","",X,X,"",X,"",x,"","",x,X,"","",X,"","","","",X,X,X,"",X,"","","","",X,x,"","","","","","","","","","","","","","","","","","","","","","","","","","","","",X,X,"","","","","","","","","","","","","","","",vertical coordination (between levels of governance),Transaction costs that prevent equity,No,"Technology as a ""backstop""variable that require adoption by consumers and are deeply linked with income (-< enhance inequities)","","",Legal and Regulatory Instruments; Economic and Financial Instruments; Social and Cultural Instruments,"Regulatory approach to allocate resources, market-based allocation, merits and demerits, permits, quotas, rationing, subsidies, price signal","","","","","","",Climate; Food; Water,"",Equity; Energy,"interrelations bewteen nexus dimensions are intensified through population growth, urbanization, changes in consumtion patterns, cliate change, and food waste. ",Review; Perspective,"",No,"","The paper presents a framework for the allocation of the nexus benefits, and discusses of the different criterias and rules that can be used to decide of the allocation. "
254,TakaesSantos 2020,Confronting governance challenges of the resource nexus through reflexivity: A cross-case comparison of biofuels policies in Germany and Brazil,Consensus,Latin America and the Caribbean; Western Europe,"Brazil, Germany",National (whole country),Challenge #1 - Nexus Complexity Challenge (addressing and embracing nexus complexity); Challenge #2 – Nexus Values Challenge (considering multiple values and trade-offs); Challenge #3 – Nexus Governance Challenge (effective governance of the nexus) ,"","",X,X,"","",X,X,"",X,"","",X,"",X,X,X,"","","","","","","","","","","","","","","","",X,X,X,X,"",X,X,X,"","","","","","","","","","",X,"","","",X,"",X,"",X,"","","","","","","","","",X,"",X,"",X,"",X,X,"","","","","","","","","",X,"","","","","","","","","","","","","","","","","High level of institutionalization of advisory councils (Germany), Horizontal and vertical policy integration, Multi-level architecture of decision-making","Independence of scientific organizations, considering the priority hierarchy for usage, lack of trust in consultation processes, Institutional instability",No,"",Hierarchical Governance; Market Governance,"",Legal and Regulatory Instruments; Economic and Financial Instruments,"Brazilian Law no 12490 (2011),  Brazilian Agroecological Zoning for Sugarcane,  Brazilian National Biofuels Program, German Directive on the promotion of biofuels and other renewable fuels for transport, German Biomass Action Plan, German Renewable Energy Directive, German Fuel Quality Directive,  German Biofuels Directive, German Mineral Oil Taxation Act in 2003, German Energy Tax Act, German Biofuels Quota Act, German Climate Action Programme 2030, Regulatory Impact Assessments, ","","",Private; Civil Society; Academia; NGOs; Governments; Other: National organisations (public/private),"Brazilian Ministry of Mines and Energy, Brazilian Ministry of Finances, Brazilian National Council for Energy Policy, Brazilian Ministry for Agriculture, Livestock and Food Supply, Brazilian Sugarcane Industry Association, Brazilian Agricultural Research Corporation, University of Campinas, Bioethanol National Science and Technology Lab, Agroicone, Brazilian Ministry of Cities, German Ministry of Finance, Joint Research Centre, German Advisory Council on the Environment, German Advisory Council on Global Change, German Environment Agency, German Federal Ministry of Food and Agriculture, German Federal Ministry for Economic Affairs and Energy, German Federal Ministry for the Environment, Nature Conservation and Nuclear Safety, German Biofuel Sustainability Ordinance","","",Biodiversity; Water,"",Energy,"",Conceptual/theoretical; Empirical,"",Maybe,"",""
245,Hamidov 2020,Sustainability considerations in water-energy-food nexus research in irrigated agriculture,Consensus,Not applicable (no specific spatial location),"",Not applicable (no specific spatial location),"Challenge #1 - Nexus Complexity Challenge (addressing and embracing nexus complexity); Challenge #3 – Nexus Governance Challenge (effective governance of the nexus) ; Challenge #5 – Nexus Knowledge and Scaling Challenge (ensuring adequate data, information, and monitoring)","","",x,"","","","","","","","","",x,"","","","","",x,"","","","","","",x,"",x,"","","","","","","","","","","","","","","","","","","","",x,"","",x,"","","","","","","","","","","","","","","","","","","","","","","",x,"","","","","","","","","","",x,"","","","","","","","","","","","","","","","","","",Yes,"To scaling up urban agriculture - gains in energy efficiency could be realized through the colocation of urban agriculture operations with waste streams (e.g., heat, CO2, graywater, wastewater and compost), which may increase yields and offset lifecycle energy demands.","","","","","","",Governments,"","","",Food; Water,"",Energy,Irrigated Agriculture,Review,"",No,"",""
240,Villamor 2020,Gender Specific Differences of Smallholder Farm Households Perspective of Food-Energy-Land Nexus Frameworks in Ethiopia,Consensus,Sub-Saharan Africa,Ethiopia,Subnational >100 km² (watershed),Challenge #2 – Nexus Values Challenge (considering multiple values and trade-offs),"The study explores the gender-specific perspectives of smallholder farmers in Ethiopia regarding the food-energy-land nexus. It delves into how male and female farmers perceive and interact with nexus resources, which involves considering multiple values and trade-offs as gender-specific roles and decision-making processes can influence resource utilization and trade-offs.","",x,"",x,"","","",x,"","","","",x,"","","","",x,"","","","",x,"","","","","","","","","","","",x,"","",x,"",x,"",x,x,"","","","","","","","","","","",x,"","","","","","","","","","","","","","","","","","","",x,"","","","","","","","","","","","",x,"","","",x,"","","","","","","","",x,"","","",No,"",Other: none,The article primarily discusses the gender-specific perspectives and dynamics within the food-energy-land nexus in Ethiopia. It does not explicitly propose or assess specific governance approaches related to the Nexus challenges,"","",The article does not explicitly discuss specific policy instruments or response options to address the Nexus challenges.,The article does not explicitly mention specific leverage points or levers for changing social-ecological systems in the context of addressing the Nexus challenges.,Funders; Civil Society; NGOs; Governments,Local institutions,no,"",Food; Water,Land,Equity; Energy,"",Empirical,"",Maybe,"",""
227,Smucker 2020,"Foundations for convergence: Sub-national collaboration at the nexus of disaster risk reduction, climate change adaptation, and land restoration under multi-level governance in Kenya",Consensus,Sub-Saharan Africa,Kenya,National (whole country),"Challenge #3 – Nexus Governance Challenge (effective governance of the nexus) ; Challenge #5 – Nexus Knowledge and Scaling Challenge (ensuring adequate data, information, and monitoring)","","",x,"",x,"",x,"","","","","","","",x,"","","","","","","",x,"",x,"",x,"","","","","","",x,"",x,"",x,"",x,"","","",x,"","","","","","",x,"","","","","","","","","","","","","","","","","","","","","","","","","","","","","","","","","","","","","","",x,"","","","","",x,"",x,"",x,"",x,"","","",No,"",Network Governance,"",Legal and Regulatory Instruments; Economic and Financial Instruments,"","",no,Civil Society; Academia; IPLCs; NGOs; Multilateral Organisations; Governments,"","","",Climate; Food; Water,"",Equity; Indigenous values and knowledge,"",Empirical,"",Yes,"",""
226,Kapucu 2020,Network governance for collective action in implementing united nations sustainable development goals,Consensus,Eastern Europe;  Northern Europe; Southern Europe; Western Europe,European Union ,"Regional (multiple countries, whole continents)",Challenge #3 – Nexus Governance Challenge (effective governance of the nexus) ,"","","","","","","","","","","","",x,"","","",x,"","","","","","","","","","","","","","","","",x,"",x,"","","",x,"","","","","","","",x,"","","","","","","","","","","","","","","","","","","","","","","","","","","","","","","","","","","","","","","",x,"","","","",x,"","","","","","","","","","","In-country development assistance, Collective action","",No,"",Network Governance,"",Legal and Regulatory Instruments,"","","",Civil Society; Regional Organisations; Multilateral Organisations; Governments,"Secretariat, General Assembly—Economic and Financial Committee, General Assembly—Social, Humanitarian, and Cultural Issues, Economic and Social Council, High-Level Political Forum on Sustainable Development, Statistical Commission, Commission on Population and Development, Commission on Social Development, United Nations Forum on Forests, Conference of States Parties to the Convention on the Rights of Persons with Disabilities, Intergovernmental follow-up on Financing for Sustainable Development, United Nations Committee on Global Geospatial Information Management, Committee for Development Policy, Committee of Experts on Public Administration, Committee on Non-Governmental Organizations, Permanent Forum on Indigenous Issues, UN Water, UN Energy, Development Cooperation Forum, Financing for Development Forum, Internet Governance Forum, Multi-stakeholder Forum on Science Technology and Innovation for the SDGs, Partnership Forum, World Data Forum, Youth Forum, Collaborative Partnership on Forests, Executive Committee of Economic and Social Affairs, High-level Group for Partnership, Coordination and Capacity-building for the 2030 Agenda, Inter-agency and Expert Group on SDG Indicator, Inter-agency Consultative Group on SIDS, Inter-agency Support Group for the Convention on the Rights of Persons with Disabilities, Inter-agency Task Force on Financing for Development, Inter-agency Task Team for the Technology Facilitation Mechanism, UN Inter-agency Support Group on Indigenous People’s Issues, United Nations Inter-agency Network on Youth Development, United Nations Global Working Group on Big Data for Official Statistics, Committee of Experts on International Cooperation in Tax Matters, United Nations Group of Experts on Geographical Names","Yes, U.N. High Level Political Forum (HLPF), their form of coordination relies on soft, indirect governance of intermediaries to achieve goals and acts a steering agent.","",Food; Water,"",Energy,"",Other: Network analysis,"",Yes,This study provides a background on international organizations and efforts in collectively moving towards sustainable development goals. It examines the SDGs (specific emphasis on Food–Energy–Water (FEW) Nexus) and means of governance and implementation at the global level.,""
222,Urbinatti 2020,The conceptual basis of water-energy-food nexus governance: systematic literature review using network and discourse analysis,Consensus,Not applicable (no specific spatial location),"",Not applicable (no specific spatial location),Challenge #1 - Nexus Complexity Challenge (addressing and embracing nexus complexity); Challenge #2 – Nexus Values Challenge (considering multiple values and trade-offs); Challenge #3 – Nexus Governance Challenge (effective governance of the nexus) ,"","","",x,"","","","","",x,"","","","",x,"","","",x,"","","","","",x,"","","","","","","","","","",x,"","",x,x,x,"","","","","","","","",x,"","","","","","","","","",x,"","","","","","",x,x,"","","",x,x,"","","","","","","","","","","","","","","","","","","","","","","","","","","","","","","","",No,"",Other: integrated water resource management,"","","","","","","","","",Food; Water,"",Equity; Energy,"",Review,"",No,"",This paper proposes a systematic review of the governance concepts and arrangements that constitute nexus governance. The paper includes a long table listing all modes of nexus governance found in the review. Highlights also gaps in the nexus governance literature
219,Hess 2021,Making sustainability plans more equitable: an analysis of 50 U.S. Cities,Consensus,Northern America,United States of America,National (whole country),"","","","","","","",x,"","","","","",x,"",x,"","","","","","","","","","","","","","","","","","",x,"",x,"","","",x,"","","","","","","","","","","","","","","","","","","","","","","","","","","","","",x,"","","","","",x,"","","","","","","","","","",x,"","","","","","","","","","",x,"","","","","",Income per capita,"",No,"","","",Social and Cultural Instruments,"Plans related to general sustainability, climate action, comprehensive, and relevant sectoral plans (e.g. housing, parks, bicycling, and transportation)","","",Private; Governments; Other: City councils,City councils of 50 U.S. Cities,"","",Climate; Food,"",Equity,"",Review,Review of city plans,Maybe,"This paper looks at city plans...could be called interventions, but there are 50 and it is difficult to pull out individual interventions. ",""
218,Hassan 2021,Energy and Environmental Security Nexus in Pakistan,Consensus,Southern Asia,Pakistan ,National (whole country),Challenge #1 - Nexus Complexity Challenge (addressing and embracing nexus complexity); Challenge #3 – Nexus Governance Challenge (effective governance of the nexus) ,"","","","","","","",x,"",x,"","","","","","","","","","","",x,"","","","","","","","","","","",x,"",x,"","","","","","","","","","","",x,x,"","",x,"","","","","","","","","","","","","","","","","","","","","","","",x,"","",x,"","","","","","","",x,"","","","",x,"","","","","","","","","","","","","",No,"","","",Legal and Regulatory Instruments,"Improvements to the ARE Policy 2011, National Power Policy 2013, and Power Generation Policy 2015","","",Private; IPLCs; Governments,Government of Pakistan,"","",Biodiversity; Climate; Health; Food,"",Poverty; Economic growth; Employment; Indigenous values and knowledge; Education; Energy,"",Review; Other: Book ,"",No,Not evaluating a specific policy intervention,""
217,Schwindenhammer 2021,Sdg implementation through technology? Governing food-water-technology nexus challenges in urban agriculture,Consensus,Western Europe,Germany,National (whole country),Challenge #3 – Nexus Governance Challenge (effective governance of the nexus) ,"","","","","","","","","","","","",X,"",X,"","","","","","","","","","","","","","","","","","","",X,"",X,"","","",X,"","","","","","","","",X,"",X,"","","","","","","","","","","",X,"","","","","","",X,"","","","","","","","","","","",X,"",X,"","","","","","","","",X,"","","","",X,"","","","","","","","",Hierarchical Governance,"",Legal and Regulatory Instruments,"German Water Resources Act, German Waste Water
Ordinance","","","Private; Civil Society; Regional Organisations; Governments; Other: Water sector, Food business, Local wastewater associations, food and agribusiness actors","","","",Food; Water,"",Other: Technology,"",Review; Empirical,"",No,"",""
204,Liu 2021,"Narrating the impacts of climate change for urban health governance in Guangzhou, China",Consensus,Eastern Asia,China,Local >1 km² to 100 km² (neighbourhood to municipality); National (whole country),Challenge #1 - Nexus Complexity Challenge (addressing and embracing nexus complexity); Challenge #3 – Nexus Governance Challenge (effective governance of the nexus) ,"","","","","","",X,X,"","","","","","",X,"","","","","","","","","","",X,"","","","","","","",X,"",X,"","","",X,X,"",X,"","","","","","","",X,X,"","","","","","","","","","","","","","","","","","",X,X,X,"","","",X,"","","","",X,X,"","","",X,"","","","","","","","","","","",X,"","","","",top-down governance tradition with centralized power has the advantage of responding to change along a clear line of command,"conventionality of means, heavy reliance on the administrative order, lack of civil actor participation, local understanding/experiences/means, vertical administration structure does not encourage inter-departmental or cross-sector collaborations",No,"",Hierarchical Governance,"",Legal and Regulatory Instruments,"National Environmental Health Action Plan (2007–2015), Action Plan on Prevention and Control of Air Pollution, National Plan on Climate Change (2014–2020), Action Plan for Urban Adaptation to Climate Change, Healthy China 2030 plan","","",Governments,"","","",Climate; Health,"","","",Review; Conceptual/theoretical,"",No,"",""
200,Okumu 2021,A review of water-forest-energy-food security nexus data and assessment of studies in East Africa,Consensus,Sub-Saharan Africa,"Ethiopia
Kenya
Rwanda
Uganda","Regional (multiple countries, whole continents)","Challenge #1 - Nexus Complexity Challenge (addressing and embracing nexus complexity); Challenge #2 – Nexus Values Challenge (considering multiple values and trade-offs); Challenge #3 – Nexus Governance Challenge (effective governance of the nexus) ; Challenge #5 – Nexus Knowledge and Scaling Challenge (ensuring adequate data, information, and monitoring)","","",x,x,"","","","","","","","","","","","","","",x,x,x,x,"","",x,x,x,x,"","","","","","","",x,"","","","","","","","","","",x,"","","",x,"","","","","","","","","","","","",x,"","","","","",x,"","","","","",x,"","","",x,"","","","",x,"","","","","",x,"","",x,"",x,"",x,"",x,"",x,"","","",No, it does not explicitly identify any of the listed factors as enablers or barriers related to the nexus challenges.,Network Governance; Community Governance,"the study does not explicitly mention any of the specified governance approaches (Hierarchical Governance, Market Governance, Network Governance, Community Governance) as solutions to the nexus challenges.",Legal and Regulatory Instruments; Economic and Financial Instruments; Social and Cultural Instruments,"","","The study mentions various indices and indicators used to assess the performance of the Forest-food-water-energy security Nexus, but it does not explicitly mention specific leverage points or levers for changing social-ecological systems.",Regional Organisations; Governments,"","","",Biodiversity; Climate; Food; Water,"",Equity; Indigenous values and knowledge; Energy,"",Review,"",Yes,"","it discusses the need for regional strategies, inter-sectoral coordination, and participatory scenario-building processes to address the challenges related to the food-water-energy-forest and climate nexus."
198,Naugle 2021,A Regional Model of Climate Change and Human Migration,Consensus,Sub-Saharan Africa,Mali,National (whole country),Challenge #1 - Nexus Complexity Challenge (addressing and embracing nexus complexity),"","","","","","","","","","","","","","","","","","","","","","","","","","","","","","","","","","","","","","","","","","","","","","","","","","","","","","","","","","","","","","","","","","","","","","","","","","","","","","","","","","","","","","","","","","","","","","","","","","","","","","","","","",No,"","","",Economic and Financial Instruments,"","","","","","","",Climate; Health; Food; Water,"","Poverty; Employment; Other: Conflicts, migration","",Modelling,"",No,"","The paper focuses on the water-food-health-climate-migration nexus, with the help of a theoretical model, calibrated for Mali. Results show the interlinkages between nexus elements. The effect of some policies (contraception, aid, etc.) is simulated. "
197,Nepal 2021,Achieving water security in Nepal through unravelling the water-energy-agriculture nexus,Consensus,Southern Asia,Nepal,Local >1 km² to 100 km² (neighbourhood to municipality); Subnational >100 km² (watershed),"Challenge #1 - Nexus Complexity Challenge (addressing and embracing nexus complexity); Challenge #2 – Nexus Values Challenge (considering multiple values and trade-offs); Challenge #3 – Nexus Governance Challenge (effective governance of the nexus) ; Challenge #4 – Nexus Financial Challenge (ensuring adequate financing for the nexus); Challenge #5 – Nexus Knowledge and Scaling Challenge (ensuring adequate data, information, and monitoring)","","","","","","","","","","","","","","","","","","","","","","","","","","","","","","","","","","","","","","","","","","","","","","","","","","","","","","","","","","","","","","","","","","","","","","","","","","","","","","","","","","","","","","","","","","","","","","","","","","","","","","","","","",No,The article provides information about the challenges and considerations related to the water-energy-agriculture nexus but does not categorize them as enablers or barriers.,"",It discusses the importance of water governance and integrated approaches in general terms but does not delve into specific governance models or approaches.,Legal and Regulatory Instruments; Rights-Based Instruments and Customary Norms; Economic and Financial Instruments; Social and Cultural Instruments,"","", It discusses the concept of leverage points and levers in the context of changing social-ecological systems but does not provide specific examples or details about them.,Civil Society; Academia; IPLCs; NGOs; Multilateral Organisations; Governments,"","","",Food; Water,"",Energy,"",Conceptual/theoretical,"",Yes,"",""
196,Yuan 2021,Measuring urban food-energy-water nexus sustainability: Finding solutions for cities,Consensus,Eastern Asia;  Northern Europe,"Taiwan, Netherlands",Local >1 km² to 100 km² (neighbourhood to municipality),Challenge #3 – Nexus Governance Challenge (effective governance of the nexus) ,"","",X,"","","","","","","","","",X,"","","","","","","","","","","","","","","","","","","","",X,"",X,"","","",X,"","","","","","","","","","",X,"","","","","","","","","","","","","","","","","","","","","","","","","","","","","","","","","","","",X,"","","","","","","","","","",X,"","","","","","","",No,Infrastructure construction in the comprehensive development of the renewable energy industry considered as produced capital,Hierarchical Governance,"","Other: Global efforts, such as ISO 37120 (2018), the Sustainable Development Goals (UN, 2016), Refrence Framework for European Sustainable Cities (RFSC, 2014), BREEAM Comunities (BREEAM, 2011), LEED for Neighborhood Development (CASBEE, 2007)","","","","Private; Civil Society; Academia; Regional Organisations; Governments; Other: A third category was evaluated: ""expert"" = people living in the four target cities based on a search for the keywords include ""nexus"", ""food-water-energy"", ""urban"", and ""sustainability"" in google scholar.
","The Chamber of Commerce of Eindhoven/Netherlands, The Sustainable Development Commission of Taipei City","","",Food; Water,"",Energy,"",Conceptual/theoretical; Empirical; Modelling,"",Maybe,"","The solutions to enhance the achievement were explored from three perspectives: infrastructure development,
technological innovation, and partnerships collaboration to offer practical guidance on the sustainability of the urban FEWnexus."
194,Botai 2021,A review of the water-energy-food nexus research in Africa,Consensus,Northern Africa; Sub-Saharan Africa,"","Regional (multiple countries, whole continents)",Other: Disconnection between nexus science development and Governance,"","","",X,"","","","","","","","","","","","","","","","","","","","","","","","","","","","","","",X,"","","","","","","","","","","","","","","","","","","","","","","","","","","","","","","","","","","","","","","","","","","","","","","","","","","","","","","","","","","","","","","","","","","","","","","","",Other: Governance and institutional mechanisms in more general terms,"",Other: policy instruments described in specific studies,"","","","","","","",Food; Water,"",Energy,"",Review,"",Yes,"",This review paper brings several interesting information and clustering analysis
193,Purwanto 2021,"Water-energy-food nexus: Critical review, practical applications, and prospects for future research",Consensus,Not applicable (no specific spatial location),"",Not applicable (no specific spatial location),"Challenge #1 - Nexus Complexity Challenge (addressing and embracing nexus complexity); Challenge #5 – Nexus Knowledge and Scaling Challenge (ensuring adequate data, information, and monitoring)","","","","",x,"","","","","","","","","","","","","",x,"","","",x,"",x,x,"","","","","","","","","","","","","","","","","","","","","","","","","","","","","","","","","","","","","","","","","","","","","","","","","","","","","","","","","","","","","","","","",x,"","","","","","","","","","","","","","",Yes,"The paper suggests that knowledge about each WEF dimension is key to better conceptualize nexus and make this applicable across scales, influencinh policy and planning.",Other: Governance among different nexus dimensions' sectors,It is not clear if the paper explores a specific governance approach,Other: Knowledge and monitoring instruments,"","Not cited, BUT if we consider that improve knowledge can be considered a policy instrument...",Not cited.,Academia; Regional Organisations; Multilateral Organisations; Governments; Other,"","",All institutions that can provide information about nexus dimensions are key actors highlighted in the manuscript.,Food; Water,"The manuscript reviews WEF as a framework, thus it also incorporates other dimensions found in the review, such as land",Energy,"",Review; Perspective; Conceptual/theoretical,"",No,"",""
191,Chaudhuri 2021,Reflections on farmers’ social networks: a means for sustainable agricultural development?,Consensus,Southern Asia,India,National (whole country),Challenge #3 – Nexus Governance Challenge (effective governance of the nexus) ,"","","","","","","","","","","","","","","",X,"","","",X,"","","",X,"","","","","","","",X,"","","","","","",X,"","","","","",X,"","","","","","",X,"","","","","","","","","","","","","","","",X,"","","","","","","","","","","","","","","","","","","",X,"","","","","","","","","","",X,"",X,X,"",social networks,"corruption, trust, lack of flexibility",No,Social networks viewed as a enabler. Technology stated as a barrier. Corruption a barrier. Trust a barrier. ,Market Governance; Network Governance; Community Governance,"Current recommendation for alleviation of WFE-induced socioeconomic transforma-
tions primarily center on a set of inter-weaved policy interventions (Ringler et al. 2013):
• Implementing stringent irrigation water pricing framework—Pay for what you reap
• Revise/forfeit agro-power subsidy schemes—No free ride
• Promoting participatory irrigation management (PIM)—Strength in collective action

Under the circumstances, social learning via networks provides farmers 
a tool of “risk aversion” (Ma et al. 2014; Feder et al. 2010). It is as Bock (2012) comments 
“in order to be adopted, new products, technologies need to fit into a specific social context with a specific organization of social relations and specific norms and values and accepted behavioral patterns”.

Water users’ association (WUA) in India is a particular example where different network 
types potentially intermingle.",Economic and Financial Instruments; Social and Cultural Instruments,"pricing mechanisms, information flow, social networking",Economic and social instruments inferred,"",Private; Governments,"farmers, irrigation authorities, Water Users' Association","","",Food; Water,"",Equity; Energy,Increasing inequality due to competition for groundwater.,Review,"",No,"",""
188,Pahl-Wostl 2021,Scale-related governance challenges in the water–energy–food nexus: toward a diagnostic approach,Consensus,Not applicable (no specific spatial location),"",Not applicable (no specific spatial location),"Challenge #1 - Nexus Complexity Challenge (addressing and embracing nexus complexity); Challenge #3 – Nexus Governance Challenge (effective governance of the nexus) ; Challenge #5 – Nexus Knowledge and Scaling Challenge (ensuring adequate data, information, and monitoring)","","","","","","","","","","","","","","","","","",X,"",X,X,X,x,x,X,X,X,X,X,X,"","","","","","","","",X,X,X,"","","","","","","","","","","","","","","",x,x,"","","","","","","","","","","","","","","","","","","","","","","","","","","","","","","","","",X,"","","","","","","","","","","","","",Yes,"","","",Legal and Regulatory Instruments; Rights-Based Instruments and Customary Norms; Economic and Financial Instruments,"property-rights,  land tenure, standard, certification schemes, ","","",Private; Civil Society; Multilateral Organisations; Governments,"EU, Sri lanka national water supply and Drainage Board, farmers, agrobusinesses, energy companies","","",Food; Water,"",Energy,"",Review; Perspective,"",No,"","The paper focuses on the spatial temporal scale misfits, and how they can affect water-energy-food nexus. "
186,Manlosa 2021,"Aquaculture-capture fisheries nexus under Covid-19: impacts, diversity, and social-ecological resilience",Consensus,South-eastern Asia,Philippines,Subnational >100 km² (watershed),Challenge #2 – Nexus Values Challenge (considering multiple values and trade-offs); Challenge #4 – Nexus Financial Challenge (ensuring adequate financing for the nexus),"","","","","","","","","","","","","","","","","","","","","","","","","","","","","","","","","","","","","","","","","","","","","","","","","","","","","","","","","","","","","","","","","","","","","","","","","",X,X,"","","","","","","","","","","","","","","","","","","","","","","","","","","","","diversified livelihoods, diversified incomes","",No,Did not really look at enablers and barriers explicitly.,Hierarchical Governance; Community Governance; Other: Multi-level governance,"",Rights-Based Instruments and Customary Norms; Economic and Financial Instruments,"government payments and subsidies, informal market arrangements","From discussion: Informal market arrangements such as territorial markets, peddling, and open markets (Devereux et al. 2020) were observed to provide valuable alternative market arrangements for both producers and consumers because they can function under conditions of restricted mobility in small areas.

Informal market arrangements such as territorial markets, peddling, and open markets (Devereux et al. 2020) were observed to provide valuable alternative market arrangements for both producers and consumers because they can function under conditions of restricted mobility in small areas.","",Private; IPLCs; Governments,"fishers, local governments, Bureau of
Fisheries and Aquatic Resources","","",Health; Food,"",Equity,"",Empirical,"",No,"","This paper is largely about the response to Covid and implications for fisheries and aquaculture. Therefore it focusses in the food/health nexus. 

From discussion: Aquaculture production was negatively affected by the pan-demic primarily through disrupted availability of fry and fingerlings as air travel was suspended, temporary rise in cost of
fingerlings, limited local supply of various inputs due to mobility restrictions, timing of lockdown, and restricted individual mobility which reduced fish farmers’ ability to access
needed inputs."
180,Petridou 2021,Policy Entrepreneurs in Public Administration: A Social Network Analysis,Consensus, Northern Europe,Sweden,Local >1 km² to 100 km² (neighbourhood to municipality),Challenge #3 – Nexus Governance Challenge (effective governance of the nexus) ,"","","","","","","","","","","","","","",X,"","","","","","","","","","","","","","","","","","",X,"",X,"",X,"",X,"","","","","","","","","","",X,"","","","","","","","","","","","","","","","","","","","",X,"","","","","","","","","","","","","","","","","","","","","","","","","",X,"",X,"","","","Greater centralization of decision-makers and environmental strategists, more direct involvement
in technical activities, diversification of stakeholders, possession of such as sociability (which are suggested as essential for relational strategies and interactive problem framing (facilitating political change)","",No,"","","","","","","",Private; Governments,"","","",Climate; Health,"","","",Review; Empirical; Modelling,"",No,"",""
178,Huang 2021,Shifting from Production-Based to Consumption-Based Nexus Governance: Evidence from an Input–Output Analysis of the Local Water-Energy-Food Nexus,Consensus,Eastern Asia,China,National (whole country),Challenge #3 – Nexus Governance Challenge (effective governance of the nexus) ,"","","","","","","","","","","","",x,"","","","","","","",x,"","","",x,"","","","","","","","","","","","","","","","","","","","","","","","","","","","","","","","","","","","","","","","","","","","","","","","","","","","","","","","","","","","","","","","","","","","","","","","","","","","","","","","",Yes,"For the ‘high-low’ province groups, scale expansion should
be the future investment direction because it is key to sustaining WEF resource consumption and should be implemented in all province groups. ","Market Governance; Other: Consumption-based governance, focusing intensity metrics on scale efficiency and aiming quantity metrics on pure technical efficiency, and localizing province-specific management strategies.",Shift policy attention from production-based to consumption-based strategies ,Legal and Regulatory Instruments,"","","",Governments,"","","",Food; Water,"",Energy,"",Modelling,"Study analysed the input–output efficiency of the water-energy-food
nexus by considering production-based intensity, consumption-based intensity, and the quantity index system",No,It is not assessing an intervention. ,""
173,Mabhaudhi 2021,Assessing progress towards sustainable development goals through nexus planning,Consensus,Sub-Saharan Africa; Not applicable (no specific spatial location),South Africa as a case study.,National (whole country); Not applicable (no specific spatial location),Challenge #1 - Nexus Complexity Challenge (addressing and embracing nexus complexity); Challenge #2 – Nexus Values Challenge (considering multiple values and trade-offs),"","",x,x,"","","","","","","","","","","","","","","","","","","","","","","","","","","","","","","","","","","","","","","","","","","","","","","","","","","","","","","","","","","","","","","","","","","","","","","","","","","","","","","","","","","","","","","","","","","","","","","","","","","","","",No,"The paper explores the role of integrating indicators as a way to potentialize our ability to identify and monitoring Nexus... I would call this a enabler, but I don´t know where place it! ","",Not declared but it is supposed to be transformative.,"","",It is focused on a technical instrument...,integrating indicators,"","","",Not cited because the manuscript is focused on defining indicators to integrate nexus approach and SDGs.,Biodiversity; Health; Food; Water,"",Equity; Poverty; Economic growth; Education; Energy,"",Perspective; Conceptual/theoretical; Empirical,"",No,"",""
171,Paudel 2021,Nexus between water security framework and public health: A comprehensive scientific review,Consensus,Latin America and the Caribbean; Northern America; South-eastern Asia; Southern Asia;  Northern Europe; Australia and New Zealand; Not applicable (no specific spatial location),"","National (whole country); Regional (multiple countries, whole continents); Multi-regional (multiple continents/geographic regions); Not applicable (no specific spatial location)","Challenge #1 - Nexus Complexity Challenge (addressing and embracing nexus complexity); Challenge #3 – Nexus Governance Challenge (effective governance of the nexus) ; Challenge #5 – Nexus Knowledge and Scaling Challenge (ensuring adequate data, information, and monitoring)","","","","","","",X,X,"","","",X,"",X,"","","","","","","","","","","",X,"","","","","","","","","","","","","","","","","","","","","","","","","",X,"","","","","","","",X,"","","","","","","","","","","","","","","","",X,"","","","","","","","","",X,X,"",X,"","",X,X,"","",X,"",X,"","","","","","extreme wather conditions, poor acessibility and availability to natural resources (time and distance), poor sanitation behavior, poor governance",No,"","","","","","","","Civil Society; Other: ""Key informants""","","","",Health; Water,"",Poverty,"",Review,"",No,"",""
161,BenitesLazaro 2021,Water-energy-food nexus approach at the core of businesses – How businesses in the bioenergy sector in Brazil are responding to integrated challenges?,Consensus,Latin America and the Caribbean,Brazil,National (whole country),Challenge #2 – Nexus Values Challenge (considering multiple values and trade-offs); Challenge #3 – Nexus Governance Challenge (effective governance of the nexus) ,"From the Introduction:

However, as McGrane et al. (2019) mention, the nexus tries to differentiate itself from these integrative approaches by considering the WEF sectors concomitantly, seeking intersectoral cooperation rather than evaluating the impacts of changes through a particular lens. For its advocates, a nexus approach makes it possible to explicitly consider the impacts, trade-offs and synergies of decision-making among sectors (Hoff, 2011).

Von Braun and Mirzabaev (2016) describe the nexus framework as a governance mechanism that seeks to minimize trade-offs, transaction costs, negative externalities, and synergies, boosting positive externalities across the nexus sectors.","","",X,"","","","","","","","","","","","","","","","","","","","","","","","","","","","","","","","","","","","",X,"","","","","","","","","","","","","","","","","","","","","","","","","","","","","","","","","","","","","","","","","","","","","",X,"","","","","","","","","","","","","","","","","","",No,"From Discussion:

However, these business initiatives indicated that despite industry’s efforts toward sustainability, issues such as labor conditions require attention.

Business success is still mainly measured in terms of profitability, attractiveness to investors, share price, and market share in an economy that relies on a depreciative base of natural capital.",Market Governance,"From the Discussion:

Thus, many attempts to improve the WEF nexus by bioenergy companies are related to industry initiatives, such as programs for certification, creation of norms and standards.",Economic and Financial Instruments; Social and Cultural Instruments,"certification schemes, creation of norms and standards","","",Private,bioenergy companies,"",This study is based on reports of companies in the bioenergy sector.,Food; Water,"",Economic growth; Employment; Energy,"",Empirical,Analyses company documents,No,"",""
153,Choudhary 2021,Empowering blue economy: From underrated ecosystem to sustainable industry,Consensus,Not applicable (no specific spatial location),"",Not applicable (no specific spatial location),Other: Provisioning of nexus elements,"","","","","","",x,"","","","","",x,"","","",x,"","","",x,"","","","",x,"","","","","","","",x,"","","","","","",x,"","","","","","",x,x,"",x,"","","","","","","","","","","","","","","","","","","","",x,"","","",x,"","","","","","","","","","","",x,"","","","","","","",x,"","","","","","","","In order to achieve sustainable blue economy one of the key driver is coastal urbanisation and conservation which requires introduction of innovative strategies to minimize pollution and loss of biodiversity, multi government commitment with developed financial innovations","",No,"",Market Governance,"",Economic and Financial Instruments,"Organize the buyer and seller sectors which can create a value chain, incorporation of
hybrid economy into policy and management for sustainable ecosystems",this study provides preliminary framework intended to explore research and economic opportunities of ocean economy,"",Private; Civil Society; Academia; Governments,"","","",Food; Water,"",Energy,"",Review,"",Maybe,"Its all about hybridising the economy - to shift it more towards the blue economy. More about the idea than a specific case study, but there are interesting cases throughout. ",""
151,Ghafoori-Kharanagh 2021,Participatory Water-Food-Energy Nexus Approach for Evaluation and Design of Groundwater Governance,Consensus,Western Asia,Islamic Republic of Iran,Subnational >100 km² (watershed),Challenge #3 – Nexus Governance Challenge (effective governance of the nexus) ,Evaluation of Nexus (WFE) governance on scenarios of groundwater use,"","",X,"","","","",X,"","","",X,"","","","","","","","","","","","","","","","","","","","","",X,X,"","","","",X,"","","","","","","","","","","","","","",X,"","","","","","","","","","","","","",X,"","","","","","","","","","","","","","","","",X,"","","","","","","","","",X,"","","","","","","","","","Study evaluate different scenarios on GW use and its governance  -venablers and barriers cited are, somehow, considered in the scenarios",Market Governance; Network Governance; Community Governance,"",Economic and Financial Instruments,"","","",Private; Academia; Regional Organisations,"","","",Climate; Food; Water,"",Energy,"",Conceptual/theoretical,"",Yes,"","The paper works with different Nexus Scenarios in relation to groundwater availability. ""...The challenges of groundwater governance, identified as regulations, structure, and policies of WFE sectors, were considered the driving forces of the system"""
147,Radini 2021,Urban water-energy-food-climate nexus in integrated wastewater and reuse systems: Cyber-physical framework and innovations,Consensus,Not applicable (no specific spatial location),"",Not applicable (no specific spatial location),Challenge #1 - Nexus Complexity Challenge (addressing and embracing nexus complexity),"","",X,"","","",X,"","","","","","","","","","","","","","","",X,"","","","","","","","","","","","","","","","","","","","","","","","","","","","","","","","","","","","","","","","","","","","","","","","","","","","","","","","","","","","","","","",X,"","","","","","","","","","","","","","","","","","",No,"","","","","","","","","","","",Climate; Food; Water,"",Energy; Other: Waste,"",Review,"",No,"",The paper reviews the modeling tools and data that can be used to quantify the nexus. It provides very limited elements about governance and policies. 
144,Lazaro 2021,Policy and governance dynamics in the water-energy-food-land nexus of biofuels: Proposing a qualitative analysis model,Consensus,Latin America and the Caribbean,Brazil,National (whole country),Challenge #1 - Nexus Complexity Challenge (addressing and embracing nexus complexity); Challenge #3 – Nexus Governance Challenge (effective governance of the nexus) ,"","","",X,"","","","","","","","","","","","","","","","","",X,"",X,"","","","","","","","","","","","","","","","","","",X,"","","","","","","","","","","","","","","","","","","","","","","","","","","","","","","","","","","","","","","","","","","",X,X,X,X,"","","","","","","","","","","","","","",Strength of applciation of laws,No,"","","",Legal and Regulatory Instruments; Economic and Financial Instruments,"Multi-stakeholder standards, certification systems","","",Private; Academia; Multilateral Organisations,"Bonsucri, Renewable Energy Directive (EU), Global Energy Partnership (GBEP), Roundtable on Sustainable Biofuels","","",Food; Water,"",Equity; Employment; Energy; Other: Land,Equity has lower importance,Review; Empirical,The paper focuses on nexus in reltion to biofuels,No,"",""
135,Chaudhuri 2021,Groundwater-sourced irrigation and agro-power subsidies: Boon or bane for small/marginal farmers in India?,Consensus,Southern Asia,India,National (whole country),"Challenge #2 – Nexus Values Challenge (considering multiple values and trade-offs); Challenge #5 – Nexus Knowledge and Scaling Challenge (ensuring adequate data, information, and monitoring); Other: Limited information/data, inappropriate subsidies, lack of monitoring","From the Discussion: In the policy sphere, groundwater-sourced irrigation is propelled by (1) lack of groundwater tariffing (Chaudhuri and Roy, 2019; Chaudhuri and Kaur, 2017; Narayanmoorthy, 2018); (2) lack of institutional procedures to monitor drafting; and (3) lucrative agro-power subsidies. Collectively, these two promote unsustainable drafting of groundwater resources, without concerns for long-term eco-environmental outcomes.","","",X,"","","",X,"",X,"","","","","","","","","","","","","","","","","","","","","",X,"","","","","","","","","","","","",X,"","","","","","","","",X,"",X,"","","","","",X,"",X,"","","","","","","","","","","","","","","","","","","","","","","",X,"","","","","","","","","","",X,"","","","","",limited monitoring,No,"Potential increase in poverty if subsidies for agro-power removed. Other barriers include: limited incentives to change, lack of expertise. ",Market Governance,"",Economic and Financial Instruments; Social and Cultural Instruments; Other,"Ensuring sufficient power supply (of good and consistent quality, voltage stabilization etc.) during the peak irrigation demand,
while rationing it on other days of the year; Gradual rise in tariffs to cover cost of power production, supply, O&M of infrastructure; Intelligent scheduling and management of electricity (and groundwater) consumption. Capacity building. Improving awareness. Removing subsidies for water extraction. ","","",Private; Governments,"farmers, electricity generators, governments ","","",Climate; Food; Water,"",Equity; Poverty; Energy,"",Review,"",No,"","Paper mostly looks at trade-offs between water, energy, food, and climate (C02 emissions) rather than specific governance solutions. Some of the solutions proposed are at the policy instrument level."
133,Nkiaka 2021,Food-energy-water security in sub-Saharan Africa: Quantitative and spatial assessments using an indicator-based approach,Consensus,Sub-Saharan Africa,"Cameroon, Central Africa Republic, Chad, Congo-Brazzaville, DR Congo, Equatorial Guinea, Gabon, Burundi, Comoros, Djibouti, Eritrea, Ethiopia, Kenya, Rwanda, Seychelles, Sudan, S Sudan, Tanzania, Uganda, Benin, Burkina Faso, Cabo Verde, Cote D'Ivoire, Gambia, Ghana, Guinea, G Bissau, Liberia, Mali, Niger, Nigeria, Senegal, Sierra Leon, Togo, Angola, Botswana, Lesotho, Madagascar, Malawi, Mauritius, Mozambique, Namibia, San Tome & Principe, South Africa, Eswatini, Zambia, Zimbabwe","National (whole country); Regional (multiple countries, whole continents)",Challenge #1 - Nexus Complexity Challenge (addressing and embracing nexus complexity); Challenge #3 – Nexus Governance Challenge (effective governance of the nexus) ; Challenge #4 – Nexus Financial Challenge (ensuring adequate financing for the nexus),"","","","","",X,X,"","","",X,"","",X,"",X,"","","","","","","","","","","","","","","","","","",X,"",X,"","","",X,"","","","","","","","","","",X,"","","","","","","","","","","","","","","","","","","","","","","","","","","","","","","","","","","",X,"",X,"","","",X,"","","","",X,"","","","","","Top-down FEW development approaches, increasing population, low economic growth, natural disasters,  large scale land acquisition, overexploitation of FEW resources, conflicts, poorly coordinated market reforms, climatic conditions, poor governance, poor land management",No,"",Hierarchical Governance,"",Legal and Regulatory Instruments; Economic and Financial Instruments,"Comprehensive Africa Agriculture Development Programme, ","","","","","","",Food; Water,"",Energy,"",Empirical; Modelling,"",No,"",""
128,Mianabadi 2022,Water/climate nexus environmental rural-urban migration and coping strategies,Consensus,Southern Asia,Iran,Subnational >100 km² (watershed),Challenge #2 – Nexus Values Challenge (considering multiple values and trade-offs); Challenge #3 – Nexus Governance Challenge (effective governance of the nexus) ,It is not focused on the interaction among nexus dimensions but on the water/climate issue that promotes migration.,"","","","","","","","","","","","",x,"","","","","",x,"","","","","","","","","","","","","","","","","","",x,"","","","","","","","","","","","","","","","","","","","","","","","","","","","","","","",x,x,x,"","","","","","","","","","",x,"","","","","","","","","","","","","","","","","","","","","",No,"",Community Governance,"It explores how people react to water shortages and this is more related to a community way to deal with the watre/climate nexus. It was not something stimulated by anyone, but for local people... That's why I checked this box.",Rights-Based Instruments and Customary Norms; Social and Cultural Instruments,"","",rural-urban migration ,Civil Society; Academia; Governments,"","","",Climate; Water,"",Equity; Poverty; Economic growth; Employment,The paper explores how migration driven by water shortage can be related and explained by multiple aspects.,Conceptual/theoretical; Empirical,Collected data through interviews...,Maybe,"",""
125,Kirschke 2022,Designing policy mixes for emerging wicked problems. The case of pharmaceutical residues in freshwaters,Consensus,Western Europe,Germany,National (whole country),Challenge #3 – Nexus Governance Challenge (effective governance of the nexus) ,"","",x,"",x,"","","","","","","","","","","","","",x,"","","","",x,"",x,"","","","","","","","","","","","","",x,"","","","","","","",x,x,"","","","","","","","","","","","","","","","","","","","",x,"","","","","",x,"","","","","","","","","","","","","","","","","","","","","","","","","","","",Policy coherence,"Participatory processes: results also question the dominant assumption in the wicked problems literature that participatory processes outperform in addressing wicked problems, Conflicts between public and policy makers",No,"",Hierarchical Governance,"",Legal and Regulatory Instruments; Economic and Financial Instruments,"","","",Private; Civil Society; Academia; NGOs; Regional Organisations; Governments,Pharmaceutical companies; users of pharmaceuticals,"","",Biodiversity; Health,"","","",Conceptual/theoretical,"",Maybe,"There is no clear intervention that is assessed, but the paper does provide insight into policy design",""
124,Zhao 2022,Simulating the economic and environmental effects of integrated policies in energy-carbon-water nexus of China,Consensus,Eastern Asia,China,National (whole country),Challenge #1 - Nexus Complexity Challenge (addressing and embracing nexus complexity),"","",X,X,"","","","","","","","","","","","","","","","","","","","","","","","","","","","","","","","","","","","","","","","","","","","","","",X,X,"","",X,X,"","","","","","","","","","","","","","","","","","","","","","","","","","","","","","",X,"","","","","","","","","","","","","","","","","","",No,"","","",Economic and Financial Instruments,"energy tax, carbon pricing, water fee, feedin tariff subsidy, energy-saving investments, carbon emission quotas, emission trading scheme, water technology investment","","","","","","",Climate; Water,"",Energy,"",Empirical,"",No,"","The study uses a CGE model to model the linkages between nexus elements, and simulate the environmental and economic effect of policies (mainly economic instruments) on the whole system (mainly tradeoffs and synergies between nexus dimensions). Not very useful for the review"
122,Jones 2022,"Understanding barriers to collaborative governance for the food-energy-water nexus: The case of Phoenix, Arizona",Consensus,Northern America,United States of America,Local >1 km² to 100 km² (neighbourhood to municipality),Other: Sector mismatch/scale mismatch,"","","","","","","","","",x,"","","","","","","","","","","","","","","",x,"",x,"","","","","",x,"","",x,"",x,"",x,"","","","","","","","","","","","","","","","","","","","","","","","","","","","","","","","","","","","","","","","","","","","","","","","","","","",x,"","","","","","","","","","","","process asymmetries, external influences",No,"",Other: Collaborative governance,"",Legal and Regulatory Instruments,"","","",Private; NGOs; Governments,"For participant observation: Arizona Corporation Commission, Arizona House Committee on Natural Resources Water and Energy, Arizona Municipal Water Users Association, Arizona Power Authority, Arizona Senate Committee on Water and Agriculture, Central Arizona Project. And interviews: Agribusiness and Water Council, Arizona Cattlemen’s Association/AZ Farm and Ranch Group, Arizona Department of Agriculture, Arizona Farm Bureau, Arizona Municipal Water Users Association, Arizona Power Authority, Arizona Water Banking Authority, Central Arizona Groundwater Replenishment District, Central Arizona Project (CAP), City of Phoenix – Environment Department, City of Phoenix – Water Department, City of Scottsdale, Family Farm, Roosevelt Irrigation District, Salt River Project – Water, Salt River Project – Power, Sierra Club","","",Food; Water,"",Energy,"","Other: Social network analysis, participant observation, and interviews","",No,"The study identified barriers, but did not assess an actual intervention",""
121,Dobush 2022,A new way forward for ocean-climate policy as reflected in the UNFCCC Ocean and Climate Change Dialogue submissions,Consensus,Not applicable (no specific spatial location),"",Not applicable (no specific spatial location),Challenge #1 - Nexus Complexity Challenge (addressing and embracing nexus complexity),"","","",x,"","","","","","","","","","",x,"","","",x,"","","","",x,"","","","","","","","","",x,"",x,"","","",x,"","","","","","","","","","",x,"","","","","","","","","","","","","","","","","","","","","","",x,"",x,"",x,"","","","","","","","",x,"","","",x,"","","","",s,"","","","","","","","","",No,"",Community Governance,"",Legal and Regulatory Instruments; Rights-Based Instruments and Customary Norms,"The Global Stocktake, continuous consideration of the IPCC Land and Ocean’s reports, funding to support inclusion of land and ocean into SBI and SBSTA processes, and addressing the blue finance gap.","","",Private; Civil Society; Academia; IPLCs; NGOs; Multilateral Organisations; Governments,"There were 47 submissions, each a different actor/institution (see figure 1 )","","",Biodiversity; Climate,"",Equity; Poverty; Employment; Indigenous values and knowledge; Energy,"","Other: Summary of the Ocean and Climate Change Dialogue, decided at COP25 and launched online in December 2020","",No,It is a summary of many submissions to the Ocean and Climate Change Dialogue,""
120,Leong 2022,Governing complex environmental policy mixes through institutional bricolage: lessons from the water-forestry-energy-climate nexus,Consensus,Not applicable (no specific spatial location),"",Not applicable (no specific spatial location),Challenge #1 - Nexus Complexity Challenge (addressing and embracing nexus complexity); Challenge #3 – Nexus Governance Challenge (effective governance of the nexus) ,"","","","",X,X,"","","","","","","","","","","","","","",X,"","","","",X,"","","","","","","","","","","","","","",X,"","","","","","","","","","","","","","","","","","","","","","","","","","","","","","","","","","","","","","","","","","","","","","","","","","","","","","","","","","","","","","","","",No,"","","","","","No specific instrument is mentioned, but there is a reference to the concept of institutional bricolage which can help to develop policy mixes in the absence of central coordination","","","","","",Biodiversity; Climate; Water,"",Energy,"",Other: Something between review and perspective,"",Maybe,but would require collect a bit more information about the 4 study cases presented in the paper,The paper provides short descriptions of 4 study cases  presenting water policy mixes
110,Hamidov 2022,Operationalizing water-energy-food nexus research for sustainable development in social-ecological systems: an interdisciplinary learning case in Central Asia,Consensus,Central Asia,"Afghanistan, Kazakhstan, Kyrgyzstan, Tajikistan, Turkmenistan, Uzbekistan","Regional (multiple countries, whole continents)","Challenge #1 - Nexus Complexity Challenge (addressing and embracing nexus complexity); Challenge #2 – Nexus Values Challenge (considering multiple values and trade-offs); Challenge #3 – Nexus Governance Challenge (effective governance of the nexus) ; Challenge #5 – Nexus Knowledge and Scaling Challenge (ensuring adequate data, information, and monitoring)","","","",x,"","",x,"","","","","","","","","","","",x,"","","","",x,"",x,"","","","","","","","","","","","","","","","","","","","","","","","","","","","","","","","","","","","","","","","","","","","","","","","","","","","","","","","","","",x,"","","","","","","","","","","",x,"","","","","","","","",No,"",Other: Transboundary governance,"","",Sustainability impact assessment (SIA),The SIA is proposed as a process and a learning tool to improve systemic thinking for the operationalization of the water-energy-food nexus concept,"",Funders; Civil Society; Academia; Regional Organisations; Governments,"Representatives from ministries (e.g., of agriculture, water, and environment); Universities; Resource users; Donor organizations; Civil society.","","",Food; Water,"",Energy,"",Empirical,Implementation of the sustainability impact assessment protocol.,No,"No policy is implemented, but rather and impact assessment protocol framework is assessed. ",""
106,Kellner 2022,Identifying leverage points for shifting Water-Energy-Food nexus cases towards sustainability through the Networks of Action Situations approach combined with systems thinking,Consensus,Southern Europe; Western Europe; Not applicable (no specific spatial location),"Switzerland, as a case study",Subnational >100 km² (watershed); Not applicable (no specific spatial location),Challenge #1 - Nexus Complexity Challenge (addressing and embracing nexus complexity); Challenge #3 – Nexus Governance Challenge (effective governance of the nexus) ,"","","",x,"","","","","","","","","","","","","","","","","","","","","","","","","","","","","",x,"","","","","","","","","","","","","","","","","","","","","","","","","","","","","","","","","","","","","","","","","","","","","","","","","","","","","","","","","","","","","","","","","","","","","","","",No,"",Hierarchical Governance,It is interesting to note that hierarchical governance here is present to promote transformation in way to understand that changes operates in different levels.,Legal and Regulatory Instruments; Rights-Based Instruments and Customary Norms,Many Swiss Legal instruments in the NAS - WEF Nexus context.,"","awarness raising for climate change impacts, legally binding adaptation strategy measures, extension of the right appeal, subsidies linked to drought management, mandatory drought management assessment, extension of lake regulations, shorter duration of water concessions, design principles for participatory processes",Private; Civil Society; IPLCs; NGOs; Regional Organisations; Governments,"","","",Biodiversity; Climate; Food; Water,It is focused on WEF but discuss in the sense of awareness for biodiversity and climate mitigation/adaptation,Energy,"","Perspective; Conceptual/theoretical; Other: Discuss the NAS-WEF Nexus in Switzerland, thus is a case study paper.","",Yes,"","It highlights that prioritization of Nexus elements is something that can guide the best way to integrate multiple elements. Then, define eight leverage points that are important to promote WEF nexus, considering key agendas such as climate change. However, it is important to note that what is call levarage point in the paper is not exactly what is called leverage point in the extraction..."
105,Sebastian 2022,"A 'Chennai' in Every City of the World: The Lethal Mix of the Water Crisis, Climate Change, and Governance Indifference",Consensus,Southern Asia,India,National (whole country),Challenge #3 – Nexus Governance Challenge (effective governance of the nexus) ; Challenge #4 – Nexus Financial Challenge (ensuring adequate financing for the nexus),"","","","","","","","","","","","","","","",X,"","","","","","","","","","","","","","","","","","",X,"",X,"","","",X,"","","","","","","","","","","","","","","","","","","","","","","","","","","","","","","","","",X,"","","","","","","","","","","","",X,"","","","","","","","","","","","","","","","",disconnect between public policy and the role of actors,No,"",Hierarchical Governance; Network Governance,"Four levels of stakeholder participation are advocated: (1) information, (2) implementation, (3) involvement and (4) representation.",Legal and Regulatory Instruments,"","The most pressing need is to address the lack of appropriate legal and regulatory measures to effect reforms necessary to avoid the worst-case scenarios of water scarcity (i.e., day zero).","",Private; Civil Society; NGOs; Governments, Supreme Court of India,"","",Climate; Food; Water,"","Equity; Poverty; Energy; Other: civil rights, democracy, rule of law","",Review,"",No,"",""
101,Milhorance 2022,Analysing complex policy problems: a critical review of the literature,Consensus,Not applicable (no specific spatial location),"",Not applicable (no specific spatial location),Challenge #2 – Nexus Values Challenge (considering multiple values and trade-offs); Challenge #3 – Nexus Governance Challenge (effective governance of the nexus) ,"","","","","","","","","","","","","","","",X,"","","","","","","",X,"","","","","","","","","","","","","","",X,"","","",X,"","","","","","","","","","","","","","","","","","","","","","","","","","","","","","","","","","","","","","","","","","","","","","","","","","","","","","","","","","","","","","political leadership, asymmetric distribution of information, asymmetric distribution of resources",No,"","Hierarchical Governance; Network Governance; Other: policy integration, multi-level governance","","","",No specific policy instruments discussed,"","","","",No specific actors discussed,Climate; Health; Food,"",Energy,"",Review,"",No,"",""
100,Kabeya 2022,A regional approach to implementing the WEF nexus: a case study of the Southern African Development Community,Consensus,Sub-Saharan Africa,"Angola, Botswana, Comoros, Democratic Republic of Congo, Eswatini, Lesotho, Madagascar, Malawi, Mauritius, Mozambique, Namibia, Seychelles, South Africa, Tanzania, Zambia, Zimbabwe","Regional (multiple countries, whole continents)",Challenge #3 – Nexus Governance Challenge (effective governance of the nexus) ,"","","","","","","","","","","","","","","","","","","","","","","","","",x,"","","","","","","","","","","","","","",x,"","","","","","","","","",x,"","","","","","","","","","","","","","","","","","","","","","","","",x,"",x,"","","","","","","","","","","","","","","","","","","","","","","","","","Defining the scope and objectives of the nexus approach, Securing political support for the nexus approach, Considering capacity building as part of the intervention","Absence of a formal structure to facilitate coordination of the units responsible, Weak coordination of programs, Inadequacy of the existing regional water multistakeholder platform to facilitate dialouges",No,"",Hierarchical Governance,Specifically the SADC WEF nexus governance framework,Legal and Regulatory Instruments; Social and Cultural Instruments,"The SADC declaration and treaty (1993), SADC energy protocol (1996), The SADC energy cooperation policy and strategy (1996), The SADC energy action plan (1997) and (2000), The SADC regional indicative strategic development plan (2003, 2007, 2015), The SADC regional energy access strategy and action plan (2010), The SADC regional infrastructure development master plan (2012), The SADC renewable energy and energy efficiency strategy and action plan (REEESAP) (2017), SAPP plans, The SADC industrialisation strategy and road map (2015–2063), RERA instruments, UN sustainable development goal on energy (SDG7)",Social and Cultural Instruments - Capacity building,Building on existing structures rather than creating new ones.,Private; Funders; Regional Organisations; Governments,"","","",Food; Water,"",Energy,"",Review; Other: More of a summary of a policy approach,"",Yes,"Although not an empirical assessment, it is a good example of an implemented intervention",""
93,Castro 2022,How Can We Use the Water Cost Instrument in a Scarcity Scenario for the Power Sector in Brazil?,Consensus,Latin America and the Caribbean,Brazil,Subnational >100 km² (watershed),Challenge #2 – Nexus Values Challenge (considering multiple values and trade-offs); Challenge #4 – Nexus Financial Challenge (ensuring adequate financing for the nexus),"","","","","","","","","","","","","","","","","","","","","","","","","","","","","","","","","","","","","","","","","","","","","","","","","","","","","","","","","","","","","","","","","","","","","","","","","","","","","","","","","","","","","","","","","","","","","","","","","","","","","","","","","",No,"",Market Governance,"Didn't explicitly mention a governance approach, but market governance is inferred.",Economic and Financial Instruments,"","Looked at price mechanisms to affect the trade off between water, agriculture, and hydro electricity.","",Private; Governments,"electricity sector, agricultural sector ","","",Food; Water,"",Energy,"",Modelling,"",No,"",""
89,Winters 2022,Sustainability of the Water-Energy-Food Nexus in Caribbean Small Island Developing States,Consensus,Latin America and the Caribbean,"10 SIDS (the bahamas, Jamaica, St. Kitts & Nevis, Antigua &Barbuda, Dominica, St. Lucia, St. Vincent & the Grenadines, Grenada, Barbados, Trinidad & Tobago","","Challenge #1 - Nexus Complexity Challenge (addressing and embracing nexus complexity); Challenge #5 – Nexus Knowledge and Scaling Challenge (ensuring adequate data, information, and monitoring)","","","","",X,"","",X,"","","","","","","",X,"",X,"","","","",X,"","","","","","","","","","","","","","","","",X,X,"",X,"","","",X,X,"","","",X,"","","","","","","","","","","","","","","","","","","","","","","","","","","","","","","","","","","","","",X,"","","","","","","","","","","","","",Colonial legacies (=historical context),"",No,"",Other: Adaptive governance,"","","","","",Funders; Multilateral Organisations,"Interamerican Development Bank, CARICOM, ","","",Food; Water,"",Energy,"",Empirical,"",No,"",The paper uses second hand data provided by FAO and the UNto analyze each component of the Water-Energy-Food nexus in small islands of the Caribbean. They discuss of the governance context and how it can help achieving nexus sustainability (but it is not the main focus of the paper). 
87,Srigiri 2022,Analysing the Water-Energy-Food Nexus From a Polycentric Governance Perspective: Conceptual and Methodological Framework,Consensus,Not applicable (no specific spatial location),"",Not applicable (no specific spatial location),Challenge #3 – Nexus Governance Challenge (effective governance of the nexus) ,"The study focuses on the governance aspects of the water-energy-food nexus, discussing the need for effective coordination and governance modes within a polycentric system. It explores various governance mechanisms and their roles in addressing the interlinkages within the nexus.","",X,"",X,"","",X,"","","","",X,"",X,"","","",X,"","","","",X,"","","","","","","",X,"","","","","","",X,"","","","","","","","","","","","","","","","","","","","","","","","","","","","","","","","","","","","","","","","","","","","","","","","","","","","","","","","","","","","","","","","","","","","",Other: NONE,"the article emphasizes the importance of coordination and discusses various governance modes in the context of polycentric systems, but it doesn't explicitly propose or assess specific governance approaches as solutions to the nexus challenges.",Legal and Regulatory Instruments; Economic and Financial Instruments,"","",NO,Private; Civil Society; Academia; Regional Organisations; Governments,"","","",Health; Food; Water,"",Equity; Economic growth; Energy,"",Conceptual/theoretical,"",Yes,"",""
85,Yuan 2022,Principles of food-energy-water nexus governance,Consensus,Not applicable (no specific spatial location),"",Not applicable (no specific spatial location),Challenge #3 – Nexus Governance Challenge (effective governance of the nexus) ,"","","","","","","","","","","","","","","","","","","","","","","","","","","","","","","","","","","","","","","","","","","","","","","","","","","","","","","","","","","","","","","","","","","","","","","","","","","","","","","","","","","","","","","","","","","","","","","","","","","","","","","","","","","","",does not explicitly identify factors as enablers or barriers,"","",doesn't explicitly mention the specific policy instruments considered for operationalizing the response options,doesn't explicitly mention specific leverage points or levers.,"","","",doesn't explicitly mention the types of actors involved in the implementation of the response options,Food; Water,"",Equity; Indigenous values and knowledge; Energy,"",Conceptual/theoretical,"",No,"",""
84,Zimmer 2022,The need for stewardship of lands exposed by deglaciation from climate change,Consensus,"","","","","","","","","","","","","","","","","","","","","","","","","","","","","","","","","","","","","","","","","","","","","","","","","","","","","","","","","","","","","","","","","","","","","","","","","","","","","","","","","","","","","","","","","","","","","","","","","","","","","","","","","","","","","","","","","","","","","","","","","",Climate; Health,"",Other: Migration,"",Opinion,"","","",""
83,deSouza 2022,Assessing the Nexus on Local Perspective: A Quali-Quantitative Framework for Water-Energy-Food Security Evaluation in Neglected Territories,Consensus,Latin America and the Caribbean,Brazil,Subnational >100 km² (watershed),Challenge #1 - Nexus Complexity Challenge (addressing and embracing nexus complexity),"","","",x,x,"",x,"","",x,"","","","","","","","",x,"",x,"","","",x,"",x,"","","","","","",x,"","","","","","","","","","","","","",x,"","","","","","","","","","","","","","","","","","","","","","","","","",x,"",x,"","","","","","","","","","","",x,"","","","","","","","",x,"",x,"","","","","","",No,"",Community Governance,Top-down approaches don't work,Rights-Based Instruments and Customary Norms; Other: Better data collection from the government to better assess social contexts,Bottom-up approaches,"","",Civil Society; Governments,"","","",Food; Water,"",Poverty; Energy,"",Empirical,Through interviews,Maybe,"Not of an implemented response, but good results from the survey about the availability of food, water, and energy in neglected regions.",""
78,Zimmerer 2022,Integrating Social-Ecological and Political-Ecological Models of Agrobiodiversity With Nutrient Management of Keystone Food Spaces to Support SDG 2,Consensus,Latin America and the Caribbean,Peru,Site <1 km² (field to farm),Challenge #1 - Nexus Complexity Challenge (addressing and embracing nexus complexity); Challenge #2 – Nexus Values Challenge (considering multiple values and trade-offs),"","","","",x,"","","","","","","","","","","","","","","","","","","","","","","","","","","","","","","","","","","","","","","","","","","","","",X ,"","","","","","","","","","","","","","","","","","","","",X,"","","",X,"","","","","","","","","","","","","","","","","","","","","","","",X,"",X,"",ILK,"",No,"","","","","","","",IPLCs,"","","",Biodiversity; Food,"",Indigenous values and knowledge; Other: LULC,"",Empirical,"",No,"","The study focuses on biodiversity-food nexus at site scale (field parcels and households), and investigates what are theindividual socio-economic factors (education, age, ilk) associated with higher levels of biodiversity in farms. "
72,Elsayed 2022,Water-food-energy nexus for transboundary cooperation in Eastern Africa,Consensus,Sub-Saharan Africa,"Egypt; Burundi; Tanzania; Rwanda; Democratic Republic of the Congo, Kenya, Uganda, Sudan, Ethiopia, South Sudan","Regional (multiple countries, whole continents)",Challenge #3 – Nexus Governance Challenge (effective governance of the nexus) ,"","","",x,"","","","","","","","","","",x,"",x,"",x,"","","","",x,"",x,"",x,"","","","","","","",x,"","","",x,"","","","","","","",x,"","","","","","","",x,"","","","","","",x,"","","","","","","","","","","","","","","","","","","","","","","","","","","","","","","","","","","","","","","","","","",No,"",Other: cooperation vs. no cooperation,"",Legal and Regulatory Instruments,The full cooperation mode among the riparian countries; unilaterally motivated policies,"""The approach in this analysis is applied to the Nile river basin with a special focus on the Grand Ethiopian Renaissance Dam (GERD), assuming two possible governance positions: with or without cooperation.""","",Multilateral Organisations; Governments,"","","",Food; Water,"",Energy,"",Modelling,"",No,It is a theoretical/modelling study,""
71,Tye 2022,The food water energy nexus in an urban context: Connecting theory and practice for nexus governance,Consensus,Not applicable (no specific spatial location),"",Not applicable (no specific spatial location),Challenge #1 - Nexus Complexity Challenge (addressing and embracing nexus complexity); Challenge #3 – Nexus Governance Challenge (effective governance of the nexus) ,"","",X,X,"","","",X,"","","",X,X,"","","","","","","","","","",X,"","","","","","","","","",X,X,"",X,"",X,"",X,"","","","","","","","","","","","","","","","","","","","","","","","","","","","",X,"","","","","",X,"","","","","","","","","","","","","","","","","","","","","",X,"","","","","","Collaborations which include more participary methods/incorporate traditional knowledge approaches, local stakeholders involvement and urban institutional connections, cross-sectoral collaborations, iterative approach, data sharing, citizen science to build empirical knowledge, flexibility of the FWE nexus concept promotes 
diversity of quantitative and qualitative methods and models","Fragmentation of policies between different sectors, absence of effective two-way collaborations at different 
levels of governance to integrate policies, disconnection between the geographies at which sectors manifest (i.e., watersheds) and the levels at which urban society is governed (i.e., cities, counties, states, nations), lack of empirical analysis of nexys governance in urban settings,  ""the absence of common definitions and the ambiguity and complexity of existing conceptual and analytical FWE nexus frameworks limit the application of the FWE nexus in practice for an integrated governance and resource management""",Yes,"",Hierarchical Governance; Market Governance,"",Legal and Regulatory Instruments,"","","",Private; Funders; Civil Society; Academia; Regional Organisations; Governments; Other: International organisations,"","","",Food; Water,"",Energy,"",Review; Conceptual/theoretical,"",No,"","Authors pointed out that few studies manage to capture the full spectrum of FEW and that governance occurs 
at a national or regional level, while implementation is more localized.

 At a global/transboundary scales the initiatives are often funded by national or international organizations interested in possible socio-economic ramifications of policy changes

Authors mention the gap of the urban FEW nexus and how it may be implemented in developing coutries"
70,Mathetsa 2022,A Water-Centric Approach in the Assessment and Governance of the Water-Energy-Climate Change Nexus in South Africa,Consensus,Sub-Saharan Africa,South Africa,National (whole country),Challenge #1 - Nexus Complexity Challenge (addressing and embracing nexus complexity),"","",x,"","","",x,"","","","","","",x,"",x,"","",x,"","","","",x,"","","","",x,"","","","","","","","","","",x,"","","","","","","","","","","","","","","","","","","","","","","","","","","","","","","","","","","","","","","","","","","","","","","","","","","","","","","","","","","","","","","","","","","the article primarily focuses on the assessment of the nexus and its challenges, rather than delving into specific factors that facilitate or hinder scaling of nexus responses.",""," the article emphasizes the need for improved data collection, accessibility, and coordination among key stakeholders to address the nexus challenges effectively. Therefore, none of the listed governance approaches are explicitly mentioned or assessed in the study.",Other: none,"","","",Other: none,"","","",Climate; Water,"",Energy,"",Conceptual/theoretical,"",Maybe,"",""
67,Giuntoli 2022,The quest for sustainable forest bioenergy: win-win solutions for climate and biodiversity,Consensus,Eastern Europe;  Northern Europe; Southern Europe; Western Europe,"","Regional (multiple countries, whole continents)",Challenge #3 – Nexus Governance Challenge (effective governance of the nexus) ,"","","","","","","","","","","","","","","",x,"","","","",x,"","","","","","","","","","","","","","","","","","","","","","","","","","","","","","","","","","","","","","","","","","","","","","","","","","","","","","","","","","","","","","","","","","","","","","","","","","",x,"","","","","","","","",awareness and epistemic humility,No,"",Network Governance,"",Legal and Regulatory Instruments,"","","",Regional Organisations,"","","",Biodiversity; Climate,"",Economic growth; Energy,"",Review,"",Yes,"",""
66,Daoudy 2022,"What is climate security? Framing risks around water, food, and migration in the Middle East and North Africa",Consensus,Northern Africa; Western Asia,"",Not applicable (no specific spatial location),Challenge #1 - Nexus Complexity Challenge (addressing and embracing nexus complexity); Challenge #3 – Nexus Governance Challenge (effective governance of the nexus) ,"This essay reviews the literature on climate security, exploring the human security impacts of climate change in the Middle East and North Africa (MENA) with particular attention to the scholarly literature on vulnerability and adaptation. It also examines the policy implications of discourses that frame water, food, and climate-induced migration as security threats. ","","","","","","","",x,"","","","","",x,"",x,"",x,"","","",x,"",x,"","","","","","","","","",x,"","",x,"",x,"","",x,"","","","","","","",x,"","","","","",x,"","","","","","","","","","","","","","","",x,x,"",x,"","",x,"","","","","","","","","","","","","","","","","",x,"",x,"",x,"",x,"","",No,"",Hierarchical Governance,"","Other: Strategies to decrease vulnerability and provide better adaptation must be interwoven across all interventions, especially focused on those that mitigate water and food insecurity",NA,"","",Private; Media; Civil Society; Academia; Governments; Other: Politicians,NA,"","",Climate; Food; Water,"",Equity; Poverty; Employment,"",Review,"",No,Not much focus on response options,""
65,Lazaro 2022,Ten Years of Research on the Water-Energy-Food Nexus: An Analysis of Topics Evolution,Consensus,Not applicable (no specific spatial location),"",Not applicable (no specific spatial location),Challenge #1 - Nexus Complexity Challenge (addressing and embracing nexus complexity); Challenge #3 – Nexus Governance Challenge (effective governance of the nexus) ,"","","",X,"","","","",X,"","","","","","","","","","","","","","","","","","","","","","","","","","",X,"","","",X,"","","","","","","","","","","","","","","","","","","","","","","","","","","","","","","","","","","","","","","","","","","","","","","","","","","","","","","","","","","","","","","","","",No,"",Other: governance that allow coordination between different actors,"","","","","","","","","",Food; Water,"",Energy,"",Review,"",No,"",Focus on what themes / questions structured the nexus literature
61,SoaresDalPoz 2022,"Food, Energy and Water Nexus: An Urban Living Laboratory Development for Sustainable Systems Transition",Consensus,Not applicable (no specific spatial location),"",Not applicable (no specific spatial location),"Challenge #1 - Nexus Complexity Challenge (addressing and embracing nexus complexity); Challenge #2 – Nexus Values Challenge (considering multiple values and trade-offs); Challenge #3 – Nexus Governance Challenge (effective governance of the nexus) ; Challenge #4 – Nexus Financial Challenge (ensuring adequate financing for the nexus); Challenge #5 – Nexus Knowledge and Scaling Challenge (ensuring adequate data, information, and monitoring)","","",x,"",x,"",x,"","","","","","","","","","","",x,"","","","","","","","","","","","","","","","",x,"","","",x,"","","","","","","","","","","","","","","","","","","","","","","","","","","","","","","","","","","","","","","","","","","","","","","","","","","","","","","","","","","","","","","","","",No,"",Network Governance,"",Other: none,"","",none,Private; Governments,"Public managers
Farmers
Sustainability transition experts
Representatives of the third sector
Environmental regulatory agencies",no,"",Food; Water,"",Energy,"",Empirical,"",Yes,"",""
60,Gladstone-Gallagher 2022,"Social-ecological connections across land, water, and sea demand a reprioritization of environmental management",Consensus,Australia and New Zealand,New Zealand,"Local >1 km² to 100 km² (neighbourhood to municipality); Regional (multiple countries, whole continents)","Challenge #1 - Nexus Complexity Challenge (addressing and embracing nexus complexity); Challenge #2 – Nexus Values Challenge (considering multiple values and trade-offs); Challenge #3 – Nexus Governance Challenge (effective governance of the nexus) ; Challenge #5 – Nexus Knowledge and Scaling Challenge (ensuring adequate data, information, and monitoring)","While the study may touch upon these challenges, it's important to note that it does not provide an exhaustive exploration of each challenge but rather hints at their relevance within the context of social-ecological connections and environmental management.","",x,"","","",x,"","","","","","","","","","","",x,"","","","",x,"","","","","","","","","","","","","","","","",x,"",x,x,"","","",x,"","","","","","","","","","","","","","","","","","","","","","","","","","","","","","","","","","","","","","","","","","","","","","","","","","","","","","","","","","","",Network Governance; Community Governance,"",Other: none,"","",none,Academia,"","","",Food; Water,"",Education,"",Perspective,"",Maybe,"",""
58,Pascual 2022,Governing for Transformative Change across the Biodiversity-Climate-Society Nexus,Consensus,Not applicable (no specific spatial location),"",Not applicable (no specific spatial location),Challenge #1 - Nexus Complexity Challenge (addressing and embracing nexus complexity); Challenge #2 – Nexus Values Challenge (considering multiple values and trade-offs); Challenge #3 – Nexus Governance Challenge (effective governance of the nexus) ; Challenge #4 – Nexus Financial Challenge (ensuring adequate financing for the nexus),"","","",X,"","","",X,"","","","","","",X,"","","","","","",X,"",X,X,x,X,X,"","","",X,"","","",X,X           ,"",X,"",X,"","",X,"","","",X,"","","",X,"","","",X,"",X,"","","",X,"","","","","",X,"","","",X,"","","","","","","","","",X,X,"","","","","",X,"","","","","","","","","","","","","","","","",No,"","","",Rights-Based Instruments and Customary Norms; Economic and Financial Instruments; Social and Cultural Instruments,"REDD+, fisheries subsidies, urban planning, codesign of natural resource management","","",Funders; Civil Society; IPLCs,"","","",Biodiversity; Climate; Health; Food,"",Equity; Poverty; Indigenous values and knowledge,"",Review; Perspective,"",Yes,"","Focus on transformative governance for a nexus including biodiversity, Climate and other cross-cutting societal issues. "
56,Bruns 2022,Nexus disrupted: Lived realities and the water-energy-food nexus from an infrastructure perspective,Consensus,Sub-Saharan Africa,Ghana; South Africa; Burkina Faso ,Local >1 km² to 100 km² (neighbourhood to municipality); Subnational >100 km² (watershed),Challenge #1 - Nexus Complexity Challenge (addressing and embracing nexus complexity); Other: Nexus disruptions,"","","","","","","","","","","","","","","","","","","","","","","","","","","","","","","","","","",X,"","","",X,"","","","","","","","","","","","",X,"","","","","","","","","","","","","","","","","","","","","","","","","","","","","","","","","","","",X,"","","","","","","","","","",X,"","","","","","",No,"""Disruption"" identified as a barrier or enabler.",Network Governance,"Conceptualises ""nexus infrastructure"" as a network.","","",No specific policy instruments assessed.,"efficiency, technocracy, power imbalances, injustice. ",Private,Village chiefs; individuals; energy and water providers,"","",Food; Water,"",Equity; Energy; Other: Gender,"",Perspective,"",No,"",Really a study on conceptualising the nexus rather then proposing governance solutions.
53,Irbık 2022,A Systematic Literature Review of Water-Migration-Gender Nexus Toward Integrated Governance Strategies for (Non) Migrants,Consensus,Not applicable (no specific spatial location),"",Not applicable (no specific spatial location),Challenge #1 - Nexus Complexity Challenge (addressing and embracing nexus complexity); Challenge #3 – Nexus Governance Challenge (effective governance of the nexus) ,"","","","","","",x,"","","","","","",x,x,"","","",x,"","","","",x,"","","","","","","","","","","",x,"","",x,"","","",x,"","","","",x,"","",x,"","","","","",x,"","","","","","","","",x,"","","","","","","","","",x,"","","","","","","","","","","","","","",x,"","","","","","","",x,"","","",x,"","",No,"",Hierarchical Governance,"",Legal and Regulatory Instruments; Rights-Based Instruments and Customary Norms; Economic and Financial Instruments; Social and Cultural Instruments,"","","",NGOs; Regional Organisations; Multilateral Organisations; Governments,"","","",Climate; Water,"","Other: Migration, gender","",Review,"",No,"Analysis of the the gender aspects in women’s experiences, challenges, and opportunities due to climate change and water stressors.",""
48,Taghdisian 2022,A Societal Metabolism Approach to Effectively Analyze the Water–Energy–Food Nexus in an Agricultural Transboundary River Basin,Consensus,Western Asia,Iran,National (whole country),"Challenge #1 - Nexus Complexity Challenge (addressing and embracing nexus complexity); Challenge #2 – Nexus Values Challenge (considering multiple values and trade-offs); Challenge #3 – Nexus Governance Challenge (effective governance of the nexus) ; Challenge #5 – Nexus Knowledge and Scaling Challenge (ensuring adequate data, information, and monitoring)","","","","","","","","","","","","","","","","","","","","","","","","","","","","","","","","","","","","","","","","","","","","","","","","","","","","","","","","","","","","","","","","","","","","","","","","","","","","","","","","","","","","","","","","","","","","","","","","","","","","","","","","","",No,the article doesn't explicitly mention factors as either enablers or barriers. ,Network Governance,"",Economic and Financial Instruments,"","",none,Governments,"","","",Food; Water,"",Poverty,"",Conceptual/theoretical,"",Maybe,"",""
21,Sarkodie 2022,Global adaptation readiness and income mitigate sectoral climate change vulnerabilities,Consensus,Not applicable (no specific spatial location),"",Multi-regional (multiple continents/geographic regions),Challenge #2 – Nexus Values Challenge (considering multiple values and trade-offs); Challenge #3 – Nexus Governance Challenge (effective governance of the nexus) ,"","","",x,"","","","","","","","","","","","","","","","","","","","","","","","","","","","","","","","","","","","","","","","","","","","","","","","","","","","","","","","","","","","","","","","","","","","","","","","","","","","","","","","","","","","","","","","","","","","","","","","","","","","","",No,"",Other,I was not able to identify anu governance approach but it explores a sectorial perspective of the climate governance and how it can impact other sectors.,"Other: I would say that the paper suggests a technical input to feed political actions, ' including planning, managing, designing, implementing, and monitoring resilient climate change vulnerability-based development action...'","","",Not cited.,Private; Funders; Multilateral Organisations; Governments,"","","None actors are explicitly cited, but based on the manuscript content I could get some hints on actors...",Biodiversity; Climate; Health; Food; Water,BUT it is not among all dimensions is climate-all nexus (see figure 1),"","",Conceptual/theoretical; Empirical,Very nice paper at global scale analysis... It can provide good perspectives to compare regions worldwide.,No,I would say no because the manuscript is at global scale; thus it does not provide enough information to describe a case study...,""
15,Samadi-Foroushani 2022,Integrated Water Resources Management Based on Water Governance and Water-food-energy Nexus through System Dynamics and Social Network Analyzing Approaches,Consensus,South-eastern Asia,Iran,Subnational >100 km² (watershed),Challenge #1 - Nexus Complexity Challenge (addressing and embracing nexus complexity); Challenge #3 – Nexus Governance Challenge (effective governance of the nexus) ,"","",X,X,"","","","","","","","","",X,"",X,"","","","","","","","","","","","","","","","","","","",X,X,"",X,"",X,"","","","","","","","","","","","","","","","","","","","","","","","","","","","","","","","","","","","","","","","","","","","","","","","","","","","","","","","","","","","","","","","",No,"",Other: Integrated governance approach,"","","","","",Private; IPLCs; NGOs; Governments,"Ministry of agriculture, ministry of petroleum, people and local communities, NGOs","","",Food; Water,"",Equity; Energy,"",Empirical,"",No,"","The paper applies SNA of legal collaborations in Iran, to analyse actors power and interest in the WFE nexus. Conclusions are not always supported by the analyses"
14,Morales-Muñoz 2022,Co-Benefits Through Coordination of Climate Action and Peacebuilding: A System Dynamics Model,Consensus,Not applicable (no specific spatial location),"",Not applicable (no specific spatial location),Challenge #3 – Nexus Governance Challenge (effective governance of the nexus) ,"","","","","","","","","","","","","","","","","","","","","","","","","","","","","","","","","","","","","","","","","","","","","","","","","","","",X,"","","","","","","","","","","","","","","","","","","","","","","","","","","","","","","","","","","","","","","","","","","","","","","","",X,"","","","conflict, climate change, siloed approach, lack of expertise, weak governance",No,"",Network Governance,"Doesn't really look at specific governance approaches but calls for coordination - this is interpreted as ""network governance"" based on the text. Focusses on entry points which could be interpreted as leverage points.","","",No specific policy instruments looked at.,"Technical solutions for environmental sustainability aiming to mitigate and adapt to climate change with processes at the societal level that enhance governance structures and facilitate dialogue, Peacebuilding as an Entry Point for Climate Action and Sustainable Livelihoods, Climate Actions as an Entry Point for Managing Natural Resources and Creating Livelihoods Contributing to Peace, Sustainable Natural Resource Management as an Entry Point for Climate Change and Conflict Prevention, Food Security and Livelihood Development as an Entry Point for Natural Resource Management and Peace  ","Academia; Multilateral Organisations; Governments; Other: humanitarian actors, advocacy actors, research centres, development banks",United Nations,"","",Biodiversity; Climate; Food; Water,"","Other: social cohesion, livelihoods","",Review; Modelling,"",No,"","From the Introduction: Inspired by the theory of co-benefits and system dynamics modeling, this article explores when and how ostensibly separate interventions for climate action and peacebuilding can be coordinated to address climate security risks and to enhance related co-benefits that contribute to sustainable peace."
12,Kotzé 2022,Towards planetary nexus governance in the Anthropocene: An earth system law perspective,Consensus,Not applicable (no specific spatial location),"",Not applicable (no specific spatial location),"Challenge #3 – Nexus Governance Challenge (effective governance of the nexus) ; Challenge #5 – Nexus Knowledge and Scaling Challenge (ensuring adequate data, information, and monitoring)","","",x,"",x,"","","","","","","","","","","","","",x,"","","","",x,"",x,"",x,"","","","","","","","","","",x,x,"","","","","","","",x,"","","","","","","","","","","","","","","","","","","","","","","","","","","","","","","","","","","","","","","","","","","","","","","","","","","","","","","","","",Yes,"""The planetary scale is increasingly emerging as a new framework to scale up, reframe, and reinvigorate existing debates about (planetary) health (Myers, 2017) and (planetary) justice (Biermann & Kalfagianni, 2020), among others.""",Other: Polycentric governance,"",Legal and Regulatory Instruments,Earth system law framework,"","The return of Kantian ethics via a grundnorm that uses planetary boundaries for the Earth system to ground international law, Secondary rules: the legal systems rules about how the international legal process works, The liability regime for international organisations including specifically COPs (autonomous institutional arrangements with a considerable degree of agency and law-making power which should in principle be accompanied by a corresponding level of responsibility to make the type of laws that actually give full effect to the overall objectives of treaty regimes).",Civil Society; Governments,"","","",Biodiversity; Climate; Health; Food; Water,"",Equity; Energy,"",Other: Special Issue Article,"",No,"Its very broad and a bit ""hand wavy""",""
11,Hejnowicz 2022,Appraising the Water-Energy-Food Nexus From a Sustainable Development Perspective: A Maturing Paradigm?,Consensus,Northern Africa; Sub-Saharan Africa; Latin America and the Caribbean; Northern America; Central Asia; Eastern Asia; South-eastern Asia; Southern Asia; Western Asia; Melanesia; Micronesia; Polynesia,The Global South,Multi-regional (multiple continents/geographic regions),"Challenge #1 - Nexus Complexity Challenge (addressing and embracing nexus complexity); Challenge #2 – Nexus Values Challenge (considering multiple values and trade-offs); Challenge #3 – Nexus Governance Challenge (effective governance of the nexus) ; Challenge #4 – Nexus Financial Challenge (ensuring adequate financing for the nexus); Challenge #5 – Nexus Knowledge and Scaling Challenge (ensuring adequate data, information, and monitoring)","","","","","","","","",x,"","","",x,"",x,"","","","","","","","",x,x,"","",x,"","","","","","","",x,"","",x,x,"","","",x,"","","",x,x,"",x,"","","","",x,"",x,x,"","","","","","","","","","","","","","",x,"",x,"","","","","","","",x,"","","","","","","","","","","","","","","","","","","","","","","","","",Legal and Regulatory Instruments; Economic and Financial Instruments,"","","",Private; Funders; Civil Society; Academia; IPLCs; Governments,"","","",Biodiversity; Climate; Health; Food; Water,"",Equity; Poverty; Economic growth; Employment; Indigenous values and knowledge; Education; Energy,"",Review,"",No,"The goal of the paper is to ""outline 10 emergent research areas"" rather than assess a policy intervention",""
8,Kapucu 2023,Partnerships and Network Governance for Urban Food-Energy-Water (FEW) Nexus,Consensus,Northern America; Not applicable (no specific spatial location),"USA (Florida), as the country (state) of the case projects ",Subnational >100 km² (watershed); Not applicable (no specific spatial location),Challenge #3 – Nexus Governance Challenge (effective governance of the nexus) ,The paper addressed multiple aspects of governance but reinforce the impportance of network aspects.,"",x,"","","","","","","","","","","","","","","","","","","","","","","","","","","","","","",x,"","","","","","","","","","","","","","","","","","","","","","","","","","","","","","","","","",X,"","","","","","","","","","","","","","","","","","","","","","","","","","","","","","","","","","","","","",No,"",Network Governance,This is the focus of the paper how network governance and partnership can promote nexus in the urban context.,Legal and Regulatory Instruments,"","","",Private; Civil Society; NGOs; Governments,"","","",Food; Water,"",Equity; Energy,"",Perspective; Other: Cases,"",Maybe,"",It is a nice paper to discuss aspects related to implementing nexus actions at local scales in different contexts/projects. 
6,Ptak 2023,Navigating the nexus: The role of intermediaries in charting a new frontier of policy integration for agrifood and energy systems transformation,Consensus, Northern Europe,Scotland,Subnational >100 km² (watershed),Challenge #1 - Nexus Complexity Challenge (addressing and embracing nexus complexity); Challenge #3 – Nexus Governance Challenge (effective governance of the nexus) ,"","",X,"","","","","","","","","",X,"",X,"","","","","","","","","","","","","","","","","","",X,"",X,"","","","","","","",X,"","","","","","",X,X,"","","","","","","","","","",X,"","","","","","",X,"","","",X,"",X,"","","",X,"","",X,X,"","",X,"","","","","",X,"","","","","","","","",X,"","Grants for in­vestments to adopt energy-smart technology, knowledge network","Negative perceptions associated with the concept of climate change (some farmers feared more farming regulations and bureaucracy. They felt blamed and burdened with the responsibility for addressing the climate crisis, which conflicted with their role as food producers in society), Level of inertia/motivation of farmers (change the mindset was difficult), high cost of investment impedes farmers’ ability to adopt energy-smart practices",No,"Authors emphasize that farmers who participated the study may already have an interest in climate-smart practices, and therefore indicate a self-selection bias",Hierarchical Governance; Network Governance,"The author emphasize that farmers who took part into the study may already have an interest in climate-smart practices, and therefore indicate a self-selection bias",Legal and Regulatory Instruments; Economic and Financial Instruments,"Scottish Climate Change Plan (SCCP), Climate Change Plan, Climate Change Act, Scotland’s Rural Development Programme","","""As the Scotland case study demonstrates, integrating energy-smart practices as social innovation leads to dispersion of actor assem­blages within the farmer knowledge network and creates an enabling 
environment for emergent configurations to arise"".","Private; Media; Civil Society; Academia; Governments; Other: Farmers (unspecified), Farm advisores","Scottish Rural Development Programme Farm Advsory Service, Sottish Environmental Protection Agency, Farming for a Better Climate Initiative (FFBC)","Yes. Advisors and FFBC Manager provided informations about the iniatitive under development and outcomes. According to authors, advisors functioned as information providers and facilitator.","",Food; Water,"",Energy; Other: Policyscape (policy landscape),"",Review; Empirical,"",Maybe,"""A potential policy solution to overcome financial barriers is to shift from individual-focused to systems-based policy instruments that promote cross-sectoral participatory schemes""",""
1,Yin 2023,Key axes of global progress towards the Sustainable Development Goals,Consensus,Not applicable (no specific spatial location),"",Not applicable (no specific spatial location),Challenge #1 - Nexus Complexity Challenge (addressing and embracing nexus complexity),"","","","","","","","","","","","","","","","","","","","","","","","","","","","","","","","","","","","","","","","","","","","","","","","","","","","","","","","","","","","","","","","","","","","","","","","","","","","","","","","","","","","","","","","","","","","","","","","","","","","","","","","","",No,"","","","","","","","","","","",Biodiversity; Food; Water,"",Energy,"",Empirical,"",No,"","The papers tracks changes in SDG indicators on the 2000-2020 period, and applies PCA analysis to identify key characteristics of SDG progress, as well as the SDG with the stronger contributions to progress. No instruments, barriers, or enablers to nexus challenge is mentioned. Not very relevant "
